Month-Year,Pivot Field Names,Pivot Field Values
01-Jan-16,Exports: Afghanistan,2.8
01-Jan-16,Exports: Algeria,3.8
01-Jan-16,Exports: Angola,5.8
01-Jan-16,Exports: Antigua and Barbuda,16.3
01-Jan-16,Exports: Argentina,14.1
01-Jan-16,Exports: Australia,1042
01-Jan-16,Exports: Austria,10.1
01-Jan-16,Exports: Bahamas,52.7
01-Jan-16,Exports: Bahrain,8.6
01-Jan-16,Exports: Bangladesh,241.3
01-Jan-16,Exports: Belarus,0.1
01-Jan-16,Exports: Belgium,1062.6
01-Jan-16,Exports: Benin,1.2
01-Jan-16,Exports: Bermuda,13.1
01-Jan-16,Exports: Brazil,101.4
01-Jan-16,Exports: Brunei,84.2
01-Jan-16,Exports: Bulgaria,5.6
01-Jan-16,Exports: Cambodia,253.3
01-Jan-16,Exports: Cameroon,0.9
01-Jan-16,Exports: Canada,129.5
01-Jan-16,Exports: Chile,4.5
01-Jan-16,Exports: China,5063.2
01-Jan-16,Exports: Christmas Islands,0.2
01-Jan-16,Exports: Colombia,5.7
01-Jan-16,Exports: Comoros,0.1
01-Jan-16,Exports: Costa Rica,2.9
01-Jan-16,Exports: Cote D'ivoire,3.8
01-Jan-16,Exports: Croatia,2
01-Jan-16,Exports: Cuba,0
01-Jan-16,Exports: Cyprus,24.1
01-Jan-16,"Exports: Czech, Republic",68.1
01-Jan-16,Exports: Denmark,27.1
01-Jan-16,Exports: Djibouti,4.5
01-Jan-16,Exports: Dominican Rep,0.7
01-Jan-16,Exports: Ecuador,2.5
01-Jan-16,Exports: Egypt,26.9
01-Jan-16,Exports: El Salvador,0.4
01-Jan-16,Exports: Estonia,0.4
01-Jan-16,Exports: Eswatini,0.3
01-Jan-16,Exports: Ethiopia,2
01-Jan-16,Exports: Fiji,10
01-Jan-16,Exports: Finland,8.5
01-Jan-16,Exports: France,362
01-Jan-16,Exports: French Polynesia,8.7
01-Jan-16,Exports: Gabon,2
01-Jan-16,Exports: Germany,752.4
01-Jan-16,Exports: Ghana,7
01-Jan-16,Exports: Greece,49.2
01-Jan-16,Exports: Guam,25.2
01-Jan-16,Exports: Guatemala,1.2
01-Jan-16,Exports: Guinea,0.4
01-Jan-16,Exports: Guyana,0.2
01-Jan-16,Exports: Honduras,0.3
01-Jan-16,Exports: Hong Kong SAR (China),4316.8
01-Jan-16,Exports: Hungary,25.9
01-Jan-16,Exports: India,1031.3
01-Jan-16,Exports: Indonesia,2821
01-Jan-16,Exports: Iran,6.7
01-Jan-16,Exports: Ireland,48.3
01-Jan-16,Exports: Israel,44.9
01-Jan-16,Exports: Italy,53.4
01-Jan-16,Exports: Jamaica,0.3
01-Jan-16,Exports: Japan,1572.2
01-Jan-16,Exports: Jordan,2.2
01-Jan-16,Exports: Kazakhstan,1.7
01-Jan-16,Exports: Kenya,8.2
01-Jan-16,Exports: Kuwait,15.6
01-Jan-16,Exports: Lao Peo Dem Rep,9.6
01-Jan-16,Exports: Latvia,0.4
01-Jan-16,Exports: Lebanon,4.4
01-Jan-16,Exports: Liberia,189.1
01-Jan-16,Exports: Libyan Arab Jamahiriya,2.7
01-Jan-16,Exports: Lithuania,0.7
01-Jan-16,Exports: Luxembourg,4.9
01-Jan-16,Exports: Macau SAR (China),14.7
01-Jan-16,Exports: Madagascar,1.6
01-Jan-16,Exports: Malaysia,3986
01-Jan-16,Exports: Maldives Rep of,25.1
01-Jan-16,Exports: Malta,95.5
01-Jan-16,Exports: Marshall Islands,174.2
01-Jan-16,Exports: Mauritius,5.7
01-Jan-16,Exports: Mexico,125.2
01-Jan-16,Exports: Mongolian Peo Rep,3.9
01-Jan-16,Exports: Morocco,11.8
01-Jan-16,Exports: Mozambique,4.1
01-Jan-16,Exports: Myanmar,326.4
01-Jan-16,Exports: Nepal,4.2
01-Jan-16,Exports: Netherlands Antilles,1.8
01-Jan-16,Exports: Netherlands,802.7
01-Jan-16,Exports: New Caledonia,2.1
01-Jan-16,Exports: New Zealand,149.4
01-Jan-16,Exports: Nigeria,18
01-Jan-16,Exports: Northern Mariana Islands,1.8
01-Jan-16,Exports: Norway,42.6
01-Jan-16,Exports: Oman,20.3
01-Jan-16,Exports: Other Countries of Africa,29.9
01-Jan-16,Exports: Other Countries of America,11.5
01-Jan-16,Exports: Other Countries of Asia,12
01-Jan-16,Exports: Other Countries of Europe,18.5
01-Jan-16,Exports: Other Countries of Oceania,7.1
01-Jan-16,Exports: Pakistan,86.3
01-Jan-16,Exports: Panama,353.3
01-Jan-16,Exports: Papua New Guinea,48.3
01-Jan-16,Exports: Paraguay,0.9
01-Jan-16,Exports: Peru,5.2
01-Jan-16,Exports: Philippines,718
01-Jan-16,Exports: Poland,20.6
01-Jan-16,Exports: Portugal,12.9
01-Jan-16,Exports: Puerto Rico,135.8
01-Jan-16,Exports: Qatar,11.6
01-Jan-16,Exports: Reunion,8
01-Jan-16,Exports: Romania,8.7
01-Jan-16,Exports: Russia,31.3
01-Jan-16,Exports: Saint Vincent and the Grenadines,3.3
01-Jan-16,Exports: Samoa,0.4
01-Jan-16,Exports: Saudi Arabia,88.6
01-Jan-16,Exports: Seychelles,4.3
01-Jan-16,Exports: Slovak Republic,1.9
01-Jan-16,Exports: Slovenia,3.2
01-Jan-16,Exports: Solomon Islands,1.7
01-Jan-16,Exports: South Africa,77.9
01-Jan-16,Exports: South Korea,1602.1
01-Jan-16,Exports: Spain,25.9
01-Jan-16,Exports: Sri Lanka,119.2
01-Jan-16,Exports: Sudan,0.1
01-Jan-16,Exports: Sweden,17.3
01-Jan-16,Exports: Switzerland,138.4
01-Jan-16,Exports: Syrian Arab Rep,1.1
01-Jan-16,Exports: Taiwan,1269
01-Jan-16,Exports: Tanzania,2.5
01-Jan-16,Exports: Thailand,1565.8
01-Jan-16,Exports: Trinidad & Tobago,2.1
01-Jan-16,Exports: Tunisia,1.1
01-Jan-16,Exports: Turkey,67.2
01-Jan-16,Exports: USA,2253.5
01-Jan-16,Exports: Ukraine,0.5
01-Jan-16,Exports: United Arab Emirates,487.4
01-Jan-16,Exports: United Kingdom,271.6
01-Jan-16,Exports: Uruguay,2.2
01-Jan-16,Exports: Vanuatu,2
01-Jan-16,Exports: Venezuela,4.1
01-Jan-16,Exports: Vietnam,1328.2
01-Jan-16,Exports: Yemen,1
01-Jan-16,Exports: Zambia,0.2
01-Jan-16,Exports: Zimbabwe,0.5
01-Feb-16,Exports: Afghanistan,2.3
01-Feb-16,Exports: Algeria,4.4
01-Feb-16,Exports: Angola,18.5
01-Feb-16,Exports: Antigua and Barbuda,9.3
01-Feb-16,Exports: Argentina,16.7
01-Feb-16,Exports: Australia,865.1
01-Feb-16,Exports: Austria,9.2
01-Feb-16,Exports: Bahamas,46.5
01-Feb-16,Exports: Bahrain,7.2
01-Feb-16,Exports: Bangladesh,235.6
01-Feb-16,Exports: Belarus,0
01-Feb-16,Exports: Belgium,623.6
01-Feb-16,Exports: Benin,1.1
01-Feb-16,Exports: Bermuda,11.3
01-Feb-16,Exports: Brazil,85.3
01-Feb-16,Exports: Brunei,82
01-Feb-16,Exports: Bulgaria,2.1
01-Feb-16,Exports: Cambodia,89.4
01-Feb-16,Exports: Cameroon,1.8
01-Feb-16,Exports: Canada,74.8
01-Feb-16,Exports: Chile,8.1
01-Feb-16,Exports: China,3991.3
01-Feb-16,Exports: Christmas Islands,0.1
01-Feb-16,Exports: Colombia,13.8
01-Feb-16,Exports: Comoros,0.2
01-Feb-16,Exports: Costa Rica,2.7
01-Feb-16,Exports: Cote D'ivoire,1.3
01-Feb-16,Exports: Croatia,1.2
01-Feb-16,Exports: Cuba,0.1
01-Feb-16,Exports: Cyprus,20.2
01-Feb-16,"Exports: Czech, Republic",37
01-Feb-16,Exports: Denmark,15.8
01-Feb-16,Exports: Djibouti,9.8
01-Feb-16,Exports: Dominican Rep,1.7
01-Feb-16,Exports: Ecuador,3.6
01-Feb-16,Exports: Egypt,28.8
01-Feb-16,Exports: El Salvador,1
01-Feb-16,Exports: Estonia,0.9
01-Feb-16,Exports: Eswatini,0.1
01-Feb-16,Exports: Ethiopia,2.6
01-Feb-16,Exports: Fiji,22.8
01-Feb-16,Exports: Finland,7.4
01-Feb-16,Exports: France,335.7
01-Feb-16,Exports: French Polynesia,1.4
01-Feb-16,Exports: Gabon,1.4
01-Feb-16,Exports: Germany,596.7
01-Feb-16,Exports: Ghana,4.8
01-Feb-16,Exports: Greece,51.1
01-Feb-16,Exports: Guam,24.9
01-Feb-16,Exports: Guatemala,1.9
01-Feb-16,Exports: Guinea,0.4
01-Feb-16,Exports: Guyana,0.2
01-Feb-16,Exports: Honduras,0.1
01-Feb-16,Exports: Hong Kong SAR (China),3983.7
01-Feb-16,Exports: Hungary,26.1
01-Feb-16,Exports: India,1000.7
01-Feb-16,Exports: Indonesia,2587.4
01-Feb-16,Exports: Iran,7.2
01-Feb-16,Exports: Ireland,29.4
01-Feb-16,Exports: Israel,93.5
01-Feb-16,Exports: Italy,66.8
01-Feb-16,Exports: Jamaica,0
01-Feb-16,Exports: Japan,1525.3
01-Feb-16,Exports: Jordan,2.2
01-Feb-16,Exports: Kazakhstan,1.4
01-Feb-16,Exports: Kenya,7.4
01-Feb-16,Exports: Kuwait,19.9
01-Feb-16,Exports: Lao Peo Dem Rep,2.4
01-Feb-16,Exports: Latvia,0.5
01-Feb-16,Exports: Lebanon,5.3
01-Feb-16,Exports: Liberia,140.4
01-Feb-16,Exports: Libyan Arab Jamahiriya,1.5
01-Feb-16,Exports: Lithuania,0.7
01-Feb-16,Exports: Luxembourg,4.5
01-Feb-16,Exports: Macau SAR (China),11.3
01-Feb-16,Exports: Madagascar,2.2
01-Feb-16,Exports: Malaysia,3536.2
01-Feb-16,Exports: Maldives Rep of,24
01-Feb-16,Exports: Malta,64.4
01-Feb-16,Exports: Marshall Islands,142.8
01-Feb-16,Exports: Mauritius,9
01-Feb-16,Exports: Mexico,96.6
01-Feb-16,Exports: Mongolian Peo Rep,2.7
01-Feb-16,Exports: Morocco,13.2
01-Feb-16,Exports: Mozambique,4.8
01-Feb-16,Exports: Myanmar,330.1
01-Feb-16,Exports: Nepal,5.3
01-Feb-16,Exports: Netherlands Antilles,1.5
01-Feb-16,Exports: Netherlands,567.1
01-Feb-16,Exports: New Caledonia,24.6
01-Feb-16,Exports: New Zealand,146.5
01-Feb-16,Exports: Nigeria,11.3
01-Feb-16,Exports: Northern Mariana Islands,1.3
01-Feb-16,Exports: Norway,25.4
01-Feb-16,Exports: Oman,59.1
01-Feb-16,Exports: Other Countries of Africa,14.6
01-Feb-16,Exports: Other Countries of America,7.3
01-Feb-16,Exports: Other Countries of Asia,9.4
01-Feb-16,Exports: Other Countries of Europe,23
01-Feb-16,Exports: Other Countries of Oceania,7.5
01-Feb-16,Exports: Pakistan,85.2
01-Feb-16,Exports: Panama,411.9
01-Feb-16,Exports: Papua New Guinea,30.9
01-Feb-16,Exports: Paraguay,0.4
01-Feb-16,Exports: Peru,3.4
01-Feb-16,Exports: Philippines,662.5
01-Feb-16,Exports: Poland,21.6
01-Feb-16,Exports: Portugal,12.7
01-Feb-16,Exports: Puerto Rico,219.2
01-Feb-16,Exports: Qatar,13.8
01-Feb-16,Exports: Reunion,24
01-Feb-16,Exports: Romania,5.3
01-Feb-16,Exports: Russia,44.3
01-Feb-16,Exports: Saint Vincent and the Grenadines,2.9
01-Feb-16,Exports: Samoa,4.3
01-Feb-16,Exports: Saudi Arabia,69.1
01-Feb-16,Exports: Seychelles,2.5
01-Feb-16,Exports: Slovak Republic,3.2
01-Feb-16,Exports: Slovenia,1.8
01-Feb-16,Exports: Solomon Islands,1.9
01-Feb-16,Exports: South Africa,33.4
01-Feb-16,Exports: South Korea,1564.7
01-Feb-16,Exports: Spain,32.5
01-Feb-16,Exports: Sri Lanka,105.7
01-Feb-16,Exports: Sudan,0.2
01-Feb-16,Exports: Sweden,16.1
01-Feb-16,Exports: Switzerland,338.6
01-Feb-16,Exports: Syrian Arab Rep,0.1
01-Feb-16,Exports: Taiwan,1222.6
01-Feb-16,Exports: Tanzania,3.4
01-Feb-16,Exports: Thailand,1397.5
01-Feb-16,Exports: Trinidad & Tobago,0.5
01-Feb-16,Exports: Tunisia,5
01-Feb-16,Exports: Turkey,44.3
01-Feb-16,Exports: USA,2076.7
01-Feb-16,Exports: Ukraine,0.6
01-Feb-16,Exports: United Arab Emirates,512.7
01-Feb-16,Exports: United Kingdom,245.8
01-Feb-16,Exports: Uruguay,1.8
01-Feb-16,Exports: Vanuatu,0.9
01-Feb-16,Exports: Venezuela,2.9
01-Feb-16,Exports: Vietnam,1133.3
01-Feb-16,Exports: Yemen,0.9
01-Feb-16,Exports: Zambia,0.4
01-Feb-16,Exports: Zimbabwe,0.3
01-Mar-16,Exports: Afghanistan,2.7
01-Mar-16,Exports: Algeria,5.7
01-Mar-16,Exports: Angola,8.3
01-Mar-16,Exports: Antigua and Barbuda,9.7
01-Mar-16,Exports: Argentina,14.3
01-Mar-16,Exports: Australia,1218.7
01-Mar-16,Exports: Austria,8.3
01-Mar-16,Exports: Bahamas,37.5
01-Mar-16,Exports: Bahrain,10.6
01-Mar-16,Exports: Bangladesh,294.9
01-Mar-16,Exports: Belarus,0.1
01-Mar-16,Exports: Belgium,290.6
01-Mar-16,Exports: Benin,0.7
01-Mar-16,Exports: Bermuda,6.3
01-Mar-16,Exports: Brazil,99.1
01-Mar-16,Exports: Brunei,84.3
01-Mar-16,Exports: Bulgaria,2.9
01-Mar-16,Exports: Cambodia,128.7
01-Mar-16,Exports: Cameroon,1.3
01-Mar-16,Exports: Canada,114.3
01-Mar-16,Exports: Chile,11.3
01-Mar-16,Exports: China,4649.1
01-Mar-16,Exports: Christmas Islands,0
01-Mar-16,Exports: Colombia,7.6
01-Mar-16,Exports: Comoros,0
01-Mar-16,Exports: Costa Rica,2.6
01-Mar-16,Exports: Cote D'ivoire,2.8
01-Mar-16,Exports: Croatia,1.3
01-Mar-16,Exports: Cuba,0.6
01-Mar-16,Exports: Cyprus,18.8
01-Mar-16,"Exports: Czech, Republic",30.2
01-Mar-16,Exports: Denmark,18.3
01-Mar-16,Exports: Djibouti,1.6
01-Mar-16,Exports: Dominican Rep,1.8
01-Mar-16,Exports: Ecuador,4.3
01-Mar-16,Exports: Egypt,41.8
01-Mar-16,Exports: El Salvador,0.3
01-Mar-16,Exports: Estonia,0.6
01-Mar-16,Exports: Eswatini,0.1
01-Mar-16,Exports: Ethiopia,2
01-Mar-16,Exports: Fiji,20.1
01-Mar-16,Exports: Finland,18.3
01-Mar-16,Exports: France,367.9
01-Mar-16,Exports: French Polynesia,9.2
01-Mar-16,Exports: Gabon,0.9
01-Mar-16,Exports: Germany,660.5
01-Mar-16,Exports: Ghana,9.4
01-Mar-16,Exports: Greece,35.9
01-Mar-16,Exports: Guam,19.8
01-Mar-16,Exports: Guatemala,2.4
01-Mar-16,Exports: Guinea,0.3
01-Mar-16,Exports: Guyana,0.3
01-Mar-16,Exports: Honduras,0.1
01-Mar-16,Exports: Hong Kong SAR (China),4871.8
01-Mar-16,Exports: Hungary,49
01-Mar-16,Exports: India,1295.7
01-Mar-16,Exports: Indonesia,3029.9
01-Mar-16,Exports: Iran,6.1
01-Mar-16,Exports: Ireland,36.8
01-Mar-16,Exports: Israel,59.4
01-Mar-16,Exports: Italy,76.5
01-Mar-16,Exports: Jamaica,0.9
01-Mar-16,Exports: Japan,1923.1
01-Mar-16,Exports: Jordan,3.4
01-Mar-16,Exports: Kazakhstan,1.3
01-Mar-16,Exports: Kenya,6
01-Mar-16,Exports: Kuwait,21.5
01-Mar-16,Exports: Lao Peo Dem Rep,5.4
01-Mar-16,Exports: Latvia,1.7
01-Mar-16,Exports: Lebanon,4.9
01-Mar-16,Exports: Liberia,144.2
01-Mar-16,Exports: Libyan Arab Jamahiriya,1.5
01-Mar-16,Exports: Lithuania,1.3
01-Mar-16,Exports: Luxembourg,9.9
01-Mar-16,Exports: Macau SAR (China),10.8
01-Mar-16,Exports: Madagascar,1.7
01-Mar-16,Exports: Malaysia,4225.1
01-Mar-16,Exports: Maldives Rep of,33.9
01-Mar-16,Exports: Malta,73.1
01-Mar-16,Exports: Marshall Islands,119.3
01-Mar-16,Exports: Mauritius,5.3
01-Mar-16,Exports: Mexico,108.1
01-Mar-16,Exports: Mongolian Peo Rep,4.6
01-Mar-16,Exports: Morocco,14.6
01-Mar-16,Exports: Mozambique,1.4
01-Mar-16,Exports: Myanmar,306.9
01-Mar-16,Exports: Nepal,9.5
01-Mar-16,Exports: Netherlands Antilles,0
01-Mar-16,Exports: Netherlands,720.7
01-Mar-16,Exports: New Caledonia,13.9
01-Mar-16,Exports: New Zealand,182.4
01-Mar-16,Exports: Nigeria,18.3
01-Mar-16,Exports: Northern Mariana Islands,1.2
01-Mar-16,Exports: Norway,25.4
01-Mar-16,Exports: Oman,24.6
01-Mar-16,Exports: Other Countries of Africa,11.7
01-Mar-16,Exports: Other Countries of America,9.1
01-Mar-16,Exports: Other Countries of Asia,10.4
01-Mar-16,Exports: Other Countries of Europe,17.7
01-Mar-16,Exports: Other Countries of Oceania,8.1
01-Mar-16,Exports: Pakistan,95.5
01-Mar-16,Exports: Panama,534
01-Mar-16,Exports: Papua New Guinea,59.4
01-Mar-16,Exports: Paraguay,0.1
01-Mar-16,Exports: Peru,4.4
01-Mar-16,Exports: Philippines,729.4
01-Mar-16,Exports: Poland,20
01-Mar-16,Exports: Portugal,18.1
01-Mar-16,Exports: Puerto Rico,147.7
01-Mar-16,Exports: Qatar,19.4
01-Mar-16,Exports: Reunion,43.3
01-Mar-16,Exports: Romania,6.4
01-Mar-16,Exports: Russia,31.9
01-Mar-16,Exports: Saint Vincent and the Grenadines,3
01-Mar-16,Exports: Samoa,4.3
01-Mar-16,Exports: Saudi Arabia,110.9
01-Mar-16,Exports: Seychelles,3.1
01-Mar-16,Exports: Slovak Republic,2.6
01-Mar-16,Exports: Slovenia,2.9
01-Mar-16,Exports: Solomon Islands,4.8
01-Mar-16,Exports: South Africa,42.8
01-Mar-16,Exports: South Korea,1888.9
01-Mar-16,Exports: Spain,36.4
01-Mar-16,Exports: Sri Lanka,157.9
01-Mar-16,Exports: Sudan,0.7
01-Mar-16,Exports: Sweden,22.3
01-Mar-16,Exports: Switzerland,944
01-Mar-16,Exports: Syrian Arab Rep,0.9
01-Mar-16,Exports: Taiwan,1489
01-Mar-16,Exports: Tanzania,6.2
01-Mar-16,Exports: Thailand,1717.9
01-Mar-16,Exports: Trinidad & Tobago,3.5
01-Mar-16,Exports: Tunisia,2.2
01-Mar-16,Exports: Turkey,57.4
01-Mar-16,Exports: USA,2500.8
01-Mar-16,Exports: Ukraine,2.7
01-Mar-16,Exports: United Arab Emirates,498.2
01-Mar-16,Exports: United Kingdom,442.8
01-Mar-16,Exports: Uruguay,2.4
01-Mar-16,Exports: Vanuatu,3.6
01-Mar-16,Exports: Venezuela,3.1
01-Mar-16,Exports: Vietnam,1342.3
01-Mar-16,Exports: Yemen,3.4
01-Mar-16,Exports: Zambia,0.2
01-Mar-16,Exports: Zimbabwe,0.3
01-Apr-16,Exports: Afghanistan,2.5
01-Apr-16,Exports: Algeria,2.5
01-Apr-16,Exports: Angola,15.7
01-Apr-16,Exports: Antigua and Barbuda,12.4
01-Apr-16,Exports: Argentina,7.8
01-Apr-16,Exports: Australia,955.7
01-Apr-16,Exports: Austria,13.2
01-Apr-16,Exports: Bahamas,38.1
01-Apr-16,Exports: Bahrain,10.7
01-Apr-16,Exports: Bangladesh,288.3
01-Apr-16,Exports: Belarus,0.2
01-Apr-16,Exports: Belgium,961.6
01-Apr-16,Exports: Benin,1.5
01-Apr-16,Exports: Bermuda,3.7
01-Apr-16,Exports: Brazil,96.4
01-Apr-16,Exports: Brunei,77.2
01-Apr-16,Exports: Bulgaria,0.7
01-Apr-16,Exports: Cambodia,98.9
01-Apr-16,Exports: Cameroon,1.5
01-Apr-16,Exports: Canada,73
01-Apr-16,Exports: Chile,4.9
01-Apr-16,Exports: China,5119.5
01-Apr-16,Exports: Christmas Islands,0.1
01-Apr-16,Exports: Colombia,6.1
01-Apr-16,Exports: Comoros,0.3
01-Apr-16,Exports: Costa Rica,3
01-Apr-16,Exports: Cote D'ivoire,2.2
01-Apr-16,Exports: Croatia,1.7
01-Apr-16,Exports: Cuba,0
01-Apr-16,Exports: Cyprus,24.7
01-Apr-16,"Exports: Czech, Republic",40.9
01-Apr-16,Exports: Denmark,41.4
01-Apr-16,Exports: Djibouti,2.3
01-Apr-16,Exports: Dominican Rep,1.4
01-Apr-16,Exports: Ecuador,3.6
01-Apr-16,Exports: Egypt,42
01-Apr-16,Exports: El Salvador,0.5
01-Apr-16,Exports: Estonia,1.1
01-Apr-16,Exports: Eswatini,0.1
01-Apr-16,Exports: Ethiopia,1.1
01-Apr-16,Exports: Fiji,27.2
01-Apr-16,Exports: Finland,23.2
01-Apr-16,Exports: France,354.5
01-Apr-16,Exports: French Polynesia,1.4
01-Apr-16,Exports: Gabon,1.2
01-Apr-16,Exports: Germany,618.4
01-Apr-16,Exports: Ghana,5.7
01-Apr-16,Exports: Greece,58.2
01-Apr-16,Exports: Guam,20.2
01-Apr-16,Exports: Guatemala,2.8
01-Apr-16,Exports: Guinea,37.3
01-Apr-16,Exports: Guyana,0.5
01-Apr-16,Exports: Honduras,0.2
01-Apr-16,Exports: Hong Kong SAR (China),5149.6
01-Apr-16,Exports: Hungary,27.6
01-Apr-16,Exports: India,1137.6
01-Apr-16,Exports: Indonesia,2903.8
01-Apr-16,Exports: Iran,7.2
01-Apr-16,Exports: Ireland,34.7
01-Apr-16,Exports: Israel,81.3
01-Apr-16,Exports: Italy,67.7
01-Apr-16,Exports: Jamaica,0.6
01-Apr-16,Exports: Japan,1702.3
01-Apr-16,Exports: Jordan,4.9
01-Apr-16,Exports: Kazakhstan,2.5
01-Apr-16,Exports: Kenya,4.2
01-Apr-16,Exports: Kuwait,22.9
01-Apr-16,Exports: Lao Peo Dem Rep,3.5
01-Apr-16,Exports: Latvia,1.9
01-Apr-16,Exports: Lebanon,4.3
01-Apr-16,Exports: Liberia,190.6
01-Apr-16,Exports: Libyan Arab Jamahiriya,1
01-Apr-16,Exports: Lithuania,1.8
01-Apr-16,Exports: Luxembourg,7.4
01-Apr-16,Exports: Macau SAR (China),11.3
01-Apr-16,Exports: Madagascar,2.2
01-Apr-16,Exports: Malaysia,4422.5
01-Apr-16,Exports: Maldives Rep of,25.2
01-Apr-16,Exports: Malta,92.5
01-Apr-16,Exports: Marshall Islands,172.8
01-Apr-16,Exports: Mauritius,14.4
01-Apr-16,Exports: Mexico,117.8
01-Apr-16,Exports: Mongolian Peo Rep,4.5
01-Apr-16,Exports: Morocco,12.2
01-Apr-16,Exports: Mozambique,0.9
01-Apr-16,Exports: Myanmar,244.1
01-Apr-16,Exports: Nepal,5.9
01-Apr-16,Exports: Netherlands Antilles,0.9
01-Apr-16,Exports: Netherlands,754.4
01-Apr-16,Exports: New Caledonia,12.7
01-Apr-16,Exports: New Zealand,141.3
01-Apr-16,Exports: Nigeria,16.3
01-Apr-16,Exports: Northern Mariana Islands,1.1
01-Apr-16,Exports: Norway,27.3
01-Apr-16,Exports: Oman,15
01-Apr-16,Exports: Other Countries of Africa,30
01-Apr-16,Exports: Other Countries of America,9.6
01-Apr-16,Exports: Other Countries of Asia,16.7
01-Apr-16,Exports: Other Countries of Europe,16.9
01-Apr-16,Exports: Other Countries of Oceania,5.5
01-Apr-16,Exports: Pakistan,95.2
01-Apr-16,Exports: Panama,678.4
01-Apr-16,Exports: Papua New Guinea,34.8
01-Apr-16,Exports: Paraguay,0.1
01-Apr-16,Exports: Peru,4.7
01-Apr-16,Exports: Philippines,723.2
01-Apr-16,Exports: Poland,27.6
01-Apr-16,Exports: Portugal,18.1
01-Apr-16,Exports: Puerto Rico,180.1
01-Apr-16,Exports: Qatar,24.7
01-Apr-16,Exports: Reunion,41.2
01-Apr-16,Exports: Romania,11.7
01-Apr-16,Exports: Russia,47.3
01-Apr-16,Exports: Saint Vincent and the Grenadines,1.9
01-Apr-16,Exports: Samoa,2.9
01-Apr-16,Exports: Saudi Arabia,112.2
01-Apr-16,Exports: Seychelles,1.8
01-Apr-16,Exports: Slovak Republic,3.8
01-Apr-16,Exports: Slovenia,2.2
01-Apr-16,Exports: Solomon Islands,13.7
01-Apr-16,Exports: South Africa,49.6
01-Apr-16,Exports: South Korea,1825.8
01-Apr-16,Exports: Spain,38
01-Apr-16,Exports: Sri Lanka,138.8
01-Apr-16,Exports: Sudan,0.1
01-Apr-16,Exports: Sweden,17.7
01-Apr-16,Exports: Switzerland,268.6
01-Apr-16,Exports: Syrian Arab Rep,1.5
01-Apr-16,Exports: Taiwan,1432.3
01-Apr-16,Exports: Tanzania,2.6
01-Apr-16,Exports: Thailand,1534.6
01-Apr-16,Exports: Trinidad & Tobago,1.1
01-Apr-16,Exports: Tunisia,3.9
01-Apr-16,Exports: Turkey,55.8
01-Apr-16,Exports: USA,2505
01-Apr-16,Exports: Ukraine,0.6
01-Apr-16,Exports: United Arab Emirates,483.1
01-Apr-16,Exports: United Kingdom,364.1
01-Apr-16,Exports: Uruguay,4
01-Apr-16,Exports: Vanuatu,1
01-Apr-16,Exports: Venezuela,2.6
01-Apr-16,Exports: Vietnam,1354.5
01-Apr-16,Exports: Yemen,5
01-Apr-16,Exports: Zambia,1.1
01-Apr-16,Exports: Zimbabwe,0.7
01-May-16,Exports: Afghanistan,1.3
01-May-16,Exports: Algeria,2.3
01-May-16,Exports: Angola,4.1
01-May-16,Exports: Antigua and Barbuda,15.1
01-May-16,Exports: Argentina,14.6
01-May-16,Exports: Australia,960
01-May-16,Exports: Austria,10.5
01-May-16,Exports: Bahamas,56.5
01-May-16,Exports: Bahrain,13.9
01-May-16,Exports: Bangladesh,288.2
01-May-16,Exports: Belarus,0.2
01-May-16,Exports: Belgium,458.9
01-May-16,Exports: Benin,1.8
01-May-16,Exports: Bermuda,13.7
01-May-16,Exports: Brazil,87.8
01-May-16,Exports: Brunei,98.2
01-May-16,Exports: Bulgaria,1.8
01-May-16,Exports: Cambodia,172.2
01-May-16,Exports: Cameroon,2.3
01-May-16,Exports: Canada,48
01-May-16,Exports: Chile,4.7
01-May-16,Exports: China,4814.2
01-May-16,Exports: Christmas Islands,0.1
01-May-16,Exports: Colombia,5.7
01-May-16,Exports: Comoros,0.4
01-May-16,Exports: Costa Rica,3.6
01-May-16,Exports: Cote D'ivoire,1.4
01-May-16,Exports: Croatia,0.7
01-May-16,Exports: Cuba,0.2
01-May-16,Exports: Cyprus,30.4
01-May-16,"Exports: Czech, Republic",26
01-May-16,Exports: Denmark,20.5
01-May-16,Exports: Djibouti,1.5
01-May-16,Exports: Dominican Rep,1
01-May-16,Exports: Ecuador,3.6
01-May-16,Exports: Egypt,64
01-May-16,Exports: El Salvador,0.6
01-May-16,Exports: Estonia,0.6
01-May-16,Exports: Eswatini,0.1
01-May-16,Exports: Ethiopia,3
01-May-16,Exports: Fiji,34.2
01-May-16,Exports: Finland,10.9
01-May-16,Exports: France,327
01-May-16,Exports: French Polynesia,11.3
01-May-16,Exports: Gabon,1.9
01-May-16,Exports: Germany,621.2
01-May-16,Exports: Ghana,7.3
01-May-16,Exports: Greece,53.5
01-May-16,Exports: Guam,29.5
01-May-16,Exports: Guatemala,0.6
01-May-16,Exports: Guinea,0.2
01-May-16,Exports: Guyana,0.1
01-May-16,Exports: Honduras,0.3
01-May-16,Exports: Hong Kong SAR (China),4691.6
01-May-16,Exports: Hungary,31.4
01-May-16,Exports: India,1321
01-May-16,Exports: Indonesia,2861
01-May-16,Exports: Iran,9.3
01-May-16,Exports: Ireland,34.6
01-May-16,Exports: Israel,87.3
01-May-16,Exports: Italy,54.5
01-May-16,Exports: Jamaica,0.2
01-May-16,Exports: Japan,1490.8
01-May-16,Exports: Jordan,2.8
01-May-16,Exports: Kazakhstan,1.7
01-May-16,Exports: Kenya,3.5
01-May-16,Exports: Kuwait,13.6
01-May-16,Exports: Lao Peo Dem Rep,8.3
01-May-16,Exports: Latvia,0.5
01-May-16,Exports: Lebanon,3.8
01-May-16,Exports: Liberia,184.9
01-May-16,Exports: Libyan Arab Jamahiriya,1
01-May-16,Exports: Lithuania,2.2
01-May-16,Exports: Luxembourg,9.4
01-May-16,Exports: Macau SAR (China),12.6
01-May-16,Exports: Madagascar,2.3
01-May-16,Exports: Malaysia,4127.1
01-May-16,Exports: Maldives Rep of,24.3
01-May-16,Exports: Malta,101.2
01-May-16,Exports: Marshall Islands,184.2
01-May-16,Exports: Mauritius,5.7
01-May-16,Exports: Mexico,110
01-May-16,Exports: Mongolian Peo Rep,5.7
01-May-16,Exports: Morocco,15.4
01-May-16,Exports: Mozambique,0.3
01-May-16,Exports: Myanmar,195.1
01-May-16,Exports: Nepal,9.6
01-May-16,Exports: Netherlands Antilles,3.2
01-May-16,Exports: Netherlands,675.9
01-May-16,Exports: New Caledonia,30.1
01-May-16,Exports: New Zealand,154.6
01-May-16,Exports: Nigeria,18.5
01-May-16,Exports: Northern Mariana Islands,0.9
01-May-16,Exports: Norway,1760.1
01-May-16,Exports: Oman,13.1
01-May-16,Exports: Other Countries of Africa,8.5
01-May-16,Exports: Other Countries of America,7.8
01-May-16,Exports: Other Countries of Asia,10.7
01-May-16,Exports: Other Countries of Europe,29.1
01-May-16,Exports: Other Countries of Oceania,17.6
01-May-16,Exports: Pakistan,104.6
01-May-16,Exports: Panama,470
01-May-16,Exports: Papua New Guinea,47.7
01-May-16,Exports: Paraguay,0.1
01-May-16,Exports: Peru,4.7
01-May-16,Exports: Philippines,699.8
01-May-16,Exports: Poland,24.1
01-May-16,Exports: Portugal,22.2
01-May-16,Exports: Puerto Rico,382.9
01-May-16,Exports: Qatar,9.4
01-May-16,Exports: Reunion,27
01-May-16,Exports: Romania,8.2
01-May-16,Exports: Russia,68.8
01-May-16,Exports: Saint Vincent and the Grenadines,3.4
01-May-16,Exports: Samoa,5.7
01-May-16,Exports: Saudi Arabia,95
01-May-16,Exports: Seychelles,3.7
01-May-16,Exports: Slovak Republic,3.6
01-May-16,Exports: Slovenia,3
01-May-16,Exports: Solomon Islands,3.8
01-May-16,Exports: South Africa,26.9
01-May-16,Exports: South Korea,1469.6
01-May-16,Exports: Spain,35.6
01-May-16,Exports: Sri Lanka,201.4
01-May-16,Exports: Sudan,1.7
01-May-16,Exports: Sweden,13
01-May-16,Exports: Switzerland,742.5
01-May-16,Exports: Syrian Arab Rep,0.5
01-May-16,Exports: Taiwan,1672.4
01-May-16,Exports: Tanzania,3
01-May-16,Exports: Thailand,1546.5
01-May-16,Exports: Trinidad & Tobago,2.4
01-May-16,Exports: Tunisia,1
01-May-16,Exports: Turkey,40.7
01-May-16,Exports: USA,2505.9
01-May-16,Exports: Ukraine,1.5
01-May-16,Exports: United Arab Emirates,386
01-May-16,Exports: United Kingdom,290.7
01-May-16,Exports: Uruguay,1.9
01-May-16,Exports: Vanuatu,1.7
01-May-16,Exports: Venezuela,0.2
01-May-16,Exports: Vietnam,1286.7
01-May-16,Exports: Yemen,2
01-May-16,Exports: Zambia,0.3
01-May-16,Exports: Zimbabwe,0.3
01-Jun-16,Exports: Afghanistan,1.3
01-Jun-16,Exports: Algeria,2.6
01-Jun-16,Exports: Angola,8.7
01-Jun-16,Exports: Antigua and Barbuda,16.3
01-Jun-16,Exports: Argentina,59.6
01-Jun-16,Exports: Australia,1098.9
01-Jun-16,Exports: Austria,12.2
01-Jun-16,Exports: Bahamas,57.2
01-Jun-16,Exports: Bahrain,11.2
01-Jun-16,Exports: Bangladesh,359
01-Jun-16,Exports: Belarus,0
01-Jun-16,Exports: Belgium,600.4
01-Jun-16,Exports: Benin,1.4
01-Jun-16,Exports: Bermuda,10
01-Jun-16,Exports: Brazil,107.6
01-Jun-16,Exports: Brunei,79.9
01-Jun-16,Exports: Bulgaria,1.2
01-Jun-16,Exports: Cambodia,87.9
01-Jun-16,Exports: Cameroon,0.9
01-Jun-16,Exports: Canada,65
01-Jun-16,Exports: Chile,5.3
01-Jun-16,Exports: China,4865
01-Jun-16,Exports: Christmas Islands,0.6
01-Jun-16,Exports: Colombia,8
01-Jun-16,Exports: Comoros,0
01-Jun-16,Exports: Costa Rica,2.6
01-Jun-16,Exports: Cote D'ivoire,1.2
01-Jun-16,Exports: Croatia,7.8
01-Jun-16,Exports: Cuba,0.1
01-Jun-16,Exports: Cyprus,39.5
01-Jun-16,"Exports: Czech, Republic",22.5
01-Jun-16,Exports: Denmark,27.7
01-Jun-16,Exports: Djibouti,2.4
01-Jun-16,Exports: Dominican Rep,1.1
01-Jun-16,Exports: Ecuador,4.2
01-Jun-16,Exports: Egypt,34.5
01-Jun-16,Exports: El Salvador,1
01-Jun-16,Exports: Estonia,0.8
01-Jun-16,Exports: Eswatini,0.2
01-Jun-16,Exports: Ethiopia,5
01-Jun-16,Exports: Fiji,31
01-Jun-16,Exports: Finland,13.1
01-Jun-16,Exports: France,346
01-Jun-16,Exports: French Polynesia,2.5
01-Jun-16,Exports: Gabon,0.2
01-Jun-16,Exports: Germany,670.4
01-Jun-16,Exports: Ghana,6.4
01-Jun-16,Exports: Greece,64.9
01-Jun-16,Exports: Guam,28.1
01-Jun-16,Exports: Guatemala,3.7
01-Jun-16,Exports: Guinea,22.7
01-Jun-16,Exports: Guyana,0.2
01-Jun-16,Exports: Honduras,0.1
01-Jun-16,Exports: Hong Kong SAR (China),5070.8
01-Jun-16,Exports: Hungary,33.6
01-Jun-16,Exports: India,1181.7
01-Jun-16,Exports: Indonesia,3029.1
01-Jun-16,Exports: Iran,7.8
01-Jun-16,Exports: Ireland,38.3
01-Jun-16,Exports: Israel,69.3
01-Jun-16,Exports: Italy,61.9
01-Jun-16,Exports: Jamaica,1
01-Jun-16,Exports: Japan,1697.7
01-Jun-16,Exports: Jordan,2.8
01-Jun-16,Exports: Kazakhstan,1.7
01-Jun-16,Exports: Kenya,6.3
01-Jun-16,Exports: Kuwait,23.5
01-Jun-16,Exports: Lao Peo Dem Rep,3.4
01-Jun-16,Exports: Latvia,1.3
01-Jun-16,Exports: Lebanon,3.1
01-Jun-16,Exports: Liberia,230.9
01-Jun-16,Exports: Libyan Arab Jamahiriya,0.7
01-Jun-16,Exports: Lithuania,0.9
01-Jun-16,Exports: Luxembourg,6.9
01-Jun-16,Exports: Macau SAR (China),15.4
01-Jun-16,Exports: Madagascar,3.1
01-Jun-16,Exports: Malaysia,4294
01-Jun-16,Exports: Maldives Rep of,23.1
01-Jun-16,Exports: Malta,116.1
01-Jun-16,Exports: Marshall Islands,226.1
01-Jun-16,Exports: Mauritius,11.4
01-Jun-16,Exports: Mexico,234
01-Jun-16,Exports: Mongolian Peo Rep,7
01-Jun-16,Exports: Morocco,12.6
01-Jun-16,Exports: Mozambique,4.9
01-Jun-16,Exports: Myanmar,245.3
01-Jun-16,Exports: Nepal,8.5
01-Jun-16,Exports: Netherlands Antilles,5.2
01-Jun-16,Exports: Netherlands,929.5
01-Jun-16,Exports: New Caledonia,8.8
01-Jun-16,Exports: New Zealand,152.2
01-Jun-16,Exports: Nigeria,20.1
01-Jun-16,Exports: Northern Mariana Islands,1
01-Jun-16,Exports: Norway,32.5
01-Jun-16,Exports: Oman,40.2
01-Jun-16,Exports: Other Countries of Africa,13.6
01-Jun-16,Exports: Other Countries of America,8.4
01-Jun-16,Exports: Other Countries of Asia,16.7
01-Jun-16,Exports: Other Countries of Europe,28
01-Jun-16,Exports: Other Countries of Oceania,4.3
01-Jun-16,Exports: Pakistan,77.2
01-Jun-16,Exports: Panama,601.8
01-Jun-16,Exports: Papua New Guinea,42.1
01-Jun-16,Exports: Paraguay,0.6
01-Jun-16,Exports: Peru,30
01-Jun-16,Exports: Philippines,767.2
01-Jun-16,Exports: Poland,21.3
01-Jun-16,Exports: Portugal,23.4
01-Jun-16,Exports: Puerto Rico,274.7
01-Jun-16,Exports: Qatar,12.1
01-Jun-16,Exports: Reunion,27.3
01-Jun-16,Exports: Romania,7.2
01-Jun-16,Exports: Russia,44.6
01-Jun-16,Exports: Saint Vincent and the Grenadines,1.4
01-Jun-16,Exports: Samoa,2.5
01-Jun-16,Exports: Saudi Arabia,79.8
01-Jun-16,Exports: Seychelles,2.1
01-Jun-16,Exports: Slovak Republic,1.7
01-Jun-16,Exports: Slovenia,2
01-Jun-16,Exports: Solomon Islands,2.6
01-Jun-16,Exports: South Africa,38.9
01-Jun-16,Exports: South Korea,1788.2
01-Jun-16,Exports: Spain,37.4
01-Jun-16,Exports: Sri Lanka,219
01-Jun-16,Exports: Sudan,0.3
01-Jun-16,Exports: Sweden,19.2
01-Jun-16,Exports: Switzerland,477.4
01-Jun-16,Exports: Syrian Arab Rep,0.3
01-Jun-16,Exports: Taiwan,1711.9
01-Jun-16,Exports: Tanzania,3.5
01-Jun-16,Exports: Thailand,1637.1
01-Jun-16,Exports: Trinidad & Tobago,0.5
01-Jun-16,Exports: Tunisia,1.6
01-Jun-16,Exports: Turkey,54
01-Jun-16,Exports: USA,2604.3
01-Jun-16,Exports: Ukraine,1.4
01-Jun-16,Exports: United Arab Emirates,445.5
01-Jun-16,Exports: United Kingdom,305.3
01-Jun-16,Exports: Uruguay,3.2
01-Jun-16,Exports: Vanuatu,3.2
01-Jun-16,Exports: Venezuela,3.7
01-Jun-16,Exports: Vietnam,1175.6
01-Jun-16,Exports: Yemen,0.8
01-Jun-16,Exports: Zambia,0.1
01-Jun-16,Exports: Zimbabwe,0.6
01-Jul-16,Exports: Afghanistan,1.8
01-Jul-16,Exports: Algeria,4.2
01-Jul-16,Exports: Angola,4.9
01-Jul-16,Exports: Antigua and Barbuda,12
01-Jul-16,Exports: Argentina,38.3
01-Jul-16,Exports: Australia,933.4
01-Jul-16,Exports: Austria,12
01-Jul-16,Exports: Bahamas,56.5
01-Jul-16,Exports: Bahrain,9.6
01-Jul-16,Exports: Bangladesh,253
01-Jul-16,Exports: Belarus,0.3
01-Jul-16,Exports: Belgium,815
01-Jul-16,Exports: Benin,0.7
01-Jul-16,Exports: Bermuda,9.4
01-Jul-16,Exports: Brazil,106.1
01-Jul-16,Exports: Brunei,74.6
01-Jul-16,Exports: Bulgaria,3.1
01-Jul-16,Exports: Cambodia,91.2
01-Jul-16,Exports: Cameroon,1.1
01-Jul-16,Exports: Canada,115
01-Jul-16,Exports: Chile,6.9
01-Jul-16,Exports: China,5140.2
01-Jul-16,Exports: Christmas Islands,0.1
01-Jul-16,Exports: Colombia,9.9
01-Jul-16,Exports: Comoros,0
01-Jul-16,Exports: Costa Rica,2.5
01-Jul-16,Exports: Cote D'ivoire,1.9
01-Jul-16,Exports: Croatia,1.8
01-Jul-16,Exports: Cuba,0.2
01-Jul-16,Exports: Cyprus,27.1
01-Jul-16,"Exports: Czech, Republic",35.1
01-Jul-16,Exports: Denmark,21.2
01-Jul-16,Exports: Djibouti,1.1
01-Jul-16,Exports: Dominican Rep,0.9
01-Jul-16,Exports: Ecuador,4.4
01-Jul-16,Exports: Egypt,27
01-Jul-16,Exports: El Salvador,0.4
01-Jul-16,Exports: Estonia,1
01-Jul-16,Exports: Eswatini,0.2
01-Jul-16,Exports: Ethiopia,3.3
01-Jul-16,Exports: Fiji,24.6
01-Jul-16,Exports: Finland,18.9
01-Jul-16,Exports: France,277.3
01-Jul-16,Exports: French Polynesia,16.4
01-Jul-16,Exports: Gabon,0.5
01-Jul-16,Exports: Germany,618
01-Jul-16,Exports: Ghana,5.5
01-Jul-16,Exports: Greece,61.7
01-Jul-16,Exports: Guam,31
01-Jul-16,Exports: Guatemala,1.2
01-Jul-16,Exports: Guinea,0
01-Jul-16,Exports: Guyana,0.2
01-Jul-16,Exports: Honduras,0.2
01-Jul-16,Exports: Hong Kong SAR (China),5020.1
01-Jul-16,Exports: Hungary,25.4
01-Jul-16,Exports: India,1056.6
01-Jul-16,Exports: Indonesia,2916
01-Jul-16,Exports: Iran,18.1
01-Jul-16,Exports: Ireland,81.6
01-Jul-16,Exports: Israel,80.5
01-Jul-16,Exports: Italy,74.7
01-Jul-16,Exports: Jamaica,0.3
01-Jul-16,Exports: Japan,1626.4
01-Jul-16,Exports: Jordan,3.3
01-Jul-16,Exports: Kazakhstan,0.8
01-Jul-16,Exports: Kenya,5
01-Jul-16,Exports: Kuwait,21.8
01-Jul-16,Exports: Lao Peo Dem Rep,1.9
01-Jul-16,Exports: Latvia,0.8
01-Jul-16,Exports: Lebanon,2.8
01-Jul-16,Exports: Liberia,240.1
01-Jul-16,Exports: Libyan Arab Jamahiriya,0.4
01-Jul-16,Exports: Lithuania,1.5
01-Jul-16,Exports: Luxembourg,6.9
01-Jul-16,Exports: Macau SAR (China),14.5
01-Jul-16,Exports: Madagascar,2.3
01-Jul-16,Exports: Malaysia,3763.7
01-Jul-16,Exports: Maldives Rep of,23.7
01-Jul-16,Exports: Malta,101
01-Jul-16,Exports: Marshall Islands,214.2
01-Jul-16,Exports: Mauritius,5.9
01-Jul-16,Exports: Mexico,175.8
01-Jul-16,Exports: Mongolian Peo Rep,5.3
01-Jul-16,Exports: Morocco,16.3
01-Jul-16,Exports: Mozambique,0.8
01-Jul-16,Exports: Myanmar,214.2
01-Jul-16,Exports: Nepal,13.8
01-Jul-16,Exports: Netherlands Antilles,0.3
01-Jul-16,Exports: Netherlands,673.5
01-Jul-16,Exports: New Caledonia,35.1
01-Jul-16,Exports: New Zealand,133.9
01-Jul-16,Exports: Nigeria,13.9
01-Jul-16,Exports: Northern Mariana Islands,1.2
01-Jul-16,Exports: Norway,32
01-Jul-16,Exports: Oman,55.7
01-Jul-16,Exports: Other Countries of Africa,8.2
01-Jul-16,Exports: Other Countries of America,12.1
01-Jul-16,Exports: Other Countries of Asia,17.5
01-Jul-16,Exports: Other Countries of Europe,35.9
01-Jul-16,Exports: Other Countries of Oceania,11.7
01-Jul-16,Exports: Pakistan,89.5
01-Jul-16,Exports: Panama,742.2
01-Jul-16,Exports: Papua New Guinea,34.8
01-Jul-16,Exports: Paraguay,0.4
01-Jul-16,Exports: Peru,26.5
01-Jul-16,Exports: Philippines,726.5
01-Jul-16,Exports: Poland,22.5
01-Jul-16,Exports: Portugal,32
01-Jul-16,Exports: Puerto Rico,9.3
01-Jul-16,Exports: Qatar,13.8
01-Jul-16,Exports: Reunion,26.5
01-Jul-16,Exports: Romania,8.5
01-Jul-16,Exports: Russia,435.9
01-Jul-16,Exports: Saint Vincent and the Grenadines,1.7
01-Jul-16,Exports: Samoa,4.8
01-Jul-16,Exports: Saudi Arabia,143.8
01-Jul-16,Exports: Seychelles,4.2
01-Jul-16,Exports: Slovak Republic,2.2
01-Jul-16,Exports: Slovenia,1.6
01-Jul-16,Exports: Solomon Islands,3.6
01-Jul-16,Exports: South Africa,35
01-Jul-16,Exports: South Korea,1430.4
01-Jul-16,Exports: Spain,37.5
01-Jul-16,Exports: Sri Lanka,132.4
01-Jul-16,Exports: Sudan,0.3
01-Jul-16,Exports: Sweden,13.7
01-Jul-16,Exports: Switzerland,848
01-Jul-16,Exports: Syrian Arab Rep,0.5
01-Jul-16,Exports: Taiwan,1599.7
01-Jul-16,Exports: Tanzania,2.7
01-Jul-16,Exports: Thailand,1394.7
01-Jul-16,Exports: Trinidad & Tobago,1.2
01-Jul-16,Exports: Tunisia,0.7
01-Jul-16,Exports: Turkey,52.9
01-Jul-16,Exports: USA,2626.6
01-Jul-16,Exports: Ukraine,1
01-Jul-16,Exports: United Arab Emirates,395.3
01-Jul-16,Exports: United Kingdom,316.1
01-Jul-16,Exports: Uruguay,2.1
01-Jul-16,Exports: Vanuatu,6.2
01-Jul-16,Exports: Venezuela,0.7
01-Jul-16,Exports: Vietnam,1269.7
01-Jul-16,Exports: Yemen,1.4
01-Jul-16,Exports: Zambia,0.2
01-Jul-16,Exports: Zimbabwe,0.4
01-Aug-16,Exports: Afghanistan,1.1
01-Aug-16,Exports: Algeria,3.4
01-Aug-16,Exports: Angola,8.7
01-Aug-16,Exports: Antigua and Barbuda,14.6
01-Aug-16,Exports: Argentina,18.3
01-Aug-16,Exports: Australia,983.5
01-Aug-16,Exports: Austria,14.5
01-Aug-16,Exports: Bahamas,67.5
01-Aug-16,Exports: Bahrain,13.1
01-Aug-16,Exports: Bangladesh,271.5
01-Aug-16,Exports: Belarus,0.3
01-Aug-16,Exports: Belgium,332.3
01-Aug-16,Exports: Benin,0.4
01-Aug-16,Exports: Bermuda,13.7
01-Aug-16,Exports: Brazil,92.2
01-Aug-16,Exports: Brunei,98.1
01-Aug-16,Exports: Bulgaria,1.5
01-Aug-16,Exports: Cambodia,111.8
01-Aug-16,Exports: Cameroon,1.1
01-Aug-16,Exports: Canada,67.2
01-Aug-16,Exports: Chile,6.7
01-Aug-16,Exports: China,5177.4
01-Aug-16,Exports: Christmas Islands,0
01-Aug-16,Exports: Colombia,12.9
01-Aug-16,Exports: Comoros,0
01-Aug-16,Exports: Costa Rica,2.6
01-Aug-16,Exports: Cote D'ivoire,1.4
01-Aug-16,Exports: Croatia,2
01-Aug-16,Exports: Cuba,0.1
01-Aug-16,Exports: Cyprus,29.1
01-Aug-16,"Exports: Czech, Republic",25.4
01-Aug-16,Exports: Denmark,25.9
01-Aug-16,Exports: Djibouti,1.9
01-Aug-16,Exports: Dominican Rep,0.8
01-Aug-16,Exports: Ecuador,3.9
01-Aug-16,Exports: Egypt,23.3
01-Aug-16,Exports: El Salvador,0.2
01-Aug-16,Exports: Estonia,1.2
01-Aug-16,Exports: Eswatini,0.3
01-Aug-16,Exports: Ethiopia,2.3
01-Aug-16,Exports: Fiji,24.5
01-Aug-16,Exports: Finland,9.5
01-Aug-16,Exports: France,378.3
01-Aug-16,Exports: French Polynesia,3.1
01-Aug-16,Exports: Gabon,2.6
01-Aug-16,Exports: Germany,687.7
01-Aug-16,Exports: Ghana,8
01-Aug-16,Exports: Greece,54.8
01-Aug-16,Exports: Guam,39.3
01-Aug-16,Exports: Guatemala,1.1
01-Aug-16,Exports: Guinea,0
01-Aug-16,Exports: Guyana,0.1
01-Aug-16,Exports: Honduras,0.3
01-Aug-16,Exports: Hong Kong SAR (China),5082.9
01-Aug-16,Exports: Hungary,34.8
01-Aug-16,Exports: India,1159.6
01-Aug-16,Exports: Indonesia,3180.7
01-Aug-16,Exports: Iran,22.5
01-Aug-16,Exports: Ireland,107.1
01-Aug-16,Exports: Israel,95.9
01-Aug-16,Exports: Italy,74.5
01-Aug-16,Exports: Jamaica,0.3
01-Aug-16,Exports: Japan,1534.9
01-Aug-16,Exports: Jordan,2.8
01-Aug-16,Exports: Kazakhstan,0.6
01-Aug-16,Exports: Kenya,4.1
01-Aug-16,Exports: Kuwait,46.4
01-Aug-16,Exports: Lao Peo Dem Rep,6.5
01-Aug-16,Exports: Latvia,1.7
01-Aug-16,Exports: Lebanon,5.2
01-Aug-16,Exports: Liberia,220
01-Aug-16,Exports: Libyan Arab Jamahiriya,0.6
01-Aug-16,Exports: Lithuania,1.2
01-Aug-16,Exports: Luxembourg,11.2
01-Aug-16,Exports: Macau SAR (China),19.1
01-Aug-16,Exports: Madagascar,1.6
01-Aug-16,Exports: Malaysia,4235.8
01-Aug-16,Exports: Maldives Rep of,22.9
01-Aug-16,Exports: Malta,101.1
01-Aug-16,Exports: Marshall Islands,192.9
01-Aug-16,Exports: Mauritius,5.1
01-Aug-16,Exports: Mexico,130.3
01-Aug-16,Exports: Mongolian Peo Rep,6.1
01-Aug-16,Exports: Morocco,11.5
01-Aug-16,Exports: Mozambique,13
01-Aug-16,Exports: Myanmar,210.4
01-Aug-16,Exports: Nepal,8.5
01-Aug-16,Exports: Netherlands Antilles,2.2
01-Aug-16,Exports: Netherlands,842.4
01-Aug-16,Exports: New Caledonia,14.5
01-Aug-16,Exports: New Zealand,173.3
01-Aug-16,Exports: Nigeria,25.3
01-Aug-16,Exports: Northern Mariana Islands,1.1
01-Aug-16,Exports: Norway,27.6
01-Aug-16,Exports: Oman,11.2
01-Aug-16,Exports: Other Countries of Africa,32
01-Aug-16,Exports: Other Countries of America,13.4
01-Aug-16,Exports: Other Countries of Asia,13.5
01-Aug-16,Exports: Other Countries of Europe,35.5
01-Aug-16,Exports: Other Countries of Oceania,8.3
01-Aug-16,Exports: Pakistan,82
01-Aug-16,Exports: Panama,674.2
01-Aug-16,Exports: Papua New Guinea,37
01-Aug-16,Exports: Paraguay,0.4
01-Aug-16,Exports: Peru,5.4
01-Aug-16,Exports: Philippines,696.6
01-Aug-16,Exports: Poland,25.5
01-Aug-16,Exports: Portugal,23.3
01-Aug-16,Exports: Puerto Rico,13.9
01-Aug-16,Exports: Qatar,17
01-Aug-16,Exports: Reunion,43.5
01-Aug-16,Exports: Romania,5.7
01-Aug-16,Exports: Russia,52.7
01-Aug-16,Exports: Saint Vincent and the Grenadines,2.5
01-Aug-16,Exports: Samoa,5.1
01-Aug-16,Exports: Saudi Arabia,69.2
01-Aug-16,Exports: Seychelles,2
01-Aug-16,Exports: Slovak Republic,2.4
01-Aug-16,Exports: Slovenia,3.5
01-Aug-16,Exports: Solomon Islands,3.3
01-Aug-16,Exports: South Africa,63.7
01-Aug-16,Exports: South Korea,1473.9
01-Aug-16,Exports: Spain,31.2
01-Aug-16,Exports: Sri Lanka,206
01-Aug-16,Exports: Sudan,2.5
01-Aug-16,Exports: Sweden,13.8
01-Aug-16,Exports: Switzerland,326.4
01-Aug-16,Exports: Syrian Arab Rep,1.1
01-Aug-16,Exports: Taiwan,1835.1
01-Aug-16,Exports: Tanzania,2.9
01-Aug-16,Exports: Thailand,1471.3
01-Aug-16,Exports: Trinidad & Tobago,1.1
01-Aug-16,Exports: Tunisia,3.8
01-Aug-16,Exports: Turkey,45.4
01-Aug-16,Exports: USA,2659.1
01-Aug-16,Exports: Ukraine,1.1
01-Aug-16,Exports: United Arab Emirates,555.1
01-Aug-16,Exports: United Kingdom,398
01-Aug-16,Exports: Uruguay,1.1
01-Aug-16,Exports: Vanuatu,1.4
01-Aug-16,Exports: Venezuela,0.8
01-Aug-16,Exports: Vietnam,1336.8
01-Aug-16,Exports: Yemen,1.5
01-Aug-16,Exports: Zambia,0.2
01-Aug-16,Exports: Zimbabwe,1.3
01-Sep-16,Exports: Afghanistan,1.6
01-Sep-16,Exports: Algeria,3.2
01-Sep-16,Exports: Angola,7
01-Sep-16,Exports: Antigua and Barbuda,14.4
01-Sep-16,Exports: Argentina,10.8
01-Sep-16,Exports: Australia,1409.2
01-Sep-16,Exports: Austria,13.9
01-Sep-16,Exports: Bahamas,53.3
01-Sep-16,Exports: Bahrain,13.4
01-Sep-16,Exports: Bangladesh,307.5
01-Sep-16,Exports: Belarus,0.3
01-Sep-16,Exports: Belgium,734.8
01-Sep-16,Exports: Benin,2.2
01-Sep-16,Exports: Bermuda,6.7
01-Sep-16,Exports: Brazil,113.7
01-Sep-16,Exports: Brunei,83.6
01-Sep-16,Exports: Bulgaria,3.7
01-Sep-16,Exports: Cambodia,147
01-Sep-16,Exports: Cameroon,0.6
01-Sep-16,Exports: Canada,64.3
01-Sep-16,Exports: Chile,7
01-Sep-16,Exports: China,5222.4
01-Sep-16,Exports: Christmas Islands,0.1
01-Sep-16,Exports: Colombia,8.9
01-Sep-16,Exports: Comoros,0.2
01-Sep-16,Exports: Costa Rica,3.5
01-Sep-16,Exports: Cote D'ivoire,2.3
01-Sep-16,Exports: Croatia,0.5
01-Sep-16,Exports: Cuba,0.1
01-Sep-16,Exports: Cyprus,28.1
01-Sep-16,"Exports: Czech, Republic",27.9
01-Sep-16,Exports: Denmark,55.1
01-Sep-16,Exports: Djibouti,1.1
01-Sep-16,Exports: Dominican Rep,2.1
01-Sep-16,Exports: Ecuador,3.3
01-Sep-16,Exports: Egypt,33.2
01-Sep-16,Exports: El Salvador,0.9
01-Sep-16,Exports: Estonia,0.9
01-Sep-16,Exports: Eswatini,0.2
01-Sep-16,Exports: Ethiopia,5.6
01-Sep-16,Exports: Fiji,34.7
01-Sep-16,Exports: Finland,11
01-Sep-16,Exports: France,354.4
01-Sep-16,Exports: French Polynesia,5.2
01-Sep-16,Exports: Gabon,1.2
01-Sep-16,Exports: Germany,717.3
01-Sep-16,Exports: Ghana,9.6
01-Sep-16,Exports: Greece,58.3
01-Sep-16,Exports: Guam,20.1
01-Sep-16,Exports: Guatemala,3.9
01-Sep-16,Exports: Guinea,0.3
01-Sep-16,Exports: Guyana,0.2
01-Sep-16,Exports: Honduras,0.2
01-Sep-16,Exports: Hong Kong SAR (China),5255.1
01-Sep-16,Exports: Hungary,34.9
01-Sep-16,Exports: India,1180.3
01-Sep-16,Exports: Indonesia,3189.8
01-Sep-16,Exports: Iran,15.2
01-Sep-16,Exports: Ireland,24.4
01-Sep-16,Exports: Israel,115
01-Sep-16,Exports: Italy,66
01-Sep-16,Exports: Jamaica,0.4
01-Sep-16,Exports: Japan,1782.3
01-Sep-16,Exports: Jordan,2.3
01-Sep-16,Exports: Kazakhstan,1.9
01-Sep-16,Exports: Kenya,6.9
01-Sep-16,Exports: Kuwait,16.5
01-Sep-16,Exports: Lao Peo Dem Rep,4.4
01-Sep-16,Exports: Latvia,2.6
01-Sep-16,Exports: Lebanon,3.7
01-Sep-16,Exports: Liberia,217.6
01-Sep-16,Exports: Libyan Arab Jamahiriya,1.9
01-Sep-16,Exports: Lithuania,1.3
01-Sep-16,Exports: Luxembourg,9.5
01-Sep-16,Exports: Macau SAR (China),20.8
01-Sep-16,Exports: Madagascar,1.7
01-Sep-16,Exports: Malaysia,3936
01-Sep-16,Exports: Maldives Rep of,29.9
01-Sep-16,Exports: Malta,110.5
01-Sep-16,Exports: Marshall Islands,216.2
01-Sep-16,Exports: Mauritius,9.2
01-Sep-16,Exports: Mexico,108.3
01-Sep-16,Exports: Mongolian Peo Rep,6.4
01-Sep-16,Exports: Morocco,13.1
01-Sep-16,Exports: Mozambique,18.2
01-Sep-16,Exports: Myanmar,265.9
01-Sep-16,Exports: Nepal,8.4
01-Sep-16,Exports: Netherlands Antilles,0.7
01-Sep-16,Exports: Netherlands,852.4
01-Sep-16,Exports: New Caledonia,29.6
01-Sep-16,Exports: New Zealand,167.8
01-Sep-16,Exports: Nigeria,18.9
01-Sep-16,Exports: Northern Mariana Islands,1.7
01-Sep-16,Exports: Norway,29.9
01-Sep-16,Exports: Oman,11.3
01-Sep-16,Exports: Other Countries of Africa,10.1
01-Sep-16,Exports: Other Countries of America,12.8
01-Sep-16,Exports: Other Countries of Asia,25.7
01-Sep-16,Exports: Other Countries of Europe,28.9
01-Sep-16,Exports: Other Countries of Oceania,8.6
01-Sep-16,Exports: Pakistan,91
01-Sep-16,Exports: Panama,725.2
01-Sep-16,Exports: Papua New Guinea,45.3
01-Sep-16,Exports: Paraguay,0.3
01-Sep-16,Exports: Peru,6.3
01-Sep-16,Exports: Philippines,750
01-Sep-16,Exports: Poland,30.5
01-Sep-16,Exports: Portugal,37
01-Sep-16,Exports: Puerto Rico,149.5
01-Sep-16,Exports: Qatar,18.1
01-Sep-16,Exports: Reunion,23.7
01-Sep-16,Exports: Romania,5.6
01-Sep-16,Exports: Russia,44.2
01-Sep-16,Exports: Saint Vincent and the Grenadines,3
01-Sep-16,Exports: Samoa,5.2
01-Sep-16,Exports: Saudi Arabia,68.4
01-Sep-16,Exports: Seychelles,2.3
01-Sep-16,Exports: Slovak Republic,1.9
01-Sep-16,Exports: Slovenia,5.2
01-Sep-16,Exports: Solomon Islands,4.5
01-Sep-16,Exports: South Africa,46.5
01-Sep-16,Exports: South Korea,1669.3
01-Sep-16,Exports: Spain,41.5
01-Sep-16,Exports: Sri Lanka,185.5
01-Sep-16,Exports: Sudan,3.3
01-Sep-16,Exports: Sweden,32.2
01-Sep-16,Exports: Switzerland,205.7
01-Sep-16,Exports: Syrian Arab Rep,1.8
01-Sep-16,Exports: Taiwan,1788.9
01-Sep-16,Exports: Tanzania,3.8
01-Sep-16,Exports: Thailand,1558.9
01-Sep-16,Exports: Trinidad & Tobago,1
01-Sep-16,Exports: Tunisia,5.6
01-Sep-16,Exports: Turkey,46.6
01-Sep-16,Exports: USA,2450.7
01-Sep-16,Exports: Ukraine,0.5
01-Sep-16,Exports: United Arab Emirates,486.2
01-Sep-16,Exports: United Kingdom,386.7
01-Sep-16,Exports: Uruguay,2.5
01-Sep-16,Exports: Vanuatu,3.4
01-Sep-16,Exports: Venezuela,0.5
01-Sep-16,Exports: Vietnam,1254.2
01-Sep-16,Exports: Yemen,1.5
01-Sep-16,Exports: Zambia,0.2
01-Sep-16,Exports: Zimbabwe,0.6
01-Oct-16,Exports: Afghanistan,0.9
01-Oct-16,Exports: Algeria,8.2
01-Oct-16,Exports: Angola,11.3
01-Oct-16,Exports: Antigua and Barbuda,18
01-Oct-16,Exports: Argentina,9.5
01-Oct-16,Exports: Australia,1125.5
01-Oct-16,Exports: Austria,14.1
01-Oct-16,Exports: Bahamas,56.1
01-Oct-16,Exports: Bahrain,7.2
01-Oct-16,Exports: Bangladesh,407.1
01-Oct-16,Exports: Belarus,0.1
01-Oct-16,Exports: Belgium,384.6
01-Oct-16,Exports: Benin,0.2
01-Oct-16,Exports: Bermuda,5.4
01-Oct-16,Exports: Brazil,120
01-Oct-16,Exports: Brunei,87.6
01-Oct-16,Exports: Bulgaria,2.3
01-Oct-16,Exports: Cambodia,479.1
01-Oct-16,Exports: Cameroon,1
01-Oct-16,Exports: Canada,86.2
01-Oct-16,Exports: Chile,6
01-Oct-16,Exports: China,5376.9
01-Oct-16,Exports: Christmas Islands,0
01-Oct-16,Exports: Colombia,7.2
01-Oct-16,Exports: Comoros,0.1
01-Oct-16,Exports: Costa Rica,2.9
01-Oct-16,Exports: Cote D'ivoire,9.4
01-Oct-16,Exports: Croatia,0.7
01-Oct-16,Exports: Cuba,0
01-Oct-16,Exports: Cyprus,27.3
01-Oct-16,"Exports: Czech, Republic",54.7
01-Oct-16,Exports: Denmark,33.2
01-Oct-16,Exports: Djibouti,0.8
01-Oct-16,Exports: Dominican Rep,1.7
01-Oct-16,Exports: Ecuador,6.3
01-Oct-16,Exports: Egypt,22.9
01-Oct-16,Exports: El Salvador,0.8
01-Oct-16,Exports: Estonia,1
01-Oct-16,Exports: Eswatini,0.2
01-Oct-16,Exports: Ethiopia,2.3
01-Oct-16,Exports: Fiji,20.3
01-Oct-16,Exports: Finland,12.1
01-Oct-16,Exports: France,338.3
01-Oct-16,Exports: French Polynesia,10.4
01-Oct-16,Exports: Gabon,1.9
01-Oct-16,Exports: Germany,650.6
01-Oct-16,Exports: Ghana,6.1
01-Oct-16,Exports: Greece,46.7
01-Oct-16,Exports: Guam,34.8
01-Oct-16,Exports: Guatemala,0.5
01-Oct-16,Exports: Guinea,1.1
01-Oct-16,Exports: Guyana,0.4
01-Oct-16,Exports: Honduras,0.2
01-Oct-16,Exports: Hong Kong SAR (China),5083.4
01-Oct-16,Exports: Hungary,34.2
01-Oct-16,Exports: India,1170.6
01-Oct-16,Exports: Indonesia,3128.8
01-Oct-16,Exports: Iran,16.3
01-Oct-16,Exports: Ireland,40.8
01-Oct-16,Exports: Israel,98.8
01-Oct-16,Exports: Italy,86.6
01-Oct-16,Exports: Jamaica,0.3
01-Oct-16,Exports: Japan,1721.2
01-Oct-16,Exports: Jordan,2.1
01-Oct-16,Exports: Kazakhstan,1.5
01-Oct-16,Exports: Kenya,5.1
01-Oct-16,Exports: Kuwait,25.4
01-Oct-16,Exports: Lao Peo Dem Rep,4.2
01-Oct-16,Exports: Latvia,0.8
01-Oct-16,Exports: Lebanon,3.8
01-Oct-16,Exports: Liberia,198.7
01-Oct-16,Exports: Libyan Arab Jamahiriya,1.2
01-Oct-16,Exports: Lithuania,0.8
01-Oct-16,Exports: Luxembourg,14.7
01-Oct-16,Exports: Macau SAR (China),18.9
01-Oct-16,Exports: Madagascar,1.3
01-Oct-16,Exports: Malaysia,4107.3
01-Oct-16,Exports: Maldives Rep of,25
01-Oct-16,Exports: Malta,81.1
01-Oct-16,Exports: Marshall Islands,194.9
01-Oct-16,Exports: Mauritius,6.9
01-Oct-16,Exports: Mexico,163.6
01-Oct-16,Exports: Mongolian Peo Rep,7.9
01-Oct-16,Exports: Morocco,10.8
01-Oct-16,Exports: Mozambique,1.1
01-Oct-16,Exports: Myanmar,250.2
01-Oct-16,Exports: Nepal,8.3
01-Oct-16,Exports: Netherlands Antilles,1.7
01-Oct-16,Exports: Netherlands,819.3
01-Oct-16,Exports: New Caledonia,13.1
01-Oct-16,Exports: New Zealand,219
01-Oct-16,Exports: Nigeria,17.3
01-Oct-16,Exports: Northern Mariana Islands,1.5
01-Oct-16,Exports: Norway,27.4
01-Oct-16,Exports: Oman,14.3
01-Oct-16,Exports: Other Countries of Africa,111.8
01-Oct-16,Exports: Other Countries of America,9.1
01-Oct-16,Exports: Other Countries of Asia,13.1
01-Oct-16,Exports: Other Countries of Europe,29
01-Oct-16,Exports: Other Countries of Oceania,10.1
01-Oct-16,Exports: Pakistan,96
01-Oct-16,Exports: Panama,400.1
01-Oct-16,Exports: Papua New Guinea,52.5
01-Oct-16,Exports: Paraguay,0.2
01-Oct-16,Exports: Peru,5.5
01-Oct-16,Exports: Philippines,893.9
01-Oct-16,Exports: Poland,25.2
01-Oct-16,Exports: Portugal,26
01-Oct-16,Exports: Puerto Rico,9.5
01-Oct-16,Exports: Qatar,20.9
01-Oct-16,Exports: Reunion,34
01-Oct-16,Exports: Romania,6.4
01-Oct-16,Exports: Russia,49.6
01-Oct-16,Exports: Saint Vincent and the Grenadines,2.8
01-Oct-16,Exports: Samoa,4.6
01-Oct-16,Exports: Saudi Arabia,73.8
01-Oct-16,Exports: Seychelles,3.1
01-Oct-16,Exports: Slovak Republic,1.9
01-Oct-16,Exports: Slovenia,5.9
01-Oct-16,Exports: Solomon Islands,2.6
01-Oct-16,Exports: South Africa,62
01-Oct-16,Exports: South Korea,1583.6
01-Oct-16,Exports: Spain,35.8
01-Oct-16,Exports: Sri Lanka,161.6
01-Oct-16,Exports: Sudan,0.2
01-Oct-16,Exports: Sweden,20.2
01-Oct-16,Exports: Switzerland,190.4
01-Oct-16,Exports: Syrian Arab Rep,1.2
01-Oct-16,Exports: Taiwan,1872.3
01-Oct-16,Exports: Tanzania,4.2
01-Oct-16,Exports: Thailand,1846.3
01-Oct-16,Exports: Trinidad & Tobago,0.9
01-Oct-16,Exports: Tunisia,3.2
01-Oct-16,Exports: Turkey,48.1
01-Oct-16,Exports: USA,2602.4
01-Oct-16,Exports: Ukraine,1.7
01-Oct-16,Exports: United Arab Emirates,407.3
01-Oct-16,Exports: United Kingdom,363.1
01-Oct-16,Exports: Uruguay,0.9
01-Oct-16,Exports: Vanuatu,2.9
01-Oct-16,Exports: Venezuela,6.1
01-Oct-16,Exports: Vietnam,1398.5
01-Oct-16,Exports: Yemen,0.7
01-Oct-16,Exports: Zambia,0
01-Oct-16,Exports: Zimbabwe,1
01-Nov-16,Exports: Afghanistan,2.3
01-Nov-16,Exports: Algeria,5.7
01-Nov-16,Exports: Angola,4.4
01-Nov-16,Exports: Antigua and Barbuda,17.2
01-Nov-16,Exports: Argentina,13.4
01-Nov-16,Exports: Australia,1142
01-Nov-16,Exports: Austria,10
01-Nov-16,Exports: Bahamas,69.2
01-Nov-16,Exports: Bahrain,24.2
01-Nov-16,Exports: Bangladesh,293.8
01-Nov-16,Exports: Belarus,0.3
01-Nov-16,Exports: Belgium,935.7
01-Nov-16,Exports: Benin,2.7
01-Nov-16,Exports: Bermuda,9.3
01-Nov-16,Exports: Brazil,88.4
01-Nov-16,Exports: Brunei,107.3
01-Nov-16,Exports: Bulgaria,2
01-Nov-16,Exports: Cambodia,594.9
01-Nov-16,Exports: Cameroon,1.5
01-Nov-16,Exports: Canada,116
01-Nov-16,Exports: Chile,16
01-Nov-16,Exports: China,5961.3
01-Nov-16,Exports: Christmas Islands,0
01-Nov-16,Exports: Colombia,10.4
01-Nov-16,Exports: Comoros,0.7
01-Nov-16,Exports: Costa Rica,4
01-Nov-16,Exports: Cote D'ivoire,2.3
01-Nov-16,Exports: Croatia,1.7
01-Nov-16,Exports: Cuba,0
01-Nov-16,Exports: Cyprus,43.6
01-Nov-16,"Exports: Czech, Republic",25.2
01-Nov-16,Exports: Denmark,16.9
01-Nov-16,Exports: Djibouti,0.6
01-Nov-16,Exports: Dominican Rep,1.2
01-Nov-16,Exports: Ecuador,8
01-Nov-16,Exports: Egypt,20.5
01-Nov-16,Exports: El Salvador,0.5
01-Nov-16,Exports: Estonia,0.5
01-Nov-16,Exports: Eswatini,0.3
01-Nov-16,Exports: Ethiopia,1.2
01-Nov-16,Exports: Fiji,38.3
01-Nov-16,Exports: Finland,10.5
01-Nov-16,Exports: France,375.8
01-Nov-16,Exports: French Polynesia,1.4
01-Nov-16,Exports: Gabon,2.9
01-Nov-16,Exports: Germany,671
01-Nov-16,Exports: Ghana,3.7
01-Nov-16,Exports: Greece,74.6
01-Nov-16,Exports: Guam,18.7
01-Nov-16,Exports: Guatemala,2
01-Nov-16,Exports: Guinea,0.4
01-Nov-16,Exports: Guyana,0.1
01-Nov-16,Exports: Honduras,0.1
01-Nov-16,Exports: Hong Kong SAR (China),5737.3
01-Nov-16,Exports: Hungary,36.1
01-Nov-16,Exports: India,1169.3
01-Nov-16,Exports: Indonesia,3398.9
01-Nov-16,Exports: Iran,26.1
01-Nov-16,Exports: Ireland,37
01-Nov-16,Exports: Israel,65.8
01-Nov-16,Exports: Italy,65.5
01-Nov-16,Exports: Jamaica,0.6
01-Nov-16,Exports: Japan,1721.4
01-Nov-16,Exports: Jordan,2.3
01-Nov-16,Exports: Kazakhstan,2.4
01-Nov-16,Exports: Kenya,6.1
01-Nov-16,Exports: Kuwait,27.7
01-Nov-16,Exports: Lao Peo Dem Rep,5
01-Nov-16,Exports: Latvia,1.5
01-Nov-16,Exports: Lebanon,4.5
01-Nov-16,Exports: Liberia,248.2
01-Nov-16,Exports: Libyan Arab Jamahiriya,1.6
01-Nov-16,Exports: Lithuania,1.2
01-Nov-16,Exports: Luxembourg,7.4
01-Nov-16,Exports: Macau SAR (China),35.5
01-Nov-16,Exports: Madagascar,2.6
01-Nov-16,Exports: Malaysia,3935.9
01-Nov-16,Exports: Maldives Rep of,22.6
01-Nov-16,Exports: Malta,102.6
01-Nov-16,Exports: Marshall Islands,223.9
01-Nov-16,Exports: Mauritius,9.3
01-Nov-16,Exports: Mexico,113.8
01-Nov-16,Exports: Mongolian Peo Rep,11
01-Nov-16,Exports: Morocco,10.7
01-Nov-16,Exports: Mozambique,0.9
01-Nov-16,Exports: Myanmar,219.2
01-Nov-16,Exports: Nepal,8.9
01-Nov-16,Exports: Netherlands Antilles,0.1
01-Nov-16,Exports: Netherlands,799.9
01-Nov-16,Exports: New Caledonia,37.5
01-Nov-16,Exports: New Zealand,210.4
01-Nov-16,Exports: Nigeria,32.2
01-Nov-16,Exports: Northern Mariana Islands,1.7
01-Nov-16,Exports: Norway,35.1
01-Nov-16,Exports: Oman,13.6
01-Nov-16,Exports: Other Countries of Africa,101.2
01-Nov-16,Exports: Other Countries of America,11.1
01-Nov-16,Exports: Other Countries of Asia,10.8
01-Nov-16,Exports: Other Countries of Europe,33.6
01-Nov-16,Exports: Other Countries of Oceania,6.6
01-Nov-16,Exports: Pakistan,94.3
01-Nov-16,Exports: Panama,568.6
01-Nov-16,Exports: Papua New Guinea,39.8
01-Nov-16,Exports: Paraguay,0.6
01-Nov-16,Exports: Peru,6.5
01-Nov-16,Exports: Philippines,900.3
01-Nov-16,Exports: Poland,37
01-Nov-16,Exports: Portugal,26.9
01-Nov-16,Exports: Puerto Rico,45.1
01-Nov-16,Exports: Qatar,20.6
01-Nov-16,Exports: Reunion,27.5
01-Nov-16,Exports: Romania,6.6
01-Nov-16,Exports: Russia,39.9
01-Nov-16,Exports: Saint Vincent and the Grenadines,3.3
01-Nov-16,Exports: Samoa,5.7
01-Nov-16,Exports: Saudi Arabia,95.8
01-Nov-16,Exports: Seychelles,2
01-Nov-16,Exports: Slovak Republic,1.7
01-Nov-16,Exports: Slovenia,8.1
01-Nov-16,Exports: Solomon Islands,6.1
01-Nov-16,Exports: South Africa,45.2
01-Nov-16,Exports: South Korea,1675.8
01-Nov-16,Exports: Spain,47.1
01-Nov-16,Exports: Sri Lanka,180.4
01-Nov-16,Exports: Sudan,0.7
01-Nov-16,Exports: Sweden,24.7
01-Nov-16,Exports: Switzerland,248.2
01-Nov-16,Exports: Syrian Arab Rep,1.9
01-Nov-16,Exports: Taiwan,2006.8
01-Nov-16,Exports: Tanzania,2.7
01-Nov-16,Exports: Thailand,1583.7
01-Nov-16,Exports: Trinidad & Tobago,8.7
01-Nov-16,Exports: Tunisia,2
01-Nov-16,Exports: Turkey,72.7
01-Nov-16,Exports: USA,2575.1
01-Nov-16,Exports: Ukraine,0.5
01-Nov-16,Exports: United Arab Emirates,467.2
01-Nov-16,Exports: United Kingdom,339.1
01-Nov-16,Exports: Uruguay,3.9
01-Nov-16,Exports: Vanuatu,1.5
01-Nov-16,Exports: Venezuela,11.5
01-Nov-16,Exports: Vietnam,1329.4
01-Nov-16,Exports: Yemen,1.1
01-Nov-16,Exports: Zambia,0.1
01-Nov-16,Exports: Zimbabwe,0.2
01-Dec-16,Exports: Afghanistan,2.9
01-Dec-16,Exports: Algeria,13.5
01-Dec-16,Exports: Angola,10.5
01-Dec-16,Exports: Antigua and Barbuda,20
01-Dec-16,Exports: Argentina,10.2
01-Dec-16,Exports: Australia,1206.9
01-Dec-16,Exports: Austria,22.7
01-Dec-16,Exports: Bahamas,58.6
01-Dec-16,Exports: Bahrain,11.6
01-Dec-16,Exports: Bangladesh,379.4
01-Dec-16,Exports: Belarus,0.1
01-Dec-16,Exports: Belgium,490.9
01-Dec-16,Exports: Benin,3.5
01-Dec-16,Exports: Bermuda,7.4
01-Dec-16,Exports: Brazil,105
01-Dec-16,Exports: Brunei,102.5
01-Dec-16,Exports: Bulgaria,2.8
01-Dec-16,Exports: Cambodia,1185.5
01-Dec-16,Exports: Cameroon,1.9
01-Dec-16,Exports: Canada,73.6
01-Dec-16,Exports: Chile,7.5
01-Dec-16,Exports: China,5872.1
01-Dec-16,Exports: Christmas Islands,0
01-Dec-16,Exports: Colombia,7.4
01-Dec-16,Exports: Comoros,0.7
01-Dec-16,Exports: Costa Rica,3.7
01-Dec-16,Exports: Cote D'ivoire,2.1
01-Dec-16,Exports: Croatia,2.6
01-Dec-16,Exports: Cuba,0
01-Dec-16,Exports: Cyprus,27.6
01-Dec-16,"Exports: Czech, Republic",38.3
01-Dec-16,Exports: Denmark,36.2
01-Dec-16,Exports: Djibouti,0.1
01-Dec-16,Exports: Dominican Rep,1.7
01-Dec-16,Exports: Ecuador,4.2
01-Dec-16,Exports: Egypt,25.9
01-Dec-16,Exports: El Salvador,1.1
01-Dec-16,Exports: Estonia,0.8
01-Dec-16,Exports: Eswatini,0.2
01-Dec-16,Exports: Ethiopia,1.6
01-Dec-16,Exports: Fiji,32.7
01-Dec-16,Exports: Finland,15.7
01-Dec-16,Exports: France,345.1
01-Dec-16,Exports: French Polynesia,16.7
01-Dec-16,Exports: Gabon,0.9
01-Dec-16,Exports: Germany,655.7
01-Dec-16,Exports: Ghana,9
01-Dec-16,Exports: Greece,69.1
01-Dec-16,Exports: Guam,37.4
01-Dec-16,Exports: Guatemala,1.5
01-Dec-16,Exports: Guinea,0.3
01-Dec-16,Exports: Guyana,0.5
01-Dec-16,Exports: Honduras,1.3
01-Dec-16,Exports: Hong Kong SAR (China),5483.1
01-Dec-16,Exports: Hungary,25.7
01-Dec-16,Exports: India,1156.1
01-Dec-16,Exports: Indonesia,3676
01-Dec-16,Exports: Iran,17.8
01-Dec-16,Exports: Ireland,23.9
01-Dec-16,Exports: Israel,72.6
01-Dec-16,Exports: Italy,135
01-Dec-16,Exports: Jamaica,1.2
01-Dec-16,Exports: Japan,1813.4
01-Dec-16,Exports: Jordan,5.5
01-Dec-16,Exports: Kazakhstan,1.3
01-Dec-16,Exports: Kenya,26.8
01-Dec-16,Exports: Kuwait,21
01-Dec-16,Exports: Lao Peo Dem Rep,9.8
01-Dec-16,Exports: Latvia,1.4
01-Dec-16,Exports: Lebanon,2.4
01-Dec-16,Exports: Liberia,281.8
01-Dec-16,Exports: Libyan Arab Jamahiriya,1.2
01-Dec-16,Exports: Lithuania,0.9
01-Dec-16,Exports: Luxembourg,16.8
01-Dec-16,Exports: Macau SAR (China),28.4
01-Dec-16,Exports: Madagascar,2.4
01-Dec-16,Exports: Malaysia,4643.1
01-Dec-16,Exports: Maldives Rep of,27.2
01-Dec-16,Exports: Malta,114
01-Dec-16,Exports: Marshall Islands,244.1
01-Dec-16,Exports: Mauritius,6.2
01-Dec-16,Exports: Mexico,144.3
01-Dec-16,Exports: Mongolian Peo Rep,8.5
01-Dec-16,Exports: Morocco,12.2
01-Dec-16,Exports: Mozambique,0.6
01-Dec-16,Exports: Myanmar,338.4
01-Dec-16,Exports: Nepal,10.5
01-Dec-16,Exports: Netherlands Antilles,0.5
01-Dec-16,Exports: Netherlands,1098.5
01-Dec-16,Exports: New Caledonia,41.4
01-Dec-16,Exports: New Zealand,178.7
01-Dec-16,Exports: Nigeria,14.1
01-Dec-16,Exports: Northern Mariana Islands,1.5
01-Dec-16,Exports: Norway,31.1
01-Dec-16,Exports: Oman,14.8
01-Dec-16,Exports: Other Countries of Africa,15.7
01-Dec-16,Exports: Other Countries of America,9.9
01-Dec-16,Exports: Other Countries of Asia,18.9
01-Dec-16,Exports: Other Countries of Europe,38.4
01-Dec-16,Exports: Other Countries of Oceania,13.6
01-Dec-16,Exports: Pakistan,87.2
01-Dec-16,Exports: Panama,619.8
01-Dec-16,Exports: Papua New Guinea,51.5
01-Dec-16,Exports: Paraguay,0.1
01-Dec-16,Exports: Peru,6.5
01-Dec-16,Exports: Philippines,720.8
01-Dec-16,Exports: Poland,38.4
01-Dec-16,Exports: Portugal,21.3
01-Dec-16,Exports: Puerto Rico,22.6
01-Dec-16,Exports: Qatar,15.4
01-Dec-16,Exports: Reunion,53.8
01-Dec-16,Exports: Romania,4.9
01-Dec-16,Exports: Russia,58.5
01-Dec-16,Exports: Saint Vincent and the Grenadines,2.5
01-Dec-16,Exports: Samoa,5.4
01-Dec-16,Exports: Saudi Arabia,78.1
01-Dec-16,Exports: Seychelles,4.8
01-Dec-16,Exports: Slovak Republic,2.5
01-Dec-16,Exports: Slovenia,4.7
01-Dec-16,Exports: Solomon Islands,4.7
01-Dec-16,Exports: South Africa,45.6
01-Dec-16,Exports: South Korea,2081.6
01-Dec-16,Exports: Spain,108.1
01-Dec-16,Exports: Sri Lanka,193.9
01-Dec-16,Exports: Sudan,0.3
01-Dec-16,Exports: Sweden,14.8
01-Dec-16,Exports: Switzerland,195
01-Dec-16,Exports: Syrian Arab Rep,1.1
01-Dec-16,Exports: Taiwan,2449.4
01-Dec-16,Exports: Tanzania,3.1
01-Dec-16,Exports: Thailand,1757.1
01-Dec-16,Exports: Trinidad & Tobago,1.2
01-Dec-16,Exports: Tunisia,4.1
01-Dec-16,Exports: Turkey,73.7
01-Dec-16,Exports: USA,2473.4
01-Dec-16,Exports: Ukraine,0.7
01-Dec-16,Exports: United Arab Emirates,509.1
01-Dec-16,Exports: United Kingdom,350.8
01-Dec-16,Exports: Uruguay,1.3
01-Dec-16,Exports: Vanuatu,7.1
01-Dec-16,Exports: Venezuela,1.6
01-Dec-16,Exports: Vietnam,1470.7
01-Dec-16,Exports: Yemen,1.7
01-Dec-16,Exports: Zambia,0.3
01-Dec-16,Exports: Zimbabwe,1.4
01-Jan-17,Exports: Afghanistan,2.7
01-Jan-17,Exports: Algeria,4.5
01-Jan-17,Exports: Angola,11.3
01-Jan-17,Exports: Antigua and Barbuda,17.3
01-Jan-17,Exports: Argentina,12.4
01-Jan-17,Exports: Australia,1047.5
01-Jan-17,Exports: Austria,15.7
01-Jan-17,Exports: Bahamas,54.5
01-Jan-17,Exports: Bahrain,10.4
01-Jan-17,Exports: Bangladesh,293.5
01-Jan-17,Exports: Belarus,0.2
01-Jan-17,Exports: Belgium,723.5
01-Jan-17,Exports: Benin,0.5
01-Jan-17,Exports: Bermuda,15.9
01-Jan-17,Exports: Brazil,128.7
01-Jan-17,Exports: Brunei,87.5
01-Jan-17,Exports: Bulgaria,3.8
01-Jan-17,Exports: Cambodia,703.3
01-Jan-17,Exports: Cameroon,1.7
01-Jan-17,Exports: Canada,66.6
01-Jan-17,Exports: Chile,9.4
01-Jan-17,Exports: China,5436.8
01-Jan-17,Exports: Christmas Islands,0
01-Jan-17,Exports: Colombia,13.7
01-Jan-17,Exports: Comoros,0.6
01-Jan-17,Exports: Costa Rica,2
01-Jan-17,Exports: Cote D'ivoire,1.6
01-Jan-17,Exports: Croatia,0.9
01-Jan-17,Exports: Cuba,0
01-Jan-17,Exports: Cyprus,36.1
01-Jan-17,"Exports: Czech, Republic",37.7
01-Jan-17,Exports: Denmark,19.2
01-Jan-17,Exports: Djibouti,0.4
01-Jan-17,Exports: Dominican Rep,1.3
01-Jan-17,Exports: Ecuador,9.3
01-Jan-17,Exports: Egypt,21.2
01-Jan-17,Exports: El Salvador,0.3
01-Jan-17,Exports: Estonia,0.6
01-Jan-17,Exports: Eswatini,0.2
01-Jan-17,Exports: Ethiopia,1.6
01-Jan-17,Exports: Fiji,25.8
01-Jan-17,Exports: Finland,18.8
01-Jan-17,Exports: France,331.6
01-Jan-17,Exports: French Polynesia,1.7
01-Jan-17,Exports: Gabon,1.6
01-Jan-17,Exports: Germany,657.7
01-Jan-17,Exports: Ghana,21.9
01-Jan-17,Exports: Greece,87.6
01-Jan-17,Exports: Guam,42.8
01-Jan-17,Exports: Guatemala,1.7
01-Jan-17,Exports: Guinea,0.2
01-Jan-17,Exports: Guyana,0.1
01-Jan-17,Exports: Honduras,0.2
01-Jan-17,Exports: Hong Kong SAR (China),4654.4
01-Jan-17,Exports: Hungary,40.9
01-Jan-17,Exports: India,1193.2
01-Jan-17,Exports: Indonesia,3265.4
01-Jan-17,Exports: Iran,17.2
01-Jan-17,Exports: Ireland,23.9
01-Jan-17,Exports: Israel,59.9
01-Jan-17,Exports: Italy,93.4
01-Jan-17,Exports: Jamaica,0.2
01-Jan-17,Exports: Japan,1833.5
01-Jan-17,Exports: Jordan,1.7
01-Jan-17,Exports: Kazakhstan,2
01-Jan-17,Exports: Kenya,6.4
01-Jan-17,Exports: Kuwait,14.6
01-Jan-17,Exports: Lao Peo Dem Rep,5.7
01-Jan-17,Exports: Latvia,1.3
01-Jan-17,Exports: Lebanon,4.5
01-Jan-17,Exports: Liberia,293.2
01-Jan-17,Exports: Libyan Arab Jamahiriya,0.7
01-Jan-17,Exports: Lithuania,1
01-Jan-17,Exports: Luxembourg,12.7
01-Jan-17,Exports: Macau SAR (China),25.7
01-Jan-17,Exports: Madagascar,3.3
01-Jan-17,Exports: Malaysia,4100.4
01-Jan-17,Exports: Maldives Rep of,21.9
01-Jan-17,Exports: Malta,127.1
01-Jan-17,Exports: Marshall Islands,243.3
01-Jan-17,Exports: Mauritius,5.4
01-Jan-17,Exports: Mexico,145.8
01-Jan-17,Exports: Mongolian Peo Rep,5.9
01-Jan-17,Exports: Morocco,11.8
01-Jan-17,Exports: Mozambique,0.6
01-Jan-17,Exports: Myanmar,290.4
01-Jan-17,Exports: Nepal,12.6
01-Jan-17,Exports: Netherlands Antilles,1.4
01-Jan-17,Exports: Netherlands,871.3
01-Jan-17,Exports: New Caledonia,15.3
01-Jan-17,Exports: New Zealand,201
01-Jan-17,Exports: Nigeria,34
01-Jan-17,Exports: Northern Mariana Islands,2.2
01-Jan-17,Exports: Norway,31.2
01-Jan-17,Exports: Oman,16.1
01-Jan-17,Exports: Other Countries of Africa,38.8
01-Jan-17,Exports: Other Countries of America,17.4
01-Jan-17,Exports: Other Countries of Asia,13.7
01-Jan-17,Exports: Other Countries of Europe,34.4
01-Jan-17,Exports: Other Countries of Oceania,11
01-Jan-17,Exports: Pakistan,115.9
01-Jan-17,Exports: Panama,717.7
01-Jan-17,Exports: Papua New Guinea,50.8
01-Jan-17,Exports: Paraguay,0.1
01-Jan-17,Exports: Peru,4.1
01-Jan-17,Exports: Philippines,872.2
01-Jan-17,Exports: Poland,32.8
01-Jan-17,Exports: Portugal,31.9
01-Jan-17,Exports: Puerto Rico,37.6
01-Jan-17,Exports: Qatar,24.3
01-Jan-17,Exports: Reunion,53.9
01-Jan-17,Exports: Romania,5.2
01-Jan-17,Exports: Russia,51
01-Jan-17,Exports: Saint Vincent and the Grenadines,2.5
01-Jan-17,Exports: Samoa,5.5
01-Jan-17,Exports: Saudi Arabia,81.3
01-Jan-17,Exports: Seychelles,6.2
01-Jan-17,Exports: Slovak Republic,2.6
01-Jan-17,Exports: Slovenia,8.7
01-Jan-17,Exports: Solomon Islands,4.9
01-Jan-17,Exports: South Africa,31.1
01-Jan-17,Exports: South Korea,1801.1
01-Jan-17,Exports: Spain,35.1
01-Jan-17,Exports: Sri Lanka,255.8
01-Jan-17,Exports: Sudan,0.4
01-Jan-17,Exports: Sweden,20.2
01-Jan-17,Exports: Switzerland,300.2
01-Jan-17,Exports: Syrian Arab Rep,1.4
01-Jan-17,Exports: Taiwan,2108.2
01-Jan-17,Exports: Tanzania,3.3
01-Jan-17,Exports: Thailand,1660.1
01-Jan-17,Exports: Trinidad & Tobago,3.5
01-Jan-17,Exports: Tunisia,2.9
01-Jan-17,Exports: Turkey,84.9
01-Jan-17,Exports: USA,2487.9
01-Jan-17,Exports: Ukraine,0.6
01-Jan-17,Exports: United Arab Emirates,372.6
01-Jan-17,Exports: United Kingdom,264
01-Jan-17,Exports: Uruguay,2.1
01-Jan-17,Exports: Vanuatu,1.9
01-Jan-17,Exports: Venezuela,0.7
01-Jan-17,Exports: Vietnam,1041.9
01-Jan-17,Exports: Yemen,1.9
01-Jan-17,Exports: Zambia,0.2
01-Jan-17,Exports: Zimbabwe,0
01-Feb-17,Exports: Afghanistan,2.2
01-Feb-17,Exports: Algeria,4.6
01-Feb-17,Exports: Angola,17.2
01-Feb-17,Exports: Antigua and Barbuda,14.2
01-Feb-17,Exports: Argentina,9.3
01-Feb-17,Exports: Australia,1198.8
01-Feb-17,Exports: Austria,19.8
01-Feb-17,Exports: Bahamas,83.8
01-Feb-17,Exports: Bahrain,15.3
01-Feb-17,Exports: Bangladesh,333.5
01-Feb-17,Exports: Belarus,0.1
01-Feb-17,Exports: Belgium,623.6
01-Feb-17,Exports: Benin,1.5
01-Feb-17,Exports: Bermuda,5.6
01-Feb-17,Exports: Brazil,121
01-Feb-17,Exports: Brunei,76.3
01-Feb-17,Exports: Bulgaria,1.7
01-Feb-17,Exports: Cambodia,277
01-Feb-17,Exports: Cameroon,0.5
01-Feb-17,Exports: Canada,49
01-Feb-17,Exports: Chile,5.2
01-Feb-17,Exports: China,5627.9
01-Feb-17,Exports: Christmas Islands,0
01-Feb-17,Exports: Colombia,9
01-Feb-17,Exports: Comoros,0.2
01-Feb-17,Exports: Costa Rica,4.3
01-Feb-17,Exports: Cote D'ivoire,1.3
01-Feb-17,Exports: Croatia,2.1
01-Feb-17,Exports: Cuba,0.1
01-Feb-17,Exports: Cyprus,41.4
01-Feb-17,"Exports: Czech, Republic",24.3
01-Feb-17,Exports: Denmark,31.1
01-Feb-17,Exports: Djibouti,0.3
01-Feb-17,Exports: Dominican Rep,0.9
01-Feb-17,Exports: Ecuador,9.7
01-Feb-17,Exports: Egypt,25
01-Feb-17,Exports: El Salvador,0.7
01-Feb-17,Exports: Estonia,1.1
01-Feb-17,Exports: Eswatini,0.2
01-Feb-17,Exports: Ethiopia,4.5
01-Feb-17,Exports: Fiji,48.7
01-Feb-17,Exports: Finland,14.3
01-Feb-17,Exports: France,333.9
01-Feb-17,Exports: French Polynesia,9.2
01-Feb-17,Exports: Gabon,0.8
01-Feb-17,Exports: Germany,895.3
01-Feb-17,Exports: Ghana,7.7
01-Feb-17,Exports: Greece,87.1
01-Feb-17,Exports: Guam,19.8
01-Feb-17,Exports: Guatemala,1
01-Feb-17,Exports: Guinea,0.4
01-Feb-17,Exports: Guyana,0.2
01-Feb-17,Exports: Honduras,0.1
01-Feb-17,Exports: Hong Kong SAR (China),4627.5
01-Feb-17,Exports: Hungary,30.2
01-Feb-17,Exports: India,1227.4
01-Feb-17,Exports: Indonesia,3025.1
01-Feb-17,Exports: Iran,7.6
01-Feb-17,Exports: Ireland,44.1
01-Feb-17,Exports: Israel,68.2
01-Feb-17,Exports: Italy,69.6
01-Feb-17,Exports: Jamaica,0.5
01-Feb-17,Exports: Japan,1826.4
01-Feb-17,Exports: Jordan,5
01-Feb-17,Exports: Kazakhstan,2.1
01-Feb-17,Exports: Kenya,5.7
01-Feb-17,Exports: Kuwait,24.9
01-Feb-17,Exports: Lao Peo Dem Rep,3.5
01-Feb-17,Exports: Latvia,1.1
01-Feb-17,Exports: Lebanon,3.9
01-Feb-17,Exports: Liberia,357.6
01-Feb-17,Exports: Libyan Arab Jamahiriya,3
01-Feb-17,Exports: Lithuania,0.8
01-Feb-17,Exports: Luxembourg,14.1
01-Feb-17,Exports: Macau SAR (China),21.4
01-Feb-17,Exports: Madagascar,1.2
01-Feb-17,Exports: Malaysia,3809.9
01-Feb-17,Exports: Maldives Rep of,29.5
01-Feb-17,Exports: Malta,147.5
01-Feb-17,Exports: Marshall Islands,298.9
01-Feb-17,Exports: Mauritius,3.8
01-Feb-17,Exports: Mexico,95.9
01-Feb-17,Exports: Mongolian Peo Rep,7.8
01-Feb-17,Exports: Morocco,11.7
01-Feb-17,Exports: Mozambique,0.3
01-Feb-17,Exports: Myanmar,363.6
01-Feb-17,Exports: Nepal,10.7
01-Feb-17,Exports: Netherlands Antilles,4.8
01-Feb-17,Exports: Netherlands,849.6
01-Feb-17,Exports: New Caledonia,43.3
01-Feb-17,Exports: New Zealand,242.5
01-Feb-17,Exports: Nigeria,19.5
01-Feb-17,Exports: Northern Mariana Islands,1.6
01-Feb-17,Exports: Norway,42
01-Feb-17,Exports: Oman,13.7
01-Feb-17,Exports: Other Countries of Africa,9.9
01-Feb-17,Exports: Other Countries of America,15.6
01-Feb-17,Exports: Other Countries of Asia,8
01-Feb-17,Exports: Other Countries of Europe,47
01-Feb-17,Exports: Other Countries of Oceania,8.6
01-Feb-17,Exports: Pakistan,85.8
01-Feb-17,Exports: Panama,684.2
01-Feb-17,Exports: Papua New Guinea,44.9
01-Feb-17,Exports: Paraguay,0.3
01-Feb-17,Exports: Peru,4.4
01-Feb-17,Exports: Philippines,702.5
01-Feb-17,Exports: Poland,28.6
01-Feb-17,Exports: Portugal,32.9
01-Feb-17,Exports: Puerto Rico,80.2
01-Feb-17,Exports: Qatar,18.2
01-Feb-17,Exports: Reunion,30.9
01-Feb-17,Exports: Romania,4.4
01-Feb-17,Exports: Russia,43.6
01-Feb-17,Exports: Saint Vincent and the Grenadines,2.5
01-Feb-17,Exports: Samoa,6
01-Feb-17,Exports: Saudi Arabia,71.6
01-Feb-17,Exports: Seychelles,1.6
01-Feb-17,Exports: Slovak Republic,2.1
01-Feb-17,Exports: Slovenia,5.9
01-Feb-17,Exports: Solomon Islands,3.4
01-Feb-17,Exports: South Africa,43.3
01-Feb-17,Exports: South Korea,1611.5
01-Feb-17,Exports: Spain,39.7
01-Feb-17,Exports: Sri Lanka,185.2
01-Feb-17,Exports: Sudan,0.2
01-Feb-17,Exports: Sweden,20.3
01-Feb-17,Exports: Switzerland,409.7
01-Feb-17,Exports: Syrian Arab Rep,1.1
01-Feb-17,Exports: Taiwan,1751.3
01-Feb-17,Exports: Tanzania,1.8
01-Feb-17,Exports: Thailand,1580.1
01-Feb-17,Exports: Trinidad & Tobago,1
01-Feb-17,Exports: Tunisia,1.4
01-Feb-17,Exports: Turkey,41.1
01-Feb-17,Exports: USA,2165.8
01-Feb-17,Exports: Ukraine,1.3
01-Feb-17,Exports: United Arab Emirates,372.5
01-Feb-17,Exports: United Kingdom,237.4
01-Feb-17,Exports: Uruguay,2.3
01-Feb-17,Exports: Vanuatu,5
01-Feb-17,Exports: Venezuela,0.2
01-Feb-17,Exports: Vietnam,1480.7
01-Feb-17,Exports: Yemen,1.9
01-Feb-17,Exports: Zambia,0.1
01-Feb-17,Exports: Zimbabwe,0.9
01-Mar-17,Exports: Afghanistan,2.7
01-Mar-17,Exports: Algeria,4.7
01-Mar-17,Exports: Angola,7.3
01-Mar-17,Exports: Antigua and Barbuda,18.4
01-Mar-17,Exports: Argentina,12.7
01-Mar-17,Exports: Australia,1356
01-Mar-17,Exports: Austria,14.6
01-Mar-17,Exports: Bahamas,65.8
01-Mar-17,Exports: Bahrain,13.6
01-Mar-17,Exports: Bangladesh,331.8
01-Mar-17,Exports: Belarus,0.1
01-Mar-17,Exports: Belgium,449.9
01-Mar-17,Exports: Benin,1.1
01-Mar-17,Exports: Bermuda,14.1
01-Mar-17,Exports: Brazil,117
01-Mar-17,Exports: Brunei,95.7
01-Mar-17,Exports: Bulgaria,2.6
01-Mar-17,Exports: Cambodia,244.2
01-Mar-17,Exports: Cameroon,1.4
01-Mar-17,Exports: Canada,103.2
01-Mar-17,Exports: Chile,8.8
01-Mar-17,Exports: China,6329.9
01-Mar-17,Exports: Christmas Islands,0
01-Mar-17,Exports: Colombia,11.2
01-Mar-17,Exports: Comoros,0.1
01-Mar-17,Exports: Costa Rica,4.7
01-Mar-17,Exports: Cote D'ivoire,4.2
01-Mar-17,Exports: Croatia,8.1
01-Mar-17,Exports: Cuba,0
01-Mar-17,Exports: Cyprus,41
01-Mar-17,"Exports: Czech, Republic",40.3
01-Mar-17,Exports: Denmark,31.6
01-Mar-17,Exports: Djibouti,2.3
01-Mar-17,Exports: Dominican Rep,1.3
01-Mar-17,Exports: Ecuador,7.2
01-Mar-17,Exports: Egypt,31.3
01-Mar-17,Exports: El Salvador,0.7
01-Mar-17,Exports: Estonia,6.5
01-Mar-17,Exports: Eswatini,0.2
01-Mar-17,Exports: Ethiopia,2
01-Mar-17,Exports: Fiji,47.5
01-Mar-17,Exports: Finland,20.9
01-Mar-17,Exports: France,357.3
01-Mar-17,Exports: French Polynesia,2.3
01-Mar-17,Exports: Gabon,1.4
01-Mar-17,Exports: Germany,728.3
01-Mar-17,Exports: Ghana,9.3
01-Mar-17,Exports: Greece,78.2
01-Mar-17,Exports: Guam,52.1
01-Mar-17,Exports: Guatemala,1.6
01-Mar-17,Exports: Guinea,0.2
01-Mar-17,Exports: Guyana,0.2
01-Mar-17,Exports: Honduras,1.2
01-Mar-17,Exports: Hong Kong SAR (China),5675.2
01-Mar-17,Exports: Hungary,39.5
01-Mar-17,Exports: India,1438.9
01-Mar-17,Exports: Indonesia,3291.1
01-Mar-17,Exports: Iran,11.8
01-Mar-17,Exports: Ireland,21.9
01-Mar-17,Exports: Israel,114.1
01-Mar-17,Exports: Italy,71.1
01-Mar-17,Exports: Jamaica,1
01-Mar-17,Exports: Japan,2004.1
01-Mar-17,Exports: Jordan,4
01-Mar-17,Exports: Kazakhstan,1.6
01-Mar-17,Exports: Kenya,8
01-Mar-17,Exports: Kuwait,31.7
01-Mar-17,Exports: Lao Peo Dem Rep,3.6
01-Mar-17,Exports: Latvia,3.2
01-Mar-17,Exports: Lebanon,5.2
01-Mar-17,Exports: Liberia,252.4
01-Mar-17,Exports: Libyan Arab Jamahiriya,0.5
01-Mar-17,Exports: Lithuania,0.6
01-Mar-17,Exports: Luxembourg,4.7
01-Mar-17,Exports: Macau SAR (China),24.8
01-Mar-17,Exports: Madagascar,2.7
01-Mar-17,Exports: Malaysia,4668.4
01-Mar-17,Exports: Maldives Rep of,25.2
01-Mar-17,Exports: Malta,126.1
01-Mar-17,Exports: Marshall Islands,262.8
01-Mar-17,Exports: Mauritius,5.5
01-Mar-17,Exports: Mexico,141.5
01-Mar-17,Exports: Mongolian Peo Rep,9.4
01-Mar-17,Exports: Morocco,12.6
01-Mar-17,Exports: Mozambique,1.9
01-Mar-17,Exports: Myanmar,327.5
01-Mar-17,Exports: Nepal,11
01-Mar-17,Exports: Netherlands Antilles,2.3
01-Mar-17,Exports: Netherlands,975.6
01-Mar-17,Exports: New Caledonia,12.5
01-Mar-17,Exports: New Zealand,270
01-Mar-17,Exports: Nigeria,30.3
01-Mar-17,Exports: Northern Mariana Islands,5.5
01-Mar-17,Exports: Norway,38.5
01-Mar-17,Exports: Oman,13.8
01-Mar-17,Exports: Other Countries of Africa,16.5
01-Mar-17,Exports: Other Countries of America,10.4
01-Mar-17,Exports: Other Countries of Asia,13.2
01-Mar-17,Exports: Other Countries of Europe,41.1
01-Mar-17,Exports: Other Countries of Oceania,9.9
01-Mar-17,Exports: Pakistan,139.2
01-Mar-17,Exports: Panama,809.9
01-Mar-17,Exports: Papua New Guinea,61.1
01-Mar-17,Exports: Paraguay,0.3
01-Mar-17,Exports: Peru,9.7
01-Mar-17,Exports: Philippines,892.1
01-Mar-17,Exports: Poland,29.1
01-Mar-17,Exports: Portugal,22.2
01-Mar-17,Exports: Puerto Rico,288.3
01-Mar-17,Exports: Qatar,14.4
01-Mar-17,Exports: Reunion,33.4
01-Mar-17,Exports: Romania,5.4
01-Mar-17,Exports: Russia,68.6
01-Mar-17,Exports: Saint Vincent and the Grenadines,3.5
01-Mar-17,Exports: Samoa,5.9
01-Mar-17,Exports: Saudi Arabia,95.5
01-Mar-17,Exports: Seychelles,3.4
01-Mar-17,Exports: Slovak Republic,3.6
01-Mar-17,Exports: Slovenia,6.7
01-Mar-17,Exports: Solomon Islands,5
01-Mar-17,Exports: South Africa,37.3
01-Mar-17,Exports: South Korea,2273.7
01-Mar-17,Exports: Spain,45.4
01-Mar-17,Exports: Sri Lanka,314.3
01-Mar-17,Exports: Sudan,0.4
01-Mar-17,Exports: Sweden,27.9
01-Mar-17,Exports: Switzerland,385
01-Mar-17,Exports: Syrian Arab Rep,0.6
01-Mar-17,Exports: Taiwan,2087.1
01-Mar-17,Exports: Tanzania,2.5
01-Mar-17,Exports: Thailand,1975.2
01-Mar-17,Exports: Trinidad & Tobago,1.1
01-Mar-17,Exports: Tunisia,1.4
01-Mar-17,Exports: Turkey,59.3
01-Mar-17,Exports: USA,2922.8
01-Mar-17,Exports: Ukraine,1.8
01-Mar-17,Exports: United Arab Emirates,742.9
01-Mar-17,Exports: United Kingdom,364.2
01-Mar-17,Exports: Uruguay,2.9
01-Mar-17,Exports: Vanuatu,1.5
01-Mar-17,Exports: Venezuela,0.7
01-Mar-17,Exports: Vietnam,1578.3
01-Mar-17,Exports: Yemen,2.1
01-Mar-17,Exports: Zambia,0.1
01-Mar-17,Exports: Zimbabwe,0.2
01-Apr-17,Exports: Afghanistan,2
01-Apr-17,Exports: Algeria,8.6
01-Apr-17,Exports: Angola,4.6
01-Apr-17,Exports: Antigua and Barbuda,14.2
01-Apr-17,Exports: Argentina,6.9
01-Apr-17,Exports: Australia,1073.2
01-Apr-17,Exports: Austria,13.7
01-Apr-17,Exports: Bahamas,91.8
01-Apr-17,Exports: Bahrain,9.9
01-Apr-17,Exports: Bangladesh,239
01-Apr-17,Exports: Belarus,0.1
01-Apr-17,Exports: Belgium,233.4
01-Apr-17,Exports: Benin,1.5
01-Apr-17,Exports: Bermuda,12.5
01-Apr-17,Exports: Brazil,156.3
01-Apr-17,Exports: Brunei,85.1
01-Apr-17,Exports: Bulgaria,1.2
01-Apr-17,Exports: Cambodia,110.9
01-Apr-17,Exports: Cameroon,1.4
01-Apr-17,Exports: Canada,65.8
01-Apr-17,Exports: Chile,8.4
01-Apr-17,Exports: China,5992.3
01-Apr-17,Exports: Christmas Islands,0
01-Apr-17,Exports: Colombia,7.2
01-Apr-17,Exports: Comoros,0.4
01-Apr-17,Exports: Costa Rica,14.5
01-Apr-17,Exports: Cote D'ivoire,1.4
01-Apr-17,Exports: Croatia,1.5
01-Apr-17,Exports: Cuba,0
01-Apr-17,Exports: Cyprus,35.6
01-Apr-17,"Exports: Czech, Republic",47.7
01-Apr-17,Exports: Denmark,33.9
01-Apr-17,Exports: Djibouti,1.5
01-Apr-17,Exports: Dominican Rep,1
01-Apr-17,Exports: Ecuador,7.5
01-Apr-17,Exports: Egypt,26.9
01-Apr-17,Exports: El Salvador,0.3
01-Apr-17,Exports: Estonia,0.8
01-Apr-17,Exports: Eswatini,0.2
01-Apr-17,Exports: Ethiopia,10.7
01-Apr-17,Exports: Fiji,33.8
01-Apr-17,Exports: Finland,10.9
01-Apr-17,Exports: France,334.7
01-Apr-17,Exports: French Polynesia,11.3
01-Apr-17,Exports: Gabon,1.1
01-Apr-17,Exports: Germany,653
01-Apr-17,Exports: Ghana,8.9
01-Apr-17,Exports: Greece,102.8
01-Apr-17,Exports: Guam,20.7
01-Apr-17,Exports: Guatemala,2.3
01-Apr-17,Exports: Guinea,0.5
01-Apr-17,Exports: Guyana,0.1
01-Apr-17,Exports: Honduras,0.2
01-Apr-17,Exports: Hong Kong SAR (China),4871.5
01-Apr-17,Exports: Hungary,20.6
01-Apr-17,Exports: India,1197.3
01-Apr-17,Exports: Indonesia,2933.6
01-Apr-17,Exports: Iran,12.1
01-Apr-17,Exports: Ireland,32.2
01-Apr-17,Exports: Israel,55.5
01-Apr-17,Exports: Italy,77.1
01-Apr-17,Exports: Jamaica,0.3
01-Apr-17,Exports: Japan,1771.6
01-Apr-17,Exports: Jordan,3.2
01-Apr-17,Exports: Kazakhstan,1.4
01-Apr-17,Exports: Kenya,6.8
01-Apr-17,Exports: Kuwait,19.3
01-Apr-17,Exports: Lao Peo Dem Rep,3.1
01-Apr-17,Exports: Latvia,2.1
01-Apr-17,Exports: Lebanon,3.1
01-Apr-17,Exports: Liberia,318.6
01-Apr-17,Exports: Libyan Arab Jamahiriya,1.1
01-Apr-17,Exports: Lithuania,0.7
01-Apr-17,Exports: Luxembourg,8.1
01-Apr-17,Exports: Macau SAR (China),22.2
01-Apr-17,Exports: Madagascar,1.4
01-Apr-17,Exports: Malaysia,4256.4
01-Apr-17,Exports: Maldives Rep of,28.7
01-Apr-17,Exports: Malta,110.2
01-Apr-17,Exports: Marshall Islands,292.8
01-Apr-17,Exports: Mauritius,6.2
01-Apr-17,Exports: Mexico,157.5
01-Apr-17,Exports: Mongolian Peo Rep,5.6
01-Apr-17,Exports: Morocco,11.8
01-Apr-17,Exports: Mozambique,10.1
01-Apr-17,Exports: Myanmar,199.9
01-Apr-17,Exports: Nepal,10.2
01-Apr-17,Exports: Netherlands Antilles,2.5
01-Apr-17,Exports: Netherlands,992.3
01-Apr-17,Exports: New Caledonia,42.4
01-Apr-17,Exports: New Zealand,192.6
01-Apr-17,Exports: Nigeria,15.8
01-Apr-17,Exports: Northern Mariana Islands,1.2
01-Apr-17,Exports: Norway,39
01-Apr-17,Exports: Oman,12.4
01-Apr-17,Exports: Other Countries of Africa,11.5
01-Apr-17,Exports: Other Countries of America,15.6
01-Apr-17,Exports: Other Countries of Asia,8.6
01-Apr-17,Exports: Other Countries of Europe,41.1
01-Apr-17,Exports: Other Countries of Oceania,8.6
01-Apr-17,Exports: Pakistan,88.7
01-Apr-17,Exports: Panama,857.2
01-Apr-17,Exports: Papua New Guinea,44.8
01-Apr-17,Exports: Paraguay,0
01-Apr-17,Exports: Peru,34
01-Apr-17,Exports: Philippines,823.2
01-Apr-17,Exports: Poland,23.4
01-Apr-17,Exports: Portugal,31.9
01-Apr-17,Exports: Puerto Rico,60.4
01-Apr-17,Exports: Qatar,16.3
01-Apr-17,Exports: Reunion,30.6
01-Apr-17,Exports: Romania,8.9
01-Apr-17,Exports: Russia,85.5
01-Apr-17,Exports: Saint Vincent and the Grenadines,4.2
01-Apr-17,Exports: Samoa,6.7
01-Apr-17,Exports: Saudi Arabia,78.3
01-Apr-17,Exports: Seychelles,2.4
01-Apr-17,Exports: Slovak Republic,2.5
01-Apr-17,Exports: Slovenia,4.1
01-Apr-17,Exports: Solomon Islands,7
01-Apr-17,Exports: South Africa,35.3
01-Apr-17,Exports: South Korea,1924.2
01-Apr-17,Exports: Spain,23.7
01-Apr-17,Exports: Sri Lanka,158.9
01-Apr-17,Exports: Sudan,0.8
01-Apr-17,Exports: Sweden,18.2
01-Apr-17,Exports: Switzerland,143.8
01-Apr-17,Exports: Syrian Arab Rep,1.8
01-Apr-17,Exports: Taiwan,2065.3
01-Apr-17,Exports: Tanzania,3.2
01-Apr-17,Exports: Thailand,1584.8
01-Apr-17,Exports: Trinidad & Tobago,0.7
01-Apr-17,Exports: Tunisia,4.9
01-Apr-17,Exports: Turkey,43.6
01-Apr-17,Exports: USA,2547.1
01-Apr-17,Exports: Ukraine,3.1
01-Apr-17,Exports: United Arab Emirates,416
01-Apr-17,Exports: United Kingdom,312
01-Apr-17,Exports: Uruguay,0.9
01-Apr-17,Exports: Vanuatu,3.4
01-Apr-17,Exports: Venezuela,0.2
01-Apr-17,Exports: Vietnam,1582.4
01-Apr-17,Exports: Yemen,0.6
01-Apr-17,Exports: Zambia,0.3
01-Apr-17,Exports: Zimbabwe,0.4
01-May-17,Exports: Afghanistan,1.7
01-May-17,Exports: Algeria,2.8
01-May-17,Exports: Angola,5.3
01-May-17,Exports: Antigua and Barbuda,17.3
01-May-17,Exports: Argentina,16.2
01-May-17,Exports: Australia,1161.7
01-May-17,Exports: Austria,14.3
01-May-17,Exports: Bahamas,72.8
01-May-17,Exports: Bahrain,7.1
01-May-17,Exports: Bangladesh,311.7
01-May-17,Exports: Belarus,0.2
01-May-17,Exports: Belgium,546
01-May-17,Exports: Benin,1.1
01-May-17,Exports: Bermuda,14.4
01-May-17,Exports: Brazil,162.2
01-May-17,Exports: Brunei,92.3
01-May-17,Exports: Bulgaria,3
01-May-17,Exports: Cambodia,368
01-May-17,Exports: Cameroon,0.6
01-May-17,Exports: Canada,60.5
01-May-17,Exports: Chile,6.6
01-May-17,Exports: China,6537.4
01-May-17,Exports: Christmas Islands,0.1
01-May-17,Exports: Colombia,6.7
01-May-17,Exports: Comoros,0
01-May-17,Exports: Costa Rica,7.3
01-May-17,Exports: Cote D'ivoire,1.2
01-May-17,Exports: Croatia,2.5
01-May-17,Exports: Cuba,0.3
01-May-17,Exports: Cyprus,49.3
01-May-17,"Exports: Czech, Republic",41.3
01-May-17,Exports: Denmark,23.9
01-May-17,Exports: Djibouti,3
01-May-17,Exports: Dominican Rep,1.9
01-May-17,Exports: Ecuador,4.4
01-May-17,Exports: Egypt,31.4
01-May-17,Exports: El Salvador,0.7
01-May-17,Exports: Estonia,0.8
01-May-17,Exports: Eswatini,0.2
01-May-17,Exports: Ethiopia,3.4
01-May-17,Exports: Fiji,27.1
01-May-17,Exports: Finland,12.5
01-May-17,Exports: France,341
01-May-17,Exports: French Polynesia,5
01-May-17,Exports: Gabon,1.3
01-May-17,Exports: Germany,725.6
01-May-17,Exports: Ghana,10.3
01-May-17,Exports: Greece,75.3
01-May-17,Exports: Guam,34.7
01-May-17,Exports: Guatemala,1.5
01-May-17,Exports: Guinea,0.4
01-May-17,Exports: Guyana,0.3
01-May-17,Exports: Honduras,0.1
01-May-17,Exports: Hong Kong SAR (China),5079.8
01-May-17,Exports: Hungary,28.5
01-May-17,Exports: India,1344.8
01-May-17,Exports: Indonesia,3513.3
01-May-17,Exports: Iran,19
01-May-17,Exports: Ireland,24.7
01-May-17,Exports: Israel,78
01-May-17,Exports: Italy,91.4
01-May-17,Exports: Jamaica,1
01-May-17,Exports: Japan,1917
01-May-17,Exports: Jordan,3.5
01-May-17,Exports: Kazakhstan,1.2
01-May-17,Exports: Kenya,5.7
01-May-17,Exports: Kuwait,17.2
01-May-17,Exports: Lao Peo Dem Rep,2.8
01-May-17,Exports: Latvia,1.7
01-May-17,Exports: Lebanon,3.9
01-May-17,Exports: Liberia,316.4
01-May-17,Exports: Libyan Arab Jamahiriya,3.5
01-May-17,Exports: Lithuania,0.5
01-May-17,Exports: Luxembourg,8.8
01-May-17,Exports: Macau SAR (China),17.1
01-May-17,Exports: Madagascar,2.4
01-May-17,Exports: Malaysia,4630.6
01-May-17,Exports: Maldives Rep of,32
01-May-17,Exports: Malta,145.3
01-May-17,Exports: Marshall Islands,278
01-May-17,Exports: Mauritius,6.4
01-May-17,Exports: Mexico,156.5
01-May-17,Exports: Mongolian Peo Rep,7.4
01-May-17,Exports: Morocco,12.6
01-May-17,Exports: Mozambique,1.5
01-May-17,Exports: Myanmar,312
01-May-17,Exports: Nepal,8.4
01-May-17,Exports: Netherlands Antilles,4.8
01-May-17,Exports: Netherlands,845.7
01-May-17,Exports: New Caledonia,24
01-May-17,Exports: New Zealand,170.7
01-May-17,Exports: Nigeria,20
01-May-17,Exports: Northern Mariana Islands,1.4
01-May-17,Exports: Norway,49.7
01-May-17,Exports: Oman,20.4
01-May-17,Exports: Other Countries of Africa,9.9
01-May-17,Exports: Other Countries of America,13.5
01-May-17,Exports: Other Countries of Asia,20.8
01-May-17,Exports: Other Countries of Europe,51
01-May-17,Exports: Other Countries of Oceania,6.6
01-May-17,Exports: Pakistan,109.8
01-May-17,Exports: Panama,752.9
01-May-17,Exports: Papua New Guinea,59.2
01-May-17,Exports: Paraguay,0.4
01-May-17,Exports: Peru,4.2
01-May-17,Exports: Philippines,816.6
01-May-17,Exports: Poland,33.7
01-May-17,Exports: Portugal,148.5
01-May-17,Exports: Puerto Rico,120.2
01-May-17,Exports: Qatar,25.5
01-May-17,Exports: Reunion,35.8
01-May-17,Exports: Romania,6.6
01-May-17,Exports: Russia,118.2
01-May-17,Exports: Saint Vincent and the Grenadines,3.2
01-May-17,Exports: Samoa,5.8
01-May-17,Exports: Saudi Arabia,169.2
01-May-17,Exports: Seychelles,3.9
01-May-17,Exports: Slovak Republic,2.1
01-May-17,Exports: Slovenia,4.6
01-May-17,Exports: Solomon Islands,4.5
01-May-17,Exports: South Africa,62.4
01-May-17,Exports: South Korea,1710.3
01-May-17,Exports: Spain,28.9
01-May-17,Exports: Sri Lanka,231.2
01-May-17,Exports: Sudan,0.4
01-May-17,Exports: Sweden,24.5
01-May-17,Exports: Switzerland,138.9
01-May-17,Exports: Syrian Arab Rep,1.4
01-May-17,Exports: Taiwan,2052.5
01-May-17,Exports: Tanzania,2.9
01-May-17,Exports: Thailand,1730.8
01-May-17,Exports: Trinidad & Tobago,1.9
01-May-17,Exports: Tunisia,2.4
01-May-17,Exports: Turkey,44.3
01-May-17,Exports: USA,3048.2
01-May-17,Exports: Ukraine,1.9
01-May-17,Exports: United Arab Emirates,421.5
01-May-17,Exports: United Kingdom,343
01-May-17,Exports: Uruguay,2.8
01-May-17,Exports: Vanuatu,1.4
01-May-17,Exports: Venezuela,0.4
01-May-17,Exports: Vietnam,1532.2
01-May-17,Exports: Yemen,0.7
01-May-17,Exports: Zambia,0
01-May-17,Exports: Zimbabwe,0.6
01-Jun-17,Exports: Afghanistan,2.4
01-Jun-17,Exports: Algeria,2.2
01-Jun-17,Exports: Angola,6.4
01-Jun-17,Exports: Antigua and Barbuda,16.6
01-Jun-17,Exports: Argentina,13.7
01-Jun-17,Exports: Australia,1129.2
01-Jun-17,Exports: Austria,10.8
01-Jun-17,Exports: Bahamas,65.8
01-Jun-17,Exports: Bahrain,10.5
01-Jun-17,Exports: Bangladesh,262.5
01-Jun-17,Exports: Belarus,0.2
01-Jun-17,Exports: Belgium,602.4
01-Jun-17,Exports: Benin,2.1
01-Jun-17,Exports: Bermuda,16.9
01-Jun-17,Exports: Brazil,137.5
01-Jun-17,Exports: Brunei,123.3
01-Jun-17,Exports: Bulgaria,16
01-Jun-17,Exports: Cambodia,260.8
01-Jun-17,Exports: Cameroon,1.8
01-Jun-17,Exports: Canada,117.5
01-Jun-17,Exports: Chile,7.6
01-Jun-17,Exports: China,6361
01-Jun-17,Exports: Christmas Islands,0
01-Jun-17,Exports: Colombia,9.9
01-Jun-17,Exports: Comoros,0.4
01-Jun-17,Exports: Costa Rica,7.8
01-Jun-17,Exports: Cote D'ivoire,4.6
01-Jun-17,Exports: Croatia,1.8
01-Jun-17,Exports: Cuba,1.9
01-Jun-17,Exports: Cyprus,36.4
01-Jun-17,"Exports: Czech, Republic",68.7
01-Jun-17,Exports: Denmark,27.1
01-Jun-17,Exports: Djibouti,1.6
01-Jun-17,Exports: Dominican Rep,0.8
01-Jun-17,Exports: Ecuador,4.2
01-Jun-17,Exports: Egypt,67.9
01-Jun-17,Exports: El Salvador,0.5
01-Jun-17,Exports: Estonia,1.4
01-Jun-17,Exports: Eswatini,0.3
01-Jun-17,Exports: Ethiopia,11
01-Jun-17,Exports: Fiji,28.1
01-Jun-17,Exports: Finland,24.5
01-Jun-17,Exports: France,357.3
01-Jun-17,Exports: French Polynesia,9.1
01-Jun-17,Exports: Gabon,1.2
01-Jun-17,Exports: Germany,697.5
01-Jun-17,Exports: Ghana,11.6
01-Jun-17,Exports: Greece,102.7
01-Jun-17,Exports: Guam,34.3
01-Jun-17,Exports: Guatemala,1.5
01-Jun-17,Exports: Guinea,0.5
01-Jun-17,Exports: Guyana,0.2
01-Jun-17,Exports: Honduras,1.6
01-Jun-17,Exports: Hong Kong SAR (China),5419.3
01-Jun-17,Exports: Hungary,27.8
01-Jun-17,Exports: India,1295.8
01-Jun-17,Exports: Indonesia,2783.8
01-Jun-17,Exports: Iran,18.4
01-Jun-17,Exports: Ireland,31.9
01-Jun-17,Exports: Israel,75.7
01-Jun-17,Exports: Italy,70.8
01-Jun-17,Exports: Jamaica,0.3
01-Jun-17,Exports: Japan,2096.8
01-Jun-17,Exports: Jordan,3.8
01-Jun-17,Exports: Kazakhstan,3.1
01-Jun-17,Exports: Kenya,6.1
01-Jun-17,Exports: Kuwait,22.3
01-Jun-17,Exports: Lao Peo Dem Rep,2.9
01-Jun-17,Exports: Latvia,0.7
01-Jun-17,Exports: Lebanon,4.2
01-Jun-17,Exports: Liberia,273.9
01-Jun-17,Exports: Libyan Arab Jamahiriya,1.6
01-Jun-17,Exports: Lithuania,1.5
01-Jun-17,Exports: Luxembourg,4.6
01-Jun-17,Exports: Macau SAR (China),18.8
01-Jun-17,Exports: Madagascar,0.4
01-Jun-17,Exports: Malaysia,3882
01-Jun-17,Exports: Maldives Rep of,23.2
01-Jun-17,Exports: Malta,157.4
01-Jun-17,Exports: Marshall Islands,284.5
01-Jun-17,Exports: Mauritius,6
01-Jun-17,Exports: Mexico,129
01-Jun-17,Exports: Mongolian Peo Rep,8.9
01-Jun-17,Exports: Morocco,13.8
01-Jun-17,Exports: Mozambique,3
01-Jun-17,Exports: Myanmar,281.7
01-Jun-17,Exports: Nepal,11.2
01-Jun-17,Exports: Netherlands Antilles,1.5
01-Jun-17,Exports: Netherlands,758.3
01-Jun-17,Exports: New Caledonia,37.7
01-Jun-17,Exports: New Zealand,188.5
01-Jun-17,Exports: Nigeria,27.1
01-Jun-17,Exports: Northern Mariana Islands,1.3
01-Jun-17,Exports: Norway,40.1
01-Jun-17,Exports: Oman,19.2
01-Jun-17,Exports: Other Countries of Africa,8.9
01-Jun-17,Exports: Other Countries of America,14.5
01-Jun-17,Exports: Other Countries of Asia,14.3
01-Jun-17,Exports: Other Countries of Europe,44
01-Jun-17,Exports: Other Countries of Oceania,6.1
01-Jun-17,Exports: Pakistan,122.5
01-Jun-17,Exports: Panama,644.6
01-Jun-17,Exports: Papua New Guinea,59.6
01-Jun-17,Exports: Paraguay,0.5
01-Jun-17,Exports: Peru,14.4
01-Jun-17,Exports: Philippines,843.8
01-Jun-17,Exports: Poland,36.1
01-Jun-17,Exports: Portugal,143
01-Jun-17,Exports: Puerto Rico,58.2
01-Jun-17,Exports: Qatar,37.1
01-Jun-17,Exports: Reunion,52.4
01-Jun-17,Exports: Romania,6.6
01-Jun-17,Exports: Russia,99.8
01-Jun-17,Exports: Saint Vincent and the Grenadines,4.4
01-Jun-17,Exports: Samoa,5
01-Jun-17,Exports: Saudi Arabia,72.2
01-Jun-17,Exports: Seychelles,20.6
01-Jun-17,Exports: Slovak Republic,2.3
01-Jun-17,Exports: Slovenia,10.4
01-Jun-17,Exports: Solomon Islands,5.1
01-Jun-17,Exports: South Africa,44.4
01-Jun-17,Exports: South Korea,2017.2
01-Jun-17,Exports: Spain,39.1
01-Jun-17,Exports: Sri Lanka,180.5
01-Jun-17,Exports: Sudan,0.2
01-Jun-17,Exports: Sweden,28.1
01-Jun-17,Exports: Switzerland,254.8
01-Jun-17,Exports: Syrian Arab Rep,0.7
01-Jun-17,Exports: Taiwan,1872.1
01-Jun-17,Exports: Tanzania,5.9
01-Jun-17,Exports: Thailand,1701.8
01-Jun-17,Exports: Trinidad & Tobago,0.6
01-Jun-17,Exports: Tunisia,6.7
01-Jun-17,Exports: Turkey,54.6
01-Jun-17,Exports: USA,2690.3
01-Jun-17,Exports: Ukraine,2.2
01-Jun-17,Exports: United Arab Emirates,403
01-Jun-17,Exports: United Kingdom,365.7
01-Jun-17,Exports: Uruguay,2.9
01-Jun-17,Exports: Vanuatu,3.1
01-Jun-17,Exports: Venezuela,0.2
01-Jun-17,Exports: Vietnam,1593.3
01-Jun-17,Exports: Yemen,1.3
01-Jun-17,Exports: Zambia,0.1
01-Jun-17,Exports: Zimbabwe,0.7
01-Jul-17,Exports: Afghanistan,2.6
01-Jul-17,Exports: Algeria,3.8
01-Jul-17,Exports: Angola,11.6
01-Jul-17,Exports: Antigua and Barbuda,11.2
01-Jul-17,Exports: Argentina,11.7
01-Jul-17,Exports: Australia,1088.1
01-Jul-17,Exports: Austria,11
01-Jul-17,Exports: Bahamas,61.3
01-Jul-17,Exports: Bahrain,14
01-Jul-17,Exports: Bangladesh,288.8
01-Jul-17,Exports: Belarus,0.1
01-Jul-17,Exports: Belgium,370.7
01-Jul-17,Exports: Benin,1.6
01-Jul-17,Exports: Bermuda,5.1
01-Jul-17,Exports: Brazil,174.3
01-Jul-17,Exports: Brunei,76.4
01-Jul-17,Exports: Bulgaria,3.6
01-Jul-17,Exports: Cambodia,447.4
01-Jul-17,Exports: Cameroon,1.1
01-Jul-17,Exports: Canada,77.2
01-Jul-17,Exports: Chile,10.2
01-Jul-17,Exports: China,6309
01-Jul-17,Exports: Christmas Islands,0.2
01-Jul-17,Exports: Colombia,37.2
01-Jul-17,Exports: Comoros,0
01-Jul-17,Exports: Costa Rica,3
01-Jul-17,Exports: Cote D'ivoire,3.3
01-Jul-17,Exports: Croatia,1.1
01-Jul-17,Exports: Cuba,0.1
01-Jul-17,Exports: Cyprus,45.5
01-Jul-17,"Exports: Czech, Republic",84.8
01-Jul-17,Exports: Denmark,16.7
01-Jul-17,Exports: Djibouti,2.8
01-Jul-17,Exports: Dominican Rep,0.6
01-Jul-17,Exports: Ecuador,4.6
01-Jul-17,Exports: Egypt,62.9
01-Jul-17,Exports: El Salvador,0.4
01-Jul-17,Exports: Estonia,0.9
01-Jul-17,Exports: Eswatini,0.2
01-Jul-17,Exports: Ethiopia,1.6
01-Jul-17,Exports: Fiji,27.8
01-Jul-17,Exports: Finland,11.3
01-Jul-17,Exports: France,362.1
01-Jul-17,Exports: French Polynesia,4.1
01-Jul-17,Exports: Gabon,0.8
01-Jul-17,Exports: Germany,774.2
01-Jul-17,Exports: Ghana,6
01-Jul-17,Exports: Greece,64.8
01-Jul-17,Exports: Guam,56
01-Jul-17,Exports: Guatemala,0.7
01-Jul-17,Exports: Guinea,1.3
01-Jul-17,Exports: Guyana,0.2
01-Jul-17,Exports: Honduras,0
01-Jul-17,Exports: Hong Kong SAR (China),6101.2
01-Jul-17,Exports: Hungary,31.6
01-Jul-17,Exports: India,1270
01-Jul-17,Exports: Indonesia,2820.3
01-Jul-17,Exports: Iran,51.3
01-Jul-17,Exports: Ireland,31.6
01-Jul-17,Exports: Israel,61.2
01-Jul-17,Exports: Italy,76.2
01-Jul-17,Exports: Jamaica,0.3
01-Jul-17,Exports: Japan,2010.1
01-Jul-17,Exports: Jordan,2.7
01-Jul-17,Exports: Kazakhstan,1.1
01-Jul-17,Exports: Kenya,4.2
01-Jul-17,Exports: Kuwait,11.8
01-Jul-17,Exports: Lao Peo Dem Rep,3.6
01-Jul-17,Exports: Latvia,1.6
01-Jul-17,Exports: Lebanon,3.4
01-Jul-17,Exports: Liberia,255.1
01-Jul-17,Exports: Libyan Arab Jamahiriya,0.5
01-Jul-17,Exports: Lithuania,0.5
01-Jul-17,Exports: Luxembourg,10.5
01-Jul-17,Exports: Macau SAR (China),19.6
01-Jul-17,Exports: Madagascar,1.3
01-Jul-17,Exports: Malaysia,4119.9
01-Jul-17,Exports: Maldives Rep of,26.8
01-Jul-17,Exports: Malta,111.7
01-Jul-17,Exports: Marshall Islands,258.6
01-Jul-17,Exports: Mauritius,7.3
01-Jul-17,Exports: Mexico,195.4
01-Jul-17,Exports: Mongolian Peo Rep,10.3
01-Jul-17,Exports: Morocco,16
01-Jul-17,Exports: Mozambique,3.1
01-Jul-17,Exports: Myanmar,203.1
01-Jul-17,Exports: Nepal,17.6
01-Jul-17,Exports: Netherlands Antilles,0.2
01-Jul-17,Exports: Netherlands,801.5
01-Jul-17,Exports: New Caledonia,17.1
01-Jul-17,Exports: New Zealand,207.6
01-Jul-17,Exports: Nigeria,17.1
01-Jul-17,Exports: Northern Mariana Islands,1.7
01-Jul-17,Exports: Norway,35.7
01-Jul-17,Exports: Oman,22.4
01-Jul-17,Exports: Other Countries of Africa,13.1
01-Jul-17,Exports: Other Countries of America,15.9
01-Jul-17,Exports: Other Countries of Asia,16.1
01-Jul-17,Exports: Other Countries of Europe,43.5
01-Jul-17,Exports: Other Countries of Oceania,3.9
01-Jul-17,Exports: Pakistan,99.7
01-Jul-17,Exports: Panama,394.4
01-Jul-17,Exports: Papua New Guinea,32.9
01-Jul-17,Exports: Paraguay,0.4
01-Jul-17,Exports: Peru,4.2
01-Jul-17,Exports: Philippines,888.8
01-Jul-17,Exports: Poland,29.8
01-Jul-17,Exports: Portugal,33.5
01-Jul-17,Exports: Puerto Rico,50.7
01-Jul-17,Exports: Qatar,59.8
01-Jul-17,Exports: Reunion,27.4
01-Jul-17,Exports: Romania,8.1
01-Jul-17,Exports: Russia,111.3
01-Jul-17,Exports: Saint Vincent and the Grenadines,2.4
01-Jul-17,Exports: Samoa,4.9
01-Jul-17,Exports: Saudi Arabia,80.6
01-Jul-17,Exports: Seychelles,3.2
01-Jul-17,Exports: Slovak Republic,2.2
01-Jul-17,Exports: Slovenia,9.1
01-Jul-17,Exports: Solomon Islands,4.3
01-Jul-17,Exports: South Africa,41.4
01-Jul-17,Exports: South Korea,2091.7
01-Jul-17,Exports: Spain,39.4
01-Jul-17,Exports: Sri Lanka,233.7
01-Jul-17,Exports: Sudan,0.8
01-Jul-17,Exports: Sweden,18.1
01-Jul-17,Exports: Switzerland,215.8
01-Jul-17,Exports: Syrian Arab Rep,1.3
01-Jul-17,Exports: Taiwan,1858.9
01-Jul-17,Exports: Tanzania,2.3
01-Jul-17,Exports: Thailand,1948.6
01-Jul-17,Exports: Trinidad & Tobago,1.1
01-Jul-17,Exports: Tunisia,7
01-Jul-17,Exports: Turkey,58.2
01-Jul-17,Exports: USA,2726.9
01-Jul-17,Exports: Ukraine,1.5
01-Jul-17,Exports: United Arab Emirates,366.1
01-Jul-17,Exports: United Kingdom,329.5
01-Jul-17,Exports: Uruguay,2.4
01-Jul-17,Exports: Vanuatu,2.5
01-Jul-17,Exports: Venezuela,0.6
01-Jul-17,Exports: Vietnam,1336.2
01-Jul-17,Exports: Yemen,1.1
01-Jul-17,Exports: Zambia,0.1
01-Jul-17,Exports: Zimbabwe,0.5
01-Aug-17,Exports: Afghanistan,2.4
01-Aug-17,Exports: Algeria,10.7
01-Aug-17,Exports: Angola,5.2
01-Aug-17,Exports: Antigua and Barbuda,12.6
01-Aug-17,Exports: Argentina,16.9
01-Aug-17,Exports: Australia,1188.5
01-Aug-17,Exports: Austria,12.6
01-Aug-17,Exports: Bahamas,78.8
01-Aug-17,Exports: Bahrain,12.4
01-Aug-17,Exports: Bangladesh,355.2
01-Aug-17,Exports: Belarus,0.1
01-Aug-17,Exports: Belgium,605.5
01-Aug-17,Exports: Benin,0.8
01-Aug-17,Exports: Bermuda,11
01-Aug-17,Exports: Brazil,143.3
01-Aug-17,Exports: Brunei,97.4
01-Aug-17,Exports: Bulgaria,3.5
01-Aug-17,Exports: Cambodia,106.3
01-Aug-17,Exports: Cameroon,2
01-Aug-17,Exports: Canada,114.4
01-Aug-17,Exports: Chile,9.8
01-Aug-17,Exports: China,6541.2
01-Aug-17,Exports: Christmas Islands,0.3
01-Aug-17,Exports: Colombia,9.5
01-Aug-17,Exports: Comoros,0.1
01-Aug-17,Exports: Costa Rica,4.1
01-Aug-17,Exports: Cote D'ivoire,2.2
01-Aug-17,Exports: Croatia,1.8
01-Aug-17,Exports: Cuba,0
01-Aug-17,Exports: Cyprus,47
01-Aug-17,"Exports: Czech, Republic",59.4
01-Aug-17,Exports: Denmark,25
01-Aug-17,Exports: Djibouti,0.8
01-Aug-17,Exports: Dominican Rep,1
01-Aug-17,Exports: Ecuador,12.2
01-Aug-17,Exports: Egypt,38.6
01-Aug-17,Exports: El Salvador,0.7
01-Aug-17,Exports: Estonia,1
01-Aug-17,Exports: Eswatini,0.4
01-Aug-17,Exports: Ethiopia,7.5
01-Aug-17,Exports: Fiji,29.6
01-Aug-17,Exports: Finland,15.7
01-Aug-17,Exports: France,376.9
01-Aug-17,Exports: French Polynesia,6.6
01-Aug-17,Exports: Gabon,1.4
01-Aug-17,Exports: Germany,755.5
01-Aug-17,Exports: Ghana,6.5
01-Aug-17,Exports: Greece,81.4
01-Aug-17,Exports: Guam,24.3
01-Aug-17,Exports: Guatemala,1.9
01-Aug-17,Exports: Guinea,0.9
01-Aug-17,Exports: Guyana,0.4
01-Aug-17,Exports: Honduras,1.6
01-Aug-17,Exports: Hong Kong SAR (China),6057
01-Aug-17,Exports: Hungary,33.3
01-Aug-17,Exports: India,1239.2
01-Aug-17,Exports: Indonesia,3163.8
01-Aug-17,Exports: Iran,6.6
01-Aug-17,Exports: Ireland,35.8
01-Aug-17,Exports: Israel,73
01-Aug-17,Exports: Italy,79.4
01-Aug-17,Exports: Jamaica,0.6
01-Aug-17,Exports: Japan,2040.6
01-Aug-17,Exports: Jordan,3.3
01-Aug-17,Exports: Kazakhstan,2.2
01-Aug-17,Exports: Kenya,5.2
01-Aug-17,Exports: Kuwait,25
01-Aug-17,Exports: Lao Peo Dem Rep,3.7
01-Aug-17,Exports: Latvia,1.4
01-Aug-17,Exports: Lebanon,5.2
01-Aug-17,Exports: Liberia,264.1
01-Aug-17,Exports: Libyan Arab Jamahiriya,1.8
01-Aug-17,Exports: Lithuania,0.8
01-Aug-17,Exports: Luxembourg,4
01-Aug-17,Exports: Macau SAR (China),23.1
01-Aug-17,Exports: Madagascar,2.1
01-Aug-17,Exports: Malaysia,4851
01-Aug-17,Exports: Maldives Rep of,25.1
01-Aug-17,Exports: Malta,127.1
01-Aug-17,Exports: Marshall Islands,321.5
01-Aug-17,Exports: Mauritius,6.7
01-Aug-17,Exports: Mexico,186.7
01-Aug-17,Exports: Mongolian Peo Rep,9.6
01-Aug-17,Exports: Morocco,16.6
01-Aug-17,Exports: Mozambique,2.3
01-Aug-17,Exports: Myanmar,345.8
01-Aug-17,Exports: Nepal,11.5
01-Aug-17,Exports: Netherlands Antilles,1.9
01-Aug-17,Exports: Netherlands,900.3
01-Aug-17,Exports: New Caledonia,26
01-Aug-17,Exports: New Zealand,150.4
01-Aug-17,Exports: Nigeria,44.9
01-Aug-17,Exports: Northern Mariana Islands,2.2
01-Aug-17,Exports: Norway,49
01-Aug-17,Exports: Oman,20.3
01-Aug-17,Exports: Other Countries of Africa,56
01-Aug-17,Exports: Other Countries of America,18.3
01-Aug-17,Exports: Other Countries of Asia,12.2
01-Aug-17,Exports: Other Countries of Europe,37.3
01-Aug-17,Exports: Other Countries of Oceania,7.7
01-Aug-17,Exports: Pakistan,147.1
01-Aug-17,Exports: Panama,428.8
01-Aug-17,Exports: Papua New Guinea,45.5
01-Aug-17,Exports: Paraguay,0.4
01-Aug-17,Exports: Peru,10.5
01-Aug-17,Exports: Philippines,864.9
01-Aug-17,Exports: Poland,35.3
01-Aug-17,Exports: Portugal,37.2
01-Aug-17,Exports: Puerto Rico,135.6
01-Aug-17,Exports: Qatar,105.5
01-Aug-17,Exports: Reunion,37.8
01-Aug-17,Exports: Romania,6.6
01-Aug-17,Exports: Russia,68
01-Aug-17,Exports: Saint Vincent and the Grenadines,2.2
01-Aug-17,Exports: Samoa,5.4
01-Aug-17,Exports: Saudi Arabia,86.8
01-Aug-17,Exports: Seychelles,2.8
01-Aug-17,Exports: Slovak Republic,3
01-Aug-17,Exports: Slovenia,11.2
01-Aug-17,Exports: Solomon Islands,4.6
01-Aug-17,Exports: South Africa,44.9
01-Aug-17,Exports: South Korea,1938.2
01-Aug-17,Exports: Spain,30
01-Aug-17,Exports: Sri Lanka,188.2
01-Aug-17,Exports: Sudan,0.3
01-Aug-17,Exports: Sweden,19.6
01-Aug-17,Exports: Switzerland,247
01-Aug-17,Exports: Syrian Arab Rep,1.8
01-Aug-17,Exports: Taiwan,1854.4
01-Aug-17,Exports: Tanzania,4.8
01-Aug-17,Exports: Thailand,1684.8
01-Aug-17,Exports: Trinidad & Tobago,1.2
01-Aug-17,Exports: Tunisia,9
01-Aug-17,Exports: Turkey,48.7
01-Aug-17,Exports: USA,2929.6
01-Aug-17,Exports: Ukraine,1.9
01-Aug-17,Exports: United Arab Emirates,435.3
01-Aug-17,Exports: United Kingdom,327.2
01-Aug-17,Exports: Uruguay,2.1
01-Aug-17,Exports: Vanuatu,1.9
01-Aug-17,Exports: Venezuela,0.3
01-Aug-17,Exports: Vietnam,1495
01-Aug-17,Exports: Yemen,1.7
01-Aug-17,Exports: Zambia,0.3
01-Aug-17,Exports: Zimbabwe,1.3
01-Sep-17,Exports: Afghanistan,1.1
01-Sep-17,Exports: Algeria,14.7
01-Sep-17,Exports: Angola,4.4
01-Sep-17,Exports: Antigua and Barbuda,19.6
01-Sep-17,Exports: Argentina,13.8
01-Sep-17,Exports: Australia,1086.3
01-Sep-17,Exports: Austria,15.4
01-Sep-17,Exports: Bahamas,73.8
01-Sep-17,Exports: Bahrain,35.5
01-Sep-17,Exports: Bangladesh,406.5
01-Sep-17,Exports: Belarus,0.1
01-Sep-17,Exports: Belgium,349.7
01-Sep-17,Exports: Benin,0.7
01-Sep-17,Exports: Bermuda,13.2
01-Sep-17,Exports: Brazil,131
01-Sep-17,Exports: Brunei,77.5
01-Sep-17,Exports: Bulgaria,4.8
01-Sep-17,Exports: Cambodia,123.7
01-Sep-17,Exports: Cameroon,1.3
01-Sep-17,Exports: Canada,85.5
01-Sep-17,Exports: Chile,10.1
01-Sep-17,Exports: China,5788
01-Sep-17,Exports: Christmas Islands,0
01-Sep-17,Exports: Colombia,9.1
01-Sep-17,Exports: Comoros,0.4
01-Sep-17,Exports: Costa Rica,5.4
01-Sep-17,Exports: Cote D'ivoire,2.5
01-Sep-17,Exports: Croatia,2.7
01-Sep-17,Exports: Cuba,0.1
01-Sep-17,Exports: Cyprus,45.5
01-Sep-17,"Exports: Czech, Republic",50.1
01-Sep-17,Exports: Denmark,15.9
01-Sep-17,Exports: Djibouti,1.3
01-Sep-17,Exports: Dominican Rep,0.9
01-Sep-17,Exports: Ecuador,5
01-Sep-17,Exports: Egypt,87.8
01-Sep-17,Exports: El Salvador,0.3
01-Sep-17,Exports: Estonia,0.5
01-Sep-17,Exports: Eswatini,0.3
01-Sep-17,Exports: Ethiopia,7.9
01-Sep-17,Exports: Fiji,37.6
01-Sep-17,Exports: Finland,68.6
01-Sep-17,Exports: France,491.2
01-Sep-17,Exports: French Polynesia,9.7
01-Sep-17,Exports: Gabon,1.7
01-Sep-17,Exports: Germany,717.6
01-Sep-17,Exports: Ghana,6.5
01-Sep-17,Exports: Greece,88.4
01-Sep-17,Exports: Guam,38.3
01-Sep-17,Exports: Guatemala,2.1
01-Sep-17,Exports: Guinea,1.9
01-Sep-17,Exports: Guyana,0.5
01-Sep-17,Exports: Honduras,0.1
01-Sep-17,Exports: Hong Kong SAR (China),5232.2
01-Sep-17,Exports: Hungary,32.7
01-Sep-17,Exports: India,1132.6
01-Sep-17,Exports: Indonesia,3140
01-Sep-17,Exports: Iran,54.3
01-Sep-17,Exports: Ireland,15.7
01-Sep-17,Exports: Israel,84
01-Sep-17,Exports: Italy,103.6
01-Sep-17,Exports: Jamaica,0.2
01-Sep-17,Exports: Japan,1969.2
01-Sep-17,Exports: Jordan,3.3
01-Sep-17,Exports: Kazakhstan,2.5
01-Sep-17,Exports: Kenya,4
01-Sep-17,Exports: Kuwait,15.5
01-Sep-17,Exports: Lao Peo Dem Rep,3.1
01-Sep-17,Exports: Latvia,1.7
01-Sep-17,Exports: Lebanon,4.7
01-Sep-17,Exports: Liberia,281.4
01-Sep-17,Exports: Libyan Arab Jamahiriya,1.5
01-Sep-17,Exports: Lithuania,0.9
01-Sep-17,Exports: Luxembourg,2.7
01-Sep-17,Exports: Macau SAR (China),23.8
01-Sep-17,Exports: Madagascar,2.1
01-Sep-17,Exports: Malaysia,4574.7
01-Sep-17,Exports: Maldives Rep of,28.8
01-Sep-17,Exports: Malta,164.4
01-Sep-17,Exports: Marshall Islands,298.8
01-Sep-17,Exports: Mauritius,5.9
01-Sep-17,Exports: Mexico,242.5
01-Sep-17,Exports: Mongolian Peo Rep,9.5
01-Sep-17,Exports: Morocco,14.4
01-Sep-17,Exports: Mozambique,4.7
01-Sep-17,Exports: Myanmar,214.8
01-Sep-17,Exports: Nepal,11
01-Sep-17,Exports: Netherlands Antilles,0
01-Sep-17,Exports: Netherlands,1046.9
01-Sep-17,Exports: New Caledonia,12.1
01-Sep-17,Exports: New Zealand,205
01-Sep-17,Exports: Nigeria,13.1
01-Sep-17,Exports: Northern Mariana Islands,1.7
01-Sep-17,Exports: Norway,49.4
01-Sep-17,Exports: Oman,21.7
01-Sep-17,Exports: Other Countries of Africa,21.4
01-Sep-17,Exports: Other Countries of America,12.7
01-Sep-17,Exports: Other Countries of Asia,11.8
01-Sep-17,Exports: Other Countries of Europe,41.4
01-Sep-17,Exports: Other Countries of Oceania,7.7
01-Sep-17,Exports: Pakistan,85.8
01-Sep-17,Exports: Panama,446
01-Sep-17,Exports: Papua New Guinea,58.7
01-Sep-17,Exports: Paraguay,0.5
01-Sep-17,Exports: Peru,4.6
01-Sep-17,Exports: Philippines,728.4
01-Sep-17,Exports: Poland,29.8
01-Sep-17,Exports: Portugal,38.1
01-Sep-17,Exports: Puerto Rico,18
01-Sep-17,Exports: Qatar,58.3
01-Sep-17,Exports: Reunion,48.1
01-Sep-17,Exports: Romania,5
01-Sep-17,Exports: Russia,48.9
01-Sep-17,Exports: Saint Vincent and the Grenadines,3.1
01-Sep-17,Exports: Samoa,5.9
01-Sep-17,Exports: Saudi Arabia,82.1
01-Sep-17,Exports: Seychelles,2.5
01-Sep-17,Exports: Slovak Republic,2.7
01-Sep-17,Exports: Slovenia,8.4
01-Sep-17,Exports: Solomon Islands,6
01-Sep-17,Exports: South Africa,68.8
01-Sep-17,Exports: South Korea,1858.9
01-Sep-17,Exports: Spain,31
01-Sep-17,Exports: Sri Lanka,192.2
01-Sep-17,Exports: Sudan,0
01-Sep-17,Exports: Sweden,22.2
01-Sep-17,Exports: Switzerland,338.8
01-Sep-17,Exports: Syrian Arab Rep,1.4
01-Sep-17,Exports: Taiwan,1863.7
01-Sep-17,Exports: Tanzania,4
01-Sep-17,Exports: Thailand,1543.9
01-Sep-17,Exports: Trinidad & Tobago,3
01-Sep-17,Exports: Tunisia,0.6
01-Sep-17,Exports: Turkey,60.3
01-Sep-17,Exports: USA,2619.3
01-Sep-17,Exports: Ukraine,0.7
01-Sep-17,Exports: United Arab Emirates,376.1
01-Sep-17,Exports: United Kingdom,272.3
01-Sep-17,Exports: Uruguay,0.9
01-Sep-17,Exports: Vanuatu,2.2
01-Sep-17,Exports: Venezuela,0.5
01-Sep-17,Exports: Vietnam,1141.1
01-Sep-17,Exports: Yemen,0.5
01-Sep-17,Exports: Zambia,0.1
01-Sep-17,Exports: Zimbabwe,0.8
01-Oct-17,Exports: Afghanistan,1.4
01-Oct-17,Exports: Algeria,5.8
01-Oct-17,Exports: Angola,4.1
01-Oct-17,Exports: Antigua and Barbuda,14.4
01-Oct-17,Exports: Argentina,23.5
01-Oct-17,Exports: Australia,1087.3
01-Oct-17,Exports: Austria,20.3
01-Oct-17,Exports: Bahamas,90.9
01-Oct-17,Exports: Bahrain,5.8
01-Oct-17,Exports: Bangladesh,444.1
01-Oct-17,Exports: Belarus,0.1
01-Oct-17,Exports: Belgium,664.5
01-Oct-17,Exports: Benin,1.8
01-Oct-17,Exports: Bermuda,11.5
01-Oct-17,Exports: Brazil,104.4
01-Oct-17,Exports: Brunei,92.5
01-Oct-17,Exports: Bulgaria,4.8
01-Oct-17,Exports: Cambodia,406.6
01-Oct-17,Exports: Cameroon,4.3
01-Oct-17,Exports: Canada,106.9
01-Oct-17,Exports: Chile,13.5
01-Oct-17,Exports: China,6704.7
01-Oct-17,Exports: Christmas Islands,0
01-Oct-17,Exports: Colombia,9.5
01-Oct-17,Exports: Comoros,0.3
01-Oct-17,Exports: Costa Rica,4.7
01-Oct-17,Exports: Cote D'ivoire,2.6
01-Oct-17,Exports: Croatia,2.5
01-Oct-17,Exports: Cuba,0.1
01-Oct-17,Exports: Cyprus,59.8
01-Oct-17,"Exports: Czech, Republic",73.7
01-Oct-17,Exports: Denmark,19.2
01-Oct-17,Exports: Djibouti,1.1
01-Oct-17,Exports: Dominican Rep,0.6
01-Oct-17,Exports: Ecuador,9.9
01-Oct-17,Exports: Egypt,55.6
01-Oct-17,Exports: El Salvador,1
01-Oct-17,Exports: Estonia,1.8
01-Oct-17,Exports: Eswatini,0.2
01-Oct-17,Exports: Ethiopia,7
01-Oct-17,Exports: Fiji,34.2
01-Oct-17,Exports: Finland,9.1
01-Oct-17,Exports: France,418.9
01-Oct-17,Exports: French Polynesia,2.8
01-Oct-17,Exports: Gabon,7.9
01-Oct-17,Exports: Germany,641.9
01-Oct-17,Exports: Ghana,9.6
01-Oct-17,Exports: Greece,100.5
01-Oct-17,Exports: Guam,25.5
01-Oct-17,Exports: Guatemala,1.5
01-Oct-17,Exports: Guinea,0.8
01-Oct-17,Exports: Guyana,0.8
01-Oct-17,Exports: Honduras,0.6
01-Oct-17,Exports: Hong Kong SAR (China),4964.7
01-Oct-17,Exports: Hungary,37.1
01-Oct-17,Exports: India,1258.3
01-Oct-17,Exports: Indonesia,3104
01-Oct-17,Exports: Iran,8.7
01-Oct-17,Exports: Ireland,20
01-Oct-17,Exports: Israel,72.1
01-Oct-17,Exports: Italy,67.9
01-Oct-17,Exports: Jamaica,0.8
01-Oct-17,Exports: Japan,2069.8
01-Oct-17,Exports: Jordan,2.8
01-Oct-17,Exports: Kazakhstan,1.4
01-Oct-17,Exports: Kenya,4.9
01-Oct-17,Exports: Kuwait,39.3
01-Oct-17,Exports: Lao Peo Dem Rep,4.8
01-Oct-17,Exports: Latvia,1.4
01-Oct-17,Exports: Lebanon,4.7
01-Oct-17,Exports: Liberia,322.9
01-Oct-17,Exports: Libyan Arab Jamahiriya,2
01-Oct-17,Exports: Lithuania,1.5
01-Oct-17,Exports: Luxembourg,10.8
01-Oct-17,Exports: Macau SAR (China),33.7
01-Oct-17,Exports: Madagascar,1.6
01-Oct-17,Exports: Malaysia,5403.7
01-Oct-17,Exports: Maldives Rep of,26.7
01-Oct-17,Exports: Malta,143.1
01-Oct-17,Exports: Marshall Islands,364.8
01-Oct-17,Exports: Mauritius,9.2
01-Oct-17,Exports: Mexico,106.7
01-Oct-17,Exports: Mongolian Peo Rep,12.8
01-Oct-17,Exports: Morocco,16.1
01-Oct-17,Exports: Mozambique,2.7
01-Oct-17,Exports: Myanmar,315.4
01-Oct-17,Exports: Nepal,12.2
01-Oct-17,Exports: Netherlands Antilles,1
01-Oct-17,Exports: Netherlands,848.5
01-Oct-17,Exports: New Caledonia,42.2
01-Oct-17,Exports: New Zealand,212.5
01-Oct-17,Exports: Nigeria,22.2
01-Oct-17,Exports: Northern Mariana Islands,1.6
01-Oct-17,Exports: Norway,45.5
01-Oct-17,Exports: Oman,22.6
01-Oct-17,Exports: Other Countries of Africa,12.5
01-Oct-17,Exports: Other Countries of America,13.3
01-Oct-17,Exports: Other Countries of Asia,13.3
01-Oct-17,Exports: Other Countries of Europe,44.8
01-Oct-17,Exports: Other Countries of Oceania,8.6
01-Oct-17,Exports: Pakistan,82
01-Oct-17,Exports: Panama,618.8
01-Oct-17,Exports: Papua New Guinea,66.9
01-Oct-17,Exports: Paraguay,0
01-Oct-17,Exports: Peru,4.5
01-Oct-17,Exports: Philippines,792
01-Oct-17,Exports: Poland,29.6
01-Oct-17,Exports: Portugal,48
01-Oct-17,Exports: Puerto Rico,19.9
01-Oct-17,Exports: Qatar,71.4
01-Oct-17,Exports: Reunion,55.8
01-Oct-17,Exports: Romania,7.6
01-Oct-17,Exports: Russia,104.3
01-Oct-17,Exports: Saint Vincent and the Grenadines,3.6
01-Oct-17,Exports: Samoa,6.3
01-Oct-17,Exports: Saudi Arabia,126.4
01-Oct-17,Exports: Seychelles,3.4
01-Oct-17,Exports: Slovak Republic,3
01-Oct-17,Exports: Slovenia,9.5
01-Oct-17,Exports: Solomon Islands,4.6
01-Oct-17,Exports: South Africa,50.7
01-Oct-17,Exports: South Korea,1856.3
01-Oct-17,Exports: Spain,48.9
01-Oct-17,Exports: Sri Lanka,196.5
01-Oct-17,Exports: Sudan,0.6
01-Oct-17,Exports: Sweden,26.8
01-Oct-17,Exports: Switzerland,183.4
01-Oct-17,Exports: Syrian Arab Rep,0.4
01-Oct-17,Exports: Taiwan,1757.7
01-Oct-17,Exports: Tanzania,3.3
01-Oct-17,Exports: Thailand,1653.7
01-Oct-17,Exports: Trinidad & Tobago,0.6
01-Oct-17,Exports: Tunisia,1.4
01-Oct-17,Exports: Turkey,68.5
01-Oct-17,Exports: USA,2838.9
01-Oct-17,Exports: Ukraine,1.5
01-Oct-17,Exports: United Arab Emirates,348.7
01-Oct-17,Exports: United Kingdom,346.8
01-Oct-17,Exports: Uruguay,2.5
01-Oct-17,Exports: Vanuatu,4
01-Oct-17,Exports: Venezuela,0.2
01-Oct-17,Exports: Vietnam,1229.2
01-Oct-17,Exports: Yemen,2.1
01-Oct-17,Exports: Zambia,0.1
01-Oct-17,Exports: Zimbabwe,0.8
01-Nov-17,Exports: Afghanistan,3.4
01-Nov-17,Exports: Algeria,2.3
01-Nov-17,Exports: Angola,7.2
01-Nov-17,Exports: Antigua and Barbuda,12.1
01-Nov-17,Exports: Argentina,13.6
01-Nov-17,Exports: Australia,1251
01-Nov-17,Exports: Austria,21.4
01-Nov-17,Exports: Bahamas,71.2
01-Nov-17,Exports: Bahrain,15
01-Nov-17,Exports: Bangladesh,379.3
01-Nov-17,Exports: Belarus,0
01-Nov-17,Exports: Belgium,904.6
01-Nov-17,Exports: Benin,2.6
01-Nov-17,Exports: Bermuda,10.6
01-Nov-17,Exports: Brazil,152.2
01-Nov-17,Exports: Brunei,74
01-Nov-17,Exports: Bulgaria,4.1
01-Nov-17,Exports: Cambodia,331.2
01-Nov-17,Exports: Cameroon,6.4
01-Nov-17,Exports: Canada,92.3
01-Nov-17,Exports: Chile,9.1
01-Nov-17,Exports: China,6658.4
01-Nov-17,Exports: Christmas Islands,0.1
01-Nov-17,Exports: Colombia,8.1
01-Nov-17,Exports: Comoros,0.1
01-Nov-17,Exports: Costa Rica,2.7
01-Nov-17,Exports: Cote D'ivoire,2.6
01-Nov-17,Exports: Croatia,3.2
01-Nov-17,Exports: Cuba,0
01-Nov-17,Exports: Cyprus,38.2
01-Nov-17,"Exports: Czech, Republic",59.9
01-Nov-17,Exports: Denmark,19.5
01-Nov-17,Exports: Djibouti,0.7
01-Nov-17,Exports: Dominican Rep,0.7
01-Nov-17,Exports: Ecuador,5.9
01-Nov-17,Exports: Egypt,87.1
01-Nov-17,Exports: El Salvador,0.1
01-Nov-17,Exports: Estonia,1
01-Nov-17,Exports: Eswatini,0.1
01-Nov-17,Exports: Ethiopia,5.4
01-Nov-17,Exports: Fiji,30.3
01-Nov-17,Exports: Finland,7.3
01-Nov-17,Exports: France,417.6
01-Nov-17,Exports: French Polynesia,17.1
01-Nov-17,Exports: Gabon,2.2
01-Nov-17,Exports: Germany,646.5
01-Nov-17,Exports: Ghana,8.9
01-Nov-17,Exports: Greece,68.6
01-Nov-17,Exports: Guam,25
01-Nov-17,Exports: Guatemala,1.7
01-Nov-17,Exports: Guinea,1.7
01-Nov-17,Exports: Guyana,0.6
01-Nov-17,Exports: Honduras,0.5
01-Nov-17,Exports: Hong Kong SAR (China),6033.1
01-Nov-17,Exports: Hungary,27.9
01-Nov-17,Exports: India,1209.2
01-Nov-17,Exports: Indonesia,3711
01-Nov-17,Exports: Iran,9.6
01-Nov-17,Exports: Ireland,20.4
01-Nov-17,Exports: Israel,71
01-Nov-17,Exports: Italy,78.7
01-Nov-17,Exports: Jamaica,0.8
01-Nov-17,Exports: Japan,2033.2
01-Nov-17,Exports: Jordan,2
01-Nov-17,Exports: Kazakhstan,1.1
01-Nov-17,Exports: Kenya,6.8
01-Nov-17,Exports: Kuwait,24
01-Nov-17,Exports: Lao Peo Dem Rep,3.3
01-Nov-17,Exports: Latvia,2.1
01-Nov-17,Exports: Lebanon,4.1
01-Nov-17,Exports: Liberia,280.4
01-Nov-17,Exports: Libyan Arab Jamahiriya,2.4
01-Nov-17,Exports: Lithuania,1.5
01-Nov-17,Exports: Luxembourg,8.1
01-Nov-17,Exports: Macau SAR (China),50.1
01-Nov-17,Exports: Madagascar,1.7
01-Nov-17,Exports: Malaysia,5192
01-Nov-17,Exports: Maldives Rep of,28.3
01-Nov-17,Exports: Malta,137.7
01-Nov-17,Exports: Marshall Islands,305.4
01-Nov-17,Exports: Mauritius,5.8
01-Nov-17,Exports: Mexico,88
01-Nov-17,Exports: Mongolian Peo Rep,12.6
01-Nov-17,Exports: Morocco,19.1
01-Nov-17,Exports: Mozambique,2.3
01-Nov-17,Exports: Myanmar,275.3
01-Nov-17,Exports: Nepal,11.5
01-Nov-17,Exports: Netherlands Antilles,0.1
01-Nov-17,Exports: Netherlands,940.5
01-Nov-17,Exports: New Caledonia,21.2
01-Nov-17,Exports: New Zealand,212
01-Nov-17,Exports: Nigeria,37.5
01-Nov-17,Exports: Northern Mariana Islands,5.4
01-Nov-17,Exports: Norway,38.7
01-Nov-17,Exports: Oman,29.2
01-Nov-17,Exports: Other Countries of Africa,56.8
01-Nov-17,Exports: Other Countries of America,13.7
01-Nov-17,Exports: Other Countries of Asia,14.6
01-Nov-17,Exports: Other Countries of Europe,36.2
01-Nov-17,Exports: Other Countries of Oceania,5.5
01-Nov-17,Exports: Pakistan,157.1
01-Nov-17,Exports: Panama,447.2
01-Nov-17,Exports: Papua New Guinea,63
01-Nov-17,Exports: Paraguay,0.7
01-Nov-17,Exports: Peru,11.5
01-Nov-17,Exports: Philippines,975.2
01-Nov-17,Exports: Poland,30.6
01-Nov-17,Exports: Portugal,30.9
01-Nov-17,Exports: Puerto Rico,92.4
01-Nov-17,Exports: Qatar,77.3
01-Nov-17,Exports: Reunion,37.4
01-Nov-17,Exports: Romania,5.3
01-Nov-17,Exports: Russia,56
01-Nov-17,Exports: Saint Vincent and the Grenadines,2.6
01-Nov-17,Exports: Samoa,6.3
01-Nov-17,Exports: Saudi Arabia,103.8
01-Nov-17,Exports: Seychelles,3.2
01-Nov-17,Exports: Slovak Republic,3
01-Nov-17,Exports: Slovenia,12.4
01-Nov-17,Exports: Solomon Islands,8.5
01-Nov-17,Exports: South Africa,70.5
01-Nov-17,Exports: South Korea,1879.5
01-Nov-17,Exports: Spain,34.7
01-Nov-17,Exports: Sri Lanka,214.1
01-Nov-17,Exports: Sudan,0.5
01-Nov-17,Exports: Sweden,25.7
01-Nov-17,Exports: Switzerland,446.8
01-Nov-17,Exports: Syrian Arab Rep,0.3
01-Nov-17,Exports: Taiwan,1809.2
01-Nov-17,Exports: Tanzania,5.9
01-Nov-17,Exports: Thailand,1701.1
01-Nov-17,Exports: Trinidad & Tobago,2.5
01-Nov-17,Exports: Tunisia,1.3
01-Nov-17,Exports: Turkey,70.8
01-Nov-17,Exports: USA,2748.5
01-Nov-17,Exports: Ukraine,0.7
01-Nov-17,Exports: United Arab Emirates,387.3
01-Nov-17,Exports: United Kingdom,296.3
01-Nov-17,Exports: Uruguay,3.3
01-Nov-17,Exports: Vanuatu,9.4
01-Nov-17,Exports: Venezuela,0.6
01-Nov-17,Exports: Vietnam,1483.3
01-Nov-17,Exports: Yemen,0.8
01-Nov-17,Exports: Zambia,0.3
01-Nov-17,Exports: Zimbabwe,0.8
01-Dec-17,Exports: Afghanistan,2.3
01-Dec-17,Exports: Algeria,6.5
01-Dec-17,Exports: Angola,6.5
01-Dec-17,Exports: Antigua and Barbuda,9.7
01-Dec-17,Exports: Argentina,9.8
01-Dec-17,Exports: Australia,1137.7
01-Dec-17,Exports: Austria,20.4
01-Dec-17,Exports: Bahamas,96.5
01-Dec-17,Exports: Bahrain,14.3
01-Dec-17,Exports: Bangladesh,327
01-Dec-17,Exports: Belarus,0.1
01-Dec-17,Exports: Belgium,779
01-Dec-17,Exports: Benin,1.4
01-Dec-17,Exports: Bermuda,5.7
01-Dec-17,Exports: Brazil,139.7
01-Dec-17,Exports: Brunei,68
01-Dec-17,Exports: Bulgaria,5
01-Dec-17,Exports: Cambodia,734.7
01-Dec-17,Exports: Cameroon,2.1
01-Dec-17,Exports: Canada,70.6
01-Dec-17,Exports: Chile,10.3
01-Dec-17,Exports: China,6273.5
01-Dec-17,Exports: Christmas Islands,0.1
01-Dec-17,Exports: Colombia,11.2
01-Dec-17,Exports: Comoros,0
01-Dec-17,Exports: Costa Rica,3.5
01-Dec-17,Exports: Cote D'ivoire,4.2
01-Dec-17,Exports: Croatia,3.4
01-Dec-17,Exports: Cuba,0
01-Dec-17,Exports: Cyprus,49.4
01-Dec-17,"Exports: Czech, Republic",72.2
01-Dec-17,Exports: Denmark,37
01-Dec-17,Exports: Djibouti,0.3
01-Dec-17,Exports: Dominican Rep,1
01-Dec-17,Exports: Ecuador,3.4
01-Dec-17,Exports: Egypt,33.9
01-Dec-17,Exports: El Salvador,1
01-Dec-17,Exports: Estonia,1.4
01-Dec-17,Exports: Eswatini,0.1
01-Dec-17,Exports: Ethiopia,1.5
01-Dec-17,Exports: Fiji,25
01-Dec-17,Exports: Finland,20.5
01-Dec-17,Exports: France,516
01-Dec-17,Exports: French Polynesia,1.4
01-Dec-17,Exports: Gabon,1.1
01-Dec-17,Exports: Germany,655
01-Dec-17,Exports: Ghana,6.2
01-Dec-17,Exports: Greece,109
01-Dec-17,Exports: Guam,40.9
01-Dec-17,Exports: Guatemala,1.8
01-Dec-17,Exports: Guinea,3.1
01-Dec-17,Exports: Guyana,0
01-Dec-17,Exports: Honduras,0
01-Dec-17,Exports: Hong Kong SAR (China),4767.5
01-Dec-17,Exports: Hungary,18.6
01-Dec-17,Exports: India,1395.2
01-Dec-17,Exports: Indonesia,3815.1
01-Dec-17,Exports: Iran,38.5
01-Dec-17,Exports: Ireland,20.3
01-Dec-17,Exports: Israel,93.6
01-Dec-17,Exports: Italy,108.5
01-Dec-17,Exports: Jamaica,0.6
01-Dec-17,Exports: Japan,1961.8
01-Dec-17,Exports: Jordan,3.7
01-Dec-17,Exports: Kazakhstan,3.3
01-Dec-17,Exports: Kenya,7.9
01-Dec-17,Exports: Kuwait,47.1
01-Dec-17,Exports: Lao Peo Dem Rep,3.9
01-Dec-17,Exports: Latvia,3.1
01-Dec-17,Exports: Lebanon,4.8
01-Dec-17,Exports: Liberia,328.4
01-Dec-17,Exports: Libyan Arab Jamahiriya,1.3
01-Dec-17,Exports: Lithuania,1.1
01-Dec-17,Exports: Luxembourg,3.3
01-Dec-17,Exports: Macau SAR (China),52.9
01-Dec-17,Exports: Madagascar,1.2
01-Dec-17,Exports: Malaysia,5121.6
01-Dec-17,Exports: Maldives Rep of,31.8
01-Dec-17,Exports: Malta,169.8
01-Dec-17,Exports: Marshall Islands,366.9
01-Dec-17,Exports: Mauritius,6
01-Dec-17,Exports: Mexico,121.9
01-Dec-17,Exports: Mongolian Peo Rep,10.3
01-Dec-17,Exports: Morocco,17
01-Dec-17,Exports: Mozambique,1.4
01-Dec-17,Exports: Myanmar,349
01-Dec-17,Exports: Nepal,10.6
01-Dec-17,Exports: Netherlands Antilles,0.8
01-Dec-17,Exports: Netherlands,950.5
01-Dec-17,Exports: New Caledonia,38.6
01-Dec-17,Exports: New Zealand,229.9
01-Dec-17,Exports: Nigeria,29.2
01-Dec-17,Exports: Northern Mariana Islands,2.1
01-Dec-17,Exports: Norway,43.7
01-Dec-17,Exports: Oman,27.2
01-Dec-17,Exports: Other Countries of Africa,8.7
01-Dec-17,Exports: Other Countries of America,8.2
01-Dec-17,Exports: Other Countries of Asia,24.1
01-Dec-17,Exports: Other Countries of Europe,45.1
01-Dec-17,Exports: Other Countries of Oceania,7.3
01-Dec-17,Exports: Pakistan,103.8
01-Dec-17,Exports: Panama,586.2
01-Dec-17,Exports: Papua New Guinea,48.6
01-Dec-17,Exports: Paraguay,1
01-Dec-17,Exports: Peru,4.9
01-Dec-17,Exports: Philippines,829.5
01-Dec-17,Exports: Poland,30.2
01-Dec-17,Exports: Portugal,47.2
01-Dec-17,Exports: Puerto Rico,43
01-Dec-17,Exports: Qatar,83.3
01-Dec-17,Exports: Reunion,58.8
01-Dec-17,Exports: Romania,6.1
01-Dec-17,Exports: Russia,56.3
01-Dec-17,Exports: Saint Vincent and the Grenadines,3.6
01-Dec-17,Exports: Samoa,6
01-Dec-17,Exports: Saudi Arabia,78.6
01-Dec-17,Exports: Seychelles,1.8
01-Dec-17,Exports: Slovak Republic,2.9
01-Dec-17,Exports: Slovenia,7.3
01-Dec-17,Exports: Solomon Islands,9.3
01-Dec-17,Exports: South Africa,51.4
01-Dec-17,Exports: South Korea,2139.7
01-Dec-17,Exports: Spain,41.9
01-Dec-17,Exports: Sri Lanka,175.9
01-Dec-17,Exports: Sudan,0.7
01-Dec-17,Exports: Sweden,20.6
01-Dec-17,Exports: Switzerland,213.8
01-Dec-17,Exports: Syrian Arab Rep,0.9
01-Dec-17,Exports: Taiwan,1836.5
01-Dec-17,Exports: Tanzania,3.6
01-Dec-17,Exports: Thailand,1505.5
01-Dec-17,Exports: Trinidad & Tobago,2
01-Dec-17,Exports: Tunisia,2.8
01-Dec-17,Exports: Turkey,80
01-Dec-17,Exports: USA,2637
01-Dec-17,Exports: Ukraine,3.4
01-Dec-17,Exports: United Arab Emirates,422.5
01-Dec-17,Exports: United Kingdom,335.4
01-Dec-17,Exports: Uruguay,1
01-Dec-17,Exports: Vanuatu,3.5
01-Dec-17,Exports: Venezuela,1.4
01-Dec-17,Exports: Vietnam,1469.7
01-Dec-17,Exports: Yemen,2.2
01-Dec-17,Exports: Zambia,0.1
01-Dec-17,Exports: Zimbabwe,0.7
01-Jan-18,Exports: Afghanistan,2.6
01-Jan-18,Exports: Algeria,4
01-Jan-18,Exports: Angola,7.5
01-Jan-18,Exports: Antigua and Barbuda,10.5
01-Jan-18,Exports: Argentina,9.6
01-Jan-18,Exports: Australia,1342.3
01-Jan-18,Exports: Austria,24.2
01-Jan-18,Exports: Bahamas,103.7
01-Jan-18,Exports: Bahrain,9.1
01-Jan-18,Exports: Bangladesh,301.1
01-Jan-18,Exports: Belarus,0.2
01-Jan-18,Exports: Belgium,607.4
01-Jan-18,Exports: Benin,2.1
01-Jan-18,Exports: Bermuda,9.4
01-Jan-18,Exports: Brazil,96
01-Jan-18,Exports: Brunei,65.7
01-Jan-18,Exports: Bulgaria,5.9
01-Jan-18,Exports: Cambodia,117.7
01-Jan-18,Exports: Cameroon,1.8
01-Jan-18,Exports: Canada,114.6
01-Jan-18,Exports: Chile,8.3
01-Jan-18,Exports: China,5688.5
01-Jan-18,Exports: Christmas Islands,0
01-Jan-18,Exports: Colombia,10
01-Jan-18,Exports: Comoros,0.1
01-Jan-18,Exports: Costa Rica,2.5
01-Jan-18,Exports: Cote D'ivoire,1.7
01-Jan-18,Exports: Croatia,8.4
01-Jan-18,Exports: Cuba,0
01-Jan-18,Exports: Cyprus,48.9
01-Jan-18,"Exports: Czech, Republic",63.6
01-Jan-18,Exports: Denmark,24.3
01-Jan-18,Exports: Djibouti,1.4
01-Jan-18,Exports: Dominican Rep,0.6
01-Jan-18,Exports: Ecuador,5.3
01-Jan-18,Exports: Egypt,37.6
01-Jan-18,Exports: El Salvador,0.6
01-Jan-18,Exports: Estonia,0.7
01-Jan-18,Exports: Eswatini,0.4
01-Jan-18,Exports: Ethiopia,8.2
01-Jan-18,Exports: Fiji,42.2
01-Jan-18,Exports: Finland,13.3
01-Jan-18,Exports: France,446.4
01-Jan-18,Exports: French Polynesia,7.5
01-Jan-18,Exports: Gabon,1.2
01-Jan-18,Exports: Germany,698.7
01-Jan-18,Exports: Ghana,5.7
01-Jan-18,Exports: Greece,118.2
01-Jan-18,Exports: Guam,53.9
01-Jan-18,Exports: Guatemala,1.4
01-Jan-18,Exports: Guinea,1.2
01-Jan-18,Exports: Guyana,0.3
01-Jan-18,Exports: Honduras,0.2
01-Jan-18,Exports: Hong Kong SAR (China),4990.6
01-Jan-18,Exports: Hungary,36.5
01-Jan-18,Exports: India,1335.5
01-Jan-18,Exports: Indonesia,3778.2
01-Jan-18,Exports: Iran,23.5
01-Jan-18,Exports: Ireland,34.6
01-Jan-18,Exports: Israel,84.9
01-Jan-18,Exports: Italy,93.7
01-Jan-18,Exports: Jamaica,0.4
01-Jan-18,Exports: Japan,2179
01-Jan-18,Exports: Jordan,4.1
01-Jan-18,Exports: Kazakhstan,1.1
01-Jan-18,Exports: Kenya,5.3
01-Jan-18,Exports: Kuwait,29.4
01-Jan-18,Exports: Lao Peo Dem Rep,4
01-Jan-18,Exports: Latvia,1.7
01-Jan-18,Exports: Lebanon,5
01-Jan-18,Exports: Liberia,326.8
01-Jan-18,Exports: Libyan Arab Jamahiriya,2.2
01-Jan-18,Exports: Lithuania,1.8
01-Jan-18,Exports: Luxembourg,5.2
01-Jan-18,Exports: Macau SAR (China),42
01-Jan-18,Exports: Madagascar,1.6
01-Jan-18,Exports: Malaysia,4834.7
01-Jan-18,Exports: Maldives Rep of,29.9
01-Jan-18,Exports: Malta,171
01-Jan-18,Exports: Marshall Islands,359.6
01-Jan-18,Exports: Mauritius,4.9
01-Jan-18,Exports: Mexico,91.4
01-Jan-18,Exports: Mongolian Peo Rep,10.7
01-Jan-18,Exports: Morocco,15
01-Jan-18,Exports: Mozambique,1.3
01-Jan-18,Exports: Myanmar,300.7
01-Jan-18,Exports: Nepal,10.5
01-Jan-18,Exports: Netherlands Antilles,0
01-Jan-18,Exports: Netherlands,1071.1
01-Jan-18,Exports: New Caledonia,33.2
01-Jan-18,Exports: New Zealand,217.2
01-Jan-18,Exports: Nigeria,13.3
01-Jan-18,Exports: Northern Mariana Islands,1.6
01-Jan-18,Exports: Norway,39
01-Jan-18,Exports: Oman,13.3
01-Jan-18,Exports: Other Countries of Africa,10.5
01-Jan-18,Exports: Other Countries of America,15.2
01-Jan-18,Exports: Other Countries of Asia,10.8
01-Jan-18,Exports: Other Countries of Europe,65
01-Jan-18,Exports: Other Countries of Oceania,8.9
01-Jan-18,Exports: Pakistan,108.1
01-Jan-18,Exports: Panama,479.5
01-Jan-18,Exports: Papua New Guinea,65.1
01-Jan-18,Exports: Paraguay,0.5
01-Jan-18,Exports: Peru,8.6
01-Jan-18,Exports: Philippines,912.2
01-Jan-18,Exports: Poland,35.7
01-Jan-18,Exports: Portugal,36.1
01-Jan-18,Exports: Puerto Rico,117.3
01-Jan-18,Exports: Qatar,183
01-Jan-18,Exports: Reunion,52.6
01-Jan-18,Exports: Romania,5.7
01-Jan-18,Exports: Russia,81.1
01-Jan-18,Exports: Saint Vincent and the Grenadines,1.5
01-Jan-18,Exports: Samoa,8
01-Jan-18,Exports: Saudi Arabia,69
01-Jan-18,Exports: Seychelles,1.5
01-Jan-18,Exports: Slovak Republic,2.8
01-Jan-18,Exports: Slovenia,6.7
01-Jan-18,Exports: Solomon Islands,4.6
01-Jan-18,Exports: South Africa,73.3
01-Jan-18,Exports: South Korea,1894.7
01-Jan-18,Exports: Spain,43.7
01-Jan-18,Exports: Sri Lanka,229
01-Jan-18,Exports: Sudan,1
01-Jan-18,Exports: Sweden,24.7
01-Jan-18,Exports: Switzerland,287.8
01-Jan-18,Exports: Syrian Arab Rep,0.6
01-Jan-18,Exports: Taiwan,1823.7
01-Jan-18,Exports: Tanzania,3.7
01-Jan-18,Exports: Thailand,1728.3
01-Jan-18,Exports: Trinidad & Tobago,1
01-Jan-18,Exports: Tunisia,1.3
01-Jan-18,Exports: Turkey,61.3
01-Jan-18,Exports: USA,3230.5
01-Jan-18,Exports: Ukraine,1.7
01-Jan-18,Exports: United Arab Emirates,354.8
01-Jan-18,Exports: United Kingdom,347.7
01-Jan-18,Exports: Uruguay,2
01-Jan-18,Exports: Vanuatu,4
01-Jan-18,Exports: Venezuela,0.3
01-Jan-18,Exports: Vietnam,1368.1
01-Jan-18,Exports: Yemen,0.6
01-Jan-18,Exports: Zambia,0.5
01-Jan-18,Exports: Zimbabwe,1.4
01-Feb-18,Exports: Afghanistan,2.4
01-Feb-18,Exports: Algeria,109.3
01-Feb-18,Exports: Angola,2.4
01-Feb-18,Exports: Antigua and Barbuda,15.2
01-Feb-18,Exports: Argentina,10.6
01-Feb-18,Exports: Australia,1196.7
01-Feb-18,Exports: Austria,18.3
01-Feb-18,Exports: Bahamas,97.2
01-Feb-18,Exports: Bahrain,7.1
01-Feb-18,Exports: Bangladesh,315.2
01-Feb-18,Exports: Belarus,0.3
01-Feb-18,Exports: Belgium,461.1
01-Feb-18,Exports: Benin,1.8
01-Feb-18,Exports: Bermuda,10.6
01-Feb-18,Exports: Brazil,106.8
01-Feb-18,Exports: Brunei,66.4
01-Feb-18,Exports: Bulgaria,2.9
01-Feb-18,Exports: Cambodia,511.2
01-Feb-18,Exports: Cameroon,1.2
01-Feb-18,Exports: Canada,59.9
01-Feb-18,Exports: Chile,12.1
01-Feb-18,Exports: China,4646.3
01-Feb-18,Exports: Christmas Islands,0
01-Feb-18,Exports: Colombia,11.2
01-Feb-18,Exports: Comoros,0.7
01-Feb-18,Exports: Costa Rica,4.5
01-Feb-18,Exports: Cote D'ivoire,2.7
01-Feb-18,Exports: Croatia,4
01-Feb-18,Exports: Cuba,0
01-Feb-18,Exports: Cyprus,48.3
01-Feb-18,"Exports: Czech, Republic",47.9
01-Feb-18,Exports: Denmark,23.8
01-Feb-18,Exports: Djibouti,0.5
01-Feb-18,Exports: Dominican Rep,3.1
01-Feb-18,Exports: Ecuador,5.2
01-Feb-18,Exports: Egypt,29.6
01-Feb-18,Exports: El Salvador,0.2
01-Feb-18,Exports: Estonia,0.7
01-Feb-18,Exports: Eswatini,0.1
01-Feb-18,Exports: Ethiopia,5.7
01-Feb-18,Exports: Fiji,33.7
01-Feb-18,Exports: Finland,6.2
01-Feb-18,Exports: France,392.9
01-Feb-18,Exports: French Polynesia,18
01-Feb-18,Exports: Gabon,2.6
01-Feb-18,Exports: Germany,616.8
01-Feb-18,Exports: Ghana,6.5
01-Feb-18,Exports: Greece,124.2
01-Feb-18,Exports: Guam,21.5
01-Feb-18,Exports: Guatemala,1.2
01-Feb-18,Exports: Guinea,1.9
01-Feb-18,Exports: Guyana,0.4
01-Feb-18,Exports: Honduras,0.7
01-Feb-18,Exports: Hong Kong SAR (China),4231.7
01-Feb-18,Exports: Hungary,30.1
01-Feb-18,Exports: India,1238.8
01-Feb-18,Exports: Indonesia,3061.4
01-Feb-18,Exports: Iran,12.1
01-Feb-18,Exports: Ireland,44.7
01-Feb-18,Exports: Israel,73.5
01-Feb-18,Exports: Italy,85.6
01-Feb-18,Exports: Jamaica,0.3
01-Feb-18,Exports: Japan,2049.4
01-Feb-18,Exports: Jordan,3.9
01-Feb-18,Exports: Kazakhstan,0.9
01-Feb-18,Exports: Kenya,5.1
01-Feb-18,Exports: Kuwait,18.5
01-Feb-18,Exports: Lao Peo Dem Rep,3.7
01-Feb-18,Exports: Latvia,2.1
01-Feb-18,Exports: Lebanon,4.6
01-Feb-18,Exports: Liberia,388.9
01-Feb-18,Exports: Libyan Arab Jamahiriya,0.3
01-Feb-18,Exports: Lithuania,1.5
01-Feb-18,Exports: Luxembourg,11.4
01-Feb-18,Exports: Macau SAR (China),33.9
01-Feb-18,Exports: Madagascar,1.6
01-Feb-18,Exports: Malaysia,4120.8
01-Feb-18,Exports: Maldives Rep of,30.3
01-Feb-18,Exports: Malta,180.6
01-Feb-18,Exports: Marshall Islands,485.1
01-Feb-18,Exports: Mauritius,4
01-Feb-18,Exports: Mexico,80.1
01-Feb-18,Exports: Mongolian Peo Rep,29.7
01-Feb-18,Exports: Morocco,13.2
01-Feb-18,Exports: Mozambique,3.3
01-Feb-18,Exports: Myanmar,312
01-Feb-18,Exports: Nepal,8
01-Feb-18,Exports: Netherlands Antilles,0
01-Feb-18,Exports: Netherlands,946.1
01-Feb-18,Exports: New Caledonia,44.6
01-Feb-18,Exports: New Zealand,199.4
01-Feb-18,Exports: Nigeria,26.6
01-Feb-18,Exports: Northern Mariana Islands,1.7
01-Feb-18,Exports: Norway,43.6
01-Feb-18,Exports: Oman,13.8
01-Feb-18,Exports: Other Countries of Africa,10.6
01-Feb-18,Exports: Other Countries of America,18.9
01-Feb-18,Exports: Other Countries of Asia,7.8
01-Feb-18,Exports: Other Countries of Europe,61.3
01-Feb-18,Exports: Other Countries of Oceania,6.2
01-Feb-18,Exports: Pakistan,128.7
01-Feb-18,Exports: Panama,554.4
01-Feb-18,Exports: Papua New Guinea,30.2
01-Feb-18,Exports: Paraguay,0.2
01-Feb-18,Exports: Peru,7.4
01-Feb-18,Exports: Philippines,793.8
01-Feb-18,Exports: Poland,30.9
01-Feb-18,Exports: Portugal,52.7
01-Feb-18,Exports: Puerto Rico,67.7
01-Feb-18,Exports: Qatar,45.8
01-Feb-18,Exports: Reunion,67.1
01-Feb-18,Exports: Romania,4.3
01-Feb-18,Exports: Russia,56.9
01-Feb-18,Exports: Saint Vincent and the Grenadines,1.9
01-Feb-18,Exports: Samoa,4
01-Feb-18,Exports: Saudi Arabia,70.5
01-Feb-18,Exports: Seychelles,2.3
01-Feb-18,Exports: Slovak Republic,2.6
01-Feb-18,Exports: Slovenia,4.6
01-Feb-18,Exports: Solomon Islands,6.1
01-Feb-18,Exports: South Africa,59
01-Feb-18,Exports: South Korea,1576.3
01-Feb-18,Exports: Spain,28.5
01-Feb-18,Exports: Sri Lanka,222.6
01-Feb-18,Exports: Sudan,0.2
01-Feb-18,Exports: Sweden,20.2
01-Feb-18,Exports: Switzerland,171.8
01-Feb-18,Exports: Syrian Arab Rep,0.9
01-Feb-18,Exports: Taiwan,1638.2
01-Feb-18,Exports: Tanzania,4.5
01-Feb-18,Exports: Thailand,1416.8
01-Feb-18,Exports: Trinidad & Tobago,1.7
01-Feb-18,Exports: Tunisia,1.4
01-Feb-18,Exports: Turkey,45.5
01-Feb-18,Exports: USA,2980.4
01-Feb-18,Exports: Ukraine,2.2
01-Feb-18,Exports: United Arab Emirates,386
01-Feb-18,Exports: United Kingdom,352.7
01-Feb-18,Exports: Uruguay,1.8
01-Feb-18,Exports: Vanuatu,12
01-Feb-18,Exports: Venezuela,0.2
01-Feb-18,Exports: Vietnam,1053.8
01-Feb-18,Exports: Yemen,0.7
01-Feb-18,Exports: Zambia,0.1
01-Feb-18,Exports: Zimbabwe,0.7
01-Mar-18,Exports: Afghanistan,3.6
01-Mar-18,Exports: Algeria,6.6
01-Mar-18,Exports: Angola,11.5
01-Mar-18,Exports: Antigua and Barbuda,14.5
01-Mar-18,Exports: Argentina,11.1
01-Mar-18,Exports: Australia,1424.7
01-Mar-18,Exports: Austria,23
01-Mar-18,Exports: Bahamas,87.7
01-Mar-18,Exports: Bahrain,10.7
01-Mar-18,Exports: Bangladesh,373.5
01-Mar-18,Exports: Belarus,0.2
01-Mar-18,Exports: Belgium,481.2
01-Mar-18,Exports: Benin,1.7
01-Mar-18,Exports: Bermuda,14.9
01-Mar-18,Exports: Brazil,121
01-Mar-18,Exports: Brunei,88
01-Mar-18,Exports: Bulgaria,5.5
01-Mar-18,Exports: Cambodia,431.7
01-Mar-18,Exports: Cameroon,1.6
01-Mar-18,Exports: Canada,151.9
01-Mar-18,Exports: Chile,9.8
01-Mar-18,Exports: China,5408.7
01-Mar-18,Exports: Christmas Islands,0.1
01-Mar-18,Exports: Colombia,10.2
01-Mar-18,Exports: Comoros,0.4
01-Mar-18,Exports: Costa Rica,2.4
01-Mar-18,Exports: Cote D'ivoire,1.2
01-Mar-18,Exports: Croatia,1.1
01-Mar-18,Exports: Cuba,0.3
01-Mar-18,Exports: Cyprus,41.7
01-Mar-18,"Exports: Czech, Republic",51.6
01-Mar-18,Exports: Denmark,26.7
01-Mar-18,Exports: Djibouti,0.9
01-Mar-18,Exports: Dominican Rep,1.5
01-Mar-18,Exports: Ecuador,7.5
01-Mar-18,Exports: Egypt,35.2
01-Mar-18,Exports: El Salvador,0.2
01-Mar-18,Exports: Estonia,0.9
01-Mar-18,Exports: Eswatini,0.2
01-Mar-18,Exports: Ethiopia,6.1
01-Mar-18,Exports: Fiji,40.7
01-Mar-18,Exports: Finland,17.7
01-Mar-18,Exports: France,426.9
01-Mar-18,Exports: French Polynesia,1.4
01-Mar-18,Exports: Gabon,2.3
01-Mar-18,Exports: Germany,712.6
01-Mar-18,Exports: Ghana,10.4
01-Mar-18,Exports: Greece,93.9
01-Mar-18,Exports: Guam,21
01-Mar-18,Exports: Guatemala,1.6
01-Mar-18,Exports: Guinea,1.2
01-Mar-18,Exports: Guyana,0.3
01-Mar-18,Exports: Honduras,0.9
01-Mar-18,Exports: Hong Kong SAR (China),5324.8
01-Mar-18,Exports: Hungary,27.5
01-Mar-18,Exports: India,1417.2
01-Mar-18,Exports: Indonesia,3747.1
01-Mar-18,Exports: Iran,38.1
01-Mar-18,Exports: Ireland,23.9
01-Mar-18,Exports: Israel,100.2
01-Mar-18,Exports: Italy,133.9
01-Mar-18,Exports: Jamaica,0.4
01-Mar-18,Exports: Japan,2317.6
01-Mar-18,Exports: Jordan,4.1
01-Mar-18,Exports: Kazakhstan,3.6
01-Mar-18,Exports: Kenya,5.4
01-Mar-18,Exports: Kuwait,16.8
01-Mar-18,Exports: Lao Peo Dem Rep,2.9
01-Mar-18,Exports: Latvia,1.6
01-Mar-18,Exports: Lebanon,3.5
01-Mar-18,Exports: Liberia,345
01-Mar-18,Exports: Libyan Arab Jamahiriya,1.2
01-Mar-18,Exports: Lithuania,0.6
01-Mar-18,Exports: Luxembourg,3.7
01-Mar-18,Exports: Macau SAR (China),35.2
01-Mar-18,Exports: Madagascar,1
01-Mar-18,Exports: Malaysia,4767.3
01-Mar-18,Exports: Maldives Rep of,27.8
01-Mar-18,Exports: Malta,162.1
01-Mar-18,Exports: Marshall Islands,362.2
01-Mar-18,Exports: Mauritius,6.2
01-Mar-18,Exports: Mexico,128.9
01-Mar-18,Exports: Mongolian Peo Rep,9.6
01-Mar-18,Exports: Morocco,20.9
01-Mar-18,Exports: Mozambique,0.8
01-Mar-18,Exports: Myanmar,335.8
01-Mar-18,Exports: Nepal,18.4
01-Mar-18,Exports: Netherlands Antilles,0.1
01-Mar-18,Exports: Netherlands,977.6
01-Mar-18,Exports: New Caledonia,47
01-Mar-18,Exports: New Zealand,182.2
01-Mar-18,Exports: Nigeria,18.3
01-Mar-18,Exports: Northern Mariana Islands,7.6
01-Mar-18,Exports: Norway,46.1
01-Mar-18,Exports: Oman,28.4
01-Mar-18,Exports: Other Countries of Africa,10.4
01-Mar-18,Exports: Other Countries of America,18.9
01-Mar-18,Exports: Other Countries of Asia,13.7
01-Mar-18,Exports: Other Countries of Europe,43.1
01-Mar-18,Exports: Other Countries of Oceania,9.2
01-Mar-18,Exports: Pakistan,107.4
01-Mar-18,Exports: Panama,762.5
01-Mar-18,Exports: Papua New Guinea,81.9
01-Mar-18,Exports: Paraguay,0.6
01-Mar-18,Exports: Peru,6.6
01-Mar-18,Exports: Philippines,926.9
01-Mar-18,Exports: Poland,35.3
01-Mar-18,Exports: Portugal,54.1
01-Mar-18,Exports: Puerto Rico,166.5
01-Mar-18,Exports: Qatar,54
01-Mar-18,Exports: Reunion,35.1
01-Mar-18,Exports: Romania,6.2
01-Mar-18,Exports: Russia,71.5
01-Mar-18,Exports: Saint Vincent and the Grenadines,4.2
01-Mar-18,Exports: Samoa,9.7
01-Mar-18,Exports: Saudi Arabia,89.3
01-Mar-18,Exports: Seychelles,2.7
01-Mar-18,Exports: Slovak Republic,3
01-Mar-18,Exports: Slovenia,8.7
01-Mar-18,Exports: Solomon Islands,7
01-Mar-18,Exports: South Africa,74
01-Mar-18,Exports: South Korea,2147.3
01-Mar-18,Exports: Spain,38.4
01-Mar-18,Exports: Sri Lanka,210.8
01-Mar-18,Exports: Sudan,0.7
01-Mar-18,Exports: Sweden,21.8
01-Mar-18,Exports: Switzerland,258.9
01-Mar-18,Exports: Syrian Arab Rep,0.9
01-Mar-18,Exports: Taiwan,1860.4
01-Mar-18,Exports: Tanzania,3.6
01-Mar-18,Exports: Thailand,1794.8
01-Mar-18,Exports: Trinidad & Tobago,1.3
01-Mar-18,Exports: Tunisia,2
01-Mar-18,Exports: Turkey,75.1
01-Mar-18,Exports: USA,3381.6
01-Mar-18,Exports: Ukraine,1.3
01-Mar-18,Exports: United Arab Emirates,490.2
01-Mar-18,Exports: United Kingdom,349.6
01-Mar-18,Exports: Uruguay,2.2
01-Mar-18,Exports: Vanuatu,3.2
01-Mar-18,Exports: Venezuela,0.1
01-Mar-18,Exports: Vietnam,1436.3
01-Mar-18,Exports: Yemen,1.9
01-Mar-18,Exports: Zambia,0.1
01-Mar-18,Exports: Zimbabwe,6
01-Apr-18,Exports: Afghanistan,2
01-Apr-18,Exports: Algeria,2.1
01-Apr-18,Exports: Angola,8.2
01-Apr-18,Exports: Antigua and Barbuda,12.8
01-Apr-18,Exports: Argentina,14.1
01-Apr-18,Exports: Australia,1741.9
01-Apr-18,Exports: Austria,19.4
01-Apr-18,Exports: Bahamas,98.9
01-Apr-18,Exports: Bahrain,21
01-Apr-18,Exports: Bangladesh,359.4
01-Apr-18,Exports: Belarus,0.1
01-Apr-18,Exports: Belgium,671.3
01-Apr-18,Exports: Benin,0.5
01-Apr-18,Exports: Bermuda,17.6
01-Apr-18,Exports: Brazil,139.5
01-Apr-18,Exports: Brunei,86.2
01-Apr-18,Exports: Bulgaria,4.5
01-Apr-18,Exports: Cambodia,349.4
01-Apr-18,Exports: Cameroon,4.3
01-Apr-18,Exports: Canada,80.5
01-Apr-18,Exports: Chile,8.7
01-Apr-18,Exports: China,5861.2
01-Apr-18,Exports: Christmas Islands,0
01-Apr-18,Exports: Colombia,9.6
01-Apr-18,Exports: Comoros,0.1
01-Apr-18,Exports: Costa Rica,3.5
01-Apr-18,Exports: Cote D'ivoire,4.7
01-Apr-18,Exports: Croatia,1
01-Apr-18,Exports: Cuba,0
01-Apr-18,Exports: Cyprus,43.4
01-Apr-18,"Exports: Czech, Republic",65.5
01-Apr-18,Exports: Denmark,31.2
01-Apr-18,Exports: Djibouti,1.7
01-Apr-18,Exports: Dominican Rep,1.1
01-Apr-18,Exports: Ecuador,8
01-Apr-18,Exports: Egypt,33
01-Apr-18,Exports: El Salvador,0.7
01-Apr-18,Exports: Estonia,0.7
01-Apr-18,Exports: Eswatini,0.3
01-Apr-18,Exports: Ethiopia,0.8
01-Apr-18,Exports: Fiji,24
01-Apr-18,Exports: Finland,7
01-Apr-18,Exports: France,473.7
01-Apr-18,Exports: French Polynesia,2.3
01-Apr-18,Exports: Gabon,1
01-Apr-18,Exports: Germany,648.4
01-Apr-18,Exports: Ghana,7.6
01-Apr-18,Exports: Greece,97.6
01-Apr-18,Exports: Guam,32.3
01-Apr-18,Exports: Guatemala,1.6
01-Apr-18,Exports: Guinea,9.4
01-Apr-18,Exports: Guyana,0.4
01-Apr-18,Exports: Honduras,0.2
01-Apr-18,Exports: Hong Kong SAR (China),4878
01-Apr-18,Exports: Hungary,29.2
01-Apr-18,Exports: India,1297.4
01-Apr-18,Exports: Indonesia,3536.3
01-Apr-18,Exports: Iran,48.8
01-Apr-18,Exports: Ireland,20
01-Apr-18,Exports: Israel,98
01-Apr-18,Exports: Italy,78.8
01-Apr-18,Exports: Jamaica,0.5
01-Apr-18,Exports: Japan,2037.4
01-Apr-18,Exports: Jordan,3
01-Apr-18,Exports: Kazakhstan,1.6
01-Apr-18,Exports: Kenya,5.8
01-Apr-18,Exports: Kuwait,12.4
01-Apr-18,Exports: Lao Peo Dem Rep,4.9
01-Apr-18,Exports: Latvia,1.4
01-Apr-18,Exports: Lebanon,4.1
01-Apr-18,Exports: Liberia,305.6
01-Apr-18,Exports: Libyan Arab Jamahiriya,2.5
01-Apr-18,Exports: Lithuania,1.3
01-Apr-18,Exports: Luxembourg,5.3
01-Apr-18,Exports: Macau SAR (China),34.9
01-Apr-18,Exports: Madagascar,2.1
01-Apr-18,Exports: Malaysia,4914
01-Apr-18,Exports: Maldives Rep of,29.7
01-Apr-18,Exports: Malta,168.3
01-Apr-18,Exports: Marshall Islands,406.9
01-Apr-18,Exports: Mauritius,5.8
01-Apr-18,Exports: Mexico,120.9
01-Apr-18,Exports: Mongolian Peo Rep,12.4
01-Apr-18,Exports: Morocco,15.4
01-Apr-18,Exports: Mozambique,33.7
01-Apr-18,Exports: Myanmar,283.8
01-Apr-18,Exports: Nepal,8.1
01-Apr-18,Exports: Netherlands Antilles,2.3
01-Apr-18,Exports: Netherlands,1044.7
01-Apr-18,Exports: New Caledonia,19.9
01-Apr-18,Exports: New Zealand,257.8
01-Apr-18,Exports: Nigeria,52.6
01-Apr-18,Exports: Northern Mariana Islands,6.9
01-Apr-18,Exports: Norway,67.7
01-Apr-18,Exports: Oman,26.1
01-Apr-18,Exports: Other Countries of Africa,56.2
01-Apr-18,Exports: Other Countries of America,19.3
01-Apr-18,Exports: Other Countries of Asia,8.9
01-Apr-18,Exports: Other Countries of Europe,46.2
01-Apr-18,Exports: Other Countries of Oceania,6.6
01-Apr-18,Exports: Pakistan,89.9
01-Apr-18,Exports: Panama,827.6
01-Apr-18,Exports: Papua New Guinea,62.6
01-Apr-18,Exports: Paraguay,0.7
01-Apr-18,Exports: Peru,7.8
01-Apr-18,Exports: Philippines,807
01-Apr-18,Exports: Poland,34.5
01-Apr-18,Exports: Portugal,43.8
01-Apr-18,Exports: Puerto Rico,141.9
01-Apr-18,Exports: Qatar,66.5
01-Apr-18,Exports: Reunion,36.6
01-Apr-18,Exports: Romania,7.3
01-Apr-18,Exports: Russia,66.9
01-Apr-18,Exports: Saint Vincent and the Grenadines,2.3
01-Apr-18,Exports: Samoa,0.2
01-Apr-18,Exports: Saudi Arabia,86
01-Apr-18,Exports: Seychelles,33.4
01-Apr-18,Exports: Slovak Republic,3.3
01-Apr-18,Exports: Slovenia,5.8
01-Apr-18,Exports: Solomon Islands,10.2
01-Apr-18,Exports: South Africa,43.5
01-Apr-18,Exports: South Korea,1691.6
01-Apr-18,Exports: Spain,32.1
01-Apr-18,Exports: Sri Lanka,220.6
01-Apr-18,Exports: Sudan,0.3
01-Apr-18,Exports: Sweden,25.8
01-Apr-18,Exports: Switzerland,201.9
01-Apr-18,Exports: Syrian Arab Rep,0.9
01-Apr-18,Exports: Taiwan,1730.8
01-Apr-18,Exports: Tanzania,7.2
01-Apr-18,Exports: Thailand,1709.9
01-Apr-18,Exports: Trinidad & Tobago,0.7
01-Apr-18,Exports: Tunisia,1.6
01-Apr-18,Exports: Turkey,49.8
01-Apr-18,Exports: USA,3394.3
01-Apr-18,Exports: Ukraine,1.3
01-Apr-18,Exports: United Arab Emirates,424.6
01-Apr-18,Exports: United Kingdom,417.4
01-Apr-18,Exports: Uruguay,1.2
01-Apr-18,Exports: Vanuatu,2.5
01-Apr-18,Exports: Venezuela,0.6
01-Apr-18,Exports: Vietnam,1151.4
01-Apr-18,Exports: Yemen,1
01-Apr-18,Exports: Zambia,0.4
01-Apr-18,Exports: Zimbabwe,0.7
01-May-18,Exports: Afghanistan,2.9
01-May-18,Exports: Algeria,3.4
01-May-18,Exports: Angola,6.8
01-May-18,Exports: Antigua and Barbuda,10.5
01-May-18,Exports: Argentina,10.7
01-May-18,Exports: Australia,1384.5
01-May-18,Exports: Austria,24.6
01-May-18,Exports: Bahamas,106.2
01-May-18,Exports: Bahrain,12.9
01-May-18,Exports: Bangladesh,342.9
01-May-18,Exports: Belarus,0.1
01-May-18,Exports: Belgium,593.4
01-May-18,Exports: Benin,0.7
01-May-18,Exports: Bermuda,16.7
01-May-18,Exports: Brazil,141.1
01-May-18,Exports: Brunei,82.4
01-May-18,Exports: Bulgaria,3.7
01-May-18,Exports: Cambodia,726.7
01-May-18,Exports: Cameroon,19.5
01-May-18,Exports: Canada,136.8
01-May-18,Exports: Chile,6.2
01-May-18,Exports: China,6189.9
01-May-18,Exports: Christmas Islands,0
01-May-18,Exports: Colombia,8.6
01-May-18,Exports: Comoros,0.4
01-May-18,Exports: Costa Rica,6.6
01-May-18,Exports: Cote D'ivoire,4.2
01-May-18,Exports: Croatia,3.4
01-May-18,Exports: Cuba,0.3
01-May-18,Exports: Cyprus,53.8
01-May-18,"Exports: Czech, Republic",55.5
01-May-18,Exports: Denmark,15.4
01-May-18,Exports: Djibouti,2.8
01-May-18,Exports: Dominican Rep,1
01-May-18,Exports: Ecuador,6.9
01-May-18,Exports: Egypt,26.5
01-May-18,Exports: El Salvador,0.6
01-May-18,Exports: Estonia,0.7
01-May-18,Exports: Eswatini,0.3
01-May-18,Exports: Ethiopia,3.6
01-May-18,Exports: Fiji,43.8
01-May-18,Exports: Finland,6.1
01-May-18,Exports: France,402.2
01-May-18,Exports: French Polynesia,19.3
01-May-18,Exports: Gabon,1.6
01-May-18,Exports: Germany,689.3
01-May-18,Exports: Ghana,5.4
01-May-18,Exports: Greece,136.5
01-May-18,Exports: Guam,47.9
01-May-18,Exports: Guatemala,1.1
01-May-18,Exports: Guinea,12.1
01-May-18,Exports: Guyana,0.5
01-May-18,Exports: Honduras,0.8
01-May-18,Exports: Hong Kong SAR (China),5310.4
01-May-18,Exports: Hungary,29.1
01-May-18,Exports: India,1315.4
01-May-18,Exports: Indonesia,4145.4
01-May-18,Exports: Iran,114.5
01-May-18,Exports: Ireland,39
01-May-18,Exports: Israel,95.3
01-May-18,Exports: Italy,105.3
01-May-18,Exports: Jamaica,0.6
01-May-18,Exports: Japan,2063.8
01-May-18,Exports: Jordan,14.2
01-May-18,Exports: Kazakhstan,3.1
01-May-18,Exports: Kenya,7.8
01-May-18,Exports: Kuwait,21.1
01-May-18,Exports: Lao Peo Dem Rep,4
01-May-18,Exports: Latvia,2
01-May-18,Exports: Lebanon,5.8
01-May-18,Exports: Liberia,343.4
01-May-18,Exports: Libyan Arab Jamahiriya,2
01-May-18,Exports: Lithuania,0.9
01-May-18,Exports: Luxembourg,4.8
01-May-18,Exports: Macau SAR (China),34.3
01-May-18,Exports: Madagascar,2.2
01-May-18,Exports: Malaysia,4736.8
01-May-18,Exports: Maldives Rep of,28.2
01-May-18,Exports: Malta,173.8
01-May-18,Exports: Marshall Islands,379.5
01-May-18,Exports: Mauritius,6.4
01-May-18,Exports: Mexico,135.9
01-May-18,Exports: Mongolian Peo Rep,10.5
01-May-18,Exports: Morocco,16.5
01-May-18,Exports: Mozambique,1.4
01-May-18,Exports: Myanmar,327.8
01-May-18,Exports: Nepal,12.5
01-May-18,Exports: Netherlands Antilles,1.6
01-May-18,Exports: Netherlands,1035.4
01-May-18,Exports: New Caledonia,41.7
01-May-18,Exports: New Zealand,299.4
01-May-18,Exports: Nigeria,25.2
01-May-18,Exports: Northern Mariana Islands,3.3
01-May-18,Exports: Norway,34.5
01-May-18,Exports: Oman,17.8
01-May-18,Exports: Other Countries of Africa,118.7
01-May-18,Exports: Other Countries of America,20.9
01-May-18,Exports: Other Countries of Asia,9.1
01-May-18,Exports: Other Countries of Europe,41.6
01-May-18,Exports: Other Countries of Oceania,9
01-May-18,Exports: Pakistan,140.5
01-May-18,Exports: Panama,888.7
01-May-18,Exports: Papua New Guinea,47.5
01-May-18,Exports: Paraguay,0.4
01-May-18,Exports: Peru,9.8
01-May-18,Exports: Philippines,935.1
01-May-18,Exports: Poland,34.3
01-May-18,Exports: Portugal,40.9
01-May-18,Exports: Puerto Rico,162.6
01-May-18,Exports: Qatar,50.8
01-May-18,Exports: Reunion,75.5
01-May-18,Exports: Romania,7.3
01-May-18,Exports: Russia,66.6
01-May-18,Exports: Saint Vincent and the Grenadines,1.9
01-May-18,Exports: Samoa,5.3
01-May-18,Exports: Saudi Arabia,72.6
01-May-18,Exports: Seychelles,3.3
01-May-18,Exports: Slovak Republic,3.2
01-May-18,Exports: Slovenia,4.6
01-May-18,Exports: Solomon Islands,12.8
01-May-18,Exports: South Africa,98.4
01-May-18,Exports: South Korea,1737.5
01-May-18,Exports: Spain,34.7
01-May-18,Exports: Sri Lanka,220.7
01-May-18,Exports: Sudan,0.9
01-May-18,Exports: Sweden,27.8
01-May-18,Exports: Switzerland,335.4
01-May-18,Exports: Syrian Arab Rep,0.7
01-May-18,Exports: Taiwan,1858.6
01-May-18,Exports: Tanzania,4.5
01-May-18,Exports: Thailand,1763.4
01-May-18,Exports: Trinidad & Tobago,3
01-May-18,Exports: Tunisia,1.5
01-May-18,Exports: Turkey,112.9
01-May-18,Exports: USA,3623.9
01-May-18,Exports: Ukraine,1.6
01-May-18,Exports: United Arab Emirates,391
01-May-18,Exports: United Kingdom,1568.8
01-May-18,Exports: Uruguay,1.7
01-May-18,Exports: Vanuatu,7.4
01-May-18,Exports: Venezuela,2.5
01-May-18,Exports: Vietnam,1457.9
01-May-18,Exports: Yemen,1.5
01-May-18,Exports: Zambia,0
01-May-18,Exports: Zimbabwe,1.8
01-Jun-18,Exports: Afghanistan,1.3
01-Jun-18,Exports: Algeria,3.7
01-Jun-18,Exports: Angola,6.3
01-Jun-18,Exports: Antigua and Barbuda,13.6
01-Jun-18,Exports: Argentina,12.9
01-Jun-18,Exports: Australia,1263.4
01-Jun-18,Exports: Austria,45.4
01-Jun-18,Exports: Bahamas,98.9
01-Jun-18,Exports: Bahrain,11.6
01-Jun-18,Exports: Bangladesh,445.5
01-Jun-18,Exports: Belarus,0.1
01-Jun-18,Exports: Belgium,475.5
01-Jun-18,Exports: Benin,0.8
01-Jun-18,Exports: Bermuda,14.3
01-Jun-18,Exports: Brazil,120.2
01-Jun-18,Exports: Brunei,86.8
01-Jun-18,Exports: Bulgaria,2.5
01-Jun-18,Exports: Cambodia,677.6
01-Jun-18,Exports: Cameroon,1.6
01-Jun-18,Exports: Canada,80.7
01-Jun-18,Exports: Chile,7.7
01-Jun-18,Exports: China,5505.1
01-Jun-18,Exports: Christmas Islands,0
01-Jun-18,Exports: Colombia,9.2
01-Jun-18,Exports: Comoros,0.2
01-Jun-18,Exports: Costa Rica,4.4
01-Jun-18,Exports: Cote D'ivoire,3
01-Jun-18,Exports: Croatia,2.2
01-Jun-18,Exports: Cuba,0
01-Jun-18,Exports: Cyprus,61.8
01-Jun-18,"Exports: Czech, Republic",68.8
01-Jun-18,Exports: Denmark,58.4
01-Jun-18,Exports: Djibouti,0.5
01-Jun-18,Exports: Dominican Rep,0.7
01-Jun-18,Exports: Ecuador,8.5
01-Jun-18,Exports: Egypt,30.8
01-Jun-18,Exports: El Salvador,0.8
01-Jun-18,Exports: Estonia,0.9
01-Jun-18,Exports: Eswatini,0.1
01-Jun-18,Exports: Ethiopia,80.7
01-Jun-18,Exports: Fiji,46.6
01-Jun-18,Exports: Finland,11.4
01-Jun-18,Exports: France,637.2
01-Jun-18,Exports: French Polynesia,18.5
01-Jun-18,Exports: Gabon,1.4
01-Jun-18,Exports: Germany,689.7
01-Jun-18,Exports: Ghana,5.6
01-Jun-18,Exports: Greece,117.5
01-Jun-18,Exports: Guam,46.2
01-Jun-18,Exports: Guatemala,3.4
01-Jun-18,Exports: Guinea,1.3
01-Jun-18,Exports: Guyana,0.3
01-Jun-18,Exports: Honduras,0.3
01-Jun-18,Exports: Hong Kong SAR (China),5516.8
01-Jun-18,Exports: Hungary,46.1
01-Jun-18,Exports: India,1374.7
01-Jun-18,Exports: Indonesia,3566.4
01-Jun-18,Exports: Iran,42.4
01-Jun-18,Exports: Ireland,51.1
01-Jun-18,Exports: Israel,88.7
01-Jun-18,Exports: Italy,87.7
01-Jun-18,Exports: Jamaica,1.2
01-Jun-18,Exports: Japan,2189.9
01-Jun-18,Exports: Jordan,5.6
01-Jun-18,Exports: Kazakhstan,2.8
01-Jun-18,Exports: Kenya,8.2
01-Jun-18,Exports: Kuwait,17.6
01-Jun-18,Exports: Lao Peo Dem Rep,2.4
01-Jun-18,Exports: Latvia,2.7
01-Jun-18,Exports: Lebanon,7.2
01-Jun-18,Exports: Liberia,424.2
01-Jun-18,Exports: Libyan Arab Jamahiriya,2.5
01-Jun-18,Exports: Lithuania,1.5
01-Jun-18,Exports: Luxembourg,18.6
01-Jun-18,Exports: Macau SAR (China),49.1
01-Jun-18,Exports: Madagascar,1.6
01-Jun-18,Exports: Malaysia,4761.2
01-Jun-18,Exports: Maldives Rep of,22.6
01-Jun-18,Exports: Malta,322.1
01-Jun-18,Exports: Marshall Islands,437.7
01-Jun-18,Exports: Mauritius,5.6
01-Jun-18,Exports: Mexico,116.2
01-Jun-18,Exports: Mongolian Peo Rep,12.6
01-Jun-18,Exports: Morocco,17.4
01-Jun-18,Exports: Mozambique,1.2
01-Jun-18,Exports: Myanmar,314.7
01-Jun-18,Exports: Nepal,11
01-Jun-18,Exports: Netherlands Antilles,0.9
01-Jun-18,Exports: Netherlands,914.3
01-Jun-18,Exports: New Caledonia,62.2
01-Jun-18,Exports: New Zealand,182.2
01-Jun-18,Exports: Nigeria,23.7
01-Jun-18,Exports: Northern Mariana Islands,1.8
01-Jun-18,Exports: Norway,54.7
01-Jun-18,Exports: Oman,29.5
01-Jun-18,Exports: Other Countries of Africa,8.6
01-Jun-18,Exports: Other Countries of America,19
01-Jun-18,Exports: Other Countries of Asia,11.3
01-Jun-18,Exports: Other Countries of Europe,49.9
01-Jun-18,Exports: Other Countries of Oceania,9.3
01-Jun-18,Exports: Pakistan,81.4
01-Jun-18,Exports: Panama,780.4
01-Jun-18,Exports: Papua New Guinea,95.3
01-Jun-18,Exports: Paraguay,0.5
01-Jun-18,Exports: Peru,6
01-Jun-18,Exports: Philippines,909.1
01-Jun-18,Exports: Poland,39.7
01-Jun-18,Exports: Portugal,55.1
01-Jun-18,Exports: Puerto Rico,111.3
01-Jun-18,Exports: Qatar,47.7
01-Jun-18,Exports: Reunion,37.6
01-Jun-18,Exports: Romania,7.5
01-Jun-18,Exports: Russia,60.6
01-Jun-18,Exports: Saint Vincent and the Grenadines,6.8
01-Jun-18,Exports: Samoa,6.1
01-Jun-18,Exports: Saudi Arabia,70
01-Jun-18,Exports: Seychelles,3.2
01-Jun-18,Exports: Slovak Republic,4.5
01-Jun-18,Exports: Slovenia,5.3
01-Jun-18,Exports: Solomon Islands,12.9
01-Jun-18,Exports: South Africa,34.6
01-Jun-18,Exports: South Korea,1769
01-Jun-18,Exports: Spain,26.8
01-Jun-18,Exports: Sri Lanka,180
01-Jun-18,Exports: Sudan,0.5
01-Jun-18,Exports: Sweden,21.6
01-Jun-18,Exports: Switzerland,248.7
01-Jun-18,Exports: Syrian Arab Rep,1
01-Jun-18,Exports: Taiwan,1838.2
01-Jun-18,Exports: Tanzania,2.5
01-Jun-18,Exports: Thailand,1591.8
01-Jun-18,Exports: Trinidad & Tobago,2.2
01-Jun-18,Exports: Tunisia,2.2
01-Jun-18,Exports: Turkey,53.6
01-Jun-18,Exports: USA,3390.3
01-Jun-18,Exports: Ukraine,8.3
01-Jun-18,Exports: United Arab Emirates,614.2
01-Jun-18,Exports: United Kingdom,400.7
01-Jun-18,Exports: Uruguay,3.9
01-Jun-18,Exports: Vanuatu,7.7
01-Jun-18,Exports: Venezuela,0.2
01-Jun-18,Exports: Vietnam,1457.3
01-Jun-18,Exports: Yemen,0.9
01-Jun-18,Exports: Zambia,0.4
01-Jun-18,Exports: Zimbabwe,0.1
01-Jul-18,Exports: Afghanistan,1.3
01-Jul-18,Exports: Algeria,7
01-Jul-18,Exports: Angola,4.1
01-Jul-18,Exports: Antigua and Barbuda,13.1
01-Jul-18,Exports: Argentina,8.5
01-Jul-18,Exports: Australia,1428.6
01-Jul-18,Exports: Austria,25.5
01-Jul-18,Exports: Bahamas,105.5
01-Jul-18,Exports: Bahrain,13.7
01-Jul-18,Exports: Bangladesh,436.1
01-Jul-18,Exports: Belarus,0.1
01-Jul-18,Exports: Belgium,299.1
01-Jul-18,Exports: Benin,0.7
01-Jul-18,Exports: Bermuda,5.4
01-Jul-18,Exports: Brazil,146.6
01-Jul-18,Exports: Brunei,99.3
01-Jul-18,Exports: Bulgaria,8.2
01-Jul-18,Exports: Cambodia,924.4
01-Jul-18,Exports: Cameroon,1.2
01-Jul-18,Exports: Canada,89.5
01-Jul-18,Exports: Chile,14.5
01-Jul-18,Exports: China,5807.7
01-Jul-18,Exports: Christmas Islands,0
01-Jul-18,Exports: Colombia,51.4
01-Jul-18,Exports: Comoros,0.2
01-Jul-18,Exports: Costa Rica,3.3
01-Jul-18,Exports: Cote D'ivoire,2.9
01-Jul-18,Exports: Croatia,16.4
01-Jul-18,Exports: Cuba,0
01-Jul-18,Exports: Cyprus,39.2
01-Jul-18,"Exports: Czech, Republic",71.6
01-Jul-18,Exports: Denmark,36.9
01-Jul-18,Exports: Djibouti,1.4
01-Jul-18,Exports: Dominican Rep,1.2
01-Jul-18,Exports: Ecuador,10.8
01-Jul-18,Exports: Egypt,36.5
01-Jul-18,Exports: El Salvador,0.2
01-Jul-18,Exports: Estonia,1.2
01-Jul-18,Exports: Eswatini,0.1
01-Jul-18,Exports: Ethiopia,78.8
01-Jul-18,Exports: Fiji,37.9
01-Jul-18,Exports: Finland,8.9
01-Jul-18,Exports: France,443.7
01-Jul-18,Exports: French Polynesia,13
01-Jul-18,Exports: Gabon,5.2
01-Jul-18,Exports: Germany,793.3
01-Jul-18,Exports: Ghana,5.8
01-Jul-18,Exports: Greece,112.9
01-Jul-18,Exports: Guam,50.8
01-Jul-18,Exports: Guatemala,1.6
01-Jul-18,Exports: Guinea,1.6
01-Jul-18,Exports: Guyana,1.7
01-Jul-18,Exports: Honduras,1.5
01-Jul-18,Exports: Hong Kong SAR (China),5828.1
01-Jul-18,Exports: Hungary,29.8
01-Jul-18,Exports: India,1497.7
01-Jul-18,Exports: Indonesia,4298.5
01-Jul-18,Exports: Iran,46.4
01-Jul-18,Exports: Ireland,14.9
01-Jul-18,Exports: Israel,80.5
01-Jul-18,Exports: Italy,84.8
01-Jul-18,Exports: Jamaica,1.5
01-Jul-18,Exports: Japan,2575
01-Jul-18,Exports: Jordan,2.2
01-Jul-18,Exports: Kazakhstan,1.1
01-Jul-18,Exports: Kenya,7.6
01-Jul-18,Exports: Kuwait,16.6
01-Jul-18,Exports: Lao Peo Dem Rep,2.7
01-Jul-18,Exports: Latvia,3.3
01-Jul-18,Exports: Lebanon,4.1
01-Jul-18,Exports: Liberia,341.3
01-Jul-18,Exports: Libyan Arab Jamahiriya,3.9
01-Jul-18,Exports: Lithuania,1.2
01-Jul-18,Exports: Luxembourg,6.5
01-Jul-18,Exports: Macau SAR (China),38.4
01-Jul-18,Exports: Madagascar,2
01-Jul-18,Exports: Malaysia,5297.1
01-Jul-18,Exports: Maldives Rep of,32.5
01-Jul-18,Exports: Malta,167.3
01-Jul-18,Exports: Marshall Islands,389.6
01-Jul-18,Exports: Mauritius,8.5
01-Jul-18,Exports: Mexico,170
01-Jul-18,Exports: Mongolian Peo Rep,10.4
01-Jul-18,Exports: Morocco,16.4
01-Jul-18,Exports: Mozambique,11.8
01-Jul-18,Exports: Myanmar,263.9
01-Jul-18,Exports: Nepal,18
01-Jul-18,Exports: Netherlands Antilles,0.3
01-Jul-18,Exports: Netherlands,1029.9
01-Jul-18,Exports: New Caledonia,20.2
01-Jul-18,Exports: New Zealand,296.2
01-Jul-18,Exports: Nigeria,20.3
01-Jul-18,Exports: Northern Mariana Islands,2.1
01-Jul-18,Exports: Norway,51.9
01-Jul-18,Exports: Oman,16.7
01-Jul-18,Exports: Other Countries of Africa,8.4
01-Jul-18,Exports: Other Countries of America,16
01-Jul-18,Exports: Other Countries of Asia,16.3
01-Jul-18,Exports: Other Countries of Europe,53
01-Jul-18,Exports: Other Countries of Oceania,9.2
01-Jul-18,Exports: Pakistan,89.4
01-Jul-18,Exports: Panama,908.5
01-Jul-18,Exports: Papua New Guinea,47.8
01-Jul-18,Exports: Paraguay,0.4
01-Jul-18,Exports: Peru,6
01-Jul-18,Exports: Philippines,932.1
01-Jul-18,Exports: Poland,41.7
01-Jul-18,Exports: Portugal,34.5
01-Jul-18,Exports: Puerto Rico,137
01-Jul-18,Exports: Qatar,54.4
01-Jul-18,Exports: Reunion,43.1
01-Jul-18,Exports: Romania,9.5
01-Jul-18,Exports: Russia,53.7
01-Jul-18,Exports: Saint Vincent and the Grenadines,0.6
01-Jul-18,Exports: Samoa,5.6
01-Jul-18,Exports: Saudi Arabia,81.4
01-Jul-18,Exports: Seychelles,2.3
01-Jul-18,Exports: Slovak Republic,4
01-Jul-18,Exports: Slovenia,3
01-Jul-18,Exports: Solomon Islands,7.9
01-Jul-18,Exports: South Africa,71.8
01-Jul-18,Exports: South Korea,1714.9
01-Jul-18,Exports: Spain,36.7
01-Jul-18,Exports: Sri Lanka,174
01-Jul-18,Exports: Sudan,0.4
01-Jul-18,Exports: Sweden,9.1
01-Jul-18,Exports: Switzerland,330.1
01-Jul-18,Exports: Syrian Arab Rep,1.7
01-Jul-18,Exports: Taiwan,1845.6
01-Jul-18,Exports: Tanzania,5.2
01-Jul-18,Exports: Thailand,1837.2
01-Jul-18,Exports: Trinidad & Tobago,2.9
01-Jul-18,Exports: Tunisia,1.8
01-Jul-18,Exports: Turkey,70.8
01-Jul-18,Exports: USA,3538.6
01-Jul-18,Exports: Ukraine,0.8
01-Jul-18,Exports: United Arab Emirates,421.1
01-Jul-18,Exports: United Kingdom,349.1
01-Jul-18,Exports: Uruguay,1
01-Jul-18,Exports: Vanuatu,5.1
01-Jul-18,Exports: Venezuela,1
01-Jul-18,Exports: Vietnam,1329.1
01-Jul-18,Exports: Yemen,0.9
01-Jul-18,Exports: Zambia,0.2
01-Jul-18,Exports: Zimbabwe,0.2
01-Aug-18,Exports: Afghanistan,2
01-Aug-18,Exports: Algeria,4.2
01-Aug-18,Exports: Angola,6.6
01-Aug-18,Exports: Antigua and Barbuda,14.5
01-Aug-18,Exports: Argentina,14.2
01-Aug-18,Exports: Australia,1410.3
01-Aug-18,Exports: Austria,52
01-Aug-18,Exports: Bahamas,98.2
01-Aug-18,Exports: Bahrain,38.6
01-Aug-18,Exports: Bangladesh,469.3
01-Aug-18,Exports: Belarus,0.2
01-Aug-18,Exports: Belgium,471.9
01-Aug-18,Exports: Benin,0.4
01-Aug-18,Exports: Bermuda,5.3
01-Aug-18,Exports: Brazil,170
01-Aug-18,Exports: Brunei,92.1
01-Aug-18,Exports: Bulgaria,43
01-Aug-18,Exports: Cambodia,844.4
01-Aug-18,Exports: Cameroon,2.9
01-Aug-18,Exports: Canada,151.7
01-Aug-18,Exports: Chile,6.9
01-Aug-18,Exports: China,5851.1
01-Aug-18,Exports: Christmas Islands,0
01-Aug-18,Exports: Colombia,26.6
01-Aug-18,Exports: Comoros,0.1
01-Aug-18,Exports: Costa Rica,4
01-Aug-18,Exports: Cote D'ivoire,1.5
01-Aug-18,Exports: Croatia,2.7
01-Aug-18,Exports: Cuba,0.4
01-Aug-18,Exports: Cyprus,51.3
01-Aug-18,"Exports: Czech, Republic",71.1
01-Aug-18,Exports: Denmark,31.7
01-Aug-18,Exports: Djibouti,2.7
01-Aug-18,Exports: Dominican Rep,0.4
01-Aug-18,Exports: Ecuador,9.6
01-Aug-18,Exports: Egypt,33.2
01-Aug-18,Exports: El Salvador,0.2
01-Aug-18,Exports: Estonia,0.8
01-Aug-18,Exports: Eswatini,0.1
01-Aug-18,Exports: Ethiopia,2.8
01-Aug-18,Exports: Fiji,67.7
01-Aug-18,Exports: Finland,67.4
01-Aug-18,Exports: France,471.9
01-Aug-18,Exports: French Polynesia,22.4
01-Aug-18,Exports: Gabon,2.1
01-Aug-18,Exports: Germany,816.7
01-Aug-18,Exports: Ghana,6.2
01-Aug-18,Exports: Greece,102.9
01-Aug-18,Exports: Guam,41.5
01-Aug-18,Exports: Guatemala,1.3
01-Aug-18,Exports: Guinea,1
01-Aug-18,Exports: Guyana,0.3
01-Aug-18,Exports: Honduras,0.9
01-Aug-18,Exports: Hong Kong SAR (China),6468.6
01-Aug-18,Exports: Hungary,27.6
01-Aug-18,Exports: India,1554.3
01-Aug-18,Exports: Indonesia,4236.5
01-Aug-18,Exports: Iran,44
01-Aug-18,Exports: Ireland,66.5
01-Aug-18,Exports: Israel,74
01-Aug-18,Exports: Italy,82.1
01-Aug-18,Exports: Jamaica,2.1
01-Aug-18,Exports: Japan,2354.9
01-Aug-18,Exports: Jordan,4.2
01-Aug-18,Exports: Kazakhstan,4.7
01-Aug-18,Exports: Kenya,8.2
01-Aug-18,Exports: Kuwait,21.5
01-Aug-18,Exports: Lao Peo Dem Rep,8.4
01-Aug-18,Exports: Latvia,11.6
01-Aug-18,Exports: Lebanon,5
01-Aug-18,Exports: Liberia,427.2
01-Aug-18,Exports: Libyan Arab Jamahiriya,0.9
01-Aug-18,Exports: Lithuania,1.2
01-Aug-18,Exports: Luxembourg,6.3
01-Aug-18,Exports: Macau SAR (China),31.7
01-Aug-18,Exports: Madagascar,34
01-Aug-18,Exports: Malaysia,6041.6
01-Aug-18,Exports: Maldives Rep of,29.3
01-Aug-18,Exports: Malta,177.9
01-Aug-18,Exports: Marshall Islands,376.8
01-Aug-18,Exports: Mauritius,5.8
01-Aug-18,Exports: Mexico,198
01-Aug-18,Exports: Mongolian Peo Rep,9.7
01-Aug-18,Exports: Morocco,18.3
01-Aug-18,Exports: Mozambique,2.6
01-Aug-18,Exports: Myanmar,343
01-Aug-18,Exports: Nepal,11
01-Aug-18,Exports: Netherlands Antilles,0.1
01-Aug-18,Exports: Netherlands,1190
01-Aug-18,Exports: New Caledonia,55.7
01-Aug-18,Exports: New Zealand,283.4
01-Aug-18,Exports: Nigeria,18.4
01-Aug-18,Exports: Northern Mariana Islands,11.5
01-Aug-18,Exports: Norway,54
01-Aug-18,Exports: Oman,20.7
01-Aug-18,Exports: Other Countries of Africa,10.3
01-Aug-18,Exports: Other Countries of America,16.4
01-Aug-18,Exports: Other Countries of Asia,14
01-Aug-18,Exports: Other Countries of Europe,61.7
01-Aug-18,Exports: Other Countries of Oceania,11.7
01-Aug-18,Exports: Pakistan,76.5
01-Aug-18,Exports: Panama,715.1
01-Aug-18,Exports: Papua New Guinea,45.5
01-Aug-18,Exports: Paraguay,0.7
01-Aug-18,Exports: Peru,5.3
01-Aug-18,Exports: Philippines,893.1
01-Aug-18,Exports: Poland,45.6
01-Aug-18,Exports: Portugal,48.3
01-Aug-18,Exports: Puerto Rico,146.1
01-Aug-18,Exports: Qatar,49.2
01-Aug-18,Exports: Reunion,68
01-Aug-18,Exports: Romania,5.7
01-Aug-18,Exports: Russia,51.6
01-Aug-18,Exports: Saint Vincent and the Grenadines,3.6
01-Aug-18,Exports: Samoa,11.8
01-Aug-18,Exports: Saudi Arabia,132
01-Aug-18,Exports: Seychelles,2.3
01-Aug-18,Exports: Slovak Republic,3.6
01-Aug-18,Exports: Slovenia,3.5
01-Aug-18,Exports: Solomon Islands,4.1
01-Aug-18,Exports: South Africa,183.3
01-Aug-18,Exports: South Korea,1593.5
01-Aug-18,Exports: Spain,33.4
01-Aug-18,Exports: Sri Lanka,155.2
01-Aug-18,Exports: Sudan,0.2
01-Aug-18,Exports: Sweden,22
01-Aug-18,Exports: Switzerland,238.2
01-Aug-18,Exports: Syrian Arab Rep,1.4
01-Aug-18,Exports: Taiwan,2183.8
01-Aug-18,Exports: Tanzania,8
01-Aug-18,Exports: Thailand,1821.4
01-Aug-18,Exports: Trinidad & Tobago,1.8
01-Aug-18,Exports: Tunisia,1.1
01-Aug-18,Exports: Turkey,41.6
01-Aug-18,Exports: USA,3669.6
01-Aug-18,Exports: Ukraine,1.8
01-Aug-18,Exports: United Arab Emirates,321.2
01-Aug-18,Exports: United Kingdom,346
01-Aug-18,Exports: Uruguay,1.3
01-Aug-18,Exports: Vanuatu,1.2
01-Aug-18,Exports: Venezuela,0.1
01-Aug-18,Exports: Vietnam,1463.7
01-Aug-18,Exports: Yemen,1.5
01-Aug-18,Exports: Zambia,0.7
01-Aug-18,Exports: Zimbabwe,0.4
01-Sep-18,Exports: Afghanistan,1.3
01-Sep-18,Exports: Algeria,8.1
01-Sep-18,Exports: Angola,6.2
01-Sep-18,Exports: Antigua and Barbuda,12.4
01-Sep-18,Exports: Argentina,18.6
01-Sep-18,Exports: Australia,1189.8
01-Sep-18,Exports: Austria,29.7
01-Sep-18,Exports: Bahamas,109.9
01-Sep-18,Exports: Bahrain,13.6
01-Sep-18,Exports: Bangladesh,352.5
01-Sep-18,Exports: Belarus,0.2
01-Sep-18,Exports: Belgium,747.8
01-Sep-18,Exports: Benin,0.5
01-Sep-18,Exports: Bermuda,5.6
01-Sep-18,Exports: Brazil,136.9
01-Sep-18,Exports: Brunei,129.8
01-Sep-18,Exports: Bulgaria,31.4
01-Sep-18,Exports: Cambodia,633.1
01-Sep-18,Exports: Cameroon,3
01-Sep-18,Exports: Canada,101.2
01-Sep-18,Exports: Chile,6.7
01-Sep-18,Exports: China,5010.9
01-Sep-18,Exports: Christmas Islands,0
01-Sep-18,Exports: Colombia,10.6
01-Sep-18,Exports: Comoros,0.9
01-Sep-18,Exports: Costa Rica,4.7
01-Sep-18,Exports: Cote D'ivoire,2.4
01-Sep-18,Exports: Croatia,1.6
01-Sep-18,Exports: Cuba,0
01-Sep-18,Exports: Cyprus,62.3
01-Sep-18,"Exports: Czech, Republic",59.6
01-Sep-18,Exports: Denmark,30.3
01-Sep-18,Exports: Djibouti,1.6
01-Sep-18,Exports: Dominican Rep,1.1
01-Sep-18,Exports: Ecuador,11.8
01-Sep-18,Exports: Egypt,33.7
01-Sep-18,Exports: El Salvador,0.3
01-Sep-18,Exports: Estonia,1.3
01-Sep-18,Exports: Eswatini,0.1
01-Sep-18,Exports: Ethiopia,46.4
01-Sep-18,Exports: Fiji,53.8
01-Sep-18,Exports: Finland,8
01-Sep-18,Exports: France,588.8
01-Sep-18,Exports: French Polynesia,1.7
01-Sep-18,Exports: Gabon,5.4
01-Sep-18,Exports: Germany,820.1
01-Sep-18,Exports: Ghana,24
01-Sep-18,Exports: Greece,119.3
01-Sep-18,Exports: Guam,47.2
01-Sep-18,Exports: Guatemala,0.9
01-Sep-18,Exports: Guinea,4.1
01-Sep-18,Exports: Guyana,0.4
01-Sep-18,Exports: Honduras,0.3
01-Sep-18,Exports: Hong Kong SAR (China),5994
01-Sep-18,Exports: Hungary,36.1
01-Sep-18,Exports: India,1470.5
01-Sep-18,Exports: Indonesia,3531.3
01-Sep-18,Exports: Iran,85.4
01-Sep-18,Exports: Ireland,40.5
01-Sep-18,Exports: Israel,68.6
01-Sep-18,Exports: Italy,107.1
01-Sep-18,Exports: Jamaica,4
01-Sep-18,Exports: Japan,2262.6
01-Sep-18,Exports: Jordan,4.5
01-Sep-18,Exports: Kazakhstan,3.3
01-Sep-18,Exports: Kenya,8.6
01-Sep-18,Exports: Kuwait,22.2
01-Sep-18,Exports: Lao Peo Dem Rep,6
01-Sep-18,Exports: Latvia,3.4
01-Sep-18,Exports: Lebanon,4.7
01-Sep-18,Exports: Liberia,395.8
01-Sep-18,Exports: Libyan Arab Jamahiriya,2.5
01-Sep-18,Exports: Lithuania,1.4
01-Sep-18,Exports: Luxembourg,10.4
01-Sep-18,Exports: Macau SAR (China),34.9
01-Sep-18,Exports: Madagascar,1
01-Sep-18,Exports: Malaysia,5096.3
01-Sep-18,Exports: Maldives Rep of,24.3
01-Sep-18,Exports: Malta,188.1
01-Sep-18,Exports: Marshall Islands,386.4
01-Sep-18,Exports: Mauritius,8.4
01-Sep-18,Exports: Mexico,140.8
01-Sep-18,Exports: Mongolian Peo Rep,9.9
01-Sep-18,Exports: Morocco,15.5
01-Sep-18,Exports: Mozambique,2.1
01-Sep-18,Exports: Myanmar,273.8
01-Sep-18,Exports: Nepal,13.6
01-Sep-18,Exports: Netherlands Antilles,1.4
01-Sep-18,Exports: Netherlands,839.3
01-Sep-18,Exports: New Caledonia,45.8
01-Sep-18,Exports: New Zealand,270.5
01-Sep-18,Exports: Nigeria,13.9
01-Sep-18,Exports: Northern Mariana Islands,1.7
01-Sep-18,Exports: Norway,49.4
01-Sep-18,Exports: Oman,12.2
01-Sep-18,Exports: Other Countries of Africa,8.9
01-Sep-18,Exports: Other Countries of America,17.3
01-Sep-18,Exports: Other Countries of Asia,24.3
01-Sep-18,Exports: Other Countries of Europe,55.4
01-Sep-18,Exports: Other Countries of Oceania,10.8
01-Sep-18,Exports: Pakistan,125.4
01-Sep-18,Exports: Panama,685.3
01-Sep-18,Exports: Papua New Guinea,56.9
01-Sep-18,Exports: Paraguay,1
01-Sep-18,Exports: Peru,4.3
01-Sep-18,Exports: Philippines,838
01-Sep-18,Exports: Poland,69
01-Sep-18,Exports: Portugal,41.2
01-Sep-18,Exports: Puerto Rico,145.8
01-Sep-18,Exports: Qatar,49.2
01-Sep-18,Exports: Reunion,80.9
01-Sep-18,Exports: Romania,6.1
01-Sep-18,Exports: Russia,52.2
01-Sep-18,Exports: Saint Vincent and the Grenadines,2.2
01-Sep-18,Exports: Samoa,4.7
01-Sep-18,Exports: Saudi Arabia,73.1
01-Sep-18,Exports: Seychelles,1.3
01-Sep-18,Exports: Slovak Republic,2.9
01-Sep-18,Exports: Slovenia,4.1
01-Sep-18,Exports: Solomon Islands,3.1
01-Sep-18,Exports: South Africa,63.9
01-Sep-18,Exports: South Korea,1604.7
01-Sep-18,Exports: Spain,26.1
01-Sep-18,Exports: Sri Lanka,126.8
01-Sep-18,Exports: Sudan,0.3
01-Sep-18,Exports: Sweden,24.2
01-Sep-18,Exports: Switzerland,266.3
01-Sep-18,Exports: Syrian Arab Rep,0.8
01-Sep-18,Exports: Taiwan,1772.1
01-Sep-18,Exports: Tanzania,11
01-Sep-18,Exports: Thailand,2040.4
01-Sep-18,Exports: Trinidad & Tobago,1.4
01-Sep-18,Exports: Tunisia,1.7
01-Sep-18,Exports: Turkey,42.6
01-Sep-18,Exports: USA,3622.3
01-Sep-18,Exports: Ukraine,0.8
01-Sep-18,Exports: United Arab Emirates,396.6
01-Sep-18,Exports: United Kingdom,365.1
01-Sep-18,Exports: Uruguay,1.1
01-Sep-18,Exports: Vanuatu,2.3
01-Sep-18,Exports: Venezuela,0.2
01-Sep-18,Exports: Vietnam,1113.4
01-Sep-18,Exports: Yemen,1.7
01-Sep-18,Exports: Zambia,0.4
01-Sep-18,Exports: Zimbabwe,0.2
01-Oct-18,Exports: Afghanistan,3.2
01-Oct-18,Exports: Algeria,7.9
01-Oct-18,Exports: Angola,8.9
01-Oct-18,Exports: Antigua and Barbuda,9.4
01-Oct-18,Exports: Argentina,9.9
01-Oct-18,Exports: Australia,1829.9
01-Oct-18,Exports: Austria,26.1
01-Oct-18,Exports: Bahamas,110.4
01-Oct-18,Exports: Bahrain,15.1
01-Oct-18,Exports: Bangladesh,459.9
01-Oct-18,Exports: Belarus,0.1
01-Oct-18,Exports: Belgium,1213.1
01-Oct-18,Exports: Benin,0.4
01-Oct-18,Exports: Bermuda,11.5
01-Oct-18,Exports: Brazil,165.6
01-Oct-18,Exports: Brunei,156.9
01-Oct-18,Exports: Bulgaria,3.7
01-Oct-18,Exports: Cambodia,452.2
01-Oct-18,Exports: Cameroon,2.3
01-Oct-18,Exports: Canada,118.1
01-Oct-18,Exports: Chile,12.7
01-Oct-18,Exports: China,6157.1
01-Oct-18,Exports: Christmas Islands,0.2
01-Oct-18,Exports: Colombia,10.9
01-Oct-18,Exports: Comoros,0.1
01-Oct-18,Exports: Costa Rica,4.7
01-Oct-18,Exports: Cote D'ivoire,3.5
01-Oct-18,Exports: Croatia,2
01-Oct-18,Exports: Cuba,0.2
01-Oct-18,Exports: Cyprus,52.7
01-Oct-18,"Exports: Czech, Republic",73.3
01-Oct-18,Exports: Denmark,25.6
01-Oct-18,Exports: Djibouti,0.8
01-Oct-18,Exports: Dominican Rep,0.7
01-Oct-18,Exports: Ecuador,11.9
01-Oct-18,Exports: Egypt,31
01-Oct-18,Exports: El Salvador,1.5
01-Oct-18,Exports: Estonia,0.5
01-Oct-18,Exports: Eswatini,0.1
01-Oct-18,Exports: Ethiopia,3.4
01-Oct-18,Exports: Fiji,62.2
01-Oct-18,Exports: Finland,19.4
01-Oct-18,Exports: France,573.1
01-Oct-18,Exports: French Polynesia,22.2
01-Oct-18,Exports: Gabon,6
01-Oct-18,Exports: Germany,776.2
01-Oct-18,Exports: Ghana,10.1
01-Oct-18,Exports: Greece,113.7
01-Oct-18,Exports: Guam,47.9
01-Oct-18,Exports: Guatemala,1.9
01-Oct-18,Exports: Guinea,0.7
01-Oct-18,Exports: Guyana,0.9
01-Oct-18,Exports: Honduras,0.1
01-Oct-18,Exports: Hong Kong SAR (China),6179.6
01-Oct-18,Exports: Hungary,29.6
01-Oct-18,Exports: India,1500.5
01-Oct-18,Exports: Indonesia,3848.6
01-Oct-18,Exports: Iran,4.3
01-Oct-18,Exports: Ireland,49.5
01-Oct-18,Exports: Israel,121.6
01-Oct-18,Exports: Italy,97.1
01-Oct-18,Exports: Jamaica,2.6
01-Oct-18,Exports: Japan,2475
01-Oct-18,Exports: Jordan,4.4
01-Oct-18,Exports: Kazakhstan,2.4
01-Oct-18,Exports: Kenya,8.2
01-Oct-18,Exports: Kuwait,18.5
01-Oct-18,Exports: Lao Peo Dem Rep,5.8
01-Oct-18,Exports: Latvia,3.2
01-Oct-18,Exports: Lebanon,5.6
01-Oct-18,Exports: Liberia,386.6
01-Oct-18,Exports: Libyan Arab Jamahiriya,4
01-Oct-18,Exports: Lithuania,1.8
01-Oct-18,Exports: Luxembourg,13.3
01-Oct-18,Exports: Macau SAR (China),62.3
01-Oct-18,Exports: Madagascar,1.2
01-Oct-18,Exports: Malaysia,5858.5
01-Oct-18,Exports: Maldives Rep of,33.5
01-Oct-18,Exports: Malta,208.1
01-Oct-18,Exports: Marshall Islands,481.3
01-Oct-18,Exports: Mauritius,8.1
01-Oct-18,Exports: Mexico,123.4
01-Oct-18,Exports: Mongolian Peo Rep,9.9
01-Oct-18,Exports: Morocco,19.3
01-Oct-18,Exports: Mozambique,1.5
01-Oct-18,Exports: Myanmar,332.5
01-Oct-18,Exports: Nepal,13
01-Oct-18,Exports: Netherlands Antilles,0
01-Oct-18,Exports: Netherlands,937.1
01-Oct-18,Exports: New Caledonia,25.4
01-Oct-18,Exports: New Zealand,297.9
01-Oct-18,Exports: Nigeria,16.9
01-Oct-18,Exports: Northern Mariana Islands,3.9
01-Oct-18,Exports: Norway,70.1
01-Oct-18,Exports: Oman,20.2
01-Oct-18,Exports: Other Countries of Africa,19.8
01-Oct-18,Exports: Other Countries of America,25
01-Oct-18,Exports: Other Countries of Asia,12.8
01-Oct-18,Exports: Other Countries of Europe,48.9
01-Oct-18,Exports: Other Countries of Oceania,8.9
01-Oct-18,Exports: Pakistan,139.5
01-Oct-18,Exports: Panama,761.2
01-Oct-18,Exports: Papua New Guinea,57.4
01-Oct-18,Exports: Paraguay,0.6
01-Oct-18,Exports: Peru,6.5
01-Oct-18,Exports: Philippines,974.3
01-Oct-18,Exports: Poland,42.6
01-Oct-18,Exports: Portugal,49.7
01-Oct-18,Exports: Puerto Rico,170.1
01-Oct-18,Exports: Qatar,63.8
01-Oct-18,Exports: Reunion,43.4
01-Oct-18,Exports: Romania,7.8
01-Oct-18,Exports: Russia,53
01-Oct-18,Exports: Saint Vincent and the Grenadines,3.3
01-Oct-18,Exports: Samoa,4.1
01-Oct-18,Exports: Saudi Arabia,76.1
01-Oct-18,Exports: Seychelles,4.6
01-Oct-18,Exports: Slovak Republic,4.1
01-Oct-18,Exports: Slovenia,4.2
01-Oct-18,Exports: Solomon Islands,4.3
01-Oct-18,Exports: South Africa,50.9
01-Oct-18,Exports: South Korea,1930
01-Oct-18,Exports: Spain,27.2
01-Oct-18,Exports: Sri Lanka,222.5
01-Oct-18,Exports: Sudan,3.9
01-Oct-18,Exports: Sweden,30.2
01-Oct-18,Exports: Switzerland,367.7
01-Oct-18,Exports: Syrian Arab Rep,1.8
01-Oct-18,Exports: Taiwan,2149.3
01-Oct-18,Exports: Tanzania,10.2
01-Oct-18,Exports: Thailand,2054.7
01-Oct-18,Exports: Trinidad & Tobago,2.7
01-Oct-18,Exports: Tunisia,2.6
01-Oct-18,Exports: Turkey,43.6
01-Oct-18,Exports: USA,3667
01-Oct-18,Exports: Ukraine,1.3
01-Oct-18,Exports: United Arab Emirates,444.3
01-Oct-18,Exports: United Kingdom,518
01-Oct-18,Exports: Uruguay,2.3
01-Oct-18,Exports: Vanuatu,3.5
01-Oct-18,Exports: Venezuela,2.9
01-Oct-18,Exports: Vietnam,1594.4
01-Oct-18,Exports: Yemen,1.2
01-Oct-18,Exports: Zambia,0.3
01-Oct-18,Exports: Zimbabwe,0.2
01-Nov-18,Exports: Afghanistan,4.4
01-Nov-18,Exports: Algeria,1.4
01-Nov-18,Exports: Angola,3.9
01-Nov-18,Exports: Antigua and Barbuda,20.7
01-Nov-18,Exports: Argentina,15.5
01-Nov-18,Exports: Australia,1653.4
01-Nov-18,Exports: Austria,44.5
01-Nov-18,Exports: Bahamas,113.7
01-Nov-18,Exports: Bahrain,12.3
01-Nov-18,Exports: Bangladesh,449.4
01-Nov-18,Exports: Belarus,0.1
01-Nov-18,Exports: Belgium,648
01-Nov-18,Exports: Benin,0.8
01-Nov-18,Exports: Bermuda,9.4
01-Nov-18,Exports: Brazil,122.3
01-Nov-18,Exports: Brunei,118.8
01-Nov-18,Exports: Bulgaria,3.8
01-Nov-18,Exports: Cambodia,490.7
01-Nov-18,Exports: Cameroon,1
01-Nov-18,Exports: Canada,115.5
01-Nov-18,Exports: Chile,7
01-Nov-18,Exports: China,6130.6
01-Nov-18,Exports: Christmas Islands,0.1
01-Nov-18,Exports: Colombia,24
01-Nov-18,Exports: Comoros,0.4
01-Nov-18,Exports: Costa Rica,3.8
01-Nov-18,Exports: Cote D'ivoire,4.5
01-Nov-18,Exports: Croatia,2.1
01-Nov-18,Exports: Cuba,1
01-Nov-18,Exports: Cyprus,67.7
01-Nov-18,"Exports: Czech, Republic",74.1
01-Nov-18,Exports: Denmark,20.5
01-Nov-18,Exports: Djibouti,1.7
01-Nov-18,Exports: Dominican Rep,0.8
01-Nov-18,Exports: Ecuador,9.3
01-Nov-18,Exports: Egypt,40.3
01-Nov-18,Exports: El Salvador,0.6
01-Nov-18,Exports: Estonia,0.4
01-Nov-18,Exports: Eswatini,0.1
01-Nov-18,Exports: Ethiopia,3.3
01-Nov-18,Exports: Fiji,46.5
01-Nov-18,Exports: Finland,9.6
01-Nov-18,Exports: France,567
01-Nov-18,Exports: French Polynesia,2
01-Nov-18,Exports: Gabon,3.9
01-Nov-18,Exports: Germany,732.7
01-Nov-18,Exports: Ghana,140.2
01-Nov-18,Exports: Greece,140
01-Nov-18,Exports: Guam,36.1
01-Nov-18,Exports: Guatemala,1.6
01-Nov-18,Exports: Guinea,1.2
01-Nov-18,Exports: Guyana,0.5
01-Nov-18,Exports: Honduras,0.3
01-Nov-18,Exports: Hong Kong SAR (China),6017.4
01-Nov-18,Exports: Hungary,35.8
01-Nov-18,Exports: India,1212.8
01-Nov-18,Exports: Indonesia,3471
01-Nov-18,Exports: Iran,4.2
01-Nov-18,Exports: Ireland,25
01-Nov-18,Exports: Israel,111.2
01-Nov-18,Exports: Italy,79.4
01-Nov-18,Exports: Jamaica,2.2
01-Nov-18,Exports: Japan,2421.6
01-Nov-18,Exports: Jordan,4.2
01-Nov-18,Exports: Kazakhstan,4.1
01-Nov-18,Exports: Kenya,11.4
01-Nov-18,Exports: Kuwait,22.1
01-Nov-18,Exports: Lao Peo Dem Rep,9.4
01-Nov-18,Exports: Latvia,7.5
01-Nov-18,Exports: Lebanon,3.6
01-Nov-18,Exports: Liberia,439.1
01-Nov-18,Exports: Libyan Arab Jamahiriya,2.8
01-Nov-18,Exports: Lithuania,1.5
01-Nov-18,Exports: Luxembourg,23.2
01-Nov-18,Exports: Macau SAR (China),46.9
01-Nov-18,Exports: Madagascar,3.5
01-Nov-18,Exports: Malaysia,5519
01-Nov-18,Exports: Maldives Rep of,26.6
01-Nov-18,Exports: Malta,200.3
01-Nov-18,Exports: Marshall Islands,503.4
01-Nov-18,Exports: Mauritius,9.7
01-Nov-18,Exports: Mexico,119.5
01-Nov-18,Exports: Mongolian Peo Rep,10.8
01-Nov-18,Exports: Morocco,17.8
01-Nov-18,Exports: Mozambique,3.3
01-Nov-18,Exports: Myanmar,241.7
01-Nov-18,Exports: Nepal,11.4
01-Nov-18,Exports: Netherlands Antilles,0
01-Nov-18,Exports: Netherlands,1082
01-Nov-18,Exports: New Caledonia,32.4
01-Nov-18,Exports: New Zealand,333.1
01-Nov-18,Exports: Nigeria,17
01-Nov-18,Exports: Northern Mariana Islands,0.5
01-Nov-18,Exports: Norway,76.8
01-Nov-18,Exports: Oman,14.6
01-Nov-18,Exports: Other Countries of Africa,8.6
01-Nov-18,Exports: Other Countries of America,23.4
01-Nov-18,Exports: Other Countries of Asia,31.2
01-Nov-18,Exports: Other Countries of Europe,70.9
01-Nov-18,Exports: Other Countries of Oceania,9.5
01-Nov-18,Exports: Pakistan,102.2
01-Nov-18,Exports: Panama,614.7
01-Nov-18,Exports: Papua New Guinea,64.1
01-Nov-18,Exports: Paraguay,0.8
01-Nov-18,Exports: Peru,5.5
01-Nov-18,Exports: Philippines,984.2
01-Nov-18,Exports: Poland,44
01-Nov-18,Exports: Portugal,53.7
01-Nov-18,Exports: Puerto Rico,149.4
01-Nov-18,Exports: Qatar,100.3
01-Nov-18,Exports: Reunion,70.2
01-Nov-18,Exports: Romania,9.1
01-Nov-18,Exports: Russia,111.9
01-Nov-18,Exports: Saint Vincent and the Grenadines,5.5
01-Nov-18,Exports: Samoa,11.3
01-Nov-18,Exports: Saudi Arabia,62.3
01-Nov-18,Exports: Seychelles,3.2
01-Nov-18,Exports: Slovak Republic,3.1
01-Nov-18,Exports: Slovenia,5.2
01-Nov-18,Exports: Solomon Islands,3.7
01-Nov-18,Exports: South Africa,35.6
01-Nov-18,Exports: South Korea,1633.4
01-Nov-18,Exports: Spain,33.4
01-Nov-18,Exports: Sri Lanka,287.8
01-Nov-18,Exports: Sudan,2.6
01-Nov-18,Exports: Sweden,23.3
01-Nov-18,Exports: Switzerland,320.7
01-Nov-18,Exports: Syrian Arab Rep,1
01-Nov-18,Exports: Taiwan,2188.6
01-Nov-18,Exports: Tanzania,10.9
01-Nov-18,Exports: Thailand,1808.5
01-Nov-18,Exports: Trinidad & Tobago,1.5
01-Nov-18,Exports: Tunisia,0.8
01-Nov-18,Exports: Turkey,53.4
01-Nov-18,Exports: USA,3478.2
01-Nov-18,Exports: Ukraine,1.5
01-Nov-18,Exports: United Arab Emirates,363.6
01-Nov-18,Exports: United Kingdom,442.4
01-Nov-18,Exports: Uruguay,1.7
01-Nov-18,Exports: Vanuatu,2.1
01-Nov-18,Exports: Venezuela,0.2
01-Nov-18,Exports: Vietnam,1363.2
01-Nov-18,Exports: Yemen,1.7
01-Nov-18,Exports: Zambia,0.2
01-Nov-18,Exports: Zimbabwe,0.1
01-Dec-18,Exports: Afghanistan,3.7
01-Dec-18,Exports: Algeria,5.9
01-Dec-18,Exports: Angola,6.7
01-Dec-18,Exports: Antigua and Barbuda,15.5
01-Dec-18,Exports: Argentina,12.3
01-Dec-18,Exports: Australia,1233.4
01-Dec-18,Exports: Austria,26.9
01-Dec-18,Exports: Bahamas,98.8
01-Dec-18,Exports: Bahrain,9.7
01-Dec-18,Exports: Bangladesh,330.1
01-Dec-18,Exports: Belarus,0
01-Dec-18,Exports: Belgium,218.3
01-Dec-18,Exports: Benin,1.1
01-Dec-18,Exports: Bermuda,2.2
01-Dec-18,Exports: Brazil,100.8
01-Dec-18,Exports: Brunei,117.3
01-Dec-18,Exports: Bulgaria,6.5
01-Dec-18,Exports: Cambodia,289.3
01-Dec-18,Exports: Cameroon,4.1
01-Dec-18,Exports: Canada,75.9
01-Dec-18,Exports: Chile,9.7
01-Dec-18,Exports: China,5755
01-Dec-18,Exports: Christmas Islands,0.2
01-Dec-18,Exports: Colombia,12.3
01-Dec-18,Exports: Comoros,0.3
01-Dec-18,Exports: Costa Rica,2.7
01-Dec-18,Exports: Cote D'ivoire,2.3
01-Dec-18,Exports: Croatia,3.2
01-Dec-18,Exports: Cuba,0.4
01-Dec-18,Exports: Cyprus,48.4
01-Dec-18,"Exports: Czech, Republic",48.9
01-Dec-18,Exports: Denmark,21.6
01-Dec-18,Exports: Djibouti,1
01-Dec-18,Exports: Dominican Rep,1.4
01-Dec-18,Exports: Ecuador,11.2
01-Dec-18,Exports: Egypt,33.2
01-Dec-18,Exports: El Salvador,0.4
01-Dec-18,Exports: Estonia,0.6
01-Dec-18,Exports: Eswatini,0.4
01-Dec-18,Exports: Ethiopia,42.4
01-Dec-18,Exports: Fiji,67
01-Dec-18,Exports: Finland,13.5
01-Dec-18,Exports: France,472.3
01-Dec-18,Exports: French Polynesia,20
01-Dec-18,Exports: Gabon,3.8
01-Dec-18,Exports: Germany,662.8
01-Dec-18,Exports: Ghana,8.5
01-Dec-18,Exports: Greece,133.8
01-Dec-18,Exports: Guam,36.7
01-Dec-18,Exports: Guatemala,2.1
01-Dec-18,Exports: Guinea,1.1
01-Dec-18,Exports: Guyana,0.4
01-Dec-18,Exports: Honduras,0.7
01-Dec-18,Exports: Hong Kong SAR (China),4936.3
01-Dec-18,Exports: Hungary,27.2
01-Dec-18,Exports: India,1427.1
01-Dec-18,Exports: Indonesia,3246
01-Dec-18,Exports: Iran,4.3
01-Dec-18,Exports: Ireland,18.7
01-Dec-18,Exports: Israel,166.7
01-Dec-18,Exports: Italy,96.4
01-Dec-18,Exports: Jamaica,2.9
01-Dec-18,Exports: Japan,2055
01-Dec-18,Exports: Jordan,4.7
01-Dec-18,Exports: Kazakhstan,1.6
01-Dec-18,Exports: Kenya,7
01-Dec-18,Exports: Kuwait,15.6
01-Dec-18,Exports: Lao Peo Dem Rep,4.7
01-Dec-18,Exports: Latvia,6.2
01-Dec-18,Exports: Lebanon,2.7
01-Dec-18,Exports: Liberia,441.1
01-Dec-18,Exports: Libyan Arab Jamahiriya,4.3
01-Dec-18,Exports: Lithuania,1.2
01-Dec-18,Exports: Luxembourg,28.8
01-Dec-18,Exports: Macau SAR (China),46.6
01-Dec-18,Exports: Madagascar,6.2
01-Dec-18,Exports: Malaysia,4634.9
01-Dec-18,Exports: Maldives Rep of,43.5
01-Dec-18,Exports: Malta,162.5
01-Dec-18,Exports: Marshall Islands,407.4
01-Dec-18,Exports: Mauritius,8.2
01-Dec-18,Exports: Mexico,130.3
01-Dec-18,Exports: Mongolian Peo Rep,8.7
01-Dec-18,Exports: Morocco,18.8
01-Dec-18,Exports: Mozambique,1.4
01-Dec-18,Exports: Myanmar,400.5
01-Dec-18,Exports: Nepal,11
01-Dec-18,Exports: Netherlands Antilles,1.8
01-Dec-18,Exports: Netherlands,953.4
01-Dec-18,Exports: New Caledonia,42.6
01-Dec-18,Exports: New Zealand,218.2
01-Dec-18,Exports: Nigeria,9.7
01-Dec-18,Exports: Northern Mariana Islands,3.2
01-Dec-18,Exports: Norway,73.6
01-Dec-18,Exports: Oman,18
01-Dec-18,Exports: Other Countries of Africa,17.2
01-Dec-18,Exports: Other Countries of America,18.1
01-Dec-18,Exports: Other Countries of Asia,13.1
01-Dec-18,Exports: Other Countries of Europe,47.2
01-Dec-18,Exports: Other Countries of Oceania,12.5
01-Dec-18,Exports: Pakistan,92.8
01-Dec-18,Exports: Panama,426
01-Dec-18,Exports: Papua New Guinea,60.5
01-Dec-18,Exports: Paraguay,0.2
01-Dec-18,Exports: Peru,7
01-Dec-18,Exports: Philippines,824.3
01-Dec-18,Exports: Poland,48.3
01-Dec-18,Exports: Portugal,49.6
01-Dec-18,Exports: Puerto Rico,139.4
01-Dec-18,Exports: Qatar,334.6
01-Dec-18,Exports: Reunion,30.5
01-Dec-18,Exports: Romania,7.7
01-Dec-18,Exports: Russia,43.7
01-Dec-18,Exports: Saint Vincent and the Grenadines,3.5
01-Dec-18,Exports: Samoa,7.8
01-Dec-18,Exports: Saudi Arabia,134.2
01-Dec-18,Exports: Seychelles,1.5
01-Dec-18,Exports: Slovak Republic,3.5
01-Dec-18,Exports: Slovenia,6.3
01-Dec-18,Exports: Solomon Islands,4.6
01-Dec-18,Exports: South Africa,44
01-Dec-18,Exports: South Korea,1832.7
01-Dec-18,Exports: Spain,125.4
01-Dec-18,Exports: Sri Lanka,153
01-Dec-18,Exports: Sudan,0.8
01-Dec-18,Exports: Sweden,18
01-Dec-18,Exports: Switzerland,229.2
01-Dec-18,Exports: Syrian Arab Rep,1.2
01-Dec-18,Exports: Taiwan,1996.9
01-Dec-18,Exports: Tanzania,8.3
01-Dec-18,Exports: Thailand,1425.6
01-Dec-18,Exports: Trinidad & Tobago,1.7
01-Dec-18,Exports: Tunisia,1.8
01-Dec-18,Exports: Turkey,46.1
01-Dec-18,Exports: USA,3369
01-Dec-18,Exports: Ukraine,1.7
01-Dec-18,Exports: United Arab Emirates,402.1
01-Dec-18,Exports: United Kingdom,363.4
01-Dec-18,Exports: Uruguay,2
01-Dec-18,Exports: Vanuatu,1.8
01-Dec-18,Exports: Venezuela,0.4
01-Dec-18,Exports: Vietnam,1439.8
01-Dec-18,Exports: Yemen,0.1
01-Dec-18,Exports: Zambia,7
01-Dec-18,Exports: Zimbabwe,0.2
01-Jan-19,Exports: Afghanistan,1.9
01-Jan-19,Exports: Algeria,3.1
01-Jan-19,Exports: Angola,6.6
01-Jan-19,Exports: Antigua and Barbuda,9
01-Jan-19,Exports: Argentina,13.6
01-Jan-19,Exports: Australia,1173.6
01-Jan-19,Exports: Austria,44.3
01-Jan-19,Exports: Bahamas,78.6
01-Jan-19,Exports: Bahrain,13
01-Jan-19,Exports: Bangladesh,271
01-Jan-19,Exports: Belarus,0.1
01-Jan-19,Exports: Belgium,491.6
01-Jan-19,Exports: Benin,0.9
01-Jan-19,Exports: Bermuda,8.6
01-Jan-19,Exports: Brazil,184.5
01-Jan-19,Exports: Brunei,101.3
01-Jan-19,Exports: Bulgaria,5.7
01-Jan-19,Exports: Cambodia,362.7
01-Jan-19,Exports: Cameroon,1.6
01-Jan-19,Exports: Canada,125.7
01-Jan-19,Exports: Chile,6.5
01-Jan-19,Exports: China,5037.7
01-Jan-19,Exports: Christmas Islands,0
01-Jan-19,Exports: Colombia,11.9
01-Jan-19,Exports: Comoros,0.1
01-Jan-19,Exports: Costa Rica,5.3
01-Jan-19,Exports: Cote D'ivoire,1.3
01-Jan-19,Exports: Croatia,0.5
01-Jan-19,Exports: Cuba,0.1
01-Jan-19,Exports: Cyprus,38.8
01-Jan-19,"Exports: Czech, Republic",75.7
01-Jan-19,Exports: Denmark,18.9
01-Jan-19,Exports: Djibouti,1.2
01-Jan-19,Exports: Dominican Rep,1.5
01-Jan-19,Exports: Ecuador,7.9
01-Jan-19,Exports: Egypt,40
01-Jan-19,Exports: El Salvador,0.4
01-Jan-19,Exports: Estonia,0.8
01-Jan-19,Exports: Eswatini,0.1
01-Jan-19,Exports: Ethiopia,5.2
01-Jan-19,Exports: Fiji,38.2
01-Jan-19,Exports: Finland,11.6
01-Jan-19,Exports: France,510.5
01-Jan-19,Exports: French Polynesia,17.3
01-Jan-19,Exports: Gabon,3.7
01-Jan-19,Exports: Germany,796.7
01-Jan-19,Exports: Ghana,3.7
01-Jan-19,Exports: Greece,149
01-Jan-19,Exports: Guam,60
01-Jan-19,Exports: Guatemala,1.1
01-Jan-19,Exports: Guinea,1
01-Jan-19,Exports: Guyana,8.8
01-Jan-19,Exports: Honduras,0.7
01-Jan-19,Exports: Hong Kong SAR (China),5133.1
01-Jan-19,Exports: Hungary,44.9
01-Jan-19,Exports: India,1377.8
01-Jan-19,Exports: Indonesia,3481.4
01-Jan-19,Exports: Iran,5.1
01-Jan-19,Exports: Ireland,83.6
01-Jan-19,Exports: Israel,105.8
01-Jan-19,Exports: Italy,87.1
01-Jan-19,Exports: Jamaica,3
01-Jan-19,Exports: Japan,2181.6
01-Jan-19,Exports: Jordan,6.2
01-Jan-19,Exports: Kazakhstan,0.4
01-Jan-19,Exports: Kenya,7.4
01-Jan-19,Exports: Kuwait,23.2
01-Jan-19,Exports: Lao Peo Dem Rep,5.6
01-Jan-19,Exports: Latvia,3.8
01-Jan-19,Exports: Lebanon,5.9
01-Jan-19,Exports: Liberia,299.9
01-Jan-19,Exports: Libyan Arab Jamahiriya,3.2
01-Jan-19,Exports: Lithuania,1.4
01-Jan-19,Exports: Luxembourg,26.6
01-Jan-19,Exports: Macau SAR (China),34.1
01-Jan-19,Exports: Madagascar,2.5
01-Jan-19,Exports: Malaysia,4794.6
01-Jan-19,Exports: Maldives Rep of,35.2
01-Jan-19,Exports: Malta,158.3
01-Jan-19,Exports: Marshall Islands,358
01-Jan-19,Exports: Mauritius,8.5
01-Jan-19,Exports: Mexico,149.6
01-Jan-19,Exports: Mongolian Peo Rep,12
01-Jan-19,Exports: Morocco,19.7
01-Jan-19,Exports: Mozambique,14.4
01-Jan-19,Exports: Myanmar,394.5
01-Jan-19,Exports: Nepal,12.9
01-Jan-19,Exports: Netherlands Antilles,0.1
01-Jan-19,Exports: Netherlands,1226.2
01-Jan-19,Exports: New Caledonia,30
01-Jan-19,Exports: New Zealand,256.2
01-Jan-19,Exports: Nigeria,13.6
01-Jan-19,Exports: Northern Mariana Islands,5.8
01-Jan-19,Exports: Norway,51.3
01-Jan-19,Exports: Oman,14.5
01-Jan-19,Exports: Other Countries of Africa,108.9
01-Jan-19,Exports: Other Countries of America,22
01-Jan-19,Exports: Other Countries of Asia,23.5
01-Jan-19,Exports: Other Countries of Europe,34.6
01-Jan-19,Exports: Other Countries of Oceania,11.6
01-Jan-19,Exports: Pakistan,186
01-Jan-19,Exports: Panama,488
01-Jan-19,Exports: Papua New Guinea,79
01-Jan-19,Exports: Paraguay,0.4
01-Jan-19,Exports: Peru,5.3
01-Jan-19,Exports: Philippines,902.3
01-Jan-19,Exports: Poland,37.3
01-Jan-19,Exports: Portugal,40.1
01-Jan-19,Exports: Puerto Rico,204.1
01-Jan-19,Exports: Qatar,120.4
01-Jan-19,Exports: Reunion,30.8
01-Jan-19,Exports: Romania,9.3
01-Jan-19,Exports: Russia,38.2
01-Jan-19,Exports: Saint Vincent and the Grenadines,2.3
01-Jan-19,Exports: Samoa,7.2
01-Jan-19,Exports: Saudi Arabia,74
01-Jan-19,Exports: Seychelles,2.2
01-Jan-19,Exports: Slovak Republic,3.6
01-Jan-19,Exports: Slovenia,6.2
01-Jan-19,Exports: Solomon Islands,4.4
01-Jan-19,Exports: South Africa,56.3
01-Jan-19,Exports: South Korea,1669.6
01-Jan-19,Exports: Spain,26.1
01-Jan-19,Exports: Sri Lanka,210.3
01-Jan-19,Exports: Sudan,1.1
01-Jan-19,Exports: Sweden,28.2
01-Jan-19,Exports: Switzerland,171.7
01-Jan-19,Exports: Syrian Arab Rep,0.7
01-Jan-19,Exports: Taiwan,1881.3
01-Jan-19,Exports: Tanzania,5
01-Jan-19,Exports: Thailand,1726.6
01-Jan-19,Exports: Trinidad & Tobago,2.2
01-Jan-19,Exports: Tunisia,2.6
01-Jan-19,Exports: Turkey,95
01-Jan-19,Exports: USA,3712
01-Jan-19,Exports: Ukraine,2.4
01-Jan-19,Exports: United Arab Emirates,455.5
01-Jan-19,Exports: United Kingdom,360.7
01-Jan-19,Exports: Uruguay,2.7
01-Jan-19,Exports: Vanuatu,5.2
01-Jan-19,Exports: Venezuela,0.1
01-Jan-19,Exports: Vietnam,1431.5
01-Jan-19,Exports: Yemen,0.6
01-Jan-19,Exports: Zambia,0.1
01-Jan-19,Exports: Zimbabwe,0.4
01-Feb-19,Exports: Afghanistan,1.9
01-Feb-19,Exports: Algeria,1.6
01-Feb-19,Exports: Angola,4.3
01-Feb-19,Exports: Antigua and Barbuda,11
01-Feb-19,Exports: Argentina,8
01-Feb-19,Exports: Australia,1012.2
01-Feb-19,Exports: Austria,22.7
01-Feb-19,Exports: Bahamas,77.5
01-Feb-19,Exports: Bahrain,14
01-Feb-19,Exports: Bangladesh,250.8
01-Feb-19,Exports: Belarus,0
01-Feb-19,Exports: Belgium,470.6
01-Feb-19,Exports: Benin,0.3
01-Feb-19,Exports: Bermuda,10.1
01-Feb-19,Exports: Brazil,133.8
01-Feb-19,Exports: Brunei,86
01-Feb-19,Exports: Bulgaria,66.6
01-Feb-19,Exports: Cambodia,183.1
01-Feb-19,Exports: Cameroon,1.9
01-Feb-19,Exports: Canada,98.8
01-Feb-19,Exports: Chile,5.7
01-Feb-19,Exports: China,5869.6
01-Feb-19,Exports: Christmas Islands,0
01-Feb-19,Exports: Colombia,18.5
01-Feb-19,Exports: Comoros,0
01-Feb-19,Exports: Costa Rica,2.2
01-Feb-19,Exports: Cote D'ivoire,1.7
01-Feb-19,Exports: Croatia,1.5
01-Feb-19,Exports: Cuba,0
01-Feb-19,Exports: Cyprus,55.3
01-Feb-19,"Exports: Czech, Republic",49.2
01-Feb-19,Exports: Denmark,15.1
01-Feb-19,Exports: Djibouti,2
01-Feb-19,Exports: Dominican Rep,0.7
01-Feb-19,Exports: Ecuador,8.8
01-Feb-19,Exports: Egypt,26.1
01-Feb-19,Exports: El Salvador,0.6
01-Feb-19,Exports: Estonia,2.5
01-Feb-19,Exports: Eswatini,0.1
01-Feb-19,Exports: Ethiopia,1.5
01-Feb-19,Exports: Fiji,28.1
01-Feb-19,Exports: Finland,12.2
01-Feb-19,Exports: France,404.9
01-Feb-19,Exports: French Polynesia,5.9
01-Feb-19,Exports: Gabon,1.5
01-Feb-19,Exports: Germany,679
01-Feb-19,Exports: Ghana,3.1
01-Feb-19,Exports: Greece,141.5
01-Feb-19,Exports: Guam,6.2
01-Feb-19,Exports: Guatemala,1.7
01-Feb-19,Exports: Guinea,0.5
01-Feb-19,Exports: Guyana,0.5
01-Feb-19,Exports: Honduras,0.4
01-Feb-19,Exports: Hong Kong SAR (China),4850.9
01-Feb-19,Exports: Hungary,38.8
01-Feb-19,Exports: India,1090.5
01-Feb-19,Exports: Indonesia,2532.6
01-Feb-19,Exports: Iran,2.8
01-Feb-19,Exports: Ireland,33.8
01-Feb-19,Exports: Israel,57.5
01-Feb-19,Exports: Italy,83.3
01-Feb-19,Exports: Jamaica,2.2
01-Feb-19,Exports: Japan,1714.2
01-Feb-19,Exports: Jordan,52.4
01-Feb-19,Exports: Kazakhstan,0.6
01-Feb-19,Exports: Kenya,5.3
01-Feb-19,Exports: Kuwait,12.2
01-Feb-19,Exports: Lao Peo Dem Rep,5.3
01-Feb-19,Exports: Latvia,3.2
01-Feb-19,Exports: Lebanon,2.6
01-Feb-19,Exports: Liberia,319.8
01-Feb-19,Exports: Libyan Arab Jamahiriya,1.1
01-Feb-19,Exports: Lithuania,0.7
01-Feb-19,Exports: Luxembourg,10
01-Feb-19,Exports: Macau SAR (China),19.9
01-Feb-19,Exports: Madagascar,0.6
01-Feb-19,Exports: Malaysia,3882.5
01-Feb-19,Exports: Maldives Rep of,20.9
01-Feb-19,Exports: Malta,166.9
01-Feb-19,Exports: Marshall Islands,352.2
01-Feb-19,Exports: Mauritius,7
01-Feb-19,Exports: Mexico,108.9
01-Feb-19,Exports: Mongolian Peo Rep,6.3
01-Feb-19,Exports: Morocco,18.8
01-Feb-19,Exports: Mozambique,19.9
01-Feb-19,Exports: Myanmar,271.2
01-Feb-19,Exports: Nepal,9.9
01-Feb-19,Exports: Netherlands Antilles,0.4
01-Feb-19,Exports: Netherlands,957.9
01-Feb-19,Exports: New Caledonia,12.5
01-Feb-19,Exports: New Zealand,263.3
01-Feb-19,Exports: Nigeria,32.7
01-Feb-19,Exports: Northern Mariana Islands,1.5
01-Feb-19,Exports: Norway,56.3
01-Feb-19,Exports: Oman,8.9
01-Feb-19,Exports: Other Countries of Africa,55.5
01-Feb-19,Exports: Other Countries of America,21
01-Feb-19,Exports: Other Countries of Asia,11.1
01-Feb-19,Exports: Other Countries of Europe,43.8
01-Feb-19,Exports: Other Countries of Oceania,8.6
01-Feb-19,Exports: Pakistan,113.3
01-Feb-19,Exports: Panama,871.4
01-Feb-19,Exports: Papua New Guinea,54.4
01-Feb-19,Exports: Paraguay,0.4
01-Feb-19,Exports: Peru,6.4
01-Feb-19,Exports: Philippines,702
01-Feb-19,Exports: Poland,32.3
01-Feb-19,Exports: Portugal,36.9
01-Feb-19,Exports: Puerto Rico,71.8
01-Feb-19,Exports: Qatar,120.2
01-Feb-19,Exports: Reunion,45.1
01-Feb-19,Exports: Romania,4.2
01-Feb-19,Exports: Russia,50.4
01-Feb-19,Exports: Saint Vincent and the Grenadines,3
01-Feb-19,Exports: Samoa,5
01-Feb-19,Exports: Saudi Arabia,54.7
01-Feb-19,Exports: Seychelles,1.2
01-Feb-19,Exports: Slovak Republic,2.2
01-Feb-19,Exports: Slovenia,5.9
01-Feb-19,Exports: Solomon Islands,1.6
01-Feb-19,Exports: South Africa,84.3
01-Feb-19,Exports: South Korea,1427.8
01-Feb-19,Exports: Spain,23.9
01-Feb-19,Exports: Sri Lanka,158.6
01-Feb-19,Exports: Sudan,0.8
01-Feb-19,Exports: Sweden,21.7
01-Feb-19,Exports: Switzerland,214.1
01-Feb-19,Exports: Syrian Arab Rep,0.1
01-Feb-19,Exports: Taiwan,1604.5
01-Feb-19,Exports: Tanzania,15.6
01-Feb-19,Exports: Thailand,1555.9
01-Feb-19,Exports: Trinidad & Tobago,7.7
01-Feb-19,Exports: Tunisia,3.3
01-Feb-19,Exports: Turkey,95.8
01-Feb-19,Exports: USA,3367.5
01-Feb-19,Exports: Ukraine,1.2
01-Feb-19,Exports: United Arab Emirates,417.5
01-Feb-19,Exports: United Kingdom,285.7
01-Feb-19,Exports: Uruguay,2.5
01-Feb-19,Exports: Vanuatu,2.5
01-Feb-19,Exports: Venezuela,0.2
01-Feb-19,Exports: Vietnam,1391.7
01-Feb-19,Exports: Yemen,0.8
01-Feb-19,Exports: Zambia,0.3
01-Feb-19,Exports: Zimbabwe,0
01-Mar-19,Exports: Afghanistan,5.9
01-Mar-19,Exports: Algeria,4.8
01-Mar-19,Exports: Angola,15.8
01-Mar-19,Exports: Antigua and Barbuda,9.9
01-Mar-19,Exports: Argentina,13.2
01-Mar-19,Exports: Australia,1355.4
01-Mar-19,Exports: Austria,32.5
01-Mar-19,Exports: Bahamas,87
01-Mar-19,Exports: Bahrain,17.4
01-Mar-19,Exports: Bangladesh,373.7
01-Mar-19,Exports: Belarus,0.1
01-Mar-19,Exports: Belgium,274.5
01-Mar-19,Exports: Benin,0.6
01-Mar-19,Exports: Bermuda,4.3
01-Mar-19,Exports: Brazil,140.7
01-Mar-19,Exports: Brunei,103.7
01-Mar-19,Exports: Bulgaria,39.1
01-Mar-19,Exports: Cambodia,357.2
01-Mar-19,Exports: Cameroon,1.9
01-Mar-19,Exports: Canada,93
01-Mar-19,Exports: Chile,6.2
01-Mar-19,Exports: China,5308.1
01-Mar-19,Exports: Christmas Islands,0
01-Mar-19,Exports: Colombia,11.3
01-Mar-19,Exports: Comoros,1.3
01-Mar-19,Exports: Costa Rica,4.2
01-Mar-19,Exports: Cote D'ivoire,2.5
01-Mar-19,Exports: Croatia,2.1
01-Mar-19,Exports: Cuba,0
01-Mar-19,Exports: Cyprus,38.6
01-Mar-19,"Exports: Czech, Republic",66
01-Mar-19,Exports: Denmark,12.2
01-Mar-19,Exports: Djibouti,2.7
01-Mar-19,Exports: Dominican Rep,1.8
01-Mar-19,Exports: Ecuador,7.7
01-Mar-19,Exports: Egypt,39.6
01-Mar-19,Exports: El Salvador,0.7
01-Mar-19,Exports: Estonia,0.7
01-Mar-19,Exports: Eswatini,0.1
01-Mar-19,Exports: Ethiopia,81.2
01-Mar-19,Exports: Fiji,49
01-Mar-19,Exports: Finland,12.7
01-Mar-19,Exports: France,535.7
01-Mar-19,Exports: French Polynesia,16.3
01-Mar-19,Exports: Gabon,3.2
01-Mar-19,Exports: Germany,722.5
01-Mar-19,Exports: Ghana,5.3
01-Mar-19,Exports: Greece,104.3
01-Mar-19,Exports: Guam,45.1
01-Mar-19,Exports: Guatemala,1
01-Mar-19,Exports: Guinea,1.5
01-Mar-19,Exports: Guyana,0.6
01-Mar-19,Exports: Honduras,0.3
01-Mar-19,Exports: Hong Kong SAR (China),4761
01-Mar-19,Exports: Hungary,41.3
01-Mar-19,Exports: India,1475.4
01-Mar-19,Exports: Indonesia,3120.2
01-Mar-19,Exports: Iran,1.5
01-Mar-19,Exports: Ireland,17.4
01-Mar-19,Exports: Israel,84.4
01-Mar-19,Exports: Italy,153.5
01-Mar-19,Exports: Jamaica,2.9
01-Mar-19,Exports: Japan,2034.1
01-Mar-19,Exports: Jordan,4.6
01-Mar-19,Exports: Kazakhstan,4.2
01-Mar-19,Exports: Kenya,69.7
01-Mar-19,Exports: Kuwait,22.1
01-Mar-19,Exports: Lao Peo Dem Rep,9.6
01-Mar-19,Exports: Latvia,3.2
01-Mar-19,Exports: Lebanon,4.6
01-Mar-19,Exports: Liberia,309.3
01-Mar-19,Exports: Libyan Arab Jamahiriya,2.9
01-Mar-19,Exports: Lithuania,2.2
01-Mar-19,Exports: Luxembourg,15.3
01-Mar-19,Exports: Macau SAR (China),26.3
01-Mar-19,Exports: Madagascar,1.4
01-Mar-19,Exports: Malaysia,4510.5
01-Mar-19,Exports: Maldives Rep of,38.5
01-Mar-19,Exports: Malta,133.6
01-Mar-19,Exports: Marshall Islands,333.3
01-Mar-19,Exports: Mauritius,10.4
01-Mar-19,Exports: Mexico,152.2
01-Mar-19,Exports: Mongolian Peo Rep,12.5
01-Mar-19,Exports: Morocco,20.8
01-Mar-19,Exports: Mozambique,0.9
01-Mar-19,Exports: Myanmar,369
01-Mar-19,Exports: Nepal,14.2
01-Mar-19,Exports: Netherlands Antilles,2.8
01-Mar-19,Exports: Netherlands,950.9
01-Mar-19,Exports: New Caledonia,34.1
01-Mar-19,Exports: New Zealand,237.1
01-Mar-19,Exports: Nigeria,17.5
01-Mar-19,Exports: Northern Mariana Islands,2.8
01-Mar-19,Exports: Norway,58.1
01-Mar-19,Exports: Oman,16.5
01-Mar-19,Exports: Other Countries of Africa,60.8
01-Mar-19,Exports: Other Countries of America,15.1
01-Mar-19,Exports: Other Countries of Asia,11
01-Mar-19,Exports: Other Countries of Europe,29.8
01-Mar-19,Exports: Other Countries of Oceania,15
01-Mar-19,Exports: Pakistan,129.2
01-Mar-19,Exports: Panama,453.7
01-Mar-19,Exports: Papua New Guinea,66
01-Mar-19,Exports: Paraguay,1
01-Mar-19,Exports: Peru,9
01-Mar-19,Exports: Philippines,882
01-Mar-19,Exports: Poland,35.4
01-Mar-19,Exports: Portugal,35.7
01-Mar-19,Exports: Puerto Rico,46.4
01-Mar-19,Exports: Qatar,128.5
01-Mar-19,Exports: Reunion,37
01-Mar-19,Exports: Romania,8.2
01-Mar-19,Exports: Russia,64.7
01-Mar-19,Exports: Saint Vincent and the Grenadines,1.7
01-Mar-19,Exports: Samoa,6.4
01-Mar-19,Exports: Saudi Arabia,255.1
01-Mar-19,Exports: Seychelles,3.7
01-Mar-19,Exports: Slovak Republic,3.1
01-Mar-19,Exports: Slovenia,4.7
01-Mar-19,Exports: Solomon Islands,5.6
01-Mar-19,Exports: South Africa,79.2
01-Mar-19,Exports: South Korea,1890.2
01-Mar-19,Exports: Spain,177.5
01-Mar-19,Exports: Sri Lanka,146.7
01-Mar-19,Exports: Sudan,0.2
01-Mar-19,Exports: Sweden,41.8
01-Mar-19,Exports: Switzerland,378.2
01-Mar-19,Exports: Syrian Arab Rep,1.4
01-Mar-19,Exports: Taiwan,1784.1
01-Mar-19,Exports: Tanzania,5.7
01-Mar-19,Exports: Thailand,1661.1
01-Mar-19,Exports: Trinidad & Tobago,1.6
01-Mar-19,Exports: Tunisia,1.5
01-Mar-19,Exports: Turkey,62.8
01-Mar-19,Exports: USA,4208
01-Mar-19,Exports: Ukraine,1.5
01-Mar-19,Exports: United Arab Emirates,459.4
01-Mar-19,Exports: United Kingdom,424
01-Mar-19,Exports: Uruguay,4.4
01-Mar-19,Exports: Vanuatu,1.6
01-Mar-19,Exports: Venezuela,0.3
01-Mar-19,Exports: Vietnam,1480.6
01-Mar-19,Exports: Yemen,1.1
01-Mar-19,Exports: Zambia,0.4
01-Mar-19,Exports: Zimbabwe,0.4
01-Apr-19,Exports: Afghanistan,2.1
01-Apr-19,Exports: Algeria,5.1
01-Apr-19,Exports: Angola,7.8
01-Apr-19,Exports: Antigua and Barbuda,12.5
01-Apr-19,Exports: Argentina,16.6
01-Apr-19,Exports: Australia,1406
01-Apr-19,Exports: Austria,17
01-Apr-19,Exports: Bahamas,77.3
01-Apr-19,Exports: Bahrain,33.9
01-Apr-19,Exports: Bangladesh,317.2
01-Apr-19,Exports: Belarus,0.2
01-Apr-19,Exports: Belgium,277.4
01-Apr-19,Exports: Benin,0.6
01-Apr-19,Exports: Bermuda,10.7
01-Apr-19,Exports: Brazil,126.2
01-Apr-19,Exports: Brunei,89
01-Apr-19,Exports: Bulgaria,74.5
01-Apr-19,Exports: Cambodia,461.3
01-Apr-19,Exports: Cameroon,2.5
01-Apr-19,Exports: Canada,95.1
01-Apr-19,Exports: Chile,11.5
01-Apr-19,Exports: China,5923.8
01-Apr-19,Exports: Christmas Islands,0
01-Apr-19,Exports: Colombia,11.7
01-Apr-19,Exports: Comoros,0.1
01-Apr-19,Exports: Costa Rica,3.9
01-Apr-19,Exports: Cote D'ivoire,1.8
01-Apr-19,Exports: Croatia,1.9
01-Apr-19,Exports: Cuba,0.1
01-Apr-19,Exports: Cyprus,57.4
01-Apr-19,"Exports: Czech, Republic",62.3
01-Apr-19,Exports: Denmark,12.9
01-Apr-19,Exports: Djibouti,1.1
01-Apr-19,Exports: Dominican Rep,1.1
01-Apr-19,Exports: Ecuador,12.3
01-Apr-19,Exports: Egypt,32.8
01-Apr-19,Exports: El Salvador,0.7
01-Apr-19,Exports: Estonia,0.9
01-Apr-19,Exports: Eswatini,2.5
01-Apr-19,Exports: Ethiopia,5.5
01-Apr-19,Exports: Fiji,38
01-Apr-19,Exports: Finland,7.7
01-Apr-19,Exports: France,475.9
01-Apr-19,Exports: French Polynesia,3.2
01-Apr-19,Exports: Gabon,1.7
01-Apr-19,Exports: Germany,677.5
01-Apr-19,Exports: Ghana,5
01-Apr-19,Exports: Greece,108.7
01-Apr-19,Exports: Guam,22.3
01-Apr-19,Exports: Guatemala,1.9
01-Apr-19,Exports: Guinea,1.1
01-Apr-19,Exports: Guyana,0.9
01-Apr-19,Exports: Honduras,0
01-Apr-19,Exports: Hong Kong SAR (China),5098.4
01-Apr-19,Exports: Hungary,40.3
01-Apr-19,Exports: India,1258.7
01-Apr-19,Exports: Indonesia,3142.5
01-Apr-19,Exports: Iran,3.6
01-Apr-19,Exports: Ireland,44.2
01-Apr-19,Exports: Israel,90.1
01-Apr-19,Exports: Italy,85.9
01-Apr-19,Exports: Jamaica,3.6
01-Apr-19,Exports: Japan,1855.6
01-Apr-19,Exports: Jordan,3.4
01-Apr-19,Exports: Kazakhstan,2
01-Apr-19,Exports: Kenya,9
01-Apr-19,Exports: Kuwait,19.2
01-Apr-19,Exports: Lao Peo Dem Rep,3.7
01-Apr-19,Exports: Latvia,3.1
01-Apr-19,Exports: Lebanon,3.1
01-Apr-19,Exports: Liberia,334.9
01-Apr-19,Exports: Libyan Arab Jamahiriya,3.9
01-Apr-19,Exports: Lithuania,1.6
01-Apr-19,Exports: Luxembourg,19.3
01-Apr-19,Exports: Macau SAR (China),27.6
01-Apr-19,Exports: Madagascar,2
01-Apr-19,Exports: Malaysia,4817.3
01-Apr-19,Exports: Maldives Rep of,38.8
01-Apr-19,Exports: Malta,160
01-Apr-19,Exports: Marshall Islands,383.5
01-Apr-19,Exports: Mauritius,7.9
01-Apr-19,Exports: Mexico,171.1
01-Apr-19,Exports: Mongolian Peo Rep,9.8
01-Apr-19,Exports: Morocco,18
01-Apr-19,Exports: Mozambique,1.8
01-Apr-19,Exports: Myanmar,376.8
01-Apr-19,Exports: Nepal,16.3
01-Apr-19,Exports: Netherlands Antilles,0.4
01-Apr-19,Exports: Netherlands,781.7
01-Apr-19,Exports: New Caledonia,33.1
01-Apr-19,Exports: New Zealand,256.3
01-Apr-19,Exports: Nigeria,67.9
01-Apr-19,Exports: Northern Mariana Islands,1.4
01-Apr-19,Exports: Norway,75.6
01-Apr-19,Exports: Oman,13.6
01-Apr-19,Exports: Other Countries of Africa,70.7
01-Apr-19,Exports: Other Countries of America,16.3
01-Apr-19,Exports: Other Countries of Asia,13.7
01-Apr-19,Exports: Other Countries of Europe,48.3
01-Apr-19,Exports: Other Countries of Oceania,11.9
01-Apr-19,Exports: Pakistan,89.3
01-Apr-19,Exports: Panama,586.2
01-Apr-19,Exports: Papua New Guinea,69.6
01-Apr-19,Exports: Paraguay,0.5
01-Apr-19,Exports: Peru,7.9
01-Apr-19,Exports: Philippines,949.4
01-Apr-19,Exports: Poland,32.3
01-Apr-19,Exports: Portugal,33.8
01-Apr-19,Exports: Puerto Rico,98.4
01-Apr-19,Exports: Qatar,100.8
01-Apr-19,Exports: Reunion,75.8
01-Apr-19,Exports: Romania,7.4
01-Apr-19,Exports: Russia,60
01-Apr-19,Exports: Saint Vincent and the Grenadines,2.7
01-Apr-19,Exports: Samoa,4.1
01-Apr-19,Exports: Saudi Arabia,80.6
01-Apr-19,Exports: Seychelles,2.7
01-Apr-19,Exports: Slovak Republic,4
01-Apr-19,Exports: Slovenia,4.7
01-Apr-19,Exports: Solomon Islands,3.7
01-Apr-19,Exports: South Africa,31.4
01-Apr-19,Exports: South Korea,1681.8
01-Apr-19,Exports: Spain,57.6
01-Apr-19,Exports: Sri Lanka,235.7
01-Apr-19,Exports: Sudan,0.7
01-Apr-19,Exports: Sweden,20.6
01-Apr-19,Exports: Switzerland,187.2
01-Apr-19,Exports: Syrian Arab Rep,0.9
01-Apr-19,Exports: Taiwan,1740.7
01-Apr-19,Exports: Tanzania,4.9
01-Apr-19,Exports: Thailand,1627.9
01-Apr-19,Exports: Trinidad & Tobago,2.3
01-Apr-19,Exports: Tunisia,1.7
01-Apr-19,Exports: Turkey,70.3
01-Apr-19,Exports: USA,3749.6
01-Apr-19,Exports: Ukraine,1
01-Apr-19,Exports: United Arab Emirates,418.2
01-Apr-19,Exports: United Kingdom,664.4
01-Apr-19,Exports: Uruguay,1.2
01-Apr-19,Exports: Vanuatu,2.3
01-Apr-19,Exports: Venezuela,0.7
01-Apr-19,Exports: Vietnam,1441.4
01-Apr-19,Exports: Yemen,2.4
01-Apr-19,Exports: Zambia,0.3
01-Apr-19,Exports: Zimbabwe,0.1
01-May-19,Exports: Afghanistan,3.5
01-May-19,Exports: Algeria,3.3
01-May-19,Exports: Angola,6.7
01-May-19,Exports: Antigua and Barbuda,15.5
01-May-19,Exports: Argentina,17
01-May-19,Exports: Australia,1159
01-May-19,Exports: Austria,19.1
01-May-19,Exports: Bahamas,104.2
01-May-19,Exports: Bahrain,16.8
01-May-19,Exports: Bangladesh,379.8
01-May-19,Exports: Belarus,0.1
01-May-19,Exports: Belgium,1380.7
01-May-19,Exports: Benin,0.6
01-May-19,Exports: Bermuda,1.5
01-May-19,Exports: Brazil,150.6
01-May-19,Exports: Brunei,97.6
01-May-19,Exports: Bulgaria,5.2
01-May-19,Exports: Cambodia,304.3
01-May-19,Exports: Cameroon,2.3
01-May-19,Exports: Canada,104.1
01-May-19,Exports: Chile,9.2
01-May-19,Exports: China,5568.9
01-May-19,Exports: Christmas Islands,0
01-May-19,Exports: Colombia,11.3
01-May-19,Exports: Comoros,0.1
01-May-19,Exports: Costa Rica,4.3
01-May-19,Exports: Cote D'ivoire,2
01-May-19,Exports: Croatia,2.4
01-May-19,Exports: Cuba,0.1
01-May-19,Exports: Cyprus,56.5
01-May-19,"Exports: Czech, Republic",59.1
01-May-19,Exports: Denmark,28
01-May-19,Exports: Djibouti,1.5
01-May-19,Exports: Dominican Rep,1.3
01-May-19,Exports: Ecuador,12.8
01-May-19,Exports: Egypt,29.1
01-May-19,Exports: El Salvador,0.7
01-May-19,Exports: Estonia,3.3
01-May-19,Exports: Eswatini,0.1
01-May-19,Exports: Ethiopia,4.2
01-May-19,Exports: Fiji,54
01-May-19,Exports: Finland,12.6
01-May-19,Exports: France,577.7
01-May-19,Exports: French Polynesia,25.7
01-May-19,Exports: Gabon,18.3
01-May-19,Exports: Germany,681.8
01-May-19,Exports: Ghana,51.8
01-May-19,Exports: Greece,99.7
01-May-19,Exports: Guam,55.2
01-May-19,Exports: Guatemala,0.8
01-May-19,Exports: Guinea,1.2
01-May-19,Exports: Guyana,1.6
01-May-19,Exports: Honduras,0.3
01-May-19,Exports: Hong Kong SAR (China),5383.1
01-May-19,Exports: Hungary,35.7
01-May-19,Exports: India,1471.4
01-May-19,Exports: Indonesia,3046.7
01-May-19,Exports: Iran,5
01-May-19,Exports: Ireland,46.1
01-May-19,Exports: Israel,91.7
01-May-19,Exports: Italy,111.1
01-May-19,Exports: Jamaica,2.5
01-May-19,Exports: Japan,1863.1
01-May-19,Exports: Jordan,2.9
01-May-19,Exports: Kazakhstan,1.7
01-May-19,Exports: Kenya,6.9
01-May-19,Exports: Kuwait,23.3
01-May-19,Exports: Lao Peo Dem Rep,5
01-May-19,Exports: Latvia,4.4
01-May-19,Exports: Lebanon,4.3
01-May-19,Exports: Liberia,327.2
01-May-19,Exports: Libyan Arab Jamahiriya,1.2
01-May-19,Exports: Lithuania,1.6
01-May-19,Exports: Luxembourg,13.1
01-May-19,Exports: Macau SAR (China),21.7
01-May-19,Exports: Madagascar,1.2
01-May-19,Exports: Malaysia,5062.4
01-May-19,Exports: Maldives Rep of,42.3
01-May-19,Exports: Malta,142.6
01-May-19,Exports: Marshall Islands,349.9
01-May-19,Exports: Mauritius,6.6
01-May-19,Exports: Mexico,180.1
01-May-19,Exports: Mongolian Peo Rep,14.1
01-May-19,Exports: Morocco,102.4
01-May-19,Exports: Mozambique,1.1
01-May-19,Exports: Myanmar,416.6
01-May-19,Exports: Nepal,14.6
01-May-19,Exports: Netherlands Antilles,3.4
01-May-19,Exports: Netherlands,1110.5
01-May-19,Exports: New Caledonia,30.8
01-May-19,Exports: New Zealand,273.5
01-May-19,Exports: Nigeria,41.3
01-May-19,Exports: Northern Mariana Islands,3.3
01-May-19,Exports: Norway,55.3
01-May-19,Exports: Oman,17.7
01-May-19,Exports: Other Countries of Africa,38.1
01-May-19,Exports: Other Countries of America,22.9
01-May-19,Exports: Other Countries of Asia,25.3
01-May-19,Exports: Other Countries of Europe,35.9
01-May-19,Exports: Other Countries of Oceania,13.4
01-May-19,Exports: Pakistan,84.3
01-May-19,Exports: Panama,653.4
01-May-19,Exports: Papua New Guinea,93.2
01-May-19,Exports: Paraguay,0.1
01-May-19,Exports: Peru,5.7
01-May-19,Exports: Philippines,1087.7
01-May-19,Exports: Poland,36.2
01-May-19,Exports: Portugal,37.7
01-May-19,Exports: Puerto Rico,170
01-May-19,Exports: Qatar,148.2
01-May-19,Exports: Reunion,36.6
01-May-19,Exports: Romania,4.9
01-May-19,Exports: Russia,55.3
01-May-19,Exports: Saint Vincent and the Grenadines,2.3
01-May-19,Exports: Samoa,3
01-May-19,Exports: Saudi Arabia,86.1
01-May-19,Exports: Seychelles,3.4
01-May-19,Exports: Slovak Republic,3.5
01-May-19,Exports: Slovenia,6.4
01-May-19,Exports: Solomon Islands,5.6
01-May-19,Exports: South Africa,66
01-May-19,Exports: South Korea,1789.2
01-May-19,Exports: Spain,45
01-May-19,Exports: Sri Lanka,198.4
01-May-19,Exports: Sudan,0.3
01-May-19,Exports: Sweden,25.3
01-May-19,Exports: Switzerland,264.4
01-May-19,Exports: Syrian Arab Rep,0.6
01-May-19,Exports: Taiwan,1550.1
01-May-19,Exports: Tanzania,3.3
01-May-19,Exports: Thailand,1613.4
01-May-19,Exports: Trinidad & Tobago,2.1
01-May-19,Exports: Tunisia,1.6
01-May-19,Exports: Turkey,67.5
01-May-19,Exports: USA,4329.1
01-May-19,Exports: Ukraine,1.2
01-May-19,Exports: United Arab Emirates,404.7
01-May-19,Exports: United Kingdom,517.1
01-May-19,Exports: Uruguay,2
01-May-19,Exports: Vanuatu,3
01-May-19,Exports: Venezuela,0.3
01-May-19,Exports: Vietnam,1584
01-May-19,Exports: Yemen,1
01-May-19,Exports: Zambia,0.2
01-May-19,Exports: Zimbabwe,0
01-Jun-19,Exports: Afghanistan,1.1
01-Jun-19,Exports: Algeria,4.2
01-Jun-19,Exports: Angola,7
01-Jun-19,Exports: Antigua and Barbuda,12.4
01-Jun-19,Exports: Argentina,23.4
01-Jun-19,Exports: Australia,1299
01-Jun-19,Exports: Austria,18.6
01-Jun-19,Exports: Bahamas,71.8
01-Jun-19,Exports: Bahrain,10.7
01-Jun-19,Exports: Bangladesh,385.2
01-Jun-19,Exports: Belarus,0.1
01-Jun-19,Exports: Belgium,318.3
01-Jun-19,Exports: Benin,0.6
01-Jun-19,Exports: Bermuda,3
01-Jun-19,Exports: Brazil,138.8
01-Jun-19,Exports: Brunei,84.5
01-Jun-19,Exports: Bulgaria,58.2
01-Jun-19,Exports: Cambodia,108.2
01-Jun-19,Exports: Cameroon,1.4
01-Jun-19,Exports: Canada,102.6
01-Jun-19,Exports: Chile,7.5
01-Jun-19,Exports: China,5282.3
01-Jun-19,Exports: Christmas Islands,0
01-Jun-19,Exports: Colombia,10
01-Jun-19,Exports: Comoros,0.1
01-Jun-19,Exports: Costa Rica,4.7
01-Jun-19,Exports: Cote D'ivoire,1.3
01-Jun-19,Exports: Croatia,0.5
01-Jun-19,Exports: Cuba,0
01-Jun-19,Exports: Cyprus,55
01-Jun-19,"Exports: Czech, Republic",44.1
01-Jun-19,Exports: Denmark,19.6
01-Jun-19,Exports: Djibouti,2.3
01-Jun-19,Exports: Dominican Rep,1.2
01-Jun-19,Exports: Ecuador,6.3
01-Jun-19,Exports: Egypt,24.7
01-Jun-19,Exports: El Salvador,2.3
01-Jun-19,Exports: Estonia,0.7
01-Jun-19,Exports: Eswatini,0.1
01-Jun-19,Exports: Ethiopia,2.6
01-Jun-19,Exports: Fiji,34.8
01-Jun-19,Exports: Finland,9.9
01-Jun-19,Exports: France,360.3
01-Jun-19,Exports: French Polynesia,1.9
01-Jun-19,Exports: Gabon,7.3
01-Jun-19,Exports: Germany,596.6
01-Jun-19,Exports: Ghana,4.5
01-Jun-19,Exports: Greece,108.9
01-Jun-19,Exports: Guam,55
01-Jun-19,Exports: Guatemala,1.4
01-Jun-19,Exports: Guinea,1.6
01-Jun-19,Exports: Guyana,0.9
01-Jun-19,Exports: Honduras,0.7
01-Jun-19,Exports: Hong Kong SAR (China),4647.6
01-Jun-19,Exports: Hungary,41.3
01-Jun-19,Exports: India,1356.3
01-Jun-19,Exports: Indonesia,2883.2
01-Jun-19,Exports: Iran,2.1
01-Jun-19,Exports: Ireland,56.4
01-Jun-19,Exports: Israel,57.9
01-Jun-19,Exports: Italy,76.2
01-Jun-19,Exports: Jamaica,1.6
01-Jun-19,Exports: Japan,1985.4
01-Jun-19,Exports: Jordan,3.4
01-Jun-19,Exports: Kazakhstan,4
01-Jun-19,Exports: Kenya,7.8
01-Jun-19,Exports: Kuwait,17.6
01-Jun-19,Exports: Lao Peo Dem Rep,5.5
01-Jun-19,Exports: Latvia,7.9
01-Jun-19,Exports: Lebanon,4
01-Jun-19,Exports: Liberia,386
01-Jun-19,Exports: Libyan Arab Jamahiriya,1.6
01-Jun-19,Exports: Lithuania,1
01-Jun-19,Exports: Luxembourg,13.2
01-Jun-19,Exports: Macau SAR (China),27.6
01-Jun-19,Exports: Madagascar,1
01-Jun-19,Exports: Malaysia,4065.4
01-Jun-19,Exports: Maldives Rep of,35.6
01-Jun-19,Exports: Malta,163.9
01-Jun-19,Exports: Marshall Islands,353.2
01-Jun-19,Exports: Mauritius,71.5
01-Jun-19,Exports: Mexico,177.2
01-Jun-19,Exports: Mongolian Peo Rep,9.3
01-Jun-19,Exports: Morocco,14.1
01-Jun-19,Exports: Mozambique,1.7
01-Jun-19,Exports: Myanmar,291.7
01-Jun-19,Exports: Nepal,23.2
01-Jun-19,Exports: Netherlands Antilles,2.7
01-Jun-19,Exports: Netherlands,934.8
01-Jun-19,Exports: New Caledonia,42.3
01-Jun-19,Exports: New Zealand,235.5
01-Jun-19,Exports: Nigeria,29.2
01-Jun-19,Exports: Northern Mariana Islands,1.2
01-Jun-19,Exports: Norway,44.7
01-Jun-19,Exports: Oman,12.1
01-Jun-19,Exports: Other Countries of Africa,69.5
01-Jun-19,Exports: Other Countries of America,17.9
01-Jun-19,Exports: Other Countries of Asia,24.9
01-Jun-19,Exports: Other Countries of Europe,46.8
01-Jun-19,Exports: Other Countries of Oceania,9
01-Jun-19,Exports: Pakistan,79.1
01-Jun-19,Exports: Panama,558.7
01-Jun-19,Exports: Papua New Guinea,57.7
01-Jun-19,Exports: Paraguay,0.3
01-Jun-19,Exports: Peru,5.5
01-Jun-19,Exports: Philippines,908.5
01-Jun-19,Exports: Poland,36.5
01-Jun-19,Exports: Portugal,50.5
01-Jun-19,Exports: Puerto Rico,158.3
01-Jun-19,Exports: Qatar,115.1
01-Jun-19,Exports: Reunion,68
01-Jun-19,Exports: Romania,5.2
01-Jun-19,Exports: Russia,70.3
01-Jun-19,Exports: Saint Vincent and the Grenadines,3.3
01-Jun-19,Exports: Samoa,9.6
01-Jun-19,Exports: Saudi Arabia,69
01-Jun-19,Exports: Seychelles,30.7
01-Jun-19,Exports: Slovak Republic,2.8
01-Jun-19,Exports: Slovenia,2.4
01-Jun-19,Exports: Solomon Islands,12.6
01-Jun-19,Exports: South Africa,115.8
01-Jun-19,Exports: South Korea,1618
01-Jun-19,Exports: Spain,30.8
01-Jun-19,Exports: Sri Lanka,113.6
01-Jun-19,Exports: Sudan,0.1
01-Jun-19,Exports: Sweden,16.9
01-Jun-19,Exports: Switzerland,345.1
01-Jun-19,Exports: Syrian Arab Rep,0.4
01-Jun-19,Exports: Taiwan,1687.1
01-Jun-19,Exports: Tanzania,5
01-Jun-19,Exports: Thailand,1590
01-Jun-19,Exports: Trinidad & Tobago,1.4
01-Jun-19,Exports: Tunisia,3.2
01-Jun-19,Exports: Turkey,65.9
01-Jun-19,Exports: USA,3675.3
01-Jun-19,Exports: Ukraine,1.2
01-Jun-19,Exports: United Arab Emirates,556.6
01-Jun-19,Exports: United Kingdom,351.7
01-Jun-19,Exports: Uruguay,0.9
01-Jun-19,Exports: Vanuatu,6.3
01-Jun-19,Exports: Venezuela,0
01-Jun-19,Exports: Vietnam,1413.2
01-Jun-19,Exports: Yemen,1.1
01-Jun-19,Exports: Zambia,8.6
01-Jun-19,Exports: Zimbabwe,0.2
01-Jul-19,Exports: Afghanistan,2.8
01-Jul-19,Exports: Algeria,5.3
01-Jul-19,Exports: Angola,9
01-Jul-19,Exports: Antigua and Barbuda,11.6
01-Jul-19,Exports: Argentina,16.3
01-Jul-19,Exports: Australia,1188.1
01-Jul-19,Exports: Austria,21.6
01-Jul-19,Exports: Bahamas,83.3
01-Jul-19,Exports: Bahrain,16.5
01-Jul-19,Exports: Bangladesh,412.3
01-Jul-19,Exports: Belarus,0.1
01-Jul-19,Exports: Belgium,389.9
01-Jul-19,Exports: Benin,0.6
01-Jul-19,Exports: Bermuda,8.2
01-Jul-19,Exports: Brazil,158.8
01-Jul-19,Exports: Brunei,156.8
01-Jul-19,Exports: Bulgaria,5.6
01-Jul-19,Exports: Cambodia,136.1
01-Jul-19,Exports: Cameroon,3.3
01-Jul-19,Exports: Canada,137.9
01-Jul-19,Exports: Chile,12.5
01-Jul-19,Exports: China,5760.5
01-Jul-19,Exports: Christmas Islands,0
01-Jul-19,Exports: Colombia,12.2
01-Jul-19,Exports: Comoros,2.9
01-Jul-19,Exports: Costa Rica,3.8
01-Jul-19,Exports: Cote D'ivoire,1
01-Jul-19,Exports: Croatia,1.4
01-Jul-19,Exports: Cuba,0.9
01-Jul-19,Exports: Cyprus,49.3
01-Jul-19,"Exports: Czech, Republic",67.7
01-Jul-19,Exports: Denmark,22
01-Jul-19,Exports: Djibouti,1.9
01-Jul-19,Exports: Dominican Rep,1
01-Jul-19,Exports: Ecuador,11
01-Jul-19,Exports: Egypt,60.7
01-Jul-19,Exports: El Salvador,0.8
01-Jul-19,Exports: Estonia,3.6
01-Jul-19,Exports: Eswatini,0.1
01-Jul-19,Exports: Ethiopia,4.2
01-Jul-19,Exports: Fiji,63.5
01-Jul-19,Exports: Finland,9.3
01-Jul-19,Exports: France,410.1
01-Jul-19,Exports: French Polynesia,20.5
01-Jul-19,Exports: Gabon,4.9
01-Jul-19,Exports: Germany,665.2
01-Jul-19,Exports: Ghana,4.2
01-Jul-19,Exports: Greece,99.9
01-Jul-19,Exports: Guam,21.4
01-Jul-19,Exports: Guatemala,2.4
01-Jul-19,Exports: Guinea,0.8
01-Jul-19,Exports: Guyana,0.9
01-Jul-19,Exports: Honduras,0.5
01-Jul-19,Exports: Hong Kong SAR (China),4619.2
01-Jul-19,Exports: Hungary,37.9
01-Jul-19,Exports: India,1341.2
01-Jul-19,Exports: Indonesia,3296.2
01-Jul-19,Exports: Iran,3.3
01-Jul-19,Exports: Ireland,48.8
01-Jul-19,Exports: Israel,75.5
01-Jul-19,Exports: Italy,79.5
01-Jul-19,Exports: Jamaica,1.9
01-Jul-19,Exports: Japan,2169.2
01-Jul-19,Exports: Jordan,4.1
01-Jul-19,Exports: Kazakhstan,4.2
01-Jul-19,Exports: Kenya,6.8
01-Jul-19,Exports: Kuwait,16.6
01-Jul-19,Exports: Lao Peo Dem Rep,3.8
01-Jul-19,Exports: Latvia,3.6
01-Jul-19,Exports: Lebanon,3.3
01-Jul-19,Exports: Liberia,300.6
01-Jul-19,Exports: Libyan Arab Jamahiriya,3.5
01-Jul-19,Exports: Lithuania,1.7
01-Jul-19,Exports: Luxembourg,19.1
01-Jul-19,Exports: Macau SAR (China),16.3
01-Jul-19,Exports: Madagascar,34.1
01-Jul-19,Exports: Malaysia,4632.3
01-Jul-19,Exports: Maldives Rep of,27.4
01-Jul-19,Exports: Malta,145.4
01-Jul-19,Exports: Marshall Islands,342.9
01-Jul-19,Exports: Mauritius,14.4
01-Jul-19,Exports: Mexico,181.9
01-Jul-19,Exports: Mongolian Peo Rep,9.5
01-Jul-19,Exports: Morocco,16.3
01-Jul-19,Exports: Mozambique,43
01-Jul-19,Exports: Myanmar,364.7
01-Jul-19,Exports: Nepal,18.9
01-Jul-19,Exports: Netherlands Antilles,1.7
01-Jul-19,Exports: Netherlands,1108.8
01-Jul-19,Exports: New Caledonia,61.3
01-Jul-19,Exports: New Zealand,217
01-Jul-19,Exports: Nigeria,20.9
01-Jul-19,Exports: Northern Mariana Islands,1.5
01-Jul-19,Exports: Norway,506.5
01-Jul-19,Exports: Oman,12.2
01-Jul-19,Exports: Other Countries of Africa,34.9
01-Jul-19,Exports: Other Countries of America,18
01-Jul-19,Exports: Other Countries of Asia,16.2
01-Jul-19,Exports: Other Countries of Europe,37.2
01-Jul-19,Exports: Other Countries of Oceania,16.6
01-Jul-19,Exports: Pakistan,161.7
01-Jul-19,Exports: Panama,382.3
01-Jul-19,Exports: Papua New Guinea,71.3
01-Jul-19,Exports: Paraguay,0.6
01-Jul-19,Exports: Peru,5.5
01-Jul-19,Exports: Philippines,1093.9
01-Jul-19,Exports: Poland,51.4
01-Jul-19,Exports: Portugal,44.3
01-Jul-19,Exports: Puerto Rico,207
01-Jul-19,Exports: Qatar,92.5
01-Jul-19,Exports: Reunion,32.7
01-Jul-19,Exports: Romania,5.2
01-Jul-19,Exports: Russia,73.8
01-Jul-19,Exports: Saint Vincent and the Grenadines,2.9
01-Jul-19,Exports: Samoa,9.7
01-Jul-19,Exports: Saudi Arabia,87
01-Jul-19,Exports: Seychelles,5.4
01-Jul-19,Exports: Slovak Republic,1.8
01-Jul-19,Exports: Slovenia,2.5
01-Jul-19,Exports: Solomon Islands,5.3
01-Jul-19,Exports: South Africa,112.4
01-Jul-19,Exports: South Korea,1846.2
01-Jul-19,Exports: Spain,37.8
01-Jul-19,Exports: Sri Lanka,81.5
01-Jul-19,Exports: Sudan,0
01-Jul-19,Exports: Sweden,13.2
01-Jul-19,Exports: Switzerland,570.9
01-Jul-19,Exports: Syrian Arab Rep,0.3
01-Jul-19,Exports: Taiwan,1802.5
01-Jul-19,Exports: Tanzania,6.7
01-Jul-19,Exports: Thailand,1959.4
01-Jul-19,Exports: Trinidad & Tobago,2.9
01-Jul-19,Exports: Tunisia,2.1
01-Jul-19,Exports: Turkey,65.6
01-Jul-19,Exports: USA,3941.3
01-Jul-19,Exports: Ukraine,1
01-Jul-19,Exports: United Arab Emirates,467
01-Jul-19,Exports: United Kingdom,695.9
01-Jul-19,Exports: Uruguay,0.9
01-Jul-19,Exports: Vanuatu,2.6
01-Jul-19,Exports: Venezuela,0.2
01-Jul-19,Exports: Vietnam,1403.6
01-Jul-19,Exports: Yemen,1.3
01-Jul-19,Exports: Zambia,0.3
01-Jul-19,Exports: Zimbabwe,0
01-Aug-19,Exports: Afghanistan,4.1
01-Aug-19,Exports: Algeria,7.5
01-Aug-19,Exports: Angola,6.4
01-Aug-19,Exports: Antigua and Barbuda,9.8
01-Aug-19,Exports: Argentina,15.7
01-Aug-19,Exports: Australia,1214.3
01-Aug-19,Exports: Austria,24.8
01-Aug-19,Exports: Bahamas,93.9
01-Aug-19,Exports: Bahrain,9.5
01-Aug-19,Exports: Bangladesh,334.5
01-Aug-19,Exports: Belarus,0.1
01-Aug-19,Exports: Belgium,338.8
01-Aug-19,Exports: Benin,0.6
01-Aug-19,Exports: Bermuda,5.4
01-Aug-19,Exports: Brazil,197.7
01-Aug-19,Exports: Brunei,331.9
01-Aug-19,Exports: Bulgaria,58.9
01-Aug-19,Exports: Cambodia,87.8
01-Aug-19,Exports: Cameroon,2.7
01-Aug-19,Exports: Canada,106.9
01-Aug-19,Exports: Chile,9.1
01-Aug-19,Exports: China,7123
01-Aug-19,Exports: Christmas Islands,0
01-Aug-19,Exports: Colombia,9.3
01-Aug-19,Exports: Comoros,0.1
01-Aug-19,Exports: Costa Rica,5.8
01-Aug-19,Exports: Cote D'ivoire,1.2
01-Aug-19,Exports: Croatia,0.7
01-Aug-19,Exports: Cuba,0.1
01-Aug-19,Exports: Cyprus,43.4
01-Aug-19,"Exports: Czech, Republic",49.3
01-Aug-19,Exports: Denmark,19.6
01-Aug-19,Exports: Djibouti,1.4
01-Aug-19,Exports: Dominican Rep,1.2
01-Aug-19,Exports: Ecuador,13.8
01-Aug-19,Exports: Egypt,26.6
01-Aug-19,Exports: El Salvador,0.5
01-Aug-19,Exports: Estonia,6.5
01-Aug-19,Exports: Eswatini,0.1
01-Aug-19,Exports: Ethiopia,3.7
01-Aug-19,Exports: Fiji,51.8
01-Aug-19,Exports: Finland,10.4
01-Aug-19,Exports: France,429.2
01-Aug-19,Exports: French Polynesia,11.4
01-Aug-19,Exports: Gabon,7.3
01-Aug-19,Exports: Germany,637.8
01-Aug-19,Exports: Ghana,3.8
01-Aug-19,Exports: Greece,97.6
01-Aug-19,Exports: Guam,32.1
01-Aug-19,Exports: Guatemala,1.5
01-Aug-19,Exports: Guinea,1
01-Aug-19,Exports: Guyana,0.5
01-Aug-19,Exports: Honduras,0.3
01-Aug-19,Exports: Hong Kong SAR (China),5317.2
01-Aug-19,Exports: Hungary,32.5
01-Aug-19,Exports: India,1249.7
01-Aug-19,Exports: Indonesia,3192.3
01-Aug-19,Exports: Iran,3.8
01-Aug-19,Exports: Ireland,22.9
01-Aug-19,Exports: Israel,107.7
01-Aug-19,Exports: Italy,76
01-Aug-19,Exports: Jamaica,2.5
01-Aug-19,Exports: Japan,1853.5
01-Aug-19,Exports: Jordan,5.4
01-Aug-19,Exports: Kazakhstan,0.9
01-Aug-19,Exports: Kenya,6.5
01-Aug-19,Exports: Kuwait,17.1
01-Aug-19,Exports: Lao Peo Dem Rep,4.2
01-Aug-19,Exports: Latvia,2.4
01-Aug-19,Exports: Lebanon,4.2
01-Aug-19,Exports: Liberia,348.8
01-Aug-19,Exports: Libyan Arab Jamahiriya,1.9
01-Aug-19,Exports: Lithuania,2
01-Aug-19,Exports: Luxembourg,15.1
01-Aug-19,Exports: Macau SAR (China),18.4
01-Aug-19,Exports: Madagascar,1.3
01-Aug-19,Exports: Malaysia,4416.4
01-Aug-19,Exports: Maldives Rep of,34.2
01-Aug-19,Exports: Malta,152.8
01-Aug-19,Exports: Marshall Islands,327.5
01-Aug-19,Exports: Mauritius,10.5
01-Aug-19,Exports: Mexico,176.9
01-Aug-19,Exports: Mongolian Peo Rep,9.5
01-Aug-19,Exports: Morocco,15.3
01-Aug-19,Exports: Mozambique,1.3
01-Aug-19,Exports: Myanmar,326.2
01-Aug-19,Exports: Nepal,16.8
01-Aug-19,Exports: Netherlands Antilles,2.6
01-Aug-19,Exports: Netherlands,866.6
01-Aug-19,Exports: New Caledonia,17.3
01-Aug-19,Exports: New Zealand,290.8
01-Aug-19,Exports: Nigeria,43.9
01-Aug-19,Exports: Northern Mariana Islands,1.9
01-Aug-19,Exports: Norway,56.5
01-Aug-19,Exports: Oman,141.5
01-Aug-19,Exports: Other Countries of Africa,9.3
01-Aug-19,Exports: Other Countries of America,16.8
01-Aug-19,Exports: Other Countries of Asia,13.6
01-Aug-19,Exports: Other Countries of Europe,34.4
01-Aug-19,Exports: Other Countries of Oceania,9.4
01-Aug-19,Exports: Pakistan,92.8
01-Aug-19,Exports: Panama,487.5
01-Aug-19,Exports: Papua New Guinea,76
01-Aug-19,Exports: Paraguay,0.7
01-Aug-19,Exports: Peru,5.2
01-Aug-19,Exports: Philippines,1024
01-Aug-19,Exports: Poland,38.7
01-Aug-19,Exports: Portugal,43.6
01-Aug-19,Exports: Puerto Rico,242.6
01-Aug-19,Exports: Qatar,57.8
01-Aug-19,Exports: Reunion,39.5
01-Aug-19,Exports: Romania,4
01-Aug-19,Exports: Russia,45.2
01-Aug-19,Exports: Saint Vincent and the Grenadines,3.3
01-Aug-19,Exports: Samoa,8.9
01-Aug-19,Exports: Saudi Arabia,98.1
01-Aug-19,Exports: Seychelles,3.1
01-Aug-19,Exports: Slovak Republic,2.2
01-Aug-19,Exports: Slovenia,6.1
01-Aug-19,Exports: Solomon Islands,2.8
01-Aug-19,Exports: South Africa,70.7
01-Aug-19,Exports: South Korea,1624.5
01-Aug-19,Exports: Spain,28.7
01-Aug-19,Exports: Sri Lanka,76
01-Aug-19,Exports: Sudan,0.2
01-Aug-19,Exports: Sweden,23
01-Aug-19,Exports: Switzerland,422.4
01-Aug-19,Exports: Syrian Arab Rep,0.7
01-Aug-19,Exports: Taiwan,1871.8
01-Aug-19,Exports: Tanzania,6.2
01-Aug-19,Exports: Thailand,1649.9
01-Aug-19,Exports: Trinidad & Tobago,2.9
01-Aug-19,Exports: Tunisia,2.8
01-Aug-19,Exports: Turkey,76.9
01-Aug-19,Exports: USA,3421.7
01-Aug-19,Exports: Ukraine,2.7
01-Aug-19,Exports: United Arab Emirates,520.2
01-Aug-19,Exports: United Kingdom,683.1
01-Aug-19,Exports: Uruguay,3
01-Aug-19,Exports: Vanuatu,1.8
01-Aug-19,Exports: Venezuela,0.3
01-Aug-19,Exports: Vietnam,1647.9
01-Aug-19,Exports: Yemen,1.8
01-Aug-19,Exports: Zambia,0.3
01-Aug-19,Exports: Zimbabwe,0.1
01-Sep-19,Exports: Afghanistan,5
01-Sep-19,Exports: Algeria,3.9
01-Sep-19,Exports: Angola,8
01-Sep-19,Exports: Antigua and Barbuda,9.5
01-Sep-19,Exports: Argentina,12.1
01-Sep-19,Exports: Australia,1276.3
01-Sep-19,Exports: Austria,67.9
01-Sep-19,Exports: Bahamas,79.6
01-Sep-19,Exports: Bahrain,11.5
01-Sep-19,Exports: Bangladesh,503.4
01-Sep-19,Exports: Belarus,0.2
01-Sep-19,Exports: Belgium,463.5
01-Sep-19,Exports: Benin,0.2
01-Sep-19,Exports: Bermuda,5.5
01-Sep-19,Exports: Brazil,169
01-Sep-19,Exports: Brunei,118.3
01-Sep-19,Exports: Bulgaria,4.2
01-Sep-19,Exports: Cambodia,97.7
01-Sep-19,Exports: Cameroon,2.5
01-Sep-19,Exports: Canada,164.1
01-Sep-19,Exports: Chile,12.6
01-Sep-19,Exports: China,5533.1
01-Sep-19,Exports: Christmas Islands,0
01-Sep-19,Exports: Colombia,9.8
01-Sep-19,Exports: Comoros,0.1
01-Sep-19,Exports: Costa Rica,4.7
01-Sep-19,Exports: Cote D'ivoire,1.8
01-Sep-19,Exports: Croatia,1.1
01-Sep-19,Exports: Cuba,0
01-Sep-19,Exports: Cyprus,50.2
01-Sep-19,"Exports: Czech, Republic",38.1
01-Sep-19,Exports: Denmark,12.5
01-Sep-19,Exports: Djibouti,2.7
01-Sep-19,Exports: Dominican Rep,2.1
01-Sep-19,Exports: Ecuador,6.9
01-Sep-19,Exports: Egypt,29
01-Sep-19,Exports: El Salvador,0.4
01-Sep-19,Exports: Estonia,9.5
01-Sep-19,Exports: Eswatini,0.1
01-Sep-19,Exports: Ethiopia,5.3
01-Sep-19,Exports: Fiji,38.2
01-Sep-19,Exports: Finland,13.4
01-Sep-19,Exports: France,438.5
01-Sep-19,Exports: French Polynesia,8.3
01-Sep-19,Exports: Gabon,2.7
01-Sep-19,Exports: Germany,615
01-Sep-19,Exports: Ghana,6.6
01-Sep-19,Exports: Greece,71
01-Sep-19,Exports: Guam,92.4
01-Sep-19,Exports: Guatemala,1.1
01-Sep-19,Exports: Guinea,1.4
01-Sep-19,Exports: Guyana,3.9
01-Sep-19,Exports: Honduras,0.9
01-Sep-19,Exports: Hong Kong SAR (China),5117.6
01-Sep-19,Exports: Hungary,34.4
01-Sep-19,Exports: India,1200.3
01-Sep-19,Exports: Indonesia,3122.7
01-Sep-19,Exports: Iran,3.8
01-Sep-19,Exports: Ireland,18.3
01-Sep-19,Exports: Israel,68.3
01-Sep-19,Exports: Italy,99.5
01-Sep-19,Exports: Jamaica,3.4
01-Sep-19,Exports: Japan,2100.5
01-Sep-19,Exports: Jordan,4.6
01-Sep-19,Exports: Kazakhstan,26.3
01-Sep-19,Exports: Kenya,8.4
01-Sep-19,Exports: Kuwait,22.4
01-Sep-19,Exports: Lao Peo Dem Rep,4.5
01-Sep-19,Exports: Latvia,3.7
01-Sep-19,Exports: Lebanon,3.6
01-Sep-19,Exports: Liberia,316.8
01-Sep-19,Exports: Libyan Arab Jamahiriya,3.1
01-Sep-19,Exports: Lithuania,1.7
01-Sep-19,Exports: Luxembourg,8.1
01-Sep-19,Exports: Macau SAR (China),17.8
01-Sep-19,Exports: Madagascar,1.3
01-Sep-19,Exports: Malaysia,4542.6
01-Sep-19,Exports: Maldives Rep of,28.5
01-Sep-19,Exports: Malta,122.5
01-Sep-19,Exports: Marshall Islands,362.9
01-Sep-19,Exports: Mauritius,7.3
01-Sep-19,Exports: Mexico,165.8
01-Sep-19,Exports: Mongolian Peo Rep,17.3
01-Sep-19,Exports: Morocco,11.9
01-Sep-19,Exports: Mozambique,4
01-Sep-19,Exports: Myanmar,316.2
01-Sep-19,Exports: Nepal,16.7
01-Sep-19,Exports: Netherlands Antilles,1.5
01-Sep-19,Exports: Netherlands,761.7
01-Sep-19,Exports: New Caledonia,61.6
01-Sep-19,Exports: New Zealand,203.2
01-Sep-19,Exports: Nigeria,15.9
01-Sep-19,Exports: Northern Mariana Islands,1.8
01-Sep-19,Exports: Norway,55.9
01-Sep-19,Exports: Oman,32.7
01-Sep-19,Exports: Other Countries of Africa,15
01-Sep-19,Exports: Other Countries of America,16.9
01-Sep-19,Exports: Other Countries of Asia,11.5
01-Sep-19,Exports: Other Countries of Europe,52.2
01-Sep-19,Exports: Other Countries of Oceania,4.6
01-Sep-19,Exports: Pakistan,105.6
01-Sep-19,Exports: Panama,386.8
01-Sep-19,Exports: Papua New Guinea,51.7
01-Sep-19,Exports: Paraguay,0.3
01-Sep-19,Exports: Peru,5.9
01-Sep-19,Exports: Philippines,1056.3
01-Sep-19,Exports: Poland,47.8
01-Sep-19,Exports: Portugal,42.9
01-Sep-19,Exports: Puerto Rico,199.6
01-Sep-19,Exports: Qatar,53.1
01-Sep-19,Exports: Reunion,63.3
01-Sep-19,Exports: Romania,4.9
01-Sep-19,Exports: Russia,77.6
01-Sep-19,Exports: Saint Vincent and the Grenadines,2.8
01-Sep-19,Exports: Samoa,0.3
01-Sep-19,Exports: Saudi Arabia,241.1
01-Sep-19,Exports: Seychelles,3
01-Sep-19,Exports: Slovak Republic,2.4
01-Sep-19,Exports: Slovenia,2.5
01-Sep-19,Exports: Solomon Islands,8.9
01-Sep-19,Exports: South Africa,40.7
01-Sep-19,Exports: South Korea,1736.8
01-Sep-19,Exports: Spain,162.8
01-Sep-19,Exports: Sri Lanka,106.6
01-Sep-19,Exports: Sudan,0.1
01-Sep-19,Exports: Sweden,27.9
01-Sep-19,Exports: Switzerland,294.9
01-Sep-19,Exports: Syrian Arab Rep,0.5
01-Sep-19,Exports: Taiwan,2144.4
01-Sep-19,Exports: Tanzania,4.9
01-Sep-19,Exports: Thailand,1826.1
01-Sep-19,Exports: Trinidad & Tobago,2.9
01-Sep-19,Exports: Tunisia,1.4
01-Sep-19,Exports: Turkey,62
01-Sep-19,Exports: USA,3484.4
01-Sep-19,Exports: Ukraine,1.8
01-Sep-19,Exports: United Arab Emirates,467.1
01-Sep-19,Exports: United Kingdom,398.7
01-Sep-19,Exports: Uruguay,1.7
01-Sep-19,Exports: Vanuatu,3.2
01-Sep-19,Exports: Venezuela,0.2
01-Sep-19,Exports: Vietnam,1319.1
01-Sep-19,Exports: Yemen,2.7
01-Sep-19,Exports: Zambia,0.2
01-Sep-19,Exports: Zimbabwe,0.1
01-Oct-19,Exports: Afghanistan,4.7
01-Oct-19,Exports: Algeria,4
01-Oct-19,Exports: Angola,5.7
01-Oct-19,Exports: Antigua and Barbuda,10.9
01-Oct-19,Exports: Argentina,22
01-Oct-19,Exports: Australia,1762.6
01-Oct-19,Exports: Austria,28.7
01-Oct-19,Exports: Bahamas,73.6
01-Oct-19,Exports: Bahrain,49.7
01-Oct-19,Exports: Bangladesh,350.4
01-Oct-19,Exports: Belarus,0.2
01-Oct-19,Exports: Belgium,635
01-Oct-19,Exports: Benin,0.4
01-Oct-19,Exports: Bermuda,5.7
01-Oct-19,Exports: Brazil,140.3
01-Oct-19,Exports: Brunei,107.3
01-Oct-19,Exports: Bulgaria,3.2
01-Oct-19,Exports: Cambodia,129.8
01-Oct-19,Exports: Cameroon,3.4
01-Oct-19,Exports: Canada,225.2
01-Oct-19,Exports: Chile,10.6
01-Oct-19,Exports: China,5678.9
01-Oct-19,Exports: Christmas Islands,0
01-Oct-19,Exports: Colombia,11.5
01-Oct-19,Exports: Comoros,0.4
01-Oct-19,Exports: Costa Rica,7.7
01-Oct-19,Exports: Cote D'ivoire,2.6
01-Oct-19,Exports: Croatia,2.1
01-Oct-19,Exports: Cuba,0
01-Oct-19,Exports: Cyprus,49.5
01-Oct-19,"Exports: Czech, Republic",50.5
01-Oct-19,Exports: Denmark,15.4
01-Oct-19,Exports: Djibouti,1.8
01-Oct-19,Exports: Dominican Rep,0.7
01-Oct-19,Exports: Ecuador,5.1
01-Oct-19,Exports: Egypt,90
01-Oct-19,Exports: El Salvador,0.5
01-Oct-19,Exports: Estonia,1.5
01-Oct-19,Exports: Eswatini,0
01-Oct-19,Exports: Ethiopia,1.8
01-Oct-19,Exports: Fiji,53.8
01-Oct-19,Exports: Finland,7.3
01-Oct-19,Exports: France,429.1
01-Oct-19,Exports: French Polynesia,8.9
01-Oct-19,Exports: Gabon,1.1
01-Oct-19,Exports: Germany,718.9
01-Oct-19,Exports: Ghana,4.5
01-Oct-19,Exports: Greece,103.3
01-Oct-19,Exports: Guam,6.1
01-Oct-19,Exports: Guatemala,1.8
01-Oct-19,Exports: Guinea,0.8
01-Oct-19,Exports: Guyana,1.3
01-Oct-19,Exports: Honduras,0.1
01-Oct-19,Exports: Hong Kong SAR (China),5319
01-Oct-19,Exports: Hungary,32.8
01-Oct-19,Exports: India,1185.1
01-Oct-19,Exports: Indonesia,3275.5
01-Oct-19,Exports: Iran,2.5
01-Oct-19,Exports: Ireland,30
01-Oct-19,Exports: Israel,76.4
01-Oct-19,Exports: Italy,75.7
01-Oct-19,Exports: Jamaica,4.4
01-Oct-19,Exports: Japan,2270
01-Oct-19,Exports: Jordan,3.3
01-Oct-19,Exports: Kazakhstan,1.6
01-Oct-19,Exports: Kenya,8.7
01-Oct-19,Exports: Kuwait,17.8
01-Oct-19,Exports: Lao Peo Dem Rep,6.4
01-Oct-19,Exports: Latvia,3.5
01-Oct-19,Exports: Lebanon,2.9
01-Oct-19,Exports: Liberia,313.8
01-Oct-19,Exports: Libyan Arab Jamahiriya,3.5
01-Oct-19,Exports: Lithuania,2.3
01-Oct-19,Exports: Luxembourg,10.7
01-Oct-19,Exports: Macau SAR (China),21.1
01-Oct-19,Exports: Madagascar,2.7
01-Oct-19,Exports: Malaysia,5128.5
01-Oct-19,Exports: Maldives Rep of,53.3
01-Oct-19,Exports: Malta,130.8
01-Oct-19,Exports: Marshall Islands,370.4
01-Oct-19,Exports: Mauritius,6.9
01-Oct-19,Exports: Mexico,185.1
01-Oct-19,Exports: Mongolian Peo Rep,10.2
01-Oct-19,Exports: Morocco,16.8
01-Oct-19,Exports: Mozambique,2.2
01-Oct-19,Exports: Myanmar,362
01-Oct-19,Exports: Nepal,14.9
01-Oct-19,Exports: Netherlands Antilles,1.4
01-Oct-19,Exports: Netherlands,1014.1
01-Oct-19,Exports: New Caledonia,22.2
01-Oct-19,Exports: New Zealand,270.1
01-Oct-19,Exports: Nigeria,14.4
01-Oct-19,Exports: Northern Mariana Islands,1.7
01-Oct-19,Exports: Norway,68.7
01-Oct-19,Exports: Oman,20.7
01-Oct-19,Exports: Other Countries of Africa,9.6
01-Oct-19,Exports: Other Countries of America,11.8
01-Oct-19,Exports: Other Countries of Asia,16.5
01-Oct-19,Exports: Other Countries of Europe,25.8
01-Oct-19,Exports: Other Countries of Oceania,10.5
01-Oct-19,Exports: Pakistan,88.4
01-Oct-19,Exports: Panama,390.9
01-Oct-19,Exports: Papua New Guinea,71.6
01-Oct-19,Exports: Paraguay,0.6
01-Oct-19,Exports: Peru,6
01-Oct-19,Exports: Philippines,1004.3
01-Oct-19,Exports: Poland,42.5
01-Oct-19,Exports: Portugal,161.2
01-Oct-19,Exports: Puerto Rico,121.9
01-Oct-19,Exports: Qatar,105.8
01-Oct-19,Exports: Reunion,57.9
01-Oct-19,Exports: Romania,5.8
01-Oct-19,Exports: Russia,94.4
01-Oct-19,Exports: Saint Vincent and the Grenadines,2.4
01-Oct-19,Exports: Samoa,9.5
01-Oct-19,Exports: Saudi Arabia,85.2
01-Oct-19,Exports: Seychelles,7.8
01-Oct-19,Exports: Slovak Republic,2.2
01-Oct-19,Exports: Slovenia,2.7
01-Oct-19,Exports: Solomon Islands,3
01-Oct-19,Exports: South Africa,35.1
01-Oct-19,Exports: South Korea,1662.8
01-Oct-19,Exports: Spain,155.9
01-Oct-19,Exports: Sri Lanka,104.7
01-Oct-19,Exports: Sudan,0.5
01-Oct-19,Exports: Sweden,21.4
01-Oct-19,Exports: Switzerland,428.9
01-Oct-19,Exports: Syrian Arab Rep,0.6
01-Oct-19,Exports: Taiwan,2208.9
01-Oct-19,Exports: Tanzania,6
01-Oct-19,Exports: Thailand,2011.6
01-Oct-19,Exports: Trinidad & Tobago,1.7
01-Oct-19,Exports: Tunisia,2.6
01-Oct-19,Exports: Turkey,77.2
01-Oct-19,Exports: USA,3691.1
01-Oct-19,Exports: Ukraine,3.5
01-Oct-19,Exports: United Arab Emirates,483.8
01-Oct-19,Exports: United Kingdom,805.1
01-Oct-19,Exports: Uruguay,3.6
01-Oct-19,Exports: Vanuatu,0.8
01-Oct-19,Exports: Venezuela,0.1
01-Oct-19,Exports: Vietnam,1576
01-Oct-19,Exports: Yemen,1.4
01-Oct-19,Exports: Zambia,0.3
01-Oct-19,Exports: Zimbabwe,0.2
01-Nov-19,Exports: Afghanistan,6.8
01-Nov-19,Exports: Algeria,6.1
01-Nov-19,Exports: Angola,4.8
01-Nov-19,Exports: Antigua and Barbuda,9.8
01-Nov-19,Exports: Argentina,11.6
01-Nov-19,Exports: Australia,1307.4
01-Nov-19,Exports: Austria,21.8
01-Nov-19,Exports: Bahamas,48.9
01-Nov-19,Exports: Bahrain,37.4
01-Nov-19,Exports: Bangladesh,275.7
01-Nov-19,Exports: Belarus,0.1
01-Nov-19,Exports: Belgium,553.4
01-Nov-19,Exports: Benin,0.2
01-Nov-19,Exports: Bermuda,4.1
01-Nov-19,Exports: Brazil,150.3
01-Nov-19,Exports: Brunei,124.8
01-Nov-19,Exports: Bulgaria,5.2
01-Nov-19,Exports: Cambodia,434.5
01-Nov-19,Exports: Cameroon,2.7
01-Nov-19,Exports: Canada,85.6
01-Nov-19,Exports: Chile,10.5
01-Nov-19,Exports: China,6333.7
01-Nov-19,Exports: Christmas Islands,0
01-Nov-19,Exports: Colombia,18.5
01-Nov-19,Exports: Comoros,0.3
01-Nov-19,Exports: Costa Rica,5.5
01-Nov-19,Exports: Cote D'ivoire,2.2
01-Nov-19,Exports: Croatia,0.2
01-Nov-19,Exports: Cuba,0.1
01-Nov-19,Exports: Cyprus,33.9
01-Nov-19,"Exports: Czech, Republic",43.5
01-Nov-19,Exports: Denmark,11.4
01-Nov-19,Exports: Djibouti,1.7
01-Nov-19,Exports: Dominican Rep,1
01-Nov-19,Exports: Ecuador,10.8
01-Nov-19,Exports: Egypt,26.2
01-Nov-19,Exports: El Salvador,0.7
01-Nov-19,Exports: Estonia,0.4
01-Nov-19,Exports: Eswatini,0
01-Nov-19,Exports: Ethiopia,5.8
01-Nov-19,Exports: Fiji,34.5
01-Nov-19,Exports: Finland,8.5
01-Nov-19,Exports: France,435.6
01-Nov-19,Exports: French Polynesia,3.3
01-Nov-19,Exports: Gabon,3.6
01-Nov-19,Exports: Germany,581.2
01-Nov-19,Exports: Ghana,4.5
01-Nov-19,Exports: Greece,90
01-Nov-19,Exports: Guam,39.9
01-Nov-19,Exports: Guatemala,1.1
01-Nov-19,Exports: Guinea,1.4
01-Nov-19,Exports: Guyana,1.6
01-Nov-19,Exports: Honduras,0.3
01-Nov-19,Exports: Hong Kong SAR (China),5305.3
01-Nov-19,Exports: Hungary,39.8
01-Nov-19,Exports: India,1281.2
01-Nov-19,Exports: Indonesia,3305.5
01-Nov-19,Exports: Iran,2.3
01-Nov-19,Exports: Ireland,37.1
01-Nov-19,Exports: Israel,97
01-Nov-19,Exports: Italy,63
01-Nov-19,Exports: Jamaica,3.9
01-Nov-19,Exports: Japan,2012.5
01-Nov-19,Exports: Jordan,5.3
01-Nov-19,Exports: Kazakhstan,1.7
01-Nov-19,Exports: Kenya,7.8
01-Nov-19,Exports: Kuwait,16.7
01-Nov-19,Exports: Lao Peo Dem Rep,11.1
01-Nov-19,Exports: Latvia,3.4
01-Nov-19,Exports: Lebanon,1.6
01-Nov-19,Exports: Liberia,220
01-Nov-19,Exports: Libyan Arab Jamahiriya,2.7
01-Nov-19,Exports: Lithuania,6.4
01-Nov-19,Exports: Luxembourg,11.7
01-Nov-19,Exports: Macau SAR (China),16.6
01-Nov-19,Exports: Madagascar,1.5
01-Nov-19,Exports: Malaysia,5188.3
01-Nov-19,Exports: Maldives Rep of,24.3
01-Nov-19,Exports: Malta,102.3
01-Nov-19,Exports: Marshall Islands,227.8
01-Nov-19,Exports: Mauritius,6.3
01-Nov-19,Exports: Mexico,150.5
01-Nov-19,Exports: Mongolian Peo Rep,9.6
01-Nov-19,Exports: Morocco,19.5
01-Nov-19,Exports: Mozambique,2.9
01-Nov-19,Exports: Myanmar,349.2
01-Nov-19,Exports: Nepal,14.8
01-Nov-19,Exports: Netherlands Antilles,2.1
01-Nov-19,Exports: Netherlands,1085
01-Nov-19,Exports: New Caledonia,42.6
01-Nov-19,Exports: New Zealand,324.8
01-Nov-19,Exports: Nigeria,14
01-Nov-19,Exports: Northern Mariana Islands,1.4
01-Nov-19,Exports: Norway,51.7
01-Nov-19,Exports: Oman,38.4
01-Nov-19,Exports: Other Countries of Africa,9.9
01-Nov-19,Exports: Other Countries of America,20.2
01-Nov-19,Exports: Other Countries of Asia,14.6
01-Nov-19,Exports: Other Countries of Europe,23.9
01-Nov-19,Exports: Other Countries of Oceania,9.8
01-Nov-19,Exports: Pakistan,76.3
01-Nov-19,Exports: Panama,271.9
01-Nov-19,Exports: Papua New Guinea,70
01-Nov-19,Exports: Paraguay,1
01-Nov-19,Exports: Peru,5.5
01-Nov-19,Exports: Philippines,1129.7
01-Nov-19,Exports: Poland,47.4
01-Nov-19,Exports: Portugal,30.3
01-Nov-19,Exports: Puerto Rico,79.2
01-Nov-19,Exports: Qatar,187.4
01-Nov-19,Exports: Reunion,42.6
01-Nov-19,Exports: Romania,5
01-Nov-19,Exports: Russia,70.6
01-Nov-19,Exports: Saint Vincent and the Grenadines,3.6
01-Nov-19,Exports: Samoa,8.7
01-Nov-19,Exports: Saudi Arabia,89.4
01-Nov-19,Exports: Seychelles,1.3
01-Nov-19,Exports: Slovak Republic,2.2
01-Nov-19,Exports: Slovenia,1.5
01-Nov-19,Exports: Solomon Islands,6.5
01-Nov-19,Exports: South Africa,28.9
01-Nov-19,Exports: South Korea,1714.8
01-Nov-19,Exports: Spain,35.6
01-Nov-19,Exports: Sri Lanka,105.6
01-Nov-19,Exports: Sudan,0.2
01-Nov-19,Exports: Sweden,33
01-Nov-19,Exports: Switzerland,301.1
01-Nov-19,Exports: Syrian Arab Rep,1.2
01-Nov-19,Exports: Taiwan,1916.2
01-Nov-19,Exports: Tanzania,7.9
01-Nov-19,Exports: Thailand,2094.1
01-Nov-19,Exports: Trinidad & Tobago,2.9
01-Nov-19,Exports: Tunisia,3.4
01-Nov-19,Exports: Turkey,66
01-Nov-19,Exports: USA,3919.5
01-Nov-19,Exports: Ukraine,11
01-Nov-19,Exports: United Arab Emirates,445.1
01-Nov-19,Exports: United Kingdom,426.1
01-Nov-19,Exports: Uruguay,1.3
01-Nov-19,Exports: Vanuatu,1.4
01-Nov-19,Exports: Venezuela,0.1
01-Nov-19,Exports: Vietnam,1508.6
01-Nov-19,Exports: Yemen,0.6
01-Nov-19,Exports: Zambia,0.6
01-Nov-19,Exports: Zimbabwe,1.1
01-Dec-19,Exports: Afghanistan,5.1
01-Dec-19,Exports: Algeria,2.4
01-Dec-19,Exports: Angola,6
01-Dec-19,Exports: Antigua and Barbuda,3.7
01-Dec-19,Exports: Argentina,9.4
01-Dec-19,Exports: Australia,1256.1
01-Dec-19,Exports: Austria,20.9
01-Dec-19,Exports: Bahamas,32.7
01-Dec-19,Exports: Bahrain,8.6
01-Dec-19,Exports: Bangladesh,313
01-Dec-19,Exports: Belarus,0.1
01-Dec-19,Exports: Belgium,498
01-Dec-19,Exports: Benin,0
01-Dec-19,Exports: Bermuda,4.7
01-Dec-19,Exports: Brazil,124.6
01-Dec-19,Exports: Brunei,119.7
01-Dec-19,Exports: Bulgaria,3.7
01-Dec-19,Exports: Cambodia,434.7
01-Dec-19,Exports: Cameroon,3.6
01-Dec-19,Exports: Canada,198.1
01-Dec-19,Exports: Chile,45
01-Dec-19,Exports: China,7002.4
01-Dec-19,Exports: Christmas Islands,0
01-Dec-19,Exports: Colombia,11.7
01-Dec-19,Exports: Comoros,0.6
01-Dec-19,Exports: Costa Rica,6.1
01-Dec-19,Exports: Cote D'ivoire,1.4
01-Dec-19,Exports: Croatia,0.3
01-Dec-19,Exports: Cuba,0.3
01-Dec-19,Exports: Cyprus,21.5
01-Dec-19,"Exports: Czech, Republic",55.3
01-Dec-19,Exports: Denmark,13
01-Dec-19,Exports: Djibouti,3.3
01-Dec-19,Exports: Dominican Rep,1
01-Dec-19,Exports: Ecuador,3.5
01-Dec-19,Exports: Egypt,31.2
01-Dec-19,Exports: El Salvador,0.6
01-Dec-19,Exports: Estonia,2.4
01-Dec-19,Exports: Eswatini,0.1
01-Dec-19,Exports: Ethiopia,2
01-Dec-19,Exports: Fiji,55.1
01-Dec-19,Exports: Finland,8.8
01-Dec-19,Exports: France,415.8
01-Dec-19,Exports: French Polynesia,16.2
01-Dec-19,Exports: Gabon,2.1
01-Dec-19,Exports: Germany,601.2
01-Dec-19,Exports: Ghana,4.6
01-Dec-19,Exports: Greece,52.5
01-Dec-19,Exports: Guam,43.4
01-Dec-19,Exports: Guatemala,1.5
01-Dec-19,Exports: Guinea,1.2
01-Dec-19,Exports: Guyana,1.4
01-Dec-19,Exports: Honduras,0.1
01-Dec-19,Exports: Hong Kong SAR (China),4989.8
01-Dec-19,Exports: Hungary,33.5
01-Dec-19,Exports: India,1320.7
01-Dec-19,Exports: Indonesia,2926.2
01-Dec-19,Exports: Iran,1.8
01-Dec-19,Exports: Ireland,51.9
01-Dec-19,Exports: Israel,117.9
01-Dec-19,Exports: Italy,60
01-Dec-19,Exports: Jamaica,3.1
01-Dec-19,Exports: Japan,2015.9
01-Dec-19,Exports: Jordan,4.1
01-Dec-19,Exports: Kazakhstan,3.9
01-Dec-19,Exports: Kenya,19.4
01-Dec-19,Exports: Kuwait,24.5
01-Dec-19,Exports: Lao Peo Dem Rep,8
01-Dec-19,Exports: Latvia,4.3
01-Dec-19,Exports: Lebanon,2.3
01-Dec-19,Exports: Liberia,160.2
01-Dec-19,Exports: Libyan Arab Jamahiriya,2
01-Dec-19,Exports: Lithuania,1.8
01-Dec-19,Exports: Luxembourg,12.2
01-Dec-19,Exports: Macau SAR (China),25.4
01-Dec-19,Exports: Madagascar,1.8
01-Dec-19,Exports: Malaysia,5101.9
01-Dec-19,Exports: Maldives Rep of,37
01-Dec-19,Exports: Malta,91.6
01-Dec-19,Exports: Marshall Islands,168.5
01-Dec-19,Exports: Mauritius,6.9
01-Dec-19,Exports: Mexico,132.5
01-Dec-19,Exports: Mongolian Peo Rep,8.7
01-Dec-19,Exports: Morocco,31.3
01-Dec-19,Exports: Mozambique,35.8
01-Dec-19,Exports: Myanmar,459.1
01-Dec-19,Exports: Nepal,19
01-Dec-19,Exports: Netherlands Antilles,0.1
01-Dec-19,Exports: Netherlands,924.6
01-Dec-19,Exports: New Caledonia,13.8
01-Dec-19,Exports: New Zealand,280.9
01-Dec-19,Exports: Nigeria,20.5
01-Dec-19,Exports: Northern Mariana Islands,13.2
01-Dec-19,Exports: Norway,33.3
01-Dec-19,Exports: Oman,10.8
01-Dec-19,Exports: Other Countries of Africa,8.4
01-Dec-19,Exports: Other Countries of America,10.9
01-Dec-19,Exports: Other Countries of Asia,22
01-Dec-19,Exports: Other Countries of Europe,23.7
01-Dec-19,Exports: Other Countries of Oceania,6.6
01-Dec-19,Exports: Pakistan,98.3
01-Dec-19,Exports: Panama,177.7
01-Dec-19,Exports: Papua New Guinea,50.3
01-Dec-19,Exports: Paraguay,0.3
01-Dec-19,Exports: Peru,5.7
01-Dec-19,Exports: Philippines,900.2
01-Dec-19,Exports: Poland,54.3
01-Dec-19,Exports: Portugal,155.4
01-Dec-19,Exports: Puerto Rico,20.7
01-Dec-19,Exports: Qatar,84.4
01-Dec-19,Exports: Reunion,60.9
01-Dec-19,Exports: Romania,4.2
01-Dec-19,Exports: Russia,49.5
01-Dec-19,Exports: Saint Vincent and the Grenadines,2.9
01-Dec-19,Exports: Samoa,9.4
01-Dec-19,Exports: Saudi Arabia,79.9
01-Dec-19,Exports: Seychelles,2.1
01-Dec-19,Exports: Slovak Republic,1.4
01-Dec-19,Exports: Slovenia,2.1
01-Dec-19,Exports: Solomon Islands,4.5
01-Dec-19,Exports: South Africa,64.2
01-Dec-19,Exports: South Korea,2088.6
01-Dec-19,Exports: Spain,37.7
01-Dec-19,Exports: Sri Lanka,101
01-Dec-19,Exports: Sudan,8.6
01-Dec-19,Exports: Sweden,24.1
01-Dec-19,Exports: Switzerland,217.6
01-Dec-19,Exports: Syrian Arab Rep,1.4
01-Dec-19,Exports: Taiwan,2167.1
01-Dec-19,Exports: Tanzania,12.1
01-Dec-19,Exports: Thailand,1630.9
01-Dec-19,Exports: Trinidad & Tobago,1.5
01-Dec-19,Exports: Tunisia,5.1
01-Dec-19,Exports: Turkey,97.4
01-Dec-19,Exports: USA,3812.3
01-Dec-19,Exports: Ukraine,3.1
01-Dec-19,Exports: United Arab Emirates,440.8
01-Dec-19,Exports: United Kingdom,371.4
01-Dec-19,Exports: Uruguay,1.3
01-Dec-19,Exports: Vanuatu,0.5
01-Dec-19,Exports: Venezuela,0.2
01-Dec-19,Exports: Vietnam,1484.9
01-Dec-19,Exports: Yemen,1.7
01-Dec-19,Exports: Zambia,3.9
01-Dec-19,Exports: Zimbabwe,0.1
01-Jan-20,Exports: Afghanistan,3.6
01-Jan-20,Exports: Algeria,5.2
01-Jan-20,Exports: Angola,4.9
01-Jan-20,Exports: Antigua and Barbuda,22.4
01-Jan-20,Exports: Argentina,21.4
01-Jan-20,Exports: Australia,1016.7
01-Jan-20,Exports: Austria,25.8
01-Jan-20,Exports: Bahamas,149
01-Jan-20,Exports: Bahrain,9.8
01-Jan-20,Exports: Bangladesh,355
01-Jan-20,Exports: Belarus,0.2
01-Jan-20,Exports: Belgium,618.5
01-Jan-20,Exports: Benin,0.2
01-Jan-20,Exports: Bermuda,17
01-Jan-20,Exports: Brazil,140.5
01-Jan-20,Exports: Brunei,92.1
01-Jan-20,Exports: Bulgaria,3.6
01-Jan-20,Exports: Cambodia,217.9
01-Jan-20,Exports: Cameroon,3.2
01-Jan-20,Exports: Canada,206.6
01-Jan-20,Exports: Chile,7.7
01-Jan-20,Exports: China,5091.2
01-Jan-20,Exports: Christmas Islands,0
01-Jan-20,Exports: Colombia,7.1
01-Jan-20,Exports: Comoros,0.4
01-Jan-20,Exports: Costa Rica,2.6
01-Jan-20,Exports: Cote D'ivoire,2.8
01-Jan-20,Exports: Croatia,1.3
01-Jan-20,Exports: Cuba,0.4
01-Jan-20,Exports: Cyprus,79.7
01-Jan-20,"Exports: Czech, Republic",54.3
01-Jan-20,Exports: Denmark,18.4
01-Jan-20,Exports: Djibouti,1.9
01-Jan-20,Exports: Dominican Rep,0.8
01-Jan-20,Exports: Ecuador,5
01-Jan-20,Exports: Egypt,30.1
01-Jan-20,Exports: El Salvador,0.7
01-Jan-20,Exports: Estonia,0.6
01-Jan-20,Exports: Eswatini,0
01-Jan-20,Exports: Ethiopia,2.8
01-Jan-20,Exports: Fiji,28.7
01-Jan-20,Exports: Finland,8.4
01-Jan-20,Exports: France,344.8
01-Jan-20,Exports: French Polynesia,1.5
01-Jan-20,Exports: Gabon,3.6
01-Jan-20,Exports: Germany,664.8
01-Jan-20,Exports: Ghana,5.2
01-Jan-20,Exports: Greece,112
01-Jan-20,Exports: Guam,71.1
01-Jan-20,Exports: Guatemala,2.6
01-Jan-20,Exports: Guinea,1.2
01-Jan-20,Exports: Guyana,0.8
01-Jan-20,Exports: Honduras,0.2
01-Jan-20,Exports: Hong Kong SAR (China),4726.8
01-Jan-20,Exports: Hungary,48.9
01-Jan-20,Exports: India,1343.7
01-Jan-20,Exports: Indonesia,3097.8
01-Jan-20,Exports: Iran,2.4
01-Jan-20,Exports: Ireland,52.3
01-Jan-20,Exports: Israel,65
01-Jan-20,Exports: Italy,96.3
01-Jan-20,Exports: Jamaica,3.2
01-Jan-20,Exports: Japan,2155.3
01-Jan-20,Exports: Jordan,3.6
01-Jan-20,Exports: Kazakhstan,0.9
01-Jan-20,Exports: Kenya,5.9
01-Jan-20,Exports: Kuwait,24.7
01-Jan-20,Exports: Lao Peo Dem Rep,7
01-Jan-20,Exports: Latvia,4
01-Jan-20,Exports: Lebanon,1.6
01-Jan-20,Exports: Liberia,516.1
01-Jan-20,Exports: Libyan Arab Jamahiriya,1.6
01-Jan-20,Exports: Lithuania,1.9
01-Jan-20,Exports: Luxembourg,33.9
01-Jan-20,Exports: Macau SAR (China),19.5
01-Jan-20,Exports: Madagascar,1
01-Jan-20,Exports: Malaysia,4882.4
01-Jan-20,Exports: Maldives Rep of,43.6
01-Jan-20,Exports: Malta,209
01-Jan-20,Exports: Marshall Islands,560.1
01-Jan-20,Exports: Mauritius,5.1
01-Jan-20,Exports: Mexico,133.2
01-Jan-20,Exports: Mongolian Peo Rep,11.1
01-Jan-20,Exports: Morocco,19.2
01-Jan-20,Exports: Mozambique,1.5
01-Jan-20,Exports: Myanmar,431
01-Jan-20,Exports: Nepal,24.5
01-Jan-20,Exports: Netherlands Antilles,4
01-Jan-20,Exports: Netherlands,1082
01-Jan-20,Exports: New Caledonia,29.8
01-Jan-20,Exports: New Zealand,273.4
01-Jan-20,Exports: Nigeria,14.5
01-Jan-20,Exports: Northern Mariana Islands,16.3
01-Jan-20,Exports: Norway,63.8
01-Jan-20,Exports: Oman,13.9
01-Jan-20,Exports: Other Countries of Africa,8.6
01-Jan-20,Exports: Other Countries of America,31.5
01-Jan-20,Exports: Other Countries of Asia,25.5
01-Jan-20,Exports: Other Countries of Europe,47.3
01-Jan-20,Exports: Other Countries of Oceania,10.1
01-Jan-20,Exports: Pakistan,175.3
01-Jan-20,Exports: Panama,648.4
01-Jan-20,Exports: Papua New Guinea,105.8
01-Jan-20,Exports: Paraguay,0.3
01-Jan-20,Exports: Peru,6.5
01-Jan-20,Exports: Philippines,1048.5
01-Jan-20,Exports: Poland,50.9
01-Jan-20,Exports: Portugal,79.5
01-Jan-20,Exports: Puerto Rico,210.3
01-Jan-20,Exports: Qatar,63.2
01-Jan-20,Exports: Reunion,40
01-Jan-20,Exports: Romania,4.6
01-Jan-20,Exports: Russia,47.8
01-Jan-20,Exports: Saint Vincent and the Grenadines,2.4
01-Jan-20,Exports: Samoa,0.3
01-Jan-20,Exports: Saudi Arabia,109.2
01-Jan-20,Exports: Seychelles,1.6
01-Jan-20,Exports: Slovak Republic,2.1
01-Jan-20,Exports: Slovenia,3.7
01-Jan-20,Exports: Solomon Islands,6.1
01-Jan-20,Exports: South Africa,33.2
01-Jan-20,Exports: South Korea,2003.4
01-Jan-20,Exports: Spain,33
01-Jan-20,Exports: Sri Lanka,121.2
01-Jan-20,Exports: Sudan,0.7
01-Jan-20,Exports: Sweden,21.1
01-Jan-20,Exports: Switzerland,254
01-Jan-20,Exports: Syrian Arab Rep,0.2
01-Jan-20,Exports: Taiwan,1879.9
01-Jan-20,Exports: Tanzania,6.8
01-Jan-20,Exports: Thailand,1689.7
01-Jan-20,Exports: Trinidad & Tobago,2.8
01-Jan-20,Exports: Tunisia,1.1
01-Jan-20,Exports: Turkey,85.3
01-Jan-20,Exports: USA,3929
01-Jan-20,Exports: Ukraine,1.4
01-Jan-20,Exports: United Arab Emirates,457.4
01-Jan-20,Exports: United Kingdom,362.7
01-Jan-20,Exports: Uruguay,1.2
01-Jan-20,Exports: Vanuatu,1.8
01-Jan-20,Exports: Venezuela,0.1
01-Jan-20,Exports: Vietnam,1361.1
01-Jan-20,Exports: Yemen,0.7
01-Jan-20,Exports: Zambia,0.2
01-Jan-20,Exports: Zimbabwe,0.1
01-Feb-20,Exports: Afghanistan,2.2
01-Feb-20,Exports: Algeria,9.4
01-Feb-20,Exports: Angola,2.9
01-Feb-20,Exports: Antigua and Barbuda,11.1
01-Feb-20,Exports: Argentina,14.3
01-Feb-20,Exports: Australia,1077.2
01-Feb-20,Exports: Austria,29.6
01-Feb-20,Exports: Bahamas,122.1
01-Feb-20,Exports: Bahrain,27.9
01-Feb-20,Exports: Bangladesh,350.4
01-Feb-20,Exports: Belarus,0.1
01-Feb-20,Exports: Belgium,624.4
01-Feb-20,Exports: Benin,0.4
01-Feb-20,Exports: Bermuda,10.9
01-Feb-20,Exports: Brazil,148.2
01-Feb-20,Exports: Brunei,98.8
01-Feb-20,Exports: Bulgaria,3.4
01-Feb-20,Exports: Cambodia,173.7
01-Feb-20,Exports: Cameroon,2.4
01-Feb-20,Exports: Canada,347.6
01-Feb-20,Exports: Chile,7.8
01-Feb-20,Exports: China,3910.6
01-Feb-20,Exports: Christmas Islands,0.5
01-Feb-20,Exports: Colombia,11
01-Feb-20,Exports: Comoros,0.1
01-Feb-20,Exports: Costa Rica,4.9
01-Feb-20,Exports: Cote D'ivoire,1.6
01-Feb-20,Exports: Croatia,3.7
01-Feb-20,Exports: Cuba,0
01-Feb-20,Exports: Cyprus,70
01-Feb-20,"Exports: Czech, Republic",38.8
01-Feb-20,Exports: Denmark,33.5
01-Feb-20,Exports: Djibouti,1.3
01-Feb-20,Exports: Dominican Rep,1.6
01-Feb-20,Exports: Ecuador,4.4
01-Feb-20,Exports: Egypt,28
01-Feb-20,Exports: El Salvador,0.5
01-Feb-20,Exports: Estonia,0.8
01-Feb-20,Exports: Eswatini,0
01-Feb-20,Exports: Ethiopia,3.5
01-Feb-20,Exports: Fiji,48.4
01-Feb-20,Exports: Finland,8.9
01-Feb-20,Exports: France,379
01-Feb-20,Exports: French Polynesia,7.2
01-Feb-20,Exports: Gabon,1.6
01-Feb-20,Exports: Germany,731.9
01-Feb-20,Exports: Ghana,2.9
01-Feb-20,Exports: Greece,164.2
01-Feb-20,Exports: Guam,8.7
01-Feb-20,Exports: Guatemala,1
01-Feb-20,Exports: Guinea,0.6
01-Feb-20,Exports: Guyana,1.2
01-Feb-20,Exports: Honduras,0.2
01-Feb-20,Exports: Hong Kong SAR (China),5116.6
01-Feb-20,Exports: Hungary,43.4
01-Feb-20,Exports: India,1363.7
01-Feb-20,Exports: Indonesia,2707.5
01-Feb-20,Exports: Iran,0.5
01-Feb-20,Exports: Ireland,167.6
01-Feb-20,Exports: Israel,108.4
01-Feb-20,Exports: Italy,149.2
01-Feb-20,Exports: Jamaica,7.1
01-Feb-20,Exports: Japan,1980.3
01-Feb-20,Exports: Jordan,4.3
01-Feb-20,Exports: Kazakhstan,0.8
01-Feb-20,Exports: Kenya,10.5
01-Feb-20,Exports: Kuwait,12.8
01-Feb-20,Exports: Lao Peo Dem Rep,4.1
01-Feb-20,Exports: Latvia,4.1
01-Feb-20,Exports: Lebanon,4.7
01-Feb-20,Exports: Liberia,539.7
01-Feb-20,Exports: Libyan Arab Jamahiriya,2.6
01-Feb-20,Exports: Lithuania,1.4
01-Feb-20,Exports: Luxembourg,29.2
01-Feb-20,Exports: Macau SAR (China),7.2
01-Feb-20,Exports: Madagascar,1.1
01-Feb-20,Exports: Malaysia,4084.1
01-Feb-20,Exports: Maldives Rep of,30.1
01-Feb-20,Exports: Malta,292.1
01-Feb-20,Exports: Marshall Islands,578.9
01-Feb-20,Exports: Mauritius,5.8
01-Feb-20,Exports: Mexico,142.2
01-Feb-20,Exports: Mongolian Peo Rep,6.5
01-Feb-20,Exports: Morocco,15
01-Feb-20,Exports: Mozambique,78.6
01-Feb-20,Exports: Myanmar,331.5
01-Feb-20,Exports: Nepal,26.8
01-Feb-20,Exports: Netherlands Antilles,1.5
01-Feb-20,Exports: Netherlands,1139.5
01-Feb-20,Exports: New Caledonia,35.4
01-Feb-20,Exports: New Zealand,229.2
01-Feb-20,Exports: Nigeria,15.4
01-Feb-20,Exports: Northern Mariana Islands,1
01-Feb-20,Exports: Norway,75.7
01-Feb-20,Exports: Oman,46.2
01-Feb-20,Exports: Other Countries of Africa,8.5
01-Feb-20,Exports: Other Countries of America,25.2
01-Feb-20,Exports: Other Countries of Asia,11.9
01-Feb-20,Exports: Other Countries of Europe,40.4
01-Feb-20,Exports: Other Countries of Oceania,13.5
01-Feb-20,Exports: Pakistan,171.5
01-Feb-20,Exports: Panama,594.6
01-Feb-20,Exports: Papua New Guinea,78.5
01-Feb-20,Exports: Paraguay,0.8
01-Feb-20,Exports: Peru,7.5
01-Feb-20,Exports: Philippines,868.9
01-Feb-20,Exports: Poland,41.2
01-Feb-20,Exports: Portugal,173
01-Feb-20,Exports: Puerto Rico,141.6
01-Feb-20,Exports: Qatar,86.6
01-Feb-20,Exports: Reunion,28.3
01-Feb-20,Exports: Romania,3.5
01-Feb-20,Exports: Russia,42
01-Feb-20,Exports: Saint Vincent and the Grenadines,0.5
01-Feb-20,Exports: Samoa,9.1
01-Feb-20,Exports: Saudi Arabia,115.9
01-Feb-20,Exports: Seychelles,1.6
01-Feb-20,Exports: Slovak Republic,3.1
01-Feb-20,Exports: Slovenia,4.6
01-Feb-20,Exports: Solomon Islands,2.5
01-Feb-20,Exports: South Africa,69
01-Feb-20,Exports: South Korea,2064.4
01-Feb-20,Exports: Spain,35
01-Feb-20,Exports: Sri Lanka,135.8
01-Feb-20,Exports: Sudan,0.1
01-Feb-20,Exports: Sweden,24.8
01-Feb-20,Exports: Switzerland,214
01-Feb-20,Exports: Syrian Arab Rep,1
01-Feb-20,Exports: Taiwan,1972.7
01-Feb-20,Exports: Tanzania,5.6
01-Feb-20,Exports: Thailand,1703.6
01-Feb-20,Exports: Trinidad & Tobago,3.2
01-Feb-20,Exports: Tunisia,2.5
01-Feb-20,Exports: Turkey,112.7
01-Feb-20,Exports: USA,4258.8
01-Feb-20,Exports: Ukraine,2
01-Feb-20,Exports: United Arab Emirates,524.6
01-Feb-20,Exports: United Kingdom,422.2
01-Feb-20,Exports: Uruguay,0.4
01-Feb-20,Exports: Vanuatu,0.7
01-Feb-20,Exports: Venezuela,0.5
01-Feb-20,Exports: Vietnam,1528
01-Feb-20,Exports: Yemen,1.6
01-Feb-20,Exports: Zambia,0.2
01-Feb-20,Exports: Zimbabwe,0.1
01-Mar-20,Exports: Afghanistan,5.3
01-Mar-20,Exports: Algeria,7
01-Mar-20,Exports: Angola,73.7
01-Mar-20,Exports: Antigua and Barbuda,13.1
01-Mar-20,Exports: Argentina,9.2
01-Mar-20,Exports: Australia,972.1
01-Mar-20,Exports: Austria,20.2
01-Mar-20,Exports: Bahamas,100.3
01-Mar-20,Exports: Bahrain,20.1
01-Mar-20,Exports: Bangladesh,346.7
01-Mar-20,Exports: Belarus,0.3
01-Mar-20,Exports: Belgium,550.9
01-Mar-20,Exports: Benin,0.4
01-Mar-20,Exports: Bermuda,1.9
01-Mar-20,Exports: Brazil,155.3
01-Mar-20,Exports: Brunei,92.1
01-Mar-20,Exports: Bulgaria,5.9
01-Mar-20,Exports: Cambodia,240
01-Mar-20,Exports: Cameroon,1.9
01-Mar-20,Exports: Canada,92
01-Mar-20,Exports: Chile,7.8
01-Mar-20,Exports: China,5255.3
01-Mar-20,Exports: Christmas Islands,0
01-Mar-20,Exports: Colombia,11
01-Mar-20,Exports: Comoros,0.2
01-Mar-20,Exports: Costa Rica,5.4
01-Mar-20,Exports: Cote D'ivoire,1.5
01-Mar-20,Exports: Croatia,2.6
01-Mar-20,Exports: Cuba,0.5
01-Mar-20,Exports: Cyprus,47.9
01-Mar-20,"Exports: Czech, Republic",33.4
01-Mar-20,Exports: Denmark,15.8
01-Mar-20,Exports: Djibouti,1.8
01-Mar-20,Exports: Dominican Rep,1.6
01-Mar-20,Exports: Ecuador,3.9
01-Mar-20,Exports: Egypt,35.1
01-Mar-20,Exports: El Salvador,0.5
01-Mar-20,Exports: Estonia,2
01-Mar-20,Exports: Eswatini,0
01-Mar-20,Exports: Ethiopia,85.3
01-Mar-20,Exports: Fiji,20.5
01-Mar-20,Exports: Finland,19.8
01-Mar-20,Exports: France,371.1
01-Mar-20,Exports: French Polynesia,8
01-Mar-20,Exports: Gabon,3.1
01-Mar-20,Exports: Germany,610.9
01-Mar-20,Exports: Ghana,5.2
01-Mar-20,Exports: Greece,122.9
01-Mar-20,Exports: Guam,35.8
01-Mar-20,Exports: Guatemala,2.1
01-Mar-20,Exports: Guinea,1.7
01-Mar-20,Exports: Guyana,2.2
01-Mar-20,Exports: Honduras,0.1
01-Mar-20,Exports: Hong Kong SAR (China),5823.7
01-Mar-20,Exports: Hungary,35.9
01-Mar-20,Exports: India,1056.7
01-Mar-20,Exports: Indonesia,3014.1
01-Mar-20,Exports: Iran,3.1
01-Mar-20,Exports: Ireland,65.4
01-Mar-20,Exports: Israel,76.5
01-Mar-20,Exports: Italy,66.8
01-Mar-20,Exports: Jamaica,3.1
01-Mar-20,Exports: Japan,2246.8
01-Mar-20,Exports: Jordan,5.1
01-Mar-20,Exports: Kazakhstan,1.5
01-Mar-20,Exports: Kenya,67
01-Mar-20,Exports: Kuwait,18.2
01-Mar-20,Exports: Lao Peo Dem Rep,3.7
01-Mar-20,Exports: Latvia,3
01-Mar-20,Exports: Lebanon,2.5
01-Mar-20,Exports: Liberia,412.6
01-Mar-20,Exports: Libyan Arab Jamahiriya,1.3
01-Mar-20,Exports: Lithuania,0.9
01-Mar-20,Exports: Luxembourg,4.2
01-Mar-20,Exports: Macau SAR (China),10
01-Mar-20,Exports: Madagascar,2.2
01-Mar-20,Exports: Malaysia,3683.6
01-Mar-20,Exports: Maldives Rep of,22.8
01-Mar-20,Exports: Malta,157.3
01-Mar-20,Exports: Marshall Islands,415.6
01-Mar-20,Exports: Mauritius,5.8
01-Mar-20,Exports: Mexico,209.1
01-Mar-20,Exports: Mongolian Peo Rep,6.6
01-Mar-20,Exports: Morocco,13.4
01-Mar-20,Exports: Mozambique,9.8
01-Mar-20,Exports: Myanmar,449.5
01-Mar-20,Exports: Nepal,14
01-Mar-20,Exports: Netherlands Antilles,1.2
01-Mar-20,Exports: Netherlands,1250.3
01-Mar-20,Exports: New Caledonia,29.7
01-Mar-20,Exports: New Zealand,282.1
01-Mar-20,Exports: Nigeria,17.5
01-Mar-20,Exports: Northern Mariana Islands,7.7
01-Mar-20,Exports: Norway,53
01-Mar-20,Exports: Oman,24.1
01-Mar-20,Exports: Other Countries of Africa,43.7
01-Mar-20,Exports: Other Countries of America,21.3
01-Mar-20,Exports: Other Countries of Asia,16.2
01-Mar-20,Exports: Other Countries of Europe,30.5
01-Mar-20,Exports: Other Countries of Oceania,6.8
01-Mar-20,Exports: Pakistan,73.8
01-Mar-20,Exports: Panama,458.9
01-Mar-20,Exports: Papua New Guinea,69.4
01-Mar-20,Exports: Paraguay,0.2
01-Mar-20,Exports: Peru,6.9
01-Mar-20,Exports: Philippines,821.3
01-Mar-20,Exports: Poland,37.6
01-Mar-20,Exports: Portugal,37.6
01-Mar-20,Exports: Puerto Rico,126.1
01-Mar-20,Exports: Qatar,232.2
01-Mar-20,Exports: Reunion,44.6
01-Mar-20,Exports: Romania,2.6
01-Mar-20,Exports: Russia,65.2
01-Mar-20,Exports: Saint Vincent and the Grenadines,0.8
01-Mar-20,Exports: Samoa,6.7
01-Mar-20,Exports: Saudi Arabia,90.6
01-Mar-20,Exports: Seychelles,5.7
01-Mar-20,Exports: Slovak Republic,2.6
01-Mar-20,Exports: Slovenia,4.3
01-Mar-20,Exports: Solomon Islands,2.3
01-Mar-20,Exports: South Africa,62.6
01-Mar-20,Exports: South Korea,2203.1
01-Mar-20,Exports: Spain,38.8
01-Mar-20,Exports: Sri Lanka,128
01-Mar-20,Exports: Sudan,0
01-Mar-20,Exports: Sweden,19
01-Mar-20,Exports: Switzerland,390.8
01-Mar-20,Exports: Syrian Arab Rep,0.8
01-Mar-20,Exports: Taiwan,2122.6
01-Mar-20,Exports: Tanzania,6.9
01-Mar-20,Exports: Thailand,2504.5
01-Mar-20,Exports: Trinidad & Tobago,2.9
01-Mar-20,Exports: Tunisia,2.3
01-Mar-20,Exports: Turkey,111.2
01-Mar-20,Exports: USA,4782.3
01-Mar-20,Exports: Ukraine,1.9
01-Mar-20,Exports: United Arab Emirates,411.9
01-Mar-20,Exports: United Kingdom,397
01-Mar-20,Exports: Uruguay,1.2
01-Mar-20,Exports: Vanuatu,2.8
01-Mar-20,Exports: Venezuela,0.2
01-Mar-20,Exports: Vietnam,1378.3
01-Mar-20,Exports: Yemen,3.3
01-Mar-20,Exports: Zambia,0.6
01-Mar-20,Exports: Zimbabwe,0.2
01-Apr-20,Exports: Afghanistan,1.8
01-Apr-20,Exports: Algeria,5.4
01-Apr-20,Exports: Angola,6.3
01-Apr-20,Exports: Antigua and Barbuda,8
01-Apr-20,Exports: Argentina,20
01-Apr-20,Exports: Australia,926.3
01-Apr-20,Exports: Austria,17.3
01-Apr-20,Exports: Bahamas,64.7
01-Apr-20,Exports: Bahrain,9
01-Apr-20,Exports: Bangladesh,117.5
01-Apr-20,Exports: Belarus,0
01-Apr-20,Exports: Belgium,1176.5
01-Apr-20,Exports: Benin,0.4
01-Apr-20,Exports: Bermuda,3.5
01-Apr-20,Exports: Brazil,118.9
01-Apr-20,Exports: Brunei,105.8
01-Apr-20,Exports: Bulgaria,2.9
01-Apr-20,Exports: Cambodia,76.9
01-Apr-20,Exports: Cameroon,2.5
01-Apr-20,Exports: Canada,99.3
01-Apr-20,Exports: Chile,41.1
01-Apr-20,Exports: China,5038.2
01-Apr-20,Exports: Christmas Islands,0
01-Apr-20,Exports: Colombia,8.1
01-Apr-20,Exports: Comoros,0.1
01-Apr-20,Exports: Costa Rica,5.1
01-Apr-20,Exports: Cote D'ivoire,1.6
01-Apr-20,Exports: Croatia,2.1
01-Apr-20,Exports: Cuba,0
01-Apr-20,Exports: Cyprus,36.2
01-Apr-20,"Exports: Czech, Republic",50.6
01-Apr-20,Exports: Denmark,18.3
01-Apr-20,Exports: Djibouti,0.2
01-Apr-20,Exports: Dominican Rep,0.8
01-Apr-20,Exports: Ecuador,5.1
01-Apr-20,Exports: Egypt,22.1
01-Apr-20,Exports: El Salvador,0.6
01-Apr-20,Exports: Estonia,0.4
01-Apr-20,Exports: Eswatini,0
01-Apr-20,Exports: Ethiopia,0.8
01-Apr-20,Exports: Fiji,9.6
01-Apr-20,Exports: Finland,4.3
01-Apr-20,Exports: France,329.4
01-Apr-20,Exports: French Polynesia,0.7
01-Apr-20,Exports: Gabon,25.4
01-Apr-20,Exports: Germany,617
01-Apr-20,Exports: Ghana,4.7
01-Apr-20,Exports: Greece,90
01-Apr-20,Exports: Guam,21.5
01-Apr-20,Exports: Guatemala,1.7
01-Apr-20,Exports: Guinea,1.1
01-Apr-20,Exports: Guyana,1.3
01-Apr-20,Exports: Honduras,0.3
01-Apr-20,Exports: Hong Kong SAR (China),5387.1
01-Apr-20,Exports: Hungary,42.4
01-Apr-20,Exports: India,463.5
01-Apr-20,Exports: Indonesia,2192.6
01-Apr-20,Exports: Iran,0.9
01-Apr-20,Exports: Ireland,81.4
01-Apr-20,Exports: Israel,58.9
01-Apr-20,Exports: Italy,85.8
01-Apr-20,Exports: Jamaica,1.7
01-Apr-20,Exports: Japan,2314.4
01-Apr-20,Exports: Jordan,4.6
01-Apr-20,Exports: Kazakhstan,1
01-Apr-20,Exports: Kenya,6.9
01-Apr-20,Exports: Kuwait,11.7
01-Apr-20,Exports: Lao Peo Dem Rep,1.7
01-Apr-20,Exports: Latvia,2.3
01-Apr-20,Exports: Lebanon,3.2
01-Apr-20,Exports: Liberia,282.7
01-Apr-20,Exports: Libyan Arab Jamahiriya,3.6
01-Apr-20,Exports: Lithuania,1.1
01-Apr-20,Exports: Luxembourg,11.1
01-Apr-20,Exports: Macau SAR (China),8.6
01-Apr-20,Exports: Madagascar,1.2
01-Apr-20,Exports: Malaysia,2898.1
01-Apr-20,Exports: Maldives Rep of,12.4
01-Apr-20,Exports: Malta,139.7
01-Apr-20,Exports: Marshall Islands,332.1
01-Apr-20,Exports: Mauritius,2.7
01-Apr-20,Exports: Mexico,164.6
01-Apr-20,Exports: Mongolian Peo Rep,6.3
01-Apr-20,Exports: Morocco,14
01-Apr-20,Exports: Mozambique,2.1
01-Apr-20,Exports: Myanmar,247.2
01-Apr-20,Exports: Nepal,1.6
01-Apr-20,Exports: Netherlands Antilles,3
01-Apr-20,Exports: Netherlands,1226.9
01-Apr-20,Exports: New Caledonia,7.1
01-Apr-20,Exports: New Zealand,134.7
01-Apr-20,Exports: Nigeria,129.4
01-Apr-20,Exports: Northern Mariana Islands,3.2
01-Apr-20,Exports: Norway,41
01-Apr-20,Exports: Oman,15.5
01-Apr-20,Exports: Other Countries of Africa,11
01-Apr-20,Exports: Other Countries of America,14.8
01-Apr-20,Exports: Other Countries of Asia,19
01-Apr-20,Exports: Other Countries of Europe,21.3
01-Apr-20,Exports: Other Countries of Oceania,7.2
01-Apr-20,Exports: Pakistan,47.3
01-Apr-20,Exports: Panama,344.9
01-Apr-20,Exports: Papua New Guinea,65.2
01-Apr-20,Exports: Paraguay,0.3
01-Apr-20,Exports: Peru,5.3
01-Apr-20,Exports: Philippines,567.3
01-Apr-20,Exports: Poland,26.6
01-Apr-20,Exports: Portugal,19.4
01-Apr-20,Exports: Puerto Rico,214.9
01-Apr-20,Exports: Qatar,39.3
01-Apr-20,Exports: Reunion,9.4
01-Apr-20,Exports: Romania,7.2
01-Apr-20,Exports: Russia,80.9
01-Apr-20,Exports: Saint Vincent and the Grenadines,0.1
01-Apr-20,Exports: Samoa,0.1
01-Apr-20,Exports: Saudi Arabia,84.1
01-Apr-20,Exports: Seychelles,1.8
01-Apr-20,Exports: Slovak Republic,2.4
01-Apr-20,Exports: Slovenia,4.2
01-Apr-20,Exports: Solomon Islands,2.4
01-Apr-20,Exports: South Africa,24.8
01-Apr-20,Exports: South Korea,1646.7
01-Apr-20,Exports: Spain,16.2
01-Apr-20,Exports: Sri Lanka,45.2
01-Apr-20,Exports: Sudan,1.2
01-Apr-20,Exports: Sweden,18.1
01-Apr-20,Exports: Switzerland,434.4
01-Apr-20,Exports: Syrian Arab Rep,0
01-Apr-20,Exports: Taiwan,2063.4
01-Apr-20,Exports: Tanzania,3.4
01-Apr-20,Exports: Thailand,1408.7
01-Apr-20,Exports: Trinidad & Tobago,1.3
01-Apr-20,Exports: Tunisia,1.3
01-Apr-20,Exports: Turkey,98.1
01-Apr-20,Exports: USA,5439.1
01-Apr-20,Exports: Ukraine,3
01-Apr-20,Exports: United Arab Emirates,219.5
01-Apr-20,Exports: United Kingdom,440.8
01-Apr-20,Exports: Uruguay,0.4
01-Apr-20,Exports: Vanuatu,1.9
01-Apr-20,Exports: Venezuela,0.2
01-Apr-20,Exports: Vietnam,1013.5
01-Apr-20,Exports: Yemen,0.9
01-Apr-20,Exports: Zambia,0.7
01-Apr-20,Exports: Zimbabwe,0
01-May-20,Exports: Afghanistan,3.7
01-May-20,Exports: Algeria,4.7
01-May-20,Exports: Angola,4.7
01-May-20,Exports: Antigua and Barbuda,4
01-May-20,Exports: Argentina,8
01-May-20,Exports: Australia,888.5
01-May-20,Exports: Austria,17.1
01-May-20,Exports: Bahamas,54.9
01-May-20,Exports: Bahrain,7.5
01-May-20,Exports: Bangladesh,120.4
01-May-20,Exports: Belarus,0.1
01-May-20,Exports: Belgium,925.7
01-May-20,Exports: Benin,0.4
01-May-20,Exports: Bermuda,4.2
01-May-20,Exports: Brazil,148.8
01-May-20,Exports: Brunei,64.7
01-May-20,Exports: Bulgaria,1.9
01-May-20,Exports: Cambodia,80
01-May-20,Exports: Cameroon,2.3
01-May-20,Exports: Canada,53.7
01-May-20,Exports: Chile,17.5
01-May-20,Exports: China,5080.4
01-May-20,Exports: Christmas Islands,0
01-May-20,Exports: Colombia,6
01-May-20,Exports: Comoros,0.3
01-May-20,Exports: Costa Rica,5.6
01-May-20,Exports: Cote D'ivoire,0.5
01-May-20,Exports: Croatia,2.6
01-May-20,Exports: Cuba,0
01-May-20,Exports: Cyprus,30.2
01-May-20,"Exports: Czech, Republic",72.2
01-May-20,Exports: Denmark,9.8
01-May-20,Exports: Djibouti,2.3
01-May-20,Exports: Dominican Rep,1.4
01-May-20,Exports: Ecuador,3.8
01-May-20,Exports: Egypt,17.5
01-May-20,Exports: El Salvador,0.4
01-May-20,Exports: Estonia,1.4
01-May-20,Exports: Eswatini,0
01-May-20,Exports: Ethiopia,43.5
01-May-20,Exports: Fiji,12.8
01-May-20,Exports: Finland,6.8
01-May-20,Exports: France,275.5
01-May-20,Exports: French Polynesia,3.2
01-May-20,Exports: Gabon,5.9
01-May-20,Exports: Germany,578.2
01-May-20,Exports: Ghana,7.5
01-May-20,Exports: Greece,94.4
01-May-20,Exports: Guam,7.7
01-May-20,Exports: Guatemala,1.3
01-May-20,Exports: Guinea,30.2
01-May-20,Exports: Guyana,1
01-May-20,Exports: Honduras,6.8
01-May-20,Exports: Hong Kong SAR (China),4674.1
01-May-20,Exports: Hungary,44.9
01-May-20,Exports: India,573.8
01-May-20,Exports: Indonesia,1703.2
01-May-20,Exports: Iran,5.8
01-May-20,Exports: Ireland,48.4
01-May-20,Exports: Israel,70.3
01-May-20,Exports: Italy,56.6
01-May-20,Exports: Jamaica,1.7
01-May-20,Exports: Japan,1949.9
01-May-20,Exports: Jordan,3.5
01-May-20,Exports: Kazakhstan,1.1
01-May-20,Exports: Kenya,7.8
01-May-20,Exports: Kuwait,11.4
01-May-20,Exports: Lao Peo Dem Rep,2.4
01-May-20,Exports: Latvia,4
01-May-20,Exports: Lebanon,3.2
01-May-20,Exports: Liberia,216.9
01-May-20,Exports: Libyan Arab Jamahiriya,1.5
01-May-20,Exports: Lithuania,1.8
01-May-20,Exports: Luxembourg,13.5
01-May-20,Exports: Macau SAR (China),6.9
01-May-20,Exports: Madagascar,0.6
01-May-20,Exports: Malaysia,2929.9
01-May-20,Exports: Maldives Rep of,9.1
01-May-20,Exports: Malta,219.4
01-May-20,Exports: Marshall Islands,205.1
01-May-20,Exports: Mauritius,3
01-May-20,Exports: Mexico,109
01-May-20,Exports: Mongolian Peo Rep,7.5
01-May-20,Exports: Morocco,9.6
01-May-20,Exports: Mozambique,1.1
01-May-20,Exports: Myanmar,278.8
01-May-20,Exports: Nepal,3.3
01-May-20,Exports: Netherlands Antilles,0.9
01-May-20,Exports: Netherlands,1364.9
01-May-20,Exports: New Caledonia,20.4
01-May-20,Exports: New Zealand,127.3
01-May-20,Exports: Nigeria,10.9
01-May-20,Exports: Northern Mariana Islands,0.4
01-May-20,Exports: Norway,36.1
01-May-20,Exports: Oman,17
01-May-20,Exports: Other Countries of Africa,10.4
01-May-20,Exports: Other Countries of America,13
01-May-20,Exports: Other Countries of Asia,7.1
01-May-20,Exports: Other Countries of Europe,20.9
01-May-20,Exports: Other Countries of Oceania,4.9
01-May-20,Exports: Pakistan,58.6
01-May-20,Exports: Panama,318.2
01-May-20,Exports: Papua New Guinea,35.9
01-May-20,Exports: Paraguay,1
01-May-20,Exports: Peru,7.7
01-May-20,Exports: Philippines,692.5
01-May-20,Exports: Poland,28.7
01-May-20,Exports: Portugal,14.9
01-May-20,Exports: Puerto Rico,213.2
01-May-20,Exports: Qatar,25.9
01-May-20,Exports: Reunion,0.3
01-May-20,Exports: Romania,5.3
01-May-20,Exports: Russia,51.5
01-May-20,Exports: Saint Vincent and the Grenadines,0.8
01-May-20,Exports: Samoa,2.1
01-May-20,Exports: Saudi Arabia,76.9
01-May-20,Exports: Seychelles,1.4
01-May-20,Exports: Slovak Republic,1.9
01-May-20,Exports: Slovenia,2
01-May-20,Exports: Solomon Islands,2
01-May-20,Exports: South Africa,19.4
01-May-20,Exports: South Korea,1483.6
01-May-20,Exports: Spain,19.3
01-May-20,Exports: Sri Lanka,40.6
01-May-20,Exports: Sudan,1.2
01-May-20,Exports: Sweden,12.1
01-May-20,Exports: Switzerland,137.2
01-May-20,Exports: Syrian Arab Rep,2
01-May-20,Exports: Taiwan,1724
01-May-20,Exports: Tanzania,5.8
01-May-20,Exports: Thailand,1215.7
01-May-20,Exports: Trinidad & Tobago,4.1
01-May-20,Exports: Tunisia,1.6
01-May-20,Exports: Turkey,75.2
01-May-20,Exports: USA,4933.9
01-May-20,Exports: Ukraine,2.3
01-May-20,Exports: United Arab Emirates,190.8
01-May-20,Exports: United Kingdom,296.5
01-May-20,Exports: Uruguay,0.9
01-May-20,Exports: Vanuatu,0.9
01-May-20,Exports: Venezuela,0.4
01-May-20,Exports: Vietnam,1222
01-May-20,Exports: Yemen,0.6
01-May-20,Exports: Zambia,0.1
01-May-20,Exports: Zimbabwe,0.1
01-Jun-20,Exports: Afghanistan,1.8
01-Jun-20,Exports: Algeria,8.2
01-Jun-20,Exports: Angola,5.7
01-Jun-20,Exports: Antigua and Barbuda,5.1
01-Jun-20,Exports: Argentina,17.9
01-Jun-20,Exports: Australia,860
01-Jun-20,Exports: Austria,18.5
01-Jun-20,Exports: Bahamas,39.2
01-Jun-20,Exports: Bahrain,6.1
01-Jun-20,Exports: Bangladesh,206.1
01-Jun-20,Exports: Belarus,0
01-Jun-20,Exports: Belgium,386.9
01-Jun-20,Exports: Benin,1.1
01-Jun-20,Exports: Bermuda,4.2
01-Jun-20,Exports: Brazil,155.9
01-Jun-20,Exports: Brunei,115
01-Jun-20,Exports: Bulgaria,3
01-Jun-20,Exports: Cambodia,92.6
01-Jun-20,Exports: Cameroon,2.4
01-Jun-20,Exports: Canada,93.6
01-Jun-20,Exports: Chile,45.5
01-Jun-20,Exports: China,5603.1
01-Jun-20,Exports: Christmas Islands,0
01-Jun-20,Exports: Colombia,9.4
01-Jun-20,Exports: Comoros,0.3
01-Jun-20,Exports: Costa Rica,8.3
01-Jun-20,Exports: Cote D'ivoire,0.9
01-Jun-20,Exports: Croatia,0.8
01-Jun-20,Exports: Cuba,0
01-Jun-20,Exports: Cyprus,34.2
01-Jun-20,"Exports: Czech, Republic",52
01-Jun-20,Exports: Denmark,13.6
01-Jun-20,Exports: Djibouti,4.2
01-Jun-20,Exports: Dominican Rep,1.2
01-Jun-20,Exports: Ecuador,4.4
01-Jun-20,Exports: Egypt,26.7
01-Jun-20,Exports: El Salvador,0.3
01-Jun-20,Exports: Estonia,0.4
01-Jun-20,Exports: Eswatini,0
01-Jun-20,Exports: Ethiopia,2.5
01-Jun-20,Exports: Fiji,6.5
01-Jun-20,Exports: Finland,5.2
01-Jun-20,Exports: France,327.3
01-Jun-20,Exports: French Polynesia,1.3
01-Jun-20,Exports: Gabon,4.7
01-Jun-20,Exports: Germany,616.8
01-Jun-20,Exports: Ghana,7.2
01-Jun-20,Exports: Greece,83.7
01-Jun-20,Exports: Guam,11.9
01-Jun-20,Exports: Guatemala,1.9
01-Jun-20,Exports: Guinea,1.4
01-Jun-20,Exports: Guyana,1.2
01-Jun-20,Exports: Honduras,0.6
01-Jun-20,Exports: Hong Kong SAR (China),4886.4
01-Jun-20,Exports: Hungary,39.4
01-Jun-20,Exports: India,800.9
01-Jun-20,Exports: Indonesia,2197
01-Jun-20,Exports: Iran,4.7
01-Jun-20,Exports: Ireland,52.1
01-Jun-20,Exports: Israel,67.6
01-Jun-20,Exports: Italy,87
01-Jun-20,Exports: Jamaica,2.8
01-Jun-20,Exports: Japan,2220
01-Jun-20,Exports: Jordan,4.1
01-Jun-20,Exports: Kazakhstan,2.7
01-Jun-20,Exports: Kenya,6.6
01-Jun-20,Exports: Kuwait,14.2
01-Jun-20,Exports: Lao Peo Dem Rep,1.5
01-Jun-20,Exports: Latvia,5.6
01-Jun-20,Exports: Lebanon,1.3
01-Jun-20,Exports: Liberia,216.1
01-Jun-20,Exports: Libyan Arab Jamahiriya,2.9
01-Jun-20,Exports: Lithuania,1.6
01-Jun-20,Exports: Luxembourg,12.3
01-Jun-20,Exports: Macau SAR (China),10.5
01-Jun-20,Exports: Madagascar,1
01-Jun-20,Exports: Malaysia,3672.7
01-Jun-20,Exports: Maldives Rep of,13.3
01-Jun-20,Exports: Malta,85.6
01-Jun-20,Exports: Marshall Islands,242.7
01-Jun-20,Exports: Mauritius,5.1
01-Jun-20,Exports: Mexico,125.6
01-Jun-20,Exports: Mongolian Peo Rep,12.9
01-Jun-20,Exports: Morocco,15.2
01-Jun-20,Exports: Mozambique,7.8
01-Jun-20,Exports: Myanmar,356.5
01-Jun-20,Exports: Nepal,7.3
01-Jun-20,Exports: Netherlands Antilles,0.5
01-Jun-20,Exports: Netherlands,1486.7
01-Jun-20,Exports: New Caledonia,14.7
01-Jun-20,Exports: New Zealand,218.9
01-Jun-20,Exports: Nigeria,15.1
01-Jun-20,Exports: Northern Mariana Islands,4.2
01-Jun-20,Exports: Norway,46.4
01-Jun-20,Exports: Oman,29.9
01-Jun-20,Exports: Other Countries of Africa,61.8
01-Jun-20,Exports: Other Countries of America,10.6
01-Jun-20,Exports: Other Countries of Asia,15.9
01-Jun-20,Exports: Other Countries of Europe,22
01-Jun-20,Exports: Other Countries of Oceania,5.3
01-Jun-20,Exports: Pakistan,72.8
01-Jun-20,Exports: Panama,239.8
01-Jun-20,Exports: Papua New Guinea,46.1
01-Jun-20,Exports: Paraguay,0.2
01-Jun-20,Exports: Peru,7.5
01-Jun-20,Exports: Philippines,896.5
01-Jun-20,Exports: Poland,27.7
01-Jun-20,Exports: Portugal,19.6
01-Jun-20,Exports: Puerto Rico,101.2
01-Jun-20,Exports: Qatar,33.2
01-Jun-20,Exports: Reunion,21.8
01-Jun-20,Exports: Romania,6.8
01-Jun-20,Exports: Russia,75.6
01-Jun-20,Exports: Saint Vincent and the Grenadines,0.4
01-Jun-20,Exports: Samoa,0.9
01-Jun-20,Exports: Saudi Arabia,128
01-Jun-20,Exports: Seychelles,1
01-Jun-20,Exports: Slovak Republic,1.7
01-Jun-20,Exports: Slovenia,3.3
01-Jun-20,Exports: Solomon Islands,3.5
01-Jun-20,Exports: South Africa,23.5
01-Jun-20,Exports: South Korea,2112.4
01-Jun-20,Exports: Spain,37.3
01-Jun-20,Exports: Sri Lanka,115.8
01-Jun-20,Exports: Sudan,0
01-Jun-20,Exports: Sweden,15
01-Jun-20,Exports: Switzerland,302.8
01-Jun-20,Exports: Syrian Arab Rep,1.5
01-Jun-20,Exports: Taiwan,2016.9
01-Jun-20,Exports: Tanzania,4.4
01-Jun-20,Exports: Thailand,1309.2
01-Jun-20,Exports: Trinidad & Tobago,2
01-Jun-20,Exports: Tunisia,1.4
01-Jun-20,Exports: Turkey,131.8
01-Jun-20,Exports: USA,4015.2
01-Jun-20,Exports: Ukraine,2.5
01-Jun-20,Exports: United Arab Emirates,261.5
01-Jun-20,Exports: United Kingdom,1006.8
01-Jun-20,Exports: Uruguay,0.7
01-Jun-20,Exports: Vanuatu,2.2
01-Jun-20,Exports: Venezuela,0.1
01-Jun-20,Exports: Vietnam,1563.8
01-Jun-20,Exports: Yemen,0.7
01-Jun-20,Exports: Zambia,0.2
01-Jun-20,Exports: Zimbabwe,0.2
01-Jul-20,Exports: Afghanistan,2.7
01-Jul-20,Exports: Algeria,4.4
01-Jul-20,Exports: Angola,5.8
01-Jul-20,Exports: Antigua and Barbuda,2.9
01-Jul-20,Exports: Argentina,22.7
01-Jul-20,Exports: Australia,1061.9
01-Jul-20,Exports: Austria,19.7
01-Jul-20,Exports: Bahamas,64.8
01-Jul-20,Exports: Bahrain,5.7
01-Jul-20,Exports: Bangladesh,237.3
01-Jul-20,Exports: Belarus,0.1
01-Jul-20,Exports: Belgium,254.3
01-Jul-20,Exports: Benin,1.1
01-Jul-20,Exports: Bermuda,2.7
01-Jul-20,Exports: Brazil,156
01-Jul-20,Exports: Brunei,87.8
01-Jul-20,Exports: Bulgaria,3.9
01-Jul-20,Exports: Cambodia,87
01-Jul-20,Exports: Cameroon,3.9
01-Jul-20,Exports: Canada,62.9
01-Jul-20,Exports: Chile,7.4
01-Jul-20,Exports: China,5395.7
01-Jul-20,Exports: Christmas Islands,0
01-Jul-20,Exports: Colombia,6.1
01-Jul-20,Exports: Comoros,0.1
01-Jul-20,Exports: Costa Rica,21.9
01-Jul-20,Exports: Cote D'ivoire,1.4
01-Jul-20,Exports: Croatia,2
01-Jul-20,Exports: Cuba,0.1
01-Jul-20,Exports: Cyprus,46.6
01-Jul-20,"Exports: Czech, Republic",77.2
01-Jul-20,Exports: Denmark,13.9
01-Jul-20,Exports: Djibouti,3.7
01-Jul-20,Exports: Dominican Rep,1
01-Jul-20,Exports: Ecuador,2.2
01-Jul-20,Exports: Egypt,24.1
01-Jul-20,Exports: El Salvador,0.3
01-Jul-20,Exports: Estonia,0.4
01-Jul-20,Exports: Eswatini,1
01-Jul-20,Exports: Ethiopia,2
01-Jul-20,Exports: Fiji,20.3
01-Jul-20,Exports: Finland,5.4
01-Jul-20,Exports: France,330.2
01-Jul-20,Exports: French Polynesia,2.2
01-Jul-20,Exports: Gabon,1.8
01-Jul-20,Exports: Germany,636.1
01-Jul-20,Exports: Ghana,11.4
01-Jul-20,Exports: Greece,83.1
01-Jul-20,Exports: Guam,21.8
01-Jul-20,Exports: Guatemala,1.3
01-Jul-20,Exports: Guinea,0.6
01-Jul-20,Exports: Guyana,1.4
01-Jul-20,Exports: Honduras,0.1
01-Jul-20,Exports: Hong Kong SAR (China),5031.9
01-Jul-20,Exports: Hungary,26.7
01-Jul-20,Exports: India,845.6
01-Jul-20,Exports: Indonesia,2438.8
01-Jul-20,Exports: Iran,4.5
01-Jul-20,Exports: Ireland,26.5
01-Jul-20,Exports: Israel,93.1
01-Jul-20,Exports: Italy,90.6
01-Jul-20,Exports: Jamaica,2.5
01-Jul-20,Exports: Japan,2098.4
01-Jul-20,Exports: Jordan,5.3
01-Jul-20,Exports: Kazakhstan,2.8
01-Jul-20,Exports: Kenya,6.5
01-Jul-20,Exports: Kuwait,15.6
01-Jul-20,Exports: Lao Peo Dem Rep,3.1
01-Jul-20,Exports: Latvia,3.4
01-Jul-20,Exports: Lebanon,2.1
01-Jul-20,Exports: Liberia,272.7
01-Jul-20,Exports: Libyan Arab Jamahiriya,2.5
01-Jul-20,Exports: Lithuania,0.9
01-Jul-20,Exports: Luxembourg,47.7
01-Jul-20,Exports: Macau SAR (China),11
01-Jul-20,Exports: Madagascar,0.7
01-Jul-20,Exports: Malaysia,4080.2
01-Jul-20,Exports: Maldives Rep of,16.9
01-Jul-20,Exports: Malta,115.5
01-Jul-20,Exports: Marshall Islands,265
01-Jul-20,Exports: Mauritius,5.3
01-Jul-20,Exports: Mexico,165.6
01-Jul-20,Exports: Mongolian Peo Rep,15.5
01-Jul-20,Exports: Morocco,10
01-Jul-20,Exports: Mozambique,2.1
01-Jul-20,Exports: Myanmar,283.5
01-Jul-20,Exports: Nepal,19.2
01-Jul-20,Exports: Netherlands Antilles,0.5
01-Jul-20,Exports: Netherlands,1164.7
01-Jul-20,Exports: New Caledonia,32.1
01-Jul-20,Exports: New Zealand,244.1
01-Jul-20,Exports: Nigeria,10.5
01-Jul-20,Exports: Northern Mariana Islands,4.9
01-Jul-20,Exports: Norway,34.7
01-Jul-20,Exports: Oman,33.3
01-Jul-20,Exports: Other Countries of Africa,29.9
01-Jul-20,Exports: Other Countries of America,24.4
01-Jul-20,Exports: Other Countries of Asia,22.8
01-Jul-20,Exports: Other Countries of Europe,20.8
01-Jul-20,Exports: Other Countries of Oceania,7.9
01-Jul-20,Exports: Pakistan,73.1
01-Jul-20,Exports: Panama,297.7
01-Jul-20,Exports: Papua New Guinea,54.8
01-Jul-20,Exports: Paraguay,0.4
01-Jul-20,Exports: Peru,5.7
01-Jul-20,Exports: Philippines,1014.4
01-Jul-20,Exports: Poland,36.2
01-Jul-20,Exports: Portugal,25.5
01-Jul-20,Exports: Puerto Rico,87
01-Jul-20,Exports: Qatar,59.3
01-Jul-20,Exports: Reunion,21.2
01-Jul-20,Exports: Romania,7.6
01-Jul-20,Exports: Russia,67.6
01-Jul-20,Exports: Saint Vincent and the Grenadines,1.2
01-Jul-20,Exports: Samoa,5.2
01-Jul-20,Exports: Saudi Arabia,146.7
01-Jul-20,Exports: Seychelles,1.3
01-Jul-20,Exports: Slovak Republic,1.9
01-Jul-20,Exports: Slovenia,2.6
01-Jul-20,Exports: Solomon Islands,3.7
01-Jul-20,Exports: South Africa,26.6
01-Jul-20,Exports: South Korea,2083.2
01-Jul-20,Exports: Spain,166.6
01-Jul-20,Exports: Sri Lanka,150.2
01-Jul-20,Exports: Sudan,0.6
01-Jul-20,Exports: Sweden,9.1
01-Jul-20,Exports: Switzerland,405.6
01-Jul-20,Exports: Syrian Arab Rep,0.7
01-Jul-20,Exports: Taiwan,2076.3
01-Jul-20,Exports: Tanzania,5.3
01-Jul-20,Exports: Thailand,1452.4
01-Jul-20,Exports: Trinidad & Tobago,8.6
01-Jul-20,Exports: Tunisia,1.2
01-Jul-20,Exports: Turkey,100.4
01-Jul-20,Exports: USA,5935.2
01-Jul-20,Exports: Ukraine,2.9
01-Jul-20,Exports: United Arab Emirates,269.4
01-Jul-20,Exports: United Kingdom,283.6
01-Jul-20,Exports: Uruguay,1.2
01-Jul-20,Exports: Vanuatu,2
01-Jul-20,Exports: Venezuela,0
01-Jul-20,Exports: Vietnam,1533.7
01-Jul-20,Exports: Yemen,1.4
01-Jul-20,Exports: Zambia,0
01-Jul-20,Exports: Zimbabwe,0.1
01-Aug-20,Exports: Afghanistan,1
01-Aug-20,Exports: Algeria,1.9
01-Aug-20,Exports: Angola,6.7
01-Aug-20,Exports: Antigua and Barbuda,3.8
01-Aug-20,Exports: Argentina,18.9
01-Aug-20,Exports: Australia,1096.4
01-Aug-20,Exports: Austria,20.8
01-Aug-20,Exports: Bahamas,61.3
01-Aug-20,Exports: Bahrain,5.9
01-Aug-20,Exports: Bangladesh,244.7
01-Aug-20,Exports: Belarus,0.5
01-Aug-20,Exports: Belgium,339.6
01-Aug-20,Exports: Benin,0.3
01-Aug-20,Exports: Bermuda,2.8
01-Aug-20,Exports: Brazil,151.2
01-Aug-20,Exports: Brunei,93.7
01-Aug-20,Exports: Bulgaria,4.1
01-Aug-20,Exports: Cambodia,77.1
01-Aug-20,Exports: Cameroon,1.6
01-Aug-20,Exports: Canada,75.2
01-Aug-20,Exports: Chile,9.1
01-Aug-20,Exports: China,7970.2
01-Aug-20,Exports: Christmas Islands,0
01-Aug-20,Exports: Colombia,7.7
01-Aug-20,Exports: Comoros,1.1
01-Aug-20,Exports: Costa Rica,27
01-Aug-20,Exports: Cote D'ivoire,0.8
01-Aug-20,Exports: Croatia,1.5
01-Aug-20,Exports: Cuba,0
01-Aug-20,Exports: Cyprus,41.8
01-Aug-20,"Exports: Czech, Republic",65.2
01-Aug-20,Exports: Denmark,15.9
01-Aug-20,Exports: Djibouti,2.4
01-Aug-20,Exports: Dominican Rep,1.3
01-Aug-20,Exports: Ecuador,5.2
01-Aug-20,Exports: Egypt,30.1
01-Aug-20,Exports: El Salvador,1
01-Aug-20,Exports: Estonia,2.6
01-Aug-20,Exports: Eswatini,0.3
01-Aug-20,Exports: Ethiopia,1.5
01-Aug-20,Exports: Fiji,25.6
01-Aug-20,Exports: Finland,5.4
01-Aug-20,Exports: France,748.2
01-Aug-20,Exports: French Polynesia,1.8
01-Aug-20,Exports: Gabon,5.2
01-Aug-20,Exports: Germany,616.1
01-Aug-20,Exports: Ghana,5.8
01-Aug-20,Exports: Greece,79.9
01-Aug-20,Exports: Guam,28.3
01-Aug-20,Exports: Guatemala,1
01-Aug-20,Exports: Guinea,1.3
01-Aug-20,Exports: Guyana,2.1
01-Aug-20,Exports: Honduras,5.7
01-Aug-20,Exports: Hong Kong SAR (China),5104.8
01-Aug-20,Exports: Hungary,46.9
01-Aug-20,Exports: India,1094.3
01-Aug-20,Exports: Indonesia,2320.5
01-Aug-20,Exports: Iran,2.5
01-Aug-20,Exports: Ireland,28.7
01-Aug-20,Exports: Israel,70
01-Aug-20,Exports: Italy,60.2
01-Aug-20,Exports: Jamaica,2.5
01-Aug-20,Exports: Japan,1744.1
01-Aug-20,Exports: Jordan,5
01-Aug-20,Exports: Kazakhstan,3
01-Aug-20,Exports: Kenya,6.7
01-Aug-20,Exports: Kuwait,15
01-Aug-20,Exports: Lao Peo Dem Rep,2.3
01-Aug-20,Exports: Latvia,5.6
01-Aug-20,Exports: Lebanon,2
01-Aug-20,Exports: Liberia,301.7
01-Aug-20,Exports: Libyan Arab Jamahiriya,1.2
01-Aug-20,Exports: Lithuania,2.4
01-Aug-20,Exports: Luxembourg,10.6
01-Aug-20,Exports: Macau SAR (China),14.6
01-Aug-20,Exports: Madagascar,0.5
01-Aug-20,Exports: Malaysia,3783
01-Aug-20,Exports: Maldives Rep of,12.8
01-Aug-20,Exports: Malta,136.6
01-Aug-20,Exports: Marshall Islands,315.4
01-Aug-20,Exports: Mauritius,5.2
01-Aug-20,Exports: Mexico,148
01-Aug-20,Exports: Mongolian Peo Rep,7.6
01-Aug-20,Exports: Morocco,10.3
01-Aug-20,Exports: Mozambique,0.9
01-Aug-20,Exports: Myanmar,273.1
01-Aug-20,Exports: Nepal,12.3
01-Aug-20,Exports: Netherlands Antilles,0.9
01-Aug-20,Exports: Netherlands,1231.5
01-Aug-20,Exports: New Caledonia,27.6
01-Aug-20,Exports: New Zealand,243.8
01-Aug-20,Exports: Nigeria,21.5
01-Aug-20,Exports: Northern Mariana Islands,5.7
01-Aug-20,Exports: Norway,53.8
01-Aug-20,Exports: Oman,16.1
01-Aug-20,Exports: Other Countries of Africa,29.4
01-Aug-20,Exports: Other Countries of America,17.7
01-Aug-20,Exports: Other Countries of Asia,57
01-Aug-20,Exports: Other Countries of Europe,28.5
01-Aug-20,Exports: Other Countries of Oceania,6.3
01-Aug-20,Exports: Pakistan,133.3
01-Aug-20,Exports: Panama,656
01-Aug-20,Exports: Papua New Guinea,45.5
01-Aug-20,Exports: Paraguay,1
01-Aug-20,Exports: Peru,5.9
01-Aug-20,Exports: Philippines,849.4
01-Aug-20,Exports: Poland,40.4
01-Aug-20,Exports: Portugal,31.6
01-Aug-20,Exports: Puerto Rico,108.4
01-Aug-20,Exports: Qatar,44.5
01-Aug-20,Exports: Reunion,41.8
01-Aug-20,Exports: Romania,5.6
01-Aug-20,Exports: Russia,62.1
01-Aug-20,Exports: Saint Vincent and the Grenadines,1
01-Aug-20,Exports: Samoa,0.1
01-Aug-20,Exports: Saudi Arabia,119.2
01-Aug-20,Exports: Seychelles,1.6
01-Aug-20,Exports: Slovak Republic,2.7
01-Aug-20,Exports: Slovenia,2.5
01-Aug-20,Exports: Solomon Islands,7
01-Aug-20,Exports: South Africa,31
01-Aug-20,Exports: South Korea,1896.8
01-Aug-20,Exports: Spain,50.9
01-Aug-20,Exports: Sri Lanka,120.9
01-Aug-20,Exports: Sudan,0.1
01-Aug-20,Exports: Sweden,15.4
01-Aug-20,Exports: Switzerland,242.4
01-Aug-20,Exports: Syrian Arab Rep,0.6
01-Aug-20,Exports: Taiwan,2029.9
01-Aug-20,Exports: Tanzania,5.8
01-Aug-20,Exports: Thailand,1573.9
01-Aug-20,Exports: Trinidad & Tobago,2.1
01-Aug-20,Exports: Tunisia,1.3
01-Aug-20,Exports: Turkey,63.9
01-Aug-20,Exports: USA,3846.3
01-Aug-20,Exports: Ukraine,3.9
01-Aug-20,Exports: United Arab Emirates,424
01-Aug-20,Exports: United Kingdom,1174.1
01-Aug-20,Exports: Uruguay,1.5
01-Aug-20,Exports: Vanuatu,7.5
01-Aug-20,Exports: Venezuela,0.1
01-Aug-20,Exports: Vietnam,1463.7
01-Aug-20,Exports: Yemen,0.3
01-Aug-20,Exports: Zambia,0.2
01-Aug-20,Exports: Zimbabwe,0.5
01-Sep-20,Exports: Afghanistan,2.8
01-Sep-20,Exports: Algeria,4.4
01-Sep-20,Exports: Angola,4.2
01-Sep-20,Exports: Antigua and Barbuda,8.1
01-Sep-20,Exports: Argentina,19.8
01-Sep-20,Exports: Australia,1017
01-Sep-20,Exports: Austria,28.9
01-Sep-20,Exports: Bahamas,59
01-Sep-20,Exports: Bahrain,6
01-Sep-20,Exports: Bangladesh,312.9
01-Sep-20,Exports: Belarus,0.2
01-Sep-20,Exports: Belgium,443
01-Sep-20,Exports: Benin,1.5
01-Sep-20,Exports: Bermuda,4.5
01-Sep-20,Exports: Brazil,153.1
01-Sep-20,Exports: Brunei,78.4
01-Sep-20,Exports: Bulgaria,3.8
01-Sep-20,Exports: Cambodia,70.6
01-Sep-20,Exports: Cameroon,5.3
01-Sep-20,Exports: Canada,62
01-Sep-20,Exports: Chile,8
01-Sep-20,Exports: China,6561.5
01-Sep-20,Exports: Christmas Islands,0
01-Sep-20,Exports: Colombia,7
01-Sep-20,Exports: Comoros,0.1
01-Sep-20,Exports: Costa Rica,9.4
01-Sep-20,Exports: Cote D'ivoire,1.5
01-Sep-20,Exports: Croatia,1.7
01-Sep-20,Exports: Cuba,0
01-Sep-20,Exports: Cyprus,39.1
01-Sep-20,"Exports: Czech, Republic",39.2
01-Sep-20,Exports: Denmark,14
01-Sep-20,Exports: Djibouti,0.4
01-Sep-20,Exports: Dominican Rep,1.2
01-Sep-20,Exports: Ecuador,5.9
01-Sep-20,Exports: Egypt,25.3
01-Sep-20,Exports: El Salvador,0.1
01-Sep-20,Exports: Estonia,2.7
01-Sep-20,Exports: Eswatini,0
01-Sep-20,Exports: Ethiopia,2.2
01-Sep-20,Exports: Fiji,16
01-Sep-20,Exports: Finland,5.5
01-Sep-20,Exports: France,1198.9
01-Sep-20,Exports: French Polynesia,2.1
01-Sep-20,Exports: Gabon,2.2
01-Sep-20,Exports: Germany,652.2
01-Sep-20,Exports: Ghana,5.2
01-Sep-20,Exports: Greece,81
01-Sep-20,Exports: Guam,4.4
01-Sep-20,Exports: Guatemala,2.8
01-Sep-20,Exports: Guinea,1.3
01-Sep-20,Exports: Guyana,1.8
01-Sep-20,Exports: Honduras,0.6
01-Sep-20,Exports: Hong Kong SAR (China),5594.8
01-Sep-20,Exports: Hungary,54.9
01-Sep-20,Exports: India,1242.5
01-Sep-20,Exports: Indonesia,2471.8
01-Sep-20,Exports: Iran,4.1
01-Sep-20,Exports: Ireland,24
01-Sep-20,Exports: Israel,70.2
01-Sep-20,Exports: Italy,95.4
01-Sep-20,Exports: Jamaica,2.8
01-Sep-20,Exports: Japan,1946.6
01-Sep-20,Exports: Jordan,37.3
01-Sep-20,Exports: Kazakhstan,1.3
01-Sep-20,Exports: Kenya,8.6
01-Sep-20,Exports: Kuwait,12.2
01-Sep-20,Exports: Lao Peo Dem Rep,2.4
01-Sep-20,Exports: Latvia,2.9
01-Sep-20,Exports: Lebanon,3.2
01-Sep-20,Exports: Liberia,308.6
01-Sep-20,Exports: Libyan Arab Jamahiriya,4.4
01-Sep-20,Exports: Lithuania,75.3
01-Sep-20,Exports: Luxembourg,6
01-Sep-20,Exports: Macau SAR (China),23.3
01-Sep-20,Exports: Madagascar,0.5
01-Sep-20,Exports: Malaysia,4057.1
01-Sep-20,Exports: Maldives Rep of,14.9
01-Sep-20,Exports: Malta,137.1
01-Sep-20,Exports: Marshall Islands,312.7
01-Sep-20,Exports: Mauritius,5.1
01-Sep-20,Exports: Mexico,147
01-Sep-20,Exports: Mongolian Peo Rep,10.7
01-Sep-20,Exports: Morocco,9.4
01-Sep-20,Exports: Mozambique,29.6
01-Sep-20,Exports: Myanmar,269
01-Sep-20,Exports: Nepal,12.4
01-Sep-20,Exports: Netherlands Antilles,3.4
01-Sep-20,Exports: Netherlands,1029.7
01-Sep-20,Exports: New Caledonia,23.3
01-Sep-20,Exports: New Zealand,190.2
01-Sep-20,Exports: Nigeria,24
01-Sep-20,Exports: Northern Mariana Islands,1
01-Sep-20,Exports: Norway,69.2
01-Sep-20,Exports: Oman,18.9
01-Sep-20,Exports: Other Countries of Africa,59
01-Sep-20,Exports: Other Countries of America,12.1
01-Sep-20,Exports: Other Countries of Asia,12.6
01-Sep-20,Exports: Other Countries of Europe,29.2
01-Sep-20,Exports: Other Countries of Oceania,9.6
01-Sep-20,Exports: Pakistan,66.8
01-Sep-20,Exports: Panama,375.9
01-Sep-20,Exports: Papua New Guinea,53
01-Sep-20,Exports: Paraguay,1
01-Sep-20,Exports: Peru,4.9
01-Sep-20,Exports: Philippines,877.3
01-Sep-20,Exports: Poland,41.6
01-Sep-20,Exports: Portugal,26.5
01-Sep-20,Exports: Puerto Rico,58.6
01-Sep-20,Exports: Qatar,59.2
01-Sep-20,Exports: Reunion,0.7
01-Sep-20,Exports: Romania,4.2
01-Sep-20,Exports: Russia,96.5
01-Sep-20,Exports: Saint Vincent and the Grenadines,0.5
01-Sep-20,Exports: Samoa,5.6
01-Sep-20,Exports: Saudi Arabia,279.3
01-Sep-20,Exports: Seychelles,4.4
01-Sep-20,Exports: Slovak Republic,1.9
01-Sep-20,Exports: Slovenia,7
01-Sep-20,Exports: Solomon Islands,2.8
01-Sep-20,Exports: South Africa,54.4
01-Sep-20,Exports: South Korea,1848.4
01-Sep-20,Exports: Spain,26.5
01-Sep-20,Exports: Sri Lanka,140.7
01-Sep-20,Exports: Sudan,0.6
01-Sep-20,Exports: Sweden,18
01-Sep-20,Exports: Switzerland,188.5
01-Sep-20,Exports: Syrian Arab Rep,0.3
01-Sep-20,Exports: Taiwan,2200.1
01-Sep-20,Exports: Tanzania,5.6
01-Sep-20,Exports: Thailand,1592.5
01-Sep-20,Exports: Trinidad & Tobago,2.6
01-Sep-20,Exports: Tunisia,1.6
01-Sep-20,Exports: Turkey,52.3
01-Sep-20,Exports: USA,3842.5
01-Sep-20,Exports: Ukraine,1.9
01-Sep-20,Exports: United Arab Emirates,319.1
01-Sep-20,Exports: United Kingdom,670.2
01-Sep-20,Exports: Uruguay,0.9
01-Sep-20,Exports: Vanuatu,2.9
01-Sep-20,Exports: Venezuela,0
01-Sep-20,Exports: Vietnam,1499
01-Sep-20,Exports: Yemen,1.3
01-Sep-20,Exports: Zambia,0.1
01-Sep-20,Exports: Zimbabwe,0.1
01-Oct-20,Exports: Afghanistan,1
01-Oct-20,Exports: Algeria,5.7
01-Oct-20,Exports: Angola,29.2
01-Oct-20,Exports: Antigua and Barbuda,6.5
01-Oct-20,Exports: Argentina,24.6
01-Oct-20,Exports: Australia,985.9
01-Oct-20,Exports: Austria,23.6
01-Oct-20,Exports: Bahamas,55.5
01-Oct-20,Exports: Bahrain,6.3
01-Oct-20,Exports: Bangladesh,294.9
01-Oct-20,Exports: Belarus,0
01-Oct-20,Exports: Belgium,714.2
01-Oct-20,Exports: Benin,0.9
01-Oct-20,Exports: Bermuda,3.9
01-Oct-20,Exports: Brazil,164.9
01-Oct-20,Exports: Brunei,81.6
01-Oct-20,Exports: Bulgaria,2
01-Oct-20,Exports: Cambodia,86.4
01-Oct-20,Exports: Cameroon,1.4
01-Oct-20,Exports: Canada,76.3
01-Oct-20,Exports: Chile,8.3
01-Oct-20,Exports: China,6992.7
01-Oct-20,Exports: Christmas Islands,0.1
01-Oct-20,Exports: Colombia,8
01-Oct-20,Exports: Comoros,0.6
01-Oct-20,Exports: Costa Rica,10
01-Oct-20,Exports: Cote D'ivoire,1.5
01-Oct-20,Exports: Croatia,1.2
01-Oct-20,Exports: Cuba,0
01-Oct-20,Exports: Cyprus,38.8
01-Oct-20,"Exports: Czech, Republic",49.6
01-Oct-20,Exports: Denmark,18.7
01-Oct-20,Exports: Djibouti,1.6
01-Oct-20,Exports: Dominican Rep,1.9
01-Oct-20,Exports: Ecuador,23.6
01-Oct-20,Exports: Egypt,22.9
01-Oct-20,Exports: El Salvador,0.8
01-Oct-20,Exports: Estonia,3.5
01-Oct-20,Exports: Eswatini,0
01-Oct-20,Exports: Ethiopia,1.1
01-Oct-20,Exports: Fiji,28.8
01-Oct-20,Exports: Finland,7.1
01-Oct-20,Exports: France,494.3
01-Oct-20,Exports: French Polynesia,2.1
01-Oct-20,Exports: Gabon,13.6
01-Oct-20,Exports: Germany,635.8
01-Oct-20,Exports: Ghana,7.3
01-Oct-20,Exports: Greece,77.2
01-Oct-20,Exports: Guam,24.4
01-Oct-20,Exports: Guatemala,5
01-Oct-20,Exports: Guinea,0.8
01-Oct-20,Exports: Guyana,1.8
01-Oct-20,Exports: Honduras,0.5
01-Oct-20,Exports: Hong Kong SAR (China),5784.2
01-Oct-20,Exports: Hungary,42.3
01-Oct-20,Exports: India,1153
01-Oct-20,Exports: Indonesia,2264.4
01-Oct-20,Exports: Iran,2.6
01-Oct-20,Exports: Ireland,156.5
01-Oct-20,Exports: Israel,82.1
01-Oct-20,Exports: Italy,95.6
01-Oct-20,Exports: Jamaica,2.6
01-Oct-20,Exports: Japan,2045.9
01-Oct-20,Exports: Jordan,4.6
01-Oct-20,Exports: Kazakhstan,1.4
01-Oct-20,Exports: Kenya,6.6
01-Oct-20,Exports: Kuwait,25.3
01-Oct-20,Exports: Lao Peo Dem Rep,2.4
01-Oct-20,Exports: Latvia,5.6
01-Oct-20,Exports: Lebanon,1.3
01-Oct-20,Exports: Liberia,263.6
01-Oct-20,Exports: Libyan Arab Jamahiriya,2.9
01-Oct-20,Exports: Lithuania,1.3
01-Oct-20,Exports: Luxembourg,10.4
01-Oct-20,Exports: Macau SAR (China),18.7
01-Oct-20,Exports: Madagascar,1.1
01-Oct-20,Exports: Malaysia,3810.3
01-Oct-20,Exports: Maldives Rep of,16.5
01-Oct-20,Exports: Malta,124.8
01-Oct-20,Exports: Marshall Islands,295.3
01-Oct-20,Exports: Mauritius,5.1
01-Oct-20,Exports: Mexico,162.3
01-Oct-20,Exports: Mongolian Peo Rep,12
01-Oct-20,Exports: Morocco,11.5
01-Oct-20,Exports: Mozambique,0.7
01-Oct-20,Exports: Myanmar,224.1
01-Oct-20,Exports: Nepal,12.6
01-Oct-20,Exports: Netherlands Antilles,1.1
01-Oct-20,Exports: Netherlands,1118.6
01-Oct-20,Exports: New Caledonia,14.5
01-Oct-20,Exports: New Zealand,145.5
01-Oct-20,Exports: Nigeria,27.6
01-Oct-20,Exports: Northern Mariana Islands,4.7
01-Oct-20,Exports: Norway,40.3
01-Oct-20,Exports: Oman,20.8
01-Oct-20,Exports: Other Countries of Africa,37.8
01-Oct-20,Exports: Other Countries of America,20
01-Oct-20,Exports: Other Countries of Asia,22.3
01-Oct-20,Exports: Other Countries of Europe,24.6
01-Oct-20,Exports: Other Countries of Oceania,8.8
01-Oct-20,Exports: Pakistan,81.3
01-Oct-20,Exports: Panama,373.3
01-Oct-20,Exports: Papua New Guinea,62.2
01-Oct-20,Exports: Paraguay,0.4
01-Oct-20,Exports: Peru,16.1
01-Oct-20,Exports: Philippines,916.6
01-Oct-20,Exports: Poland,48.6
01-Oct-20,Exports: Portugal,30.5
01-Oct-20,Exports: Puerto Rico,75.1
01-Oct-20,Exports: Qatar,142.7
01-Oct-20,Exports: Reunion,0.9
01-Oct-20,Exports: Romania,26.2
01-Oct-20,Exports: Russia,53.5
01-Oct-20,Exports: Saint Vincent and the Grenadines,1.2
01-Oct-20,Exports: Samoa,0.4
01-Oct-20,Exports: Saudi Arabia,383
01-Oct-20,Exports: Seychelles,1.7
01-Oct-20,Exports: Slovak Republic,2
01-Oct-20,Exports: Slovenia,5.8
01-Oct-20,Exports: Solomon Islands,5
01-Oct-20,Exports: South Africa,54.3
01-Oct-20,Exports: South Korea,1813.1
01-Oct-20,Exports: Spain,38.2
01-Oct-20,Exports: Sri Lanka,117.1
01-Oct-20,Exports: Sudan,0.7
01-Oct-20,Exports: Sweden,16.7
01-Oct-20,Exports: Switzerland,582.5
01-Oct-20,Exports: Syrian Arab Rep,0
01-Oct-20,Exports: Taiwan,2127.8
01-Oct-20,Exports: Tanzania,4.2
01-Oct-20,Exports: Thailand,1722.2
01-Oct-20,Exports: Trinidad & Tobago,1.5
01-Oct-20,Exports: Tunisia,2
01-Oct-20,Exports: Turkey,68.7
01-Oct-20,Exports: USA,4051.6
01-Oct-20,Exports: Ukraine,1.9
01-Oct-20,Exports: United Arab Emirates,359.9
01-Oct-20,Exports: United Kingdom,265.4
01-Oct-20,Exports: Uruguay,1.8
01-Oct-20,Exports: Vanuatu,3.4
01-Oct-20,Exports: Venezuela,0
01-Oct-20,Exports: Vietnam,1433.3
01-Oct-20,Exports: Yemen,2
01-Oct-20,Exports: Zambia,0.2
01-Oct-20,Exports: Zimbabwe,0.1
01-Nov-20,Exports: Afghanistan,0.6
01-Nov-20,Exports: Algeria,4.2
01-Nov-20,Exports: Angola,6.4
01-Nov-20,Exports: Antigua and Barbuda,7.1
01-Nov-20,Exports: Argentina,24.3
01-Nov-20,Exports: Australia,956.9
01-Nov-20,Exports: Austria,15.6
01-Nov-20,Exports: Bahamas,71.4
01-Nov-20,Exports: Bahrain,9.4
01-Nov-20,Exports: Bangladesh,321.5
01-Nov-20,Exports: Belarus,0.2
01-Nov-20,Exports: Belgium,411.8
01-Nov-20,Exports: Benin,0.4
01-Nov-20,Exports: Bermuda,5.3
01-Nov-20,Exports: Brazil,120.3
01-Nov-20,Exports: Brunei,94.6
01-Nov-20,Exports: Bulgaria,3.6
01-Nov-20,Exports: Cambodia,336.5
01-Nov-20,Exports: Cameroon,9.7
01-Nov-20,Exports: Canada,220
01-Nov-20,Exports: Chile,39.7
01-Nov-20,Exports: China,6852.9
01-Nov-20,Exports: Christmas Islands,0
01-Nov-20,Exports: Colombia,8.2
01-Nov-20,Exports: Comoros,0.6
01-Nov-20,Exports: Costa Rica,5.8
01-Nov-20,Exports: Cote D'ivoire,3
01-Nov-20,Exports: Croatia,1
01-Nov-20,Exports: Cuba,0
01-Nov-20,Exports: Cyprus,36
01-Nov-20,"Exports: Czech, Republic",37.8
01-Nov-20,Exports: Denmark,14.6
01-Nov-20,Exports: Djibouti,4.7
01-Nov-20,Exports: Dominican Rep,1.1
01-Nov-20,Exports: Ecuador,5.1
01-Nov-20,Exports: Egypt,22.3
01-Nov-20,Exports: El Salvador,0.1
01-Nov-20,Exports: Estonia,2.8
01-Nov-20,Exports: Eswatini,0
01-Nov-20,Exports: Ethiopia,2.3
01-Nov-20,Exports: Fiji,19.7
01-Nov-20,Exports: Finland,7.4
01-Nov-20,Exports: France,373.4
01-Nov-20,Exports: French Polynesia,8.8
01-Nov-20,Exports: Gabon,3.9
01-Nov-20,Exports: Germany,629
01-Nov-20,Exports: Ghana,5.9
01-Nov-20,Exports: Greece,86.7
01-Nov-20,Exports: Guam,39
01-Nov-20,Exports: Guatemala,1.5
01-Nov-20,Exports: Guinea,0.5
01-Nov-20,Exports: Guyana,2.6
01-Nov-20,Exports: Honduras,0.1
01-Nov-20,Exports: Hong Kong SAR (China),5671.8
01-Nov-20,Exports: Hungary,42.4
01-Nov-20,Exports: India,1230.9
01-Nov-20,Exports: Indonesia,2405.2
01-Nov-20,Exports: Iran,1.7
01-Nov-20,Exports: Ireland,12.9
01-Nov-20,Exports: Israel,60.7
01-Nov-20,Exports: Italy,58.6
01-Nov-20,Exports: Jamaica,2.8
01-Nov-20,Exports: Japan,1968.6
01-Nov-20,Exports: Jordan,8
01-Nov-20,Exports: Kazakhstan,2.6
01-Nov-20,Exports: Kenya,19.6
01-Nov-20,Exports: Kuwait,13.5
01-Nov-20,Exports: Lao Peo Dem Rep,3.4
01-Nov-20,Exports: Latvia,6.2
01-Nov-20,Exports: Lebanon,2.1
01-Nov-20,Exports: Liberia,280.5
01-Nov-20,Exports: Libyan Arab Jamahiriya,1.9
01-Nov-20,Exports: Lithuania,2.2
01-Nov-20,Exports: Luxembourg,22.8
01-Nov-20,Exports: Macau SAR (China),35
01-Nov-20,Exports: Madagascar,1.8
01-Nov-20,Exports: Malaysia,3920.5
01-Nov-20,Exports: Maldives Rep of,16.6
01-Nov-20,Exports: Malta,128.2
01-Nov-20,Exports: Marshall Islands,297.7
01-Nov-20,Exports: Mauritius,6.4
01-Nov-20,Exports: Mexico,120
01-Nov-20,Exports: Mongolian Peo Rep,11.2
01-Nov-20,Exports: Morocco,9.7
01-Nov-20,Exports: Mozambique,1.8
01-Nov-20,Exports: Myanmar,246.9
01-Nov-20,Exports: Nepal,14.7
01-Nov-20,Exports: Netherlands Antilles,0.7
01-Nov-20,Exports: Netherlands,932.8
01-Nov-20,Exports: New Caledonia,10.2
01-Nov-20,Exports: New Zealand,255
01-Nov-20,Exports: Nigeria,60.1
01-Nov-20,Exports: Northern Mariana Islands,5
01-Nov-20,Exports: Norway,64.6
01-Nov-20,Exports: Oman,12.2
01-Nov-20,Exports: Other Countries of Africa,18.5
01-Nov-20,Exports: Other Countries of America,16.2
01-Nov-20,Exports: Other Countries of Asia,12.3
01-Nov-20,Exports: Other Countries of Europe,32.2
01-Nov-20,Exports: Other Countries of Oceania,8.5
01-Nov-20,Exports: Pakistan,97.3
01-Nov-20,Exports: Panama,339.5
01-Nov-20,Exports: Papua New Guinea,40.7
01-Nov-20,Exports: Paraguay,0.6
01-Nov-20,Exports: Peru,9.3
01-Nov-20,Exports: Philippines,814.9
01-Nov-20,Exports: Poland,54.1
01-Nov-20,Exports: Portugal,33.6
01-Nov-20,Exports: Puerto Rico,98.3
01-Nov-20,Exports: Qatar,47.1
01-Nov-20,Exports: Reunion,0.3
01-Nov-20,Exports: Romania,8.4
01-Nov-20,Exports: Russia,40.5
01-Nov-20,Exports: Saint Vincent and the Grenadines,0.5
01-Nov-20,Exports: Samoa,5.1
01-Nov-20,Exports: Saudi Arabia,130.6
01-Nov-20,Exports: Seychelles,4.3
01-Nov-20,Exports: Slovak Republic,2.6
01-Nov-20,Exports: Slovenia,3
01-Nov-20,Exports: Solomon Islands,1.4
01-Nov-20,Exports: South Africa,25.3
01-Nov-20,Exports: South Korea,1791.4
01-Nov-20,Exports: Spain,46
01-Nov-20,Exports: Sri Lanka,141.9
01-Nov-20,Exports: Sudan,0.7
01-Nov-20,Exports: Sweden,17.3
01-Nov-20,Exports: Switzerland,226.8
01-Nov-20,Exports: Syrian Arab Rep,0.3
01-Nov-20,Exports: Taiwan,2191.6
01-Nov-20,Exports: Tanzania,5.7
01-Nov-20,Exports: Thailand,1708.7
01-Nov-20,Exports: Trinidad & Tobago,3.5
01-Nov-20,Exports: Tunisia,1.5
01-Nov-20,Exports: Turkey,53.3
01-Nov-20,Exports: USA,4297.1
01-Nov-20,Exports: Ukraine,2.3
01-Nov-20,Exports: United Arab Emirates,386.2
01-Nov-20,Exports: United Kingdom,236.8
01-Nov-20,Exports: Uruguay,1
01-Nov-20,Exports: Vanuatu,0.7
01-Nov-20,Exports: Venezuela,0.1
01-Nov-20,Exports: Vietnam,1517.6
01-Nov-20,Exports: Yemen,1.9
01-Nov-20,Exports: Zambia,0.1
01-Nov-20,Exports: Zimbabwe,0.1
01-Dec-20,Exports: Afghanistan,0.9
01-Dec-20,Exports: Algeria,4.7
01-Dec-20,Exports: Angola,12.4
01-Dec-20,Exports: Antigua and Barbuda,6.8
01-Dec-20,Exports: Argentina,14
01-Dec-20,Exports: Australia,939.2
01-Dec-20,Exports: Austria,17.7
01-Dec-20,Exports: Bahamas,71.9
01-Dec-20,Exports: Bahrain,6.8
01-Dec-20,Exports: Bangladesh,355.9
01-Dec-20,Exports: Belarus,0.2
01-Dec-20,Exports: Belgium,228.6
01-Dec-20,Exports: Benin,0.4
01-Dec-20,Exports: Bermuda,7.1
01-Dec-20,Exports: Brazil,123
01-Dec-20,Exports: Brunei,83.4
01-Dec-20,Exports: Bulgaria,3.8
01-Dec-20,Exports: Cambodia,538.1
01-Dec-20,Exports: Cameroon,2.3
01-Dec-20,Exports: Canada,138.5
01-Dec-20,Exports: Chile,9.4
01-Dec-20,Exports: China,7090.8
01-Dec-20,Exports: Christmas Islands,0
01-Dec-20,Exports: Colombia,5.9
01-Dec-20,Exports: Comoros,0.2
01-Dec-20,Exports: Costa Rica,7.6
01-Dec-20,Exports: Cote D'ivoire,1.2
01-Dec-20,Exports: Croatia,3.3
01-Dec-20,Exports: Cuba,0
01-Dec-20,Exports: Cyprus,38.9
01-Dec-20,"Exports: Czech, Republic",50.9
01-Dec-20,Exports: Denmark,12.4
01-Dec-20,Exports: Djibouti,8.2
01-Dec-20,Exports: Dominican Rep,1.3
01-Dec-20,Exports: Ecuador,3
01-Dec-20,Exports: Egypt,21.9
01-Dec-20,Exports: El Salvador,0.7
01-Dec-20,Exports: Estonia,3.7
01-Dec-20,Exports: Eswatini,0
01-Dec-20,Exports: Ethiopia,3.2
01-Dec-20,Exports: Fiji,26.4
01-Dec-20,Exports: Finland,9.7
01-Dec-20,Exports: France,406.9
01-Dec-20,Exports: French Polynesia,4.3
01-Dec-20,Exports: Gabon,3
01-Dec-20,Exports: Germany,674.4
01-Dec-20,Exports: Ghana,5.1
01-Dec-20,Exports: Greece,106.6
01-Dec-20,Exports: Guam,36.4
01-Dec-20,Exports: Guatemala,3.3
01-Dec-20,Exports: Guinea,1.9
01-Dec-20,Exports: Guyana,2.5
01-Dec-20,Exports: Honduras,0.4
01-Dec-20,Exports: Hong Kong SAR (China),5941.2
01-Dec-20,Exports: Hungary,32.1
01-Dec-20,Exports: India,1482.6
01-Dec-20,Exports: Indonesia,2756.2
01-Dec-20,Exports: Iran,1.2
01-Dec-20,Exports: Ireland,39
01-Dec-20,Exports: Israel,79.4
01-Dec-20,Exports: Italy,69.1
01-Dec-20,Exports: Jamaica,1.3
01-Dec-20,Exports: Japan,1975
01-Dec-20,Exports: Jordan,7.1
01-Dec-20,Exports: Kazakhstan,1.9
01-Dec-20,Exports: Kenya,11.2
01-Dec-20,Exports: Kuwait,11.4
01-Dec-20,Exports: Lao Peo Dem Rep,2.8
01-Dec-20,Exports: Latvia,9.2
01-Dec-20,Exports: Lebanon,2.2
01-Dec-20,Exports: Liberia,279.9
01-Dec-20,Exports: Libyan Arab Jamahiriya,3.4
01-Dec-20,Exports: Lithuania,75.4
01-Dec-20,Exports: Luxembourg,21
01-Dec-20,Exports: Macau SAR (China),32.5
01-Dec-20,Exports: Madagascar,1
01-Dec-20,Exports: Malaysia,4098.7
01-Dec-20,Exports: Maldives Rep of,16.4
01-Dec-20,Exports: Malta,139.5
01-Dec-20,Exports: Marshall Islands,319.7
01-Dec-20,Exports: Mauritius,3.7
01-Dec-20,Exports: Mexico,142.1
01-Dec-20,Exports: Mongolian Peo Rep,10.8
01-Dec-20,Exports: Morocco,15.9
01-Dec-20,Exports: Mozambique,2.6
01-Dec-20,Exports: Myanmar,327.5
01-Dec-20,Exports: Nepal,18.5
01-Dec-20,Exports: Netherlands Antilles,5
01-Dec-20,Exports: Netherlands,1090.9
01-Dec-20,Exports: New Caledonia,47.8
01-Dec-20,Exports: New Zealand,191
01-Dec-20,Exports: Nigeria,11.6
01-Dec-20,Exports: Northern Mariana Islands,5.5
01-Dec-20,Exports: Norway,85.7
01-Dec-20,Exports: Oman,15.5
01-Dec-20,Exports: Other Countries of Africa,16.6
01-Dec-20,Exports: Other Countries of America,14.2
01-Dec-20,Exports: Other Countries of Asia,24
01-Dec-20,Exports: Other Countries of Europe,22.7
01-Dec-20,Exports: Other Countries of Oceania,11.6
01-Dec-20,Exports: Pakistan,85.7
01-Dec-20,Exports: Panama,339.9
01-Dec-20,Exports: Papua New Guinea,63.3
01-Dec-20,Exports: Paraguay,2.2
01-Dec-20,Exports: Peru,7
01-Dec-20,Exports: Philippines,888
01-Dec-20,Exports: Poland,53.6
01-Dec-20,Exports: Portugal,30.8
01-Dec-20,Exports: Puerto Rico,21.1
01-Dec-20,Exports: Qatar,50.9
01-Dec-20,Exports: Reunion,0.4
01-Dec-20,Exports: Romania,7.3
01-Dec-20,Exports: Russia,72.4
01-Dec-20,Exports: Saint Vincent and the Grenadines,1.9
01-Dec-20,Exports: Samoa,5.2
01-Dec-20,Exports: Saudi Arabia,117.4
01-Dec-20,Exports: Seychelles,2.3
01-Dec-20,Exports: Slovak Republic,13
01-Dec-20,Exports: Slovenia,5.7
01-Dec-20,Exports: Solomon Islands,4.4
01-Dec-20,Exports: South Africa,34.1
01-Dec-20,Exports: South Korea,2170.8
01-Dec-20,Exports: Spain,32.1
01-Dec-20,Exports: Sri Lanka,81
01-Dec-20,Exports: Sudan,0
01-Dec-20,Exports: Sweden,14.9
01-Dec-20,Exports: Switzerland,118
01-Dec-20,Exports: Syrian Arab Rep,0
01-Dec-20,Exports: Taiwan,2729.5
01-Dec-20,Exports: Tanzania,10.2
01-Dec-20,Exports: Thailand,1582.6
01-Dec-20,Exports: Trinidad & Tobago,3
01-Dec-20,Exports: Tunisia,2.9
01-Dec-20,Exports: Turkey,67.8
01-Dec-20,Exports: USA,4720.4
01-Dec-20,Exports: Ukraine,2.1
01-Dec-20,Exports: United Arab Emirates,386.8
01-Dec-20,Exports: United Kingdom,294.1
01-Dec-20,Exports: Uruguay,0.6
01-Dec-20,Exports: Vanuatu,1.1
01-Dec-20,Exports: Venezuela,0
01-Dec-20,Exports: Vietnam,1636.8
01-Dec-20,Exports: Yemen,0.6
01-Dec-20,Exports: Zambia,0.1
01-Dec-20,Exports: Zimbabwe,0.4
01-Jan-21,Exports: Afghanistan,0.5
01-Jan-21,Exports: Algeria,4.2
01-Jan-21,Exports: Angola,3.8
01-Jan-21,Exports: Antigua and Barbuda,6.6
01-Jan-21,Exports: Argentina,15.4
01-Jan-21,Exports: Australia,975.1
01-Jan-21,Exports: Austria,21.5
01-Jan-21,Exports: Bahamas,85.8
01-Jan-21,Exports: Bahrain,5.9
01-Jan-21,Exports: Bangladesh,375.7
01-Jan-21,Exports: Belarus,0.1
01-Jan-21,Exports: Belgium,470.4
01-Jan-21,Exports: Benin,2
01-Jan-21,Exports: Bermuda,3
01-Jan-21,Exports: Brazil,133.2
01-Jan-21,Exports: Brunei,75.4
01-Jan-21,Exports: Bulgaria,2.8
01-Jan-21,Exports: Cambodia,872.5
01-Jan-21,Exports: Cameroon,3.8
01-Jan-21,Exports: Canada,57
01-Jan-21,Exports: Chile,37.3
01-Jan-21,Exports: China,5682.7
01-Jan-21,Exports: Christmas Islands,0.1
01-Jan-21,Exports: Colombia,8.7
01-Jan-21,Exports: Comoros,0.2
01-Jan-21,Exports: Costa Rica,5.9
01-Jan-21,Exports: Cote D'ivoire,0.6
01-Jan-21,Exports: Croatia,1.3
01-Jan-21,Exports: Cuba,0.1
01-Jan-21,Exports: Cyprus,44.1
01-Jan-21,"Exports: Czech, Republic",63.6
01-Jan-21,Exports: Denmark,24.6
01-Jan-21,Exports: Djibouti,5.3
01-Jan-21,Exports: Dominican Rep,1.5
01-Jan-21,Exports: Ecuador,4.1
01-Jan-21,Exports: Egypt,19.1
01-Jan-21,Exports: El Salvador,0.3
01-Jan-21,Exports: Estonia,0.5
01-Jan-21,Exports: Eswatini,0.1
01-Jan-21,Exports: Ethiopia,2.5
01-Jan-21,Exports: Fiji,31
01-Jan-21,Exports: Finland,11.2
01-Jan-21,Exports: France,816.9
01-Jan-21,Exports: French Polynesia,34.8
01-Jan-21,Exports: Gabon,3
01-Jan-21,Exports: Germany,652.1
01-Jan-21,Exports: Ghana,3.7
01-Jan-21,Exports: Greece,81.4
01-Jan-21,Exports: Guam,2.2
01-Jan-21,Exports: Guatemala,0.6
01-Jan-21,Exports: Guinea,0.8
01-Jan-21,Exports: Guyana,0.9
01-Jan-21,Exports: Honduras,0.1
01-Jan-21,Exports: Hong Kong SAR (China),5693.7
01-Jan-21,Exports: Hungary,50.1
01-Jan-21,Exports: India,1285.3
01-Jan-21,Exports: Indonesia,2524.2
01-Jan-21,Exports: Iran,0.3
01-Jan-21,Exports: Ireland,11.1
01-Jan-21,Exports: Israel,145.4
01-Jan-21,Exports: Italy,70.3
01-Jan-21,Exports: Jamaica,1.3
01-Jan-21,Exports: Japan,1777.8
01-Jan-21,Exports: Jordan,4.6
01-Jan-21,Exports: Kazakhstan,1
01-Jan-21,Exports: Kenya,6.2
01-Jan-21,Exports: Kuwait,40.4
01-Jan-21,Exports: Lao Peo Dem Rep,2.8
01-Jan-21,Exports: Latvia,4.6
01-Jan-21,Exports: Lebanon,2.3
01-Jan-21,Exports: Liberia,285.5
01-Jan-21,Exports: Libyan Arab Jamahiriya,3.2
01-Jan-21,Exports: Lithuania,147.6
01-Jan-21,Exports: Luxembourg,29.6
01-Jan-21,Exports: Macau SAR (China),14.5
01-Jan-21,Exports: Madagascar,0.9
01-Jan-21,Exports: Malaysia,4566.9
01-Jan-21,Exports: Maldives Rep of,19.6
01-Jan-21,Exports: Malta,108.4
01-Jan-21,Exports: Marshall Islands,358.5
01-Jan-21,Exports: Mauritius,4.3
01-Jan-21,Exports: Mexico,131.4
01-Jan-21,Exports: Mongolian Peo Rep,10.5
01-Jan-21,Exports: Morocco,18.1
01-Jan-21,Exports: Mozambique,0.8
01-Jan-21,Exports: Myanmar,343.6
01-Jan-21,Exports: Nepal,19.7
01-Jan-21,Exports: Netherlands Antilles,0.3
01-Jan-21,Exports: Netherlands,920.2
01-Jan-21,Exports: New Caledonia,21.3
01-Jan-21,Exports: New Zealand,206.6
01-Jan-21,Exports: Nigeria,17.9
01-Jan-21,Exports: Northern Mariana Islands,0.5
01-Jan-21,Exports: Norway,35.3
01-Jan-21,Exports: Oman,35.7
01-Jan-21,Exports: Other Countries of Africa,16.5
01-Jan-21,Exports: Other Countries of America,14.3
01-Jan-21,Exports: Other Countries of Asia,20.3
01-Jan-21,Exports: Other Countries of Europe,31.3
01-Jan-21,Exports: Other Countries of Oceania,5.5
01-Jan-21,Exports: Pakistan,114.8
01-Jan-21,Exports: Panama,354.5
01-Jan-21,Exports: Papua New Guinea,75.5
01-Jan-21,Exports: Paraguay,0.5
01-Jan-21,Exports: Peru,6.3
01-Jan-21,Exports: Philippines,982.6
01-Jan-21,Exports: Poland,46
01-Jan-21,Exports: Portugal,46.5
01-Jan-21,Exports: Puerto Rico,120
01-Jan-21,Exports: Qatar,79.8
01-Jan-21,Exports: Reunion,1
01-Jan-21,Exports: Romania,5.9
01-Jan-21,Exports: Russia,46.8
01-Jan-21,Exports: Saint Vincent and the Grenadines,2.9
01-Jan-21,Exports: Samoa,3.6
01-Jan-21,Exports: Saudi Arabia,138.4
01-Jan-21,Exports: Seychelles,0.9
01-Jan-21,Exports: Slovak Republic,17.6
01-Jan-21,Exports: Slovenia,3.3
01-Jan-21,Exports: Solomon Islands,8.1
01-Jan-21,Exports: South Africa,50.5
01-Jan-21,Exports: South Korea,1942
01-Jan-21,Exports: Spain,31.2
01-Jan-21,Exports: Sri Lanka,72.8
01-Jan-21,Exports: Sudan,0.4
01-Jan-21,Exports: Sweden,13.4
01-Jan-21,Exports: Switzerland,474.7
01-Jan-21,Exports: Syrian Arab Rep,0.1
01-Jan-21,Exports: Taiwan,2422.8
01-Jan-21,Exports: Tanzania,7.3
01-Jan-21,Exports: Thailand,1906
01-Jan-21,Exports: Trinidad & Tobago,4.8
01-Jan-21,Exports: Tunisia,1.4
01-Jan-21,Exports: Turkey,63.5
01-Jan-21,Exports: USA,3808.4
01-Jan-21,Exports: Ukraine,2.5
01-Jan-21,Exports: United Arab Emirates,362.5
01-Jan-21,Exports: United Kingdom,318
01-Jan-21,Exports: Uruguay,1
01-Jan-21,Exports: Vanuatu,5.7
01-Jan-21,Exports: Venezuela,3.4
01-Jan-21,Exports: Vietnam,1766.1
01-Jan-21,Exports: Yemen,2.8
01-Jan-21,Exports: Zambia,2
01-Jan-21,Exports: Zimbabwe,0.1
01-Feb-21,Exports: Afghanistan,1.6
01-Feb-21,Exports: Algeria,4.9
01-Feb-21,Exports: Angola,2.9
01-Feb-21,Exports: Antigua and Barbuda,8.4
01-Feb-21,Exports: Argentina,25.4
01-Feb-21,Exports: Australia,1027.8
01-Feb-21,Exports: Austria,16.5
01-Feb-21,Exports: Bahamas,78.7
01-Feb-21,Exports: Bahrain,7.9
01-Feb-21,Exports: Bangladesh,305.6
01-Feb-21,Exports: Belarus,0.2
01-Feb-21,Exports: Belgium,447.3
01-Feb-21,Exports: Benin,0.8
01-Feb-21,Exports: Bermuda,6.8
01-Feb-21,Exports: Brazil,135.7
01-Feb-21,Exports: Brunei,69.1
01-Feb-21,Exports: Bulgaria,4.7
01-Feb-21,Exports: Cambodia,1134.3
01-Feb-21,Exports: Cameroon,1.8
01-Feb-21,Exports: Canada,53.7
01-Feb-21,Exports: Chile,10.5
01-Feb-21,Exports: China,5255.7
01-Feb-21,Exports: Christmas Islands,0
01-Feb-21,Exports: Colombia,6.4
01-Feb-21,Exports: Comoros,0.4
01-Feb-21,Exports: Costa Rica,5.5
01-Feb-21,Exports: Cote D'ivoire,1.7
01-Feb-21,Exports: Croatia,1.3
01-Feb-21,Exports: Cuba,6.1
01-Feb-21,Exports: Cyprus,44.8
01-Feb-21,"Exports: Czech, Republic",46.1
01-Feb-21,Exports: Denmark,23.3
01-Feb-21,Exports: Djibouti,1.4
01-Feb-21,Exports: Dominican Rep,1.1
01-Feb-21,Exports: Ecuador,6
01-Feb-21,Exports: Egypt,17.7
01-Feb-21,Exports: El Salvador,0.6
01-Feb-21,Exports: Estonia,0.9
01-Feb-21,Exports: Eswatini,0
01-Feb-21,Exports: Ethiopia,2
01-Feb-21,Exports: Fiji,18.6
01-Feb-21,Exports: Finland,8.7
01-Feb-21,Exports: France,367.6
01-Feb-21,Exports: French Polynesia,1.5
01-Feb-21,Exports: Gabon,1.2
01-Feb-21,Exports: Germany,651.1
01-Feb-21,Exports: Ghana,4.7
01-Feb-21,Exports: Greece,121.4
01-Feb-21,Exports: Guam,28
01-Feb-21,Exports: Guatemala,1.7
01-Feb-21,Exports: Guinea,1.1
01-Feb-21,Exports: Guyana,1.8
01-Feb-21,Exports: Honduras,0.8
01-Feb-21,Exports: Hong Kong SAR (China),5518.3
01-Feb-21,Exports: Hungary,35.3
01-Feb-21,Exports: India,1296.7
01-Feb-21,Exports: Indonesia,2977.4
01-Feb-21,Exports: Iran,1.7
01-Feb-21,Exports: Ireland,107.4
01-Feb-21,Exports: Israel,186.9
01-Feb-21,Exports: Italy,103.6
01-Feb-21,Exports: Jamaica,1.6
01-Feb-21,Exports: Japan,1752.7
01-Feb-21,Exports: Jordan,7.4
01-Feb-21,Exports: Kazakhstan,1.4
01-Feb-21,Exports: Kenya,8.1
01-Feb-21,Exports: Kuwait,14.3
01-Feb-21,Exports: Lao Peo Dem Rep,3.5
01-Feb-21,Exports: Latvia,5.4
01-Feb-21,Exports: Lebanon,2.9
01-Feb-21,Exports: Liberia,324.6
01-Feb-21,Exports: Libyan Arab Jamahiriya,1.2
01-Feb-21,Exports: Lithuania,1.9
01-Feb-21,Exports: Luxembourg,9.2
01-Feb-21,Exports: Macau SAR (China),14.7
01-Feb-21,Exports: Madagascar,0.6
01-Feb-21,Exports: Malaysia,3904.9
01-Feb-21,Exports: Maldives Rep of,15.4
01-Feb-21,Exports: Malta,127.3
01-Feb-21,Exports: Marshall Islands,407.9
01-Feb-21,Exports: Mauritius,4.5
01-Feb-21,Exports: Mexico,111
01-Feb-21,Exports: Mongolian Peo Rep,11.9
01-Feb-21,Exports: Morocco,15.5
01-Feb-21,Exports: Mozambique,19.6
01-Feb-21,Exports: Myanmar,219.5
01-Feb-21,Exports: Nepal,16.8
01-Feb-21,Exports: Netherlands Antilles,0.1
01-Feb-21,Exports: Netherlands,861
01-Feb-21,Exports: New Caledonia,24.8
01-Feb-21,Exports: New Zealand,261.9
01-Feb-21,Exports: Nigeria,41.6
01-Feb-21,Exports: Northern Mariana Islands,0.2
01-Feb-21,Exports: Norway,46.3
01-Feb-21,Exports: Oman,17.3
01-Feb-21,Exports: Other Countries of Africa,17.9
01-Feb-21,Exports: Other Countries of America,9.9
01-Feb-21,Exports: Other Countries of Asia,8.5
01-Feb-21,Exports: Other Countries of Europe,23.6
01-Feb-21,Exports: Other Countries of Oceania,9.8
01-Feb-21,Exports: Pakistan,80.1
01-Feb-21,Exports: Panama,372
01-Feb-21,Exports: Papua New Guinea,37.4
01-Feb-21,Exports: Paraguay,0.5
01-Feb-21,Exports: Peru,5.4
01-Feb-21,Exports: Philippines,1001.9
01-Feb-21,Exports: Poland,37.7
01-Feb-21,Exports: Portugal,34.9
01-Feb-21,Exports: Puerto Rico,174.2
01-Feb-21,Exports: Qatar,73.8
01-Feb-21,Exports: Reunion,0.6
01-Feb-21,Exports: Romania,5.2
01-Feb-21,Exports: Russia,33.8
01-Feb-21,Exports: Saint Vincent and the Grenadines,0.1
01-Feb-21,Exports: Samoa,9.7
01-Feb-21,Exports: Saudi Arabia,121.5
01-Feb-21,Exports: Seychelles,1.1
01-Feb-21,Exports: Slovak Republic,23.1
01-Feb-21,Exports: Slovenia,2.1
01-Feb-21,Exports: Solomon Islands,4.7
01-Feb-21,Exports: South Africa,36.4
01-Feb-21,Exports: South Korea,1831.9
01-Feb-21,Exports: Spain,62.4
01-Feb-21,Exports: Sri Lanka,85.5
01-Feb-21,Exports: Sudan,0.7
01-Feb-21,Exports: Sweden,14.2
01-Feb-21,Exports: Switzerland,291.6
01-Feb-21,Exports: Syrian Arab Rep,0
01-Feb-21,Exports: Taiwan,2207.8
01-Feb-21,Exports: Tanzania,6.4
01-Feb-21,Exports: Thailand,1410.1
01-Feb-21,Exports: Trinidad & Tobago,1
01-Feb-21,Exports: Tunisia,1.9
01-Feb-21,Exports: Turkey,58
01-Feb-21,Exports: USA,3789.9
01-Feb-21,Exports: Ukraine,1.5
01-Feb-21,Exports: United Arab Emirates,529.7
01-Feb-21,Exports: United Kingdom,304.6
01-Feb-21,Exports: Uruguay,0.5
01-Feb-21,Exports: Vanuatu,1.8
01-Feb-21,Exports: Venezuela,0
01-Feb-21,Exports: Vietnam,1402.8
01-Feb-21,Exports: Yemen,1
01-Feb-21,Exports: Zambia,0.4
01-Feb-21,Exports: Zimbabwe,0.4
01-Mar-21,Exports: Afghanistan,3.7
01-Mar-21,Exports: Algeria,7.8
01-Mar-21,Exports: Angola,9.1
01-Mar-21,Exports: Antigua and Barbuda,10.6
01-Mar-21,Exports: Argentina,27.1
01-Mar-21,Exports: Australia,1420.2
01-Mar-21,Exports: Austria,50.4
01-Mar-21,Exports: Bahamas,104.2
01-Mar-21,Exports: Bahrain,10.7
01-Mar-21,Exports: Bangladesh,428.4
01-Mar-21,Exports: Belarus,0.2
01-Mar-21,Exports: Belgium,1094.5
01-Mar-21,Exports: Benin,0.2
01-Mar-21,Exports: Bermuda,7
01-Mar-21,Exports: Brazil,153
01-Mar-21,Exports: Brunei,89.9
01-Mar-21,Exports: Bulgaria,4.8
01-Mar-21,Exports: Cambodia,1555.1
01-Mar-21,Exports: Cameroon,1.1
01-Mar-21,Exports: Canada,81.6
01-Mar-21,Exports: Chile,12
01-Mar-21,Exports: China,7270.1
01-Mar-21,Exports: Christmas Islands,0
01-Mar-21,Exports: Colombia,12.9
01-Mar-21,Exports: Comoros,0.1
01-Mar-21,Exports: Costa Rica,7.3
01-Mar-21,Exports: Cote D'ivoire,1.4
01-Mar-21,Exports: Croatia,2.7
01-Mar-21,Exports: Cuba,0
01-Mar-21,Exports: Cyprus,40
01-Mar-21,"Exports: Czech, Republic",82.9
01-Mar-21,Exports: Denmark,24.8
01-Mar-21,Exports: Djibouti,7.4
01-Mar-21,Exports: Dominican Rep,219.7
01-Mar-21,Exports: Ecuador,4.7
01-Mar-21,Exports: Egypt,33
01-Mar-21,Exports: El Salvador,0.5
01-Mar-21,Exports: Estonia,0.7
01-Mar-21,Exports: Eswatini,0
01-Mar-21,Exports: Ethiopia,1.7
01-Mar-21,Exports: Fiji,31.5
01-Mar-21,Exports: Finland,8.9
01-Mar-21,Exports: France,434
01-Mar-21,Exports: French Polynesia,2.2
01-Mar-21,Exports: Gabon,2.5
01-Mar-21,Exports: Germany,875
01-Mar-21,Exports: Ghana,7.3
01-Mar-21,Exports: Greece,93.6
01-Mar-21,Exports: Guam,41.1
01-Mar-21,Exports: Guatemala,2.1
01-Mar-21,Exports: Guinea,0.8
01-Mar-21,Exports: Guyana,1.4
01-Mar-21,Exports: Honduras,0.3
01-Mar-21,Exports: Hong Kong SAR (China),7470.9
01-Mar-21,Exports: Hungary,51.3
01-Mar-21,Exports: India,1658.6
01-Mar-21,Exports: Indonesia,3542.6
01-Mar-21,Exports: Iran,0.5
01-Mar-21,Exports: Ireland,32
01-Mar-21,Exports: Israel,110
01-Mar-21,Exports: Italy,89.2
01-Mar-21,Exports: Jamaica,0.9
01-Mar-21,Exports: Japan,2045.4
01-Mar-21,Exports: Jordan,5.6
01-Mar-21,Exports: Kazakhstan,1.5
01-Mar-21,Exports: Kenya,10.4
01-Mar-21,Exports: Kuwait,20.1
01-Mar-21,Exports: Lao Peo Dem Rep,5.5
01-Mar-21,Exports: Latvia,6.3
01-Mar-21,Exports: Lebanon,1.7
01-Mar-21,Exports: Liberia,358.6
01-Mar-21,Exports: Libyan Arab Jamahiriya,2.1
01-Mar-21,Exports: Lithuania,2.4
01-Mar-21,Exports: Luxembourg,11.5
01-Mar-21,Exports: Macau SAR (China),23.6
01-Mar-21,Exports: Madagascar,6.4
01-Mar-21,Exports: Malaysia,5549.3
01-Mar-21,Exports: Maldives Rep of,32.7
01-Mar-21,Exports: Malta,172.8
01-Mar-21,Exports: Marshall Islands,347.3
01-Mar-21,Exports: Mauritius,4.3
01-Mar-21,Exports: Mexico,165.5
01-Mar-21,Exports: Mongolian Peo Rep,15.6
01-Mar-21,Exports: Morocco,15.9
01-Mar-21,Exports: Mozambique,3.7
01-Mar-21,Exports: Myanmar,312.9
01-Mar-21,Exports: Nepal,20.3
01-Mar-21,Exports: Netherlands Antilles,0.2
01-Mar-21,Exports: Netherlands,1220
01-Mar-21,Exports: New Caledonia,14.6
01-Mar-21,Exports: New Zealand,333.5
01-Mar-21,Exports: Nigeria,61
01-Mar-21,Exports: Northern Mariana Islands,0.3
01-Mar-21,Exports: Norway,51.3
01-Mar-21,Exports: Oman,25.2
01-Mar-21,Exports: Other Countries of Africa,29.9
01-Mar-21,Exports: Other Countries of America,20.4
01-Mar-21,Exports: Other Countries of Asia,14
01-Mar-21,Exports: Other Countries of Europe,27.9
01-Mar-21,Exports: Other Countries of Oceania,11
01-Mar-21,Exports: Pakistan,94.4
01-Mar-21,Exports: Panama,629.4
01-Mar-21,Exports: Papua New Guinea,67.3
01-Mar-21,Exports: Paraguay,0.4
01-Mar-21,Exports: Peru,8.3
01-Mar-21,Exports: Philippines,1066
01-Mar-21,Exports: Poland,54.9
01-Mar-21,Exports: Portugal,44.3
01-Mar-21,Exports: Puerto Rico,53.1
01-Mar-21,Exports: Qatar,116.7
01-Mar-21,Exports: Reunion,1.1
01-Mar-21,Exports: Romania,5.3
01-Mar-21,Exports: Russia,50.7
01-Mar-21,Exports: Saint Vincent and the Grenadines,0.1
01-Mar-21,Exports: Samoa,0.2
01-Mar-21,Exports: Saudi Arabia,82.9
01-Mar-21,Exports: Seychelles,2.6
01-Mar-21,Exports: Slovak Republic,7.6
01-Mar-21,Exports: Slovenia,5
01-Mar-21,Exports: Solomon Islands,10.2
01-Mar-21,Exports: South Africa,51.5
01-Mar-21,Exports: South Korea,2385.8
01-Mar-21,Exports: Spain,27.5
01-Mar-21,Exports: Sri Lanka,105.1
01-Mar-21,Exports: Sudan,1
01-Mar-21,Exports: Sweden,17
01-Mar-21,Exports: Switzerland,552.2
01-Mar-21,Exports: Syrian Arab Rep,0
01-Mar-21,Exports: Taiwan,2661.7
01-Mar-21,Exports: Tanzania,6.1
01-Mar-21,Exports: Thailand,1841
01-Mar-21,Exports: Trinidad & Tobago,2
01-Mar-21,Exports: Tunisia,3.6
01-Mar-21,Exports: Turkey,86.8
01-Mar-21,Exports: USA,4526.5
01-Mar-21,Exports: Ukraine,3.2
01-Mar-21,Exports: United Arab Emirates,529.3
01-Mar-21,Exports: United Kingdom,372.1
01-Mar-21,Exports: Uruguay,1.9
01-Mar-21,Exports: Vanuatu,5.8
01-Mar-21,Exports: Venezuela,0
01-Mar-21,Exports: Vietnam,1758.1
01-Mar-21,Exports: Yemen,1.7
01-Mar-21,Exports: Zambia,0.2
01-Mar-21,Exports: Zimbabwe,0.1
01-Apr-21,Exports: Afghanistan,1.2
01-Apr-21,Exports: Algeria,15.6
01-Apr-21,Exports: Angola,6.9
01-Apr-21,Exports: Antigua and Barbuda,8
01-Apr-21,Exports: Argentina,9.8
01-Apr-21,Exports: Australia,1229.5
01-Apr-21,Exports: Austria,37.5
01-Apr-21,Exports: Bahamas,69.5
01-Apr-21,Exports: Bahrain,7.6
01-Apr-21,Exports: Bangladesh,295.7
01-Apr-21,Exports: Belarus,0.2
01-Apr-21,Exports: Belgium,590.7
01-Apr-21,Exports: Benin,0.6
01-Apr-21,Exports: Bermuda,4.5
01-Apr-21,Exports: Brazil,183
01-Apr-21,Exports: Brunei,118.7
01-Apr-21,Exports: Bulgaria,3.5
01-Apr-21,Exports: Cambodia,625.4
01-Apr-21,Exports: Cameroon,1.6
01-Apr-21,Exports: Canada,73.6
01-Apr-21,Exports: Chile,8.8
01-Apr-21,Exports: China,7838.8
01-Apr-21,Exports: Christmas Islands,0
01-Apr-21,Exports: Colombia,9.6
01-Apr-21,Exports: Comoros,0.1
01-Apr-21,Exports: Costa Rica,14.2
01-Apr-21,Exports: Cote D'ivoire,2.5
01-Apr-21,Exports: Croatia,3.8
01-Apr-21,Exports: Cuba,0
01-Apr-21,Exports: Cyprus,51.9
01-Apr-21,"Exports: Czech, Republic",63.5
01-Apr-21,Exports: Denmark,22.3
01-Apr-21,Exports: Djibouti,2
01-Apr-21,Exports: Dominican Rep,1.9
01-Apr-21,Exports: Ecuador,4
01-Apr-21,Exports: Egypt,22.3
01-Apr-21,Exports: El Salvador,0.7
01-Apr-21,Exports: Estonia,3
01-Apr-21,Exports: Eswatini,0
01-Apr-21,Exports: Ethiopia,3.1
01-Apr-21,Exports: Fiji,24.2
01-Apr-21,Exports: Finland,20.1
01-Apr-21,Exports: France,398.3
01-Apr-21,Exports: French Polynesia,1.3
01-Apr-21,Exports: Gabon,6.2
01-Apr-21,Exports: Germany,771.5
01-Apr-21,Exports: Ghana,4.8
01-Apr-21,Exports: Greece,127.1
01-Apr-21,Exports: Guam,55.6
01-Apr-21,Exports: Guatemala,1.4
01-Apr-21,Exports: Guinea,1.1
01-Apr-21,Exports: Guyana,3
01-Apr-21,Exports: Honduras,0.9
01-Apr-21,Exports: Hong Kong SAR (China),6289.3
01-Apr-21,Exports: Hungary,75.4
01-Apr-21,Exports: India,1497.6
01-Apr-21,Exports: Indonesia,3191.1
01-Apr-21,Exports: Iran,0.6
01-Apr-21,Exports: Ireland,35.6
01-Apr-21,Exports: Israel,79.4
01-Apr-21,Exports: Italy,111.1
01-Apr-21,Exports: Jamaica,0.9
01-Apr-21,Exports: Japan,1965.3
01-Apr-21,Exports: Jordan,8.8
01-Apr-21,Exports: Kazakhstan,1.3
01-Apr-21,Exports: Kenya,10.4
01-Apr-21,Exports: Kuwait,42.3
01-Apr-21,Exports: Lao Peo Dem Rep,2.8
01-Apr-21,Exports: Latvia,4.2
01-Apr-21,Exports: Lebanon,2.6
01-Apr-21,Exports: Liberia,367.6
01-Apr-21,Exports: Libyan Arab Jamahiriya,1.6
01-Apr-21,Exports: Lithuania,2.8
01-Apr-21,Exports: Luxembourg,23.4
01-Apr-21,Exports: Macau SAR (China),13.3
01-Apr-21,Exports: Madagascar,0.8
01-Apr-21,Exports: Malaysia,4941.8
01-Apr-21,Exports: Maldives Rep of,16.6
01-Apr-21,Exports: Malta,159.2
01-Apr-21,Exports: Marshall Islands,397.6
01-Apr-21,Exports: Mauritius,5.1
01-Apr-21,Exports: Mexico,159.7
01-Apr-21,Exports: Mongolian Peo Rep,15.8
01-Apr-21,Exports: Morocco,15.6
01-Apr-21,Exports: Mozambique,1.5
01-Apr-21,Exports: Myanmar,264.4
01-Apr-21,Exports: Nepal,25.8
01-Apr-21,Exports: Netherlands Antilles,0
01-Apr-21,Exports: Netherlands,1074.5
01-Apr-21,Exports: New Caledonia,27.7
01-Apr-21,Exports: New Zealand,194.2
01-Apr-21,Exports: Nigeria,213
01-Apr-21,Exports: Northern Mariana Islands,0.1
01-Apr-21,Exports: Norway,51.4
01-Apr-21,Exports: Oman,14
01-Apr-21,Exports: Other Countries of Africa,14.5
01-Apr-21,Exports: Other Countries of America,22
01-Apr-21,Exports: Other Countries of Asia,10.5
01-Apr-21,Exports: Other Countries of Europe,31.3
01-Apr-21,Exports: Other Countries of Oceania,14.8
01-Apr-21,Exports: Pakistan,142.5
01-Apr-21,Exports: Panama,469
01-Apr-21,Exports: Papua New Guinea,60
01-Apr-21,Exports: Paraguay,1.7
01-Apr-21,Exports: Peru,4.8
01-Apr-21,Exports: Philippines,1009.1
01-Apr-21,Exports: Poland,46.9
01-Apr-21,Exports: Portugal,45.4
01-Apr-21,Exports: Puerto Rico,204.6
01-Apr-21,Exports: Qatar,91.6
01-Apr-21,Exports: Reunion,1
01-Apr-21,Exports: Romania,5.3
01-Apr-21,Exports: Russia,54.4
01-Apr-21,Exports: Saint Vincent and the Grenadines,1.9
01-Apr-21,Exports: Samoa,6.7
01-Apr-21,Exports: Saudi Arabia,72.1
01-Apr-21,Exports: Seychelles,1.1
01-Apr-21,Exports: Slovak Republic,17.1
01-Apr-21,Exports: Slovenia,8.7
01-Apr-21,Exports: Solomon Islands,4.9
01-Apr-21,Exports: South Africa,52.8
01-Apr-21,Exports: South Korea,2431.3
01-Apr-21,Exports: Spain,29.9
01-Apr-21,Exports: Sri Lanka,197.7
01-Apr-21,Exports: Sudan,0.2
01-Apr-21,Exports: Sweden,20.3
01-Apr-21,Exports: Switzerland,332.1
01-Apr-21,Exports: Syrian Arab Rep,0.8
01-Apr-21,Exports: Taiwan,2431.1
01-Apr-21,Exports: Tanzania,5.5
01-Apr-21,Exports: Thailand,1691.1
01-Apr-21,Exports: Trinidad & Tobago,1.1
01-Apr-21,Exports: Tunisia,4.7
01-Apr-21,Exports: Turkey,152.1
01-Apr-21,Exports: USA,4298
01-Apr-21,Exports: Ukraine,3.9
01-Apr-21,Exports: United Arab Emirates,418.9
01-Apr-21,Exports: United Kingdom,336.2
01-Apr-21,Exports: Uruguay,0.7
01-Apr-21,Exports: Vanuatu,1.3
01-Apr-21,Exports: Venezuela,0.9
01-Apr-21,Exports: Vietnam,1771
01-Apr-21,Exports: Yemen,1.7
01-Apr-21,Exports: Zambia,0.3
01-Apr-21,Exports: Zimbabwe,0.3
01-May-21,Exports: Afghanistan,1.6
01-May-21,Exports: Algeria,2.1
01-May-21,Exports: Angola,4.3
01-May-21,Exports: Antigua and Barbuda,8.1
01-May-21,Exports: Argentina,12.9
01-May-21,Exports: Australia,1387.9
01-May-21,Exports: Austria,25
01-May-21,Exports: Bahamas,88.4
01-May-21,Exports: Bahrain,4.8
01-May-21,Exports: Bangladesh,356.1
01-May-21,Exports: Belarus,0
01-May-21,Exports: Belgium,773.5
01-May-21,Exports: Benin,0.5
01-May-21,Exports: Bermuda,7.1
01-May-21,Exports: Brazil,166.8
01-May-21,Exports: Brunei,80.7
01-May-21,Exports: Bulgaria,2.9
01-May-21,Exports: Cambodia,337.8
01-May-21,Exports: Cameroon,1.1
01-May-21,Exports: Canada,56.8
01-May-21,Exports: Chile,9.3
01-May-21,Exports: China,6720
01-May-21,Exports: Christmas Islands,0
01-May-21,Exports: Colombia,8.7
01-May-21,Exports: Comoros,0
01-May-21,Exports: Costa Rica,4.2
01-May-21,Exports: Cote D'ivoire,2.7
01-May-21,Exports: Croatia,0.7
01-May-21,Exports: Cuba,0.3
01-May-21,Exports: Cyprus,46.2
01-May-21,"Exports: Czech, Republic",57.5
01-May-21,Exports: Denmark,15.8
01-May-21,Exports: Djibouti,0.2
01-May-21,Exports: Dominican Rep,1.9
01-May-21,Exports: Ecuador,5
01-May-21,Exports: Egypt,24.2
01-May-21,Exports: El Salvador,0.8
01-May-21,Exports: Estonia,3.1
01-May-21,Exports: Eswatini,0
01-May-21,Exports: Ethiopia,4
01-May-21,Exports: Fiji,22.8
01-May-21,Exports: Finland,8.5
01-May-21,Exports: France,346.3
01-May-21,Exports: French Polynesia,1.3
01-May-21,Exports: Gabon,3.6
01-May-21,Exports: Germany,709
01-May-21,Exports: Ghana,7.8
01-May-21,Exports: Greece,82.6
01-May-21,Exports: Guam,57.8
01-May-21,Exports: Guatemala,0.8
01-May-21,Exports: Guinea,0.5
01-May-21,Exports: Guyana,0.8
01-May-21,Exports: Honduras,1.2
01-May-21,Exports: Hong Kong SAR (China),7161.9
01-May-21,Exports: Hungary,46.2
01-May-21,Exports: India,1054.9
01-May-21,Exports: Indonesia,2808.5
01-May-21,Exports: Iran,1.7
01-May-21,Exports: Ireland,108.4
01-May-21,Exports: Israel,65.2
01-May-21,Exports: Italy,101.4
01-May-21,Exports: Jamaica,0.8
01-May-21,Exports: Japan,1855.4
01-May-21,Exports: Jordan,3.1
01-May-21,Exports: Kazakhstan,2
01-May-21,Exports: Kenya,6.5
01-May-21,Exports: Kuwait,12.2
01-May-21,Exports: Lao Peo Dem Rep,2.7
01-May-21,Exports: Latvia,4.9
01-May-21,Exports: Lebanon,1.5
01-May-21,Exports: Liberia,363.1
01-May-21,Exports: Libyan Arab Jamahiriya,0.8
01-May-21,Exports: Lithuania,1.4
01-May-21,Exports: Luxembourg,17.8
01-May-21,Exports: Macau SAR (China),22.9
01-May-21,Exports: Madagascar,1.1
01-May-21,Exports: Malaysia,4271.3
01-May-21,Exports: Maldives Rep of,19.2
01-May-21,Exports: Malta,161.5
01-May-21,Exports: Marshall Islands,377.5
01-May-21,Exports: Mauritius,4.1
01-May-21,Exports: Mexico,144.8
01-May-21,Exports: Mongolian Peo Rep,17
01-May-21,Exports: Morocco,14.5
01-May-21,Exports: Mozambique,43.1
01-May-21,Exports: Myanmar,241.4
01-May-21,Exports: Nepal,10.6
01-May-21,Exports: Netherlands Antilles,0
01-May-21,Exports: Netherlands,1248.8
01-May-21,Exports: New Caledonia,27.7
01-May-21,Exports: New Zealand,197.8
01-May-21,Exports: Nigeria,15.4
01-May-21,Exports: Northern Mariana Islands,0.1
01-May-21,Exports: Norway,48.8
01-May-21,Exports: Oman,14.8
01-May-21,Exports: Other Countries of Africa,57.9
01-May-21,Exports: Other Countries of America,10.7
01-May-21,Exports: Other Countries of Asia,15.1
01-May-21,Exports: Other Countries of Europe,26.2
01-May-21,Exports: Other Countries of Oceania,12.6
01-May-21,Exports: Pakistan,132.4
01-May-21,Exports: Panama,475.5
01-May-21,Exports: Papua New Guinea,38.5
01-May-21,Exports: Paraguay,0.4
01-May-21,Exports: Peru,6.5
01-May-21,Exports: Philippines,908.9
01-May-21,Exports: Poland,49
01-May-21,Exports: Portugal,44.2
01-May-21,Exports: Puerto Rico,174.4
01-May-21,Exports: Qatar,67.3
01-May-21,Exports: Reunion,1.6
01-May-21,Exports: Romania,7.6
01-May-21,Exports: Russia,35.1
01-May-21,Exports: Saint Vincent and the Grenadines,2.6
01-May-21,Exports: Samoa,0.2
01-May-21,Exports: Saudi Arabia,72.9
01-May-21,Exports: Seychelles,1.6
01-May-21,Exports: Slovak Republic,7.7
01-May-21,Exports: Slovenia,4.7
01-May-21,Exports: Solomon Islands,4.8
01-May-21,Exports: South Africa,35
01-May-21,Exports: South Korea,1945.1
01-May-21,Exports: Spain,30.8
01-May-21,Exports: Sri Lanka,93.6
01-May-21,Exports: Sudan,0.2
01-May-21,Exports: Sweden,16.7
01-May-21,Exports: Switzerland,156.6
01-May-21,Exports: Syrian Arab Rep,0.3
01-May-21,Exports: Taiwan,2356
01-May-21,Exports: Tanzania,8.6
01-May-21,Exports: Thailand,1660.8
01-May-21,Exports: Trinidad & Tobago,0.9
01-May-21,Exports: Tunisia,2.8
01-May-21,Exports: Turkey,79.3
01-May-21,Exports: USA,4520.7
01-May-21,Exports: Ukraine,2
01-May-21,Exports: United Arab Emirates,353.3
01-May-21,Exports: United Kingdom,364.8
01-May-21,Exports: Uruguay,0.9
01-May-21,Exports: Vanuatu,4.5
01-May-21,Exports: Venezuela,0.1
01-May-21,Exports: Vietnam,1582
01-May-21,Exports: Yemen,0.9
01-May-21,Exports: Zambia,1.3
01-May-21,Exports: Zimbabwe,0.5
01-Jun-21,Exports: Afghanistan,2
01-Jun-21,Exports: Algeria,3.7
01-Jun-21,Exports: Angola,5.3
01-Jun-21,Exports: Antigua and Barbuda,9.5
01-Jun-21,Exports: Argentina,14.7
01-Jun-21,Exports: Australia,1676.1
01-Jun-21,Exports: Austria,34.7
01-Jun-21,Exports: Bahamas,91.8
01-Jun-21,Exports: Bahrain,15.4
01-Jun-21,Exports: Bangladesh,429.3
01-Jun-21,Exports: Belarus,0.2
01-Jun-21,Exports: Belgium,585.8
01-Jun-21,Exports: Benin,0.1
01-Jun-21,Exports: Bermuda,1.3
01-Jun-21,Exports: Brazil,148.8
01-Jun-21,Exports: Brunei,100.1
01-Jun-21,Exports: Bulgaria,3
01-Jun-21,Exports: Cambodia,619.3
01-Jun-21,Exports: Cameroon,1.2
01-Jun-21,Exports: Canada,64.9
01-Jun-21,Exports: Chile,9.4
01-Jun-21,Exports: China,7300.5
01-Jun-21,Exports: Christmas Islands,0
01-Jun-21,Exports: Colombia,11
01-Jun-21,Exports: Comoros,0
01-Jun-21,Exports: Costa Rica,11.8
01-Jun-21,Exports: Cote D'ivoire,1.6
01-Jun-21,Exports: Croatia,2.4
01-Jun-21,Exports: Cuba,0.2
01-Jun-21,Exports: Cyprus,49.2
01-Jun-21,"Exports: Czech, Republic",54.5
01-Jun-21,Exports: Denmark,27.8
01-Jun-21,Exports: Djibouti,4.3
01-Jun-21,Exports: Dominican Rep,1
01-Jun-21,Exports: Ecuador,4.8
01-Jun-21,Exports: Egypt,38.5
01-Jun-21,Exports: El Salvador,0.6
01-Jun-21,Exports: Estonia,1.6
01-Jun-21,Exports: Eswatini,0
01-Jun-21,Exports: Ethiopia,5.7
01-Jun-21,Exports: Fiji,20.5
01-Jun-21,Exports: Finland,9.6
01-Jun-21,Exports: France,356.3
01-Jun-21,Exports: French Polynesia,1.5
01-Jun-21,Exports: Gabon,1.1
01-Jun-21,Exports: Germany,916.2
01-Jun-21,Exports: Ghana,6.7
01-Jun-21,Exports: Greece,89.7
01-Jun-21,Exports: Guam,74.2
01-Jun-21,Exports: Guatemala,1.7
01-Jun-21,Exports: Guinea,1.2
01-Jun-21,Exports: Guyana,1.5
01-Jun-21,Exports: Honduras,0.4
01-Jun-21,Exports: Hong Kong SAR (China),6598.2
01-Jun-21,Exports: Hungary,55.9
01-Jun-21,Exports: India,1116.3
01-Jun-21,Exports: Indonesia,3581.4
01-Jun-21,Exports: Iran,2.3
01-Jun-21,Exports: Ireland,268.6
01-Jun-21,Exports: Israel,120.1
01-Jun-21,Exports: Italy,110.3
01-Jun-21,Exports: Jamaica,0.7
01-Jun-21,Exports: Japan,1919.7
01-Jun-21,Exports: Jordan,7.6
01-Jun-21,Exports: Kazakhstan,1.3
01-Jun-21,Exports: Kenya,7
01-Jun-21,Exports: Kuwait,15.1
01-Jun-21,Exports: Lao Peo Dem Rep,8.1
01-Jun-21,Exports: Latvia,7.1
01-Jun-21,Exports: Lebanon,1.8
01-Jun-21,Exports: Liberia,356.9
01-Jun-21,Exports: Libyan Arab Jamahiriya,1.5
01-Jun-21,Exports: Lithuania,1.6
01-Jun-21,Exports: Luxembourg,6.3
01-Jun-21,Exports: Macau SAR (China),19.7
01-Jun-21,Exports: Madagascar,1.1
01-Jun-21,Exports: Malaysia,3811
01-Jun-21,Exports: Maldives Rep of,22.1
01-Jun-21,Exports: Malta,131.1
01-Jun-21,Exports: Marshall Islands,387.2
01-Jun-21,Exports: Mauritius,42.5
01-Jun-21,Exports: Mexico,160.1
01-Jun-21,Exports: Mongolian Peo Rep,10.9
01-Jun-21,Exports: Morocco,14.9
01-Jun-21,Exports: Mozambique,1.3
01-Jun-21,Exports: Myanmar,363.2
01-Jun-21,Exports: Nepal,11.6
01-Jun-21,Exports: Netherlands Antilles,0.5
01-Jun-21,Exports: Netherlands,1033.6
01-Jun-21,Exports: New Caledonia,7.7
01-Jun-21,Exports: New Zealand,236
01-Jun-21,Exports: Nigeria,36.4
01-Jun-21,Exports: Northern Mariana Islands,1.1
01-Jun-21,Exports: Norway,32.8
01-Jun-21,Exports: Oman,31.4
01-Jun-21,Exports: Other Countries of Africa,20.3
01-Jun-21,Exports: Other Countries of America,17.3
01-Jun-21,Exports: Other Countries of Asia,26
01-Jun-21,Exports: Other Countries of Europe,29.3
01-Jun-21,Exports: Other Countries of Oceania,11.8
01-Jun-21,Exports: Pakistan,112.6
01-Jun-21,Exports: Panama,434
01-Jun-21,Exports: Papua New Guinea,70.9
01-Jun-21,Exports: Paraguay,0.4
01-Jun-21,Exports: Peru,7.3
01-Jun-21,Exports: Philippines,981.1
01-Jun-21,Exports: Poland,43.9
01-Jun-21,Exports: Portugal,46.5
01-Jun-21,Exports: Puerto Rico,202
01-Jun-21,Exports: Qatar,91.3
01-Jun-21,Exports: Reunion,1.1
01-Jun-21,Exports: Romania,8.6
01-Jun-21,Exports: Russia,55.4
01-Jun-21,Exports: Saint Vincent and the Grenadines,0.5
01-Jun-21,Exports: Samoa,3.9
01-Jun-21,Exports: Saudi Arabia,95.4
01-Jun-21,Exports: Seychelles,2.7
01-Jun-21,Exports: Slovak Republic,23
01-Jun-21,Exports: Slovenia,1.7
01-Jun-21,Exports: Solomon Islands,6.3
01-Jun-21,Exports: South Africa,59.6
01-Jun-21,Exports: South Korea,2429.5
01-Jun-21,Exports: Spain,32.9
01-Jun-21,Exports: Sri Lanka,82.3
01-Jun-21,Exports: Sudan,0.1
01-Jun-21,Exports: Sweden,14.9
01-Jun-21,Exports: Switzerland,366.4
01-Jun-21,Exports: Syrian Arab Rep,0
01-Jun-21,Exports: Taiwan,2374.9
01-Jun-21,Exports: Tanzania,5.7
01-Jun-21,Exports: Thailand,1782.4
01-Jun-21,Exports: Trinidad & Tobago,0.6
01-Jun-21,Exports: Tunisia,5.2
01-Jun-21,Exports: Turkey,74.2
01-Jun-21,Exports: USA,4191.5
01-Jun-21,Exports: Ukraine,1.9
01-Jun-21,Exports: United Arab Emirates,431.5
01-Jun-21,Exports: United Kingdom,355.1
01-Jun-21,Exports: Uruguay,1
01-Jun-21,Exports: Vanuatu,2.1
01-Jun-21,Exports: Venezuela,0.1
01-Jun-21,Exports: Vietnam,1741.8
01-Jun-21,Exports: Yemen,1.1
01-Jun-21,Exports: Zambia,0.3
01-Jun-21,Exports: Zimbabwe,0.6
01-Jul-21,Exports: Afghanistan,0.7
01-Jul-21,Exports: Algeria,3.3
01-Jul-21,Exports: Angola,8.6
01-Jul-21,Exports: Antigua and Barbuda,6.3
01-Jul-21,Exports: Argentina,15.4
01-Jul-21,Exports: Australia,1444.3
01-Jul-21,Exports: Austria,25.7
01-Jul-21,Exports: Bahamas,91.8
01-Jul-21,Exports: Bahrain,14.6
01-Jul-21,Exports: Bangladesh,347.4
01-Jul-21,Exports: Belarus,0.1
01-Jul-21,Exports: Belgium,760.9
01-Jul-21,Exports: Benin,0.6
01-Jul-21,Exports: Bermuda,4.4
01-Jul-21,Exports: Brazil,172.4
01-Jul-21,Exports: Brunei,68.7
01-Jul-21,Exports: Bulgaria,2.5
01-Jul-21,Exports: Cambodia,423
01-Jul-21,Exports: Cameroon,2.1
01-Jul-21,Exports: Canada,70.5
01-Jul-21,Exports: Chile,8.3
01-Jul-21,Exports: China,7991.9
01-Jul-21,Exports: Christmas Islands,0.1
01-Jul-21,Exports: Colombia,9.6
01-Jul-21,Exports: Comoros,0.2
01-Jul-21,Exports: Costa Rica,25.1
01-Jul-21,Exports: Cote D'ivoire,1.8
01-Jul-21,Exports: Croatia,9.2
01-Jul-21,Exports: Cuba,0
01-Jul-21,Exports: Cyprus,45.8
01-Jul-21,"Exports: Czech, Republic",80.1
01-Jul-21,Exports: Denmark,179.5
01-Jul-21,Exports: Djibouti,2.5
01-Jul-21,Exports: Dominican Rep,2.4
01-Jul-21,Exports: Ecuador,8.5
01-Jul-21,Exports: Egypt,18.6
01-Jul-21,Exports: El Salvador,0.7
01-Jul-21,Exports: Estonia,1.2
01-Jul-21,Exports: Eswatini,0
01-Jul-21,Exports: Ethiopia,2.6
01-Jul-21,Exports: Fiji,22.3
01-Jul-21,Exports: Finland,16.9
01-Jul-21,Exports: France,411.9
01-Jul-21,Exports: French Polynesia,20.7
01-Jul-21,Exports: Gabon,3
01-Jul-21,Exports: Germany,754.1
01-Jul-21,Exports: Ghana,4.2
01-Jul-21,Exports: Greece,93.2
01-Jul-21,Exports: Guam,33.3
01-Jul-21,Exports: Guatemala,1.3
01-Jul-21,Exports: Guinea,11.6
01-Jul-21,Exports: Guyana,5.3
01-Jul-21,Exports: Honduras,0.3
01-Jul-21,Exports: Hong Kong SAR (China),6494.7
01-Jul-21,Exports: Hungary,45.7
01-Jul-21,Exports: India,1274.7
01-Jul-21,Exports: Indonesia,2919.4
01-Jul-21,Exports: Iran,1.8
01-Jul-21,Exports: Ireland,25.8
01-Jul-21,Exports: Israel,77.4
01-Jul-21,Exports: Italy,110.5
01-Jul-21,Exports: Jamaica,2.1
01-Jul-21,Exports: Japan,2207.9
01-Jul-21,Exports: Jordan,9.1
01-Jul-21,Exports: Kazakhstan,1.1
01-Jul-21,Exports: Kenya,8.5
01-Jul-21,Exports: Kuwait,9.5
01-Jul-21,Exports: Lao Peo Dem Rep,3.1
01-Jul-21,Exports: Latvia,5.3
01-Jul-21,Exports: Lebanon,1.5
01-Jul-21,Exports: Liberia,389.3
01-Jul-21,Exports: Libyan Arab Jamahiriya,3
01-Jul-21,Exports: Lithuania,2.4
01-Jul-21,Exports: Luxembourg,8.9
01-Jul-21,Exports: Macau SAR (China),24
01-Jul-21,Exports: Madagascar,1
01-Jul-21,Exports: Malaysia,4044.9
01-Jul-21,Exports: Maldives Rep of,19.3
01-Jul-21,Exports: Malta,150.9
01-Jul-21,Exports: Marshall Islands,406.3
01-Jul-21,Exports: Mauritius,3
01-Jul-21,Exports: Mexico,209.9
01-Jul-21,Exports: Mongolian Peo Rep,16.6
01-Jul-21,Exports: Morocco,16.2
01-Jul-21,Exports: Mozambique,2.1
01-Jul-21,Exports: Myanmar,346.8
01-Jul-21,Exports: Nepal,17.6
01-Jul-21,Exports: Netherlands Antilles,1.9
01-Jul-21,Exports: Netherlands,1008.2
01-Jul-21,Exports: New Caledonia,17.9
01-Jul-21,Exports: New Zealand,340.7
01-Jul-21,Exports: Nigeria,13.2
01-Jul-21,Exports: Northern Mariana Islands,2
01-Jul-21,Exports: Norway,45.2
01-Jul-21,Exports: Oman,11.3
01-Jul-21,Exports: Other Countries of Africa,22.2
01-Jul-21,Exports: Other Countries of America,18.8
01-Jul-21,Exports: Other Countries of Asia,23.6
01-Jul-21,Exports: Other Countries of Europe,29.2
01-Jul-21,Exports: Other Countries of Oceania,12.8
01-Jul-21,Exports: Pakistan,134.2
01-Jul-21,Exports: Panama,534.3
01-Jul-21,Exports: Papua New Guinea,34.6
01-Jul-21,Exports: Paraguay,0.7
01-Jul-21,Exports: Peru,8.9
01-Jul-21,Exports: Philippines,965.2
01-Jul-21,Exports: Poland,45.1
01-Jul-21,Exports: Portugal,47.1
01-Jul-21,Exports: Puerto Rico,153.9
01-Jul-21,Exports: Qatar,72.6
01-Jul-21,Exports: Reunion,1.1
01-Jul-21,Exports: Romania,7
01-Jul-21,Exports: Russia,52.6
01-Jul-21,Exports: Saint Vincent and the Grenadines,1
01-Jul-21,Exports: Samoa,0.1
01-Jul-21,Exports: Saudi Arabia,76.2
01-Jul-21,Exports: Seychelles,1.5
01-Jul-21,Exports: Slovak Republic,8.6
01-Jul-21,Exports: Slovenia,3.4
01-Jul-21,Exports: Solomon Islands,3.6
01-Jul-21,Exports: South Africa,64.1
01-Jul-21,Exports: South Korea,2203.5
01-Jul-21,Exports: Spain,45.2
01-Jul-21,Exports: Sri Lanka,77.3
01-Jul-21,Exports: Sudan,0.5
01-Jul-21,Exports: Sweden,11.9
01-Jul-21,Exports: Switzerland,724.8
01-Jul-21,Exports: Syrian Arab Rep,0.2
01-Jul-21,Exports: Taiwan,2677.1
01-Jul-21,Exports: Tanzania,9.5
01-Jul-21,Exports: Thailand,1710.3
01-Jul-21,Exports: Trinidad & Tobago,0.6
01-Jul-21,Exports: Tunisia,4.6
01-Jul-21,Exports: Turkey,81.4
01-Jul-21,Exports: USA,3923.6
01-Jul-21,Exports: Ukraine,3.4
01-Jul-21,Exports: United Arab Emirates,345.7
01-Jul-21,Exports: United Kingdom,498.2
01-Jul-21,Exports: Uruguay,1.7
01-Jul-21,Exports: Vanuatu,2.2
01-Jul-21,Exports: Venezuela,0.2
01-Jul-21,Exports: Vietnam,1648.7
01-Jul-21,Exports: Yemen,0.6
01-Jul-21,Exports: Zambia,0.7
01-Jul-21,Exports: Zimbabwe,0
01-Aug-21,Exports: Afghanistan,0.4
01-Aug-21,Exports: Algeria,2.5
01-Aug-21,Exports: Angola,6.9
01-Aug-21,Exports: Antigua and Barbuda,4.6
01-Aug-21,Exports: Argentina,30.8
01-Aug-21,Exports: Australia,1659.4
01-Aug-21,Exports: Austria,51
01-Aug-21,Exports: Bahamas,100.9
01-Aug-21,Exports: Bahrain,78.1
01-Aug-21,Exports: Bangladesh,357.4
01-Aug-21,Exports: Belarus,0.1
01-Aug-21,Exports: Belgium,334.7
01-Aug-21,Exports: Benin,0.4
01-Aug-21,Exports: Bermuda,11.2
01-Aug-21,Exports: Brazil,222.8
01-Aug-21,Exports: Brunei,74.4
01-Aug-21,Exports: Bulgaria,5
01-Aug-21,Exports: Cambodia,238.7
01-Aug-21,Exports: Cameroon,1.8
01-Aug-21,Exports: Canada,65
01-Aug-21,Exports: Chile,7.4
01-Aug-21,Exports: China,8135
01-Aug-21,Exports: Christmas Islands,0
01-Aug-21,Exports: Colombia,14.8
01-Aug-21,Exports: Comoros,0.5
01-Aug-21,Exports: Costa Rica,20.8
01-Aug-21,Exports: Cote D'ivoire,3.4
01-Aug-21,Exports: Croatia,3.1
01-Aug-21,Exports: Cuba,0
01-Aug-21,Exports: Cyprus,54.5
01-Aug-21,"Exports: Czech, Republic",54.8
01-Aug-21,Exports: Denmark,27.1
01-Aug-21,Exports: Djibouti,2.3
01-Aug-21,Exports: Dominican Rep,1.1
01-Aug-21,Exports: Ecuador,4.7
01-Aug-21,Exports: Egypt,38.5
01-Aug-21,Exports: El Salvador,7.1
01-Aug-21,Exports: Estonia,4.8
01-Aug-21,Exports: Eswatini,0
01-Aug-21,Exports: Ethiopia,2
01-Aug-21,Exports: Fiji,31.3
01-Aug-21,Exports: Finland,15.9
01-Aug-21,Exports: France,310
01-Aug-21,Exports: French Polynesia,2.6
01-Aug-21,Exports: Gabon,2.8
01-Aug-21,Exports: Germany,798.1
01-Aug-21,Exports: Ghana,9.3
01-Aug-21,Exports: Greece,92.5
01-Aug-21,Exports: Guam,45
01-Aug-21,Exports: Guatemala,27.4
01-Aug-21,Exports: Guinea,0.8
01-Aug-21,Exports: Guyana,6.8
01-Aug-21,Exports: Honduras,0.4
01-Aug-21,Exports: Hong Kong SAR (China),7169.8
01-Aug-21,Exports: Hungary,62.5
01-Aug-21,Exports: India,1376.7
01-Aug-21,Exports: Indonesia,3084.5
01-Aug-21,Exports: Iran,1.6
01-Aug-21,Exports: Ireland,26.7
01-Aug-21,Exports: Israel,115.1
01-Aug-21,Exports: Italy,76.8
01-Aug-21,Exports: Jamaica,1.4
01-Aug-21,Exports: Japan,2156.6
01-Aug-21,Exports: Jordan,4.2
01-Aug-21,Exports: Kazakhstan,1.8
01-Aug-21,Exports: Kenya,12.5
01-Aug-21,Exports: Kuwait,16.2
01-Aug-21,Exports: Lao Peo Dem Rep,3.7
01-Aug-21,Exports: Latvia,3.8
01-Aug-21,Exports: Lebanon,1.7
01-Aug-21,Exports: Liberia,368.8
01-Aug-21,Exports: Libyan Arab Jamahiriya,1.2
01-Aug-21,Exports: Lithuania,74.9
01-Aug-21,Exports: Luxembourg,20.7
01-Aug-21,Exports: Macau SAR (China),42
01-Aug-21,Exports: Madagascar,1.1
01-Aug-21,Exports: Malaysia,4623.5
01-Aug-21,Exports: Maldives Rep of,22.8
01-Aug-21,Exports: Malta,183.9
01-Aug-21,Exports: Marshall Islands,396
01-Aug-21,Exports: Mauritius,13.2
01-Aug-21,Exports: Mexico,233.4
01-Aug-21,Exports: Mongolian Peo Rep,11.5
01-Aug-21,Exports: Morocco,21.4
01-Aug-21,Exports: Mozambique,1.2
01-Aug-21,Exports: Myanmar,188.7
01-Aug-21,Exports: Nepal,30.3
01-Aug-21,Exports: Netherlands Antilles,0.3
01-Aug-21,Exports: Netherlands,1127
01-Aug-21,Exports: New Caledonia,42.6
01-Aug-21,Exports: New Zealand,256.2
01-Aug-21,Exports: Nigeria,14.8
01-Aug-21,Exports: Northern Mariana Islands,0.2
01-Aug-21,Exports: Norway,52.4
01-Aug-21,Exports: Oman,11.6
01-Aug-21,Exports: Other Countries of Africa,11.5
01-Aug-21,Exports: Other Countries of America,23.2
01-Aug-21,Exports: Other Countries of Asia,23.7
01-Aug-21,Exports: Other Countries of Europe,27
01-Aug-21,Exports: Other Countries of Oceania,11.6
01-Aug-21,Exports: Pakistan,188.1
01-Aug-21,Exports: Panama,451.6
01-Aug-21,Exports: Papua New Guinea,67
01-Aug-21,Exports: Paraguay,0.4
01-Aug-21,Exports: Peru,11.2
01-Aug-21,Exports: Philippines,1005.8
01-Aug-21,Exports: Poland,49.2
01-Aug-21,Exports: Portugal,61.3
01-Aug-21,Exports: Puerto Rico,61.7
01-Aug-21,Exports: Qatar,72.1
01-Aug-21,Exports: Reunion,1.2
01-Aug-21,Exports: Romania,9.4
01-Aug-21,Exports: Russia,37.8
01-Aug-21,Exports: Saint Vincent and the Grenadines,0.6
01-Aug-21,Exports: Samoa,14.1
01-Aug-21,Exports: Saudi Arabia,185.7
01-Aug-21,Exports: Seychelles,1.7
01-Aug-21,Exports: Slovak Republic,16
01-Aug-21,Exports: Slovenia,1.8
01-Aug-21,Exports: Solomon Islands,8
01-Aug-21,Exports: South Africa,37.1
01-Aug-21,Exports: South Korea,2213.4
01-Aug-21,Exports: Spain,148.6
01-Aug-21,Exports: Sri Lanka,161
01-Aug-21,Exports: Sudan,0.8
01-Aug-21,Exports: Sweden,16.9
01-Aug-21,Exports: Switzerland,319.6
01-Aug-21,Exports: Syrian Arab Rep,0.5
01-Aug-21,Exports: Taiwan,2978.9
01-Aug-21,Exports: Tanzania,8.3
01-Aug-21,Exports: Thailand,1907.1
01-Aug-21,Exports: Trinidad & Tobago,0.6
01-Aug-21,Exports: Tunisia,1.6
01-Aug-21,Exports: Turkey,77
01-Aug-21,Exports: USA,4240.8
01-Aug-21,Exports: Ukraine,1.9
01-Aug-21,Exports: United Arab Emirates,367.6
01-Aug-21,Exports: United Kingdom,628.3
01-Aug-21,Exports: Uruguay,0.9
01-Aug-21,Exports: Vanuatu,5.3
01-Aug-21,Exports: Venezuela,0
01-Aug-21,Exports: Vietnam,1742.4
01-Aug-21,Exports: Yemen,1.5
01-Aug-21,Exports: Zambia,0.1
01-Aug-21,Exports: Zimbabwe,0.2
01-Sep-21,Exports: Afghanistan,0.3
01-Sep-21,Exports: Algeria,3.1
01-Sep-21,Exports: Angola,6.6
01-Sep-21,Exports: Antigua and Barbuda,8.6
01-Sep-21,Exports: Argentina,14.1
01-Sep-21,Exports: Australia,1587.4
01-Sep-21,Exports: Austria,36
01-Sep-21,Exports: Bahamas,101.3
01-Sep-21,Exports: Bahrain,7.8
01-Sep-21,Exports: Bangladesh,538.9
01-Sep-21,Exports: Belarus,0.1
01-Sep-21,Exports: Belgium,450.2
01-Sep-21,Exports: Benin,0.1
01-Sep-21,Exports: Bermuda,2.2
01-Sep-21,Exports: Brazil,237.4
01-Sep-21,Exports: Brunei,99.6
01-Sep-21,Exports: Bulgaria,4.5
01-Sep-21,Exports: Cambodia,363.1
01-Sep-21,Exports: Cameroon,1.6
01-Sep-21,Exports: Canada,102.2
01-Sep-21,Exports: Chile,8.6
01-Sep-21,Exports: China,8785.1
01-Sep-21,Exports: Christmas Islands,0
01-Sep-21,Exports: Colombia,8.4
01-Sep-21,Exports: Comoros,0.5
01-Sep-21,Exports: Costa Rica,19.1
01-Sep-21,Exports: Cote D'ivoire,2.1
01-Sep-21,Exports: Croatia,2.3
01-Sep-21,Exports: Cuba,0
01-Sep-21,Exports: Cyprus,46.1
01-Sep-21,"Exports: Czech, Republic",61.7
01-Sep-21,Exports: Denmark,30.3
01-Sep-21,Exports: Djibouti,1.3
01-Sep-21,Exports: Dominican Rep,0.8
01-Sep-21,Exports: Ecuador,4.7
01-Sep-21,Exports: Egypt,29.2
01-Sep-21,Exports: El Salvador,14.2
01-Sep-21,Exports: Estonia,2.4
01-Sep-21,Exports: Eswatini,0
01-Sep-21,Exports: Ethiopia,3.2
01-Sep-21,Exports: Fiji,30.1
01-Sep-21,Exports: Finland,15.5
01-Sep-21,Exports: France,391.5
01-Sep-21,Exports: French Polynesia,7.2
01-Sep-21,Exports: Gabon,2.1
01-Sep-21,Exports: Germany,800.2
01-Sep-21,Exports: Ghana,6.2
01-Sep-21,Exports: Greece,104.4
01-Sep-21,Exports: Guam,75.3
01-Sep-21,Exports: Guatemala,23.9
01-Sep-21,Exports: Guinea,1.1
01-Sep-21,Exports: Guyana,4.6
01-Sep-21,Exports: Honduras,0.2
01-Sep-21,Exports: Hong Kong SAR (China),7015
01-Sep-21,Exports: Hungary,62.8
01-Sep-21,Exports: India,1610.2
01-Sep-21,Exports: Indonesia,2962.9
01-Sep-21,Exports: Iran,1.9
01-Sep-21,Exports: Ireland,32.2
01-Sep-21,Exports: Israel,86.3
01-Sep-21,Exports: Italy,92.9
01-Sep-21,Exports: Jamaica,0.8
01-Sep-21,Exports: Japan,2144.3
01-Sep-21,Exports: Jordan,5.3
01-Sep-21,Exports: Kazakhstan,2.3
01-Sep-21,Exports: Kenya,10.1
01-Sep-21,Exports: Kuwait,21.6
01-Sep-21,Exports: Lao Peo Dem Rep,3.2
01-Sep-21,Exports: Latvia,1.7
01-Sep-21,Exports: Lebanon,1.6
01-Sep-21,Exports: Liberia,360.9
01-Sep-21,Exports: Libyan Arab Jamahiriya,2
01-Sep-21,Exports: Lithuania,1.8
01-Sep-21,Exports: Luxembourg,10.6
01-Sep-21,Exports: Macau SAR (China),29.6
01-Sep-21,Exports: Madagascar,0.7
01-Sep-21,Exports: Malaysia,4852.1
01-Sep-21,Exports: Maldives Rep of,20.2
01-Sep-21,Exports: Malta,143.9
01-Sep-21,Exports: Marshall Islands,405.4
01-Sep-21,Exports: Mauritius,4.6
01-Sep-21,Exports: Mexico,218.6
01-Sep-21,Exports: Mongolian Peo Rep,10.5
01-Sep-21,Exports: Morocco,20.8
01-Sep-21,Exports: Mozambique,2.8
01-Sep-21,Exports: Myanmar,218.1
01-Sep-21,Exports: Nepal,18.9
01-Sep-21,Exports: Netherlands Antilles,1.4
01-Sep-21,Exports: Netherlands,1129.7
01-Sep-21,Exports: New Caledonia,44.4
01-Sep-21,Exports: New Zealand,220
01-Sep-21,Exports: Nigeria,15.3
01-Sep-21,Exports: Northern Mariana Islands,0.8
01-Sep-21,Exports: Norway,38.7
01-Sep-21,Exports: Oman,50.6
01-Sep-21,Exports: Other Countries of Africa,45.7
01-Sep-21,Exports: Other Countries of America,16.9
01-Sep-21,Exports: Other Countries of Asia,11.2
01-Sep-21,Exports: Other Countries of Europe,35.4
01-Sep-21,Exports: Other Countries of Oceania,10.5
01-Sep-21,Exports: Pakistan,144.5
01-Sep-21,Exports: Panama,454.9
01-Sep-21,Exports: Papua New Guinea,65.6
01-Sep-21,Exports: Paraguay,0.1
01-Sep-21,Exports: Peru,8.3
01-Sep-21,Exports: Philippines,903.6
01-Sep-21,Exports: Poland,51.4
01-Sep-21,Exports: Portugal,50.2
01-Sep-21,Exports: Puerto Rico,66.4
01-Sep-21,Exports: Qatar,85.1
01-Sep-21,Exports: Reunion,0.7
01-Sep-21,Exports: Romania,11.1
01-Sep-21,Exports: Russia,46
01-Sep-21,Exports: Saint Vincent and the Grenadines,0.7
01-Sep-21,Exports: Samoa,0.2
01-Sep-21,Exports: Saudi Arabia,159.6
01-Sep-21,Exports: Seychelles,2.9
01-Sep-21,Exports: Slovak Republic,22.5
01-Sep-21,Exports: Slovenia,3.8
01-Sep-21,Exports: Solomon Islands,8.1
01-Sep-21,Exports: South Africa,43.2
01-Sep-21,Exports: South Korea,2086.6
01-Sep-21,Exports: Spain,29.3
01-Sep-21,Exports: Sri Lanka,157.5
01-Sep-21,Exports: Sudan,1.3
01-Sep-21,Exports: Sweden,13.2
01-Sep-21,Exports: Switzerland,243.3
01-Sep-21,Exports: Syrian Arab Rep,0.1
01-Sep-21,Exports: Taiwan,2484.4
01-Sep-21,Exports: Tanzania,20.7
01-Sep-21,Exports: Thailand,1727.7
01-Sep-21,Exports: Trinidad & Tobago,0.7
01-Sep-21,Exports: Tunisia,3.6
01-Sep-21,Exports: Turkey,118.2
01-Sep-21,Exports: USA,4361.4
01-Sep-21,Exports: Ukraine,1.7
01-Sep-21,Exports: United Arab Emirates,487.9
01-Sep-21,Exports: United Kingdom,383.6
01-Sep-21,Exports: Uruguay,1.7
01-Sep-21,Exports: Vanuatu,7.1
01-Sep-21,Exports: Venezuela,1.2
01-Sep-21,Exports: Vietnam,1715.7
01-Sep-21,Exports: Yemen,1.1
01-Sep-21,Exports: Zambia,0.1
01-Sep-21,Exports: Zimbabwe,0.1
01-Oct-21,Exports: Afghanistan,0.2
01-Oct-21,Exports: Algeria,1.1
01-Oct-21,Exports: Angola,5.5
01-Oct-21,Exports: Antigua and Barbuda,6.4
01-Oct-21,Exports: Argentina,19.2
01-Oct-21,Exports: Australia,1510.3
01-Oct-21,Exports: Austria,36.8
01-Oct-21,Exports: Bahamas,88.4
01-Oct-21,Exports: Bahrain,9.8
01-Oct-21,Exports: Bangladesh,598.9
01-Oct-21,Exports: Belarus,0
01-Oct-21,Exports: Belgium,823.2
01-Oct-21,Exports: Benin,0.7
01-Oct-21,Exports: Bermuda,11.7
01-Oct-21,Exports: Brazil,189.9
01-Oct-21,Exports: Brunei,69.8
01-Oct-21,Exports: Bulgaria,3.7
01-Oct-21,Exports: Cambodia,721.9
01-Oct-21,Exports: Cameroon,2.4
01-Oct-21,Exports: Canada,162.6
01-Oct-21,Exports: Chile,9.5
01-Oct-21,Exports: China,8461.5
01-Oct-21,Exports: Christmas Islands,0
01-Oct-21,Exports: Colombia,10
01-Oct-21,Exports: Comoros,0
01-Oct-21,Exports: Costa Rica,9.8
01-Oct-21,Exports: Cote D'ivoire,4.9
01-Oct-21,Exports: Croatia,3.1
01-Oct-21,Exports: Cuba,0
01-Oct-21,Exports: Cyprus,55.9
01-Oct-21,"Exports: Czech, Republic",50.1
01-Oct-21,Exports: Denmark,22.5
01-Oct-21,Exports: Djibouti,0.8
01-Oct-21,Exports: Dominican Rep,3.4
01-Oct-21,Exports: Ecuador,7.3
01-Oct-21,Exports: Egypt,35.5
01-Oct-21,Exports: El Salvador,0.7
01-Oct-21,Exports: Estonia,2.2
01-Oct-21,Exports: Eswatini,0.1
01-Oct-21,Exports: Ethiopia,2.4
01-Oct-21,Exports: Fiji,40.4
01-Oct-21,Exports: Finland,47.6
01-Oct-21,Exports: France,445.2
01-Oct-21,Exports: French Polynesia,21.8
01-Oct-21,Exports: Gabon,6.7
01-Oct-21,Exports: Germany,915.5
01-Oct-21,Exports: Ghana,7.1
01-Oct-21,Exports: Greece,91
01-Oct-21,Exports: Guam,14.3
01-Oct-21,Exports: Guatemala,1.1
01-Oct-21,Exports: Guinea,0.9
01-Oct-21,Exports: Guyana,3.9
01-Oct-21,Exports: Honduras,0.2
01-Oct-21,Exports: Hong Kong SAR (China),6395.5
01-Oct-21,Exports: Hungary,66
01-Oct-21,Exports: India,1541.3
01-Oct-21,Exports: Indonesia,3160.4
01-Oct-21,Exports: Iran,1.4
01-Oct-21,Exports: Ireland,34.5
01-Oct-21,Exports: Israel,84.7
01-Oct-21,Exports: Italy,105.4
01-Oct-21,Exports: Jamaica,0.7
01-Oct-21,Exports: Japan,2144.3
01-Oct-21,Exports: Jordan,7.6
01-Oct-21,Exports: Kazakhstan,1.2
01-Oct-21,Exports: Kenya,14
01-Oct-21,Exports: Kuwait,13.8
01-Oct-21,Exports: Lao Peo Dem Rep,4.4
01-Oct-21,Exports: Latvia,2.5
01-Oct-21,Exports: Lebanon,1.3
01-Oct-21,Exports: Liberia,408.8
01-Oct-21,Exports: Libyan Arab Jamahiriya,1.8
01-Oct-21,Exports: Lithuania,1.3
01-Oct-21,Exports: Luxembourg,4.8
01-Oct-21,Exports: Macau SAR (China),17.3
01-Oct-21,Exports: Madagascar,1.8
01-Oct-21,Exports: Malaysia,5198.4
01-Oct-21,Exports: Maldives Rep of,21
01-Oct-21,Exports: Malta,165.8
01-Oct-21,Exports: Marshall Islands,397.7
01-Oct-21,Exports: Mauritius,6.2
01-Oct-21,Exports: Mexico,208.6
01-Oct-21,Exports: Mongolian Peo Rep,12.9
01-Oct-21,Exports: Morocco,20.2
01-Oct-21,Exports: Mozambique,26.3
01-Oct-21,Exports: Myanmar,257.5
01-Oct-21,Exports: Nepal,15.8
01-Oct-21,Exports: Netherlands Antilles,9.6
01-Oct-21,Exports: Netherlands,1162.5
01-Oct-21,Exports: New Caledonia,60.7
01-Oct-21,Exports: New Zealand,286.2
01-Oct-21,Exports: Nigeria,67.7
01-Oct-21,Exports: Northern Mariana Islands,0.5
01-Oct-21,Exports: Norway,58.3
01-Oct-21,Exports: Oman,71.1
01-Oct-21,Exports: Other Countries of Africa,51.5
01-Oct-21,Exports: Other Countries of America,17.2
01-Oct-21,Exports: Other Countries of Asia,19.7
01-Oct-21,Exports: Other Countries of Europe,33.3
01-Oct-21,Exports: Other Countries of Oceania,17.7
01-Oct-21,Exports: Pakistan,347.1
01-Oct-21,Exports: Panama,422.6
01-Oct-21,Exports: Papua New Guinea,68.2
01-Oct-21,Exports: Paraguay,0.7
01-Oct-21,Exports: Peru,7.4
01-Oct-21,Exports: Philippines,980.6
01-Oct-21,Exports: Poland,50.5
01-Oct-21,Exports: Portugal,59
01-Oct-21,Exports: Puerto Rico,58.9
01-Oct-21,Exports: Qatar,104.4
01-Oct-21,Exports: Reunion,12.2
01-Oct-21,Exports: Romania,17.4
01-Oct-21,Exports: Russia,52.5
01-Oct-21,Exports: Saint Vincent and the Grenadines,0
01-Oct-21,Exports: Samoa,4.3
01-Oct-21,Exports: Saudi Arabia,88.3
01-Oct-21,Exports: Seychelles,2.1
01-Oct-21,Exports: Slovak Republic,25.7
01-Oct-21,Exports: Slovenia,2.1
01-Oct-21,Exports: Solomon Islands,10.6
01-Oct-21,Exports: South Africa,55.9
01-Oct-21,Exports: South Korea,2267.9
01-Oct-21,Exports: Spain,48.6
01-Oct-21,Exports: Sri Lanka,194.7
01-Oct-21,Exports: Sudan,0.8
01-Oct-21,Exports: Sweden,18.2
01-Oct-21,Exports: Switzerland,479.7
01-Oct-21,Exports: Syrian Arab Rep,0.6
01-Oct-21,Exports: Taiwan,2737.2
01-Oct-21,Exports: Tanzania,8.9
01-Oct-21,Exports: Thailand,1629.9
01-Oct-21,Exports: Trinidad & Tobago,0.3
01-Oct-21,Exports: Tunisia,1.4
01-Oct-21,Exports: Turkey,102.1
01-Oct-21,Exports: USA,4434
01-Oct-21,Exports: Ukraine,4.1
01-Oct-21,Exports: United Arab Emirates,490.2
01-Oct-21,Exports: United Kingdom,380.7
01-Oct-21,Exports: Uruguay,0.7
01-Oct-21,Exports: Vanuatu,2.2
01-Oct-21,Exports: Venezuela,0
01-Oct-21,Exports: Vietnam,1704.4
01-Oct-21,Exports: Yemen,0.7
01-Oct-21,Exports: Zambia,0.3
01-Oct-21,Exports: Zimbabwe,0.1
01-Nov-21,Exports: Afghanistan,0.3
01-Nov-21,Exports: Algeria,4.2
01-Nov-21,Exports: Angola,4.9
01-Nov-21,Exports: Antigua and Barbuda,8.3
01-Nov-21,Exports: Argentina,14.5
01-Nov-21,Exports: Australia,1824.8
01-Nov-21,Exports: Austria,32.1
01-Nov-21,Exports: Bahamas,99.5
01-Nov-21,Exports: Bahrain,6.2
01-Nov-21,Exports: Bangladesh,446.2
01-Nov-21,Exports: Belarus,0.1
01-Nov-21,Exports: Belgium,464
01-Nov-21,Exports: Benin,0.5
01-Nov-21,Exports: Bermuda,6.3
01-Nov-21,Exports: Brazil,208.2
01-Nov-21,Exports: Brunei,68.7
01-Nov-21,Exports: Bulgaria,5.1
01-Nov-21,Exports: Cambodia,732.8
01-Nov-21,Exports: Cameroon,1.7
01-Nov-21,Exports: Canada,100.9
01-Nov-21,Exports: Chile,8
01-Nov-21,Exports: China,8281.3
01-Nov-21,Exports: Christmas Islands,0
01-Nov-21,Exports: Colombia,10.3
01-Nov-21,Exports: Comoros,0.6
01-Nov-21,Exports: Costa Rica,10.3
01-Nov-21,Exports: Cote D'ivoire,3
01-Nov-21,Exports: Croatia,3.1
01-Nov-21,Exports: Cuba,0
01-Nov-21,Exports: Cyprus,61.7
01-Nov-21,"Exports: Czech, Republic",99.7
01-Nov-21,Exports: Denmark,24.5
01-Nov-21,Exports: Djibouti,4.7
01-Nov-21,Exports: Dominican Rep,3.7
01-Nov-21,Exports: Ecuador,40
01-Nov-21,Exports: Egypt,24.4
01-Nov-21,Exports: El Salvador,1.9
01-Nov-21,Exports: Estonia,3.1
01-Nov-21,Exports: Eswatini,0
01-Nov-21,Exports: Ethiopia,2.9
01-Nov-21,Exports: Fiji,39.7
01-Nov-21,Exports: Finland,36.1
01-Nov-21,Exports: France,417.4
01-Nov-21,Exports: French Polynesia,2.3
01-Nov-21,Exports: Gabon,1.8
01-Nov-21,Exports: Germany,777.8
01-Nov-21,Exports: Ghana,32.8
01-Nov-21,Exports: Greece,162.9
01-Nov-21,Exports: Guam,88.2
01-Nov-21,Exports: Guatemala,1.1
01-Nov-21,Exports: Guinea,0.9
01-Nov-21,Exports: Guyana,4.7
01-Nov-21,Exports: Honduras,0.7
01-Nov-21,Exports: Hong Kong SAR (China),7276.5
01-Nov-21,Exports: Hungary,81.2
01-Nov-21,Exports: India,1616.1
01-Nov-21,Exports: Indonesia,3928.4
01-Nov-21,Exports: Iran,1.4
01-Nov-21,Exports: Ireland,55.7
01-Nov-21,Exports: Israel,113.8
01-Nov-21,Exports: Italy,94.1
01-Nov-21,Exports: Jamaica,1.4
01-Nov-21,Exports: Japan,2207.1
01-Nov-21,Exports: Jordan,6.1
01-Nov-21,Exports: Kazakhstan,2
01-Nov-21,Exports: Kenya,103.8
01-Nov-21,Exports: Kuwait,38.9
01-Nov-21,Exports: Lao Peo Dem Rep,8.4
01-Nov-21,Exports: Latvia,4.5
01-Nov-21,Exports: Lebanon,1.6
01-Nov-21,Exports: Liberia,464.6
01-Nov-21,Exports: Libyan Arab Jamahiriya,1.4
01-Nov-21,Exports: Lithuania,2.1
01-Nov-21,Exports: Luxembourg,12
01-Nov-21,Exports: Macau SAR (China),33.3
01-Nov-21,Exports: Madagascar,1.5
01-Nov-21,Exports: Malaysia,5553.6
01-Nov-21,Exports: Maldives Rep of,20.7
01-Nov-21,Exports: Malta,193.5
01-Nov-21,Exports: Marshall Islands,472.8
01-Nov-21,Exports: Mauritius,7.7
01-Nov-21,Exports: Mexico,191.2
01-Nov-21,Exports: Mongolian Peo Rep,16.6
01-Nov-21,Exports: Morocco,23.7
01-Nov-21,Exports: Mozambique,1.5
01-Nov-21,Exports: Myanmar,304.3
01-Nov-21,Exports: Nepal,23.8
01-Nov-21,Exports: Netherlands Antilles,0.4
01-Nov-21,Exports: Netherlands,1192.5
01-Nov-21,Exports: New Caledonia,26.3
01-Nov-21,Exports: New Zealand,201.7
01-Nov-21,Exports: Nigeria,38.2
01-Nov-21,Exports: Northern Mariana Islands,2.1
01-Nov-21,Exports: Norway,54.4
01-Nov-21,Exports: Oman,14.9
01-Nov-21,Exports: Other Countries of Africa,56.8
01-Nov-21,Exports: Other Countries of America,20
01-Nov-21,Exports: Other Countries of Asia,9.3
01-Nov-21,Exports: Other Countries of Europe,41.7
01-Nov-21,Exports: Other Countries of Oceania,7.5
01-Nov-21,Exports: Pakistan,134.1
01-Nov-21,Exports: Panama,670.1
01-Nov-21,Exports: Papua New Guinea,73.3
01-Nov-21,Exports: Paraguay,1
01-Nov-21,Exports: Peru,12.6
01-Nov-21,Exports: Philippines,1329.2
01-Nov-21,Exports: Poland,56.2
01-Nov-21,Exports: Portugal,67.9
01-Nov-21,Exports: Puerto Rico,71.7
01-Nov-21,Exports: Qatar,84.6
01-Nov-21,Exports: Reunion,19.1
01-Nov-21,Exports: Romania,11.1
01-Nov-21,Exports: Russia,43.3
01-Nov-21,Exports: Saint Vincent and the Grenadines,2.6
01-Nov-21,Exports: Samoa,0.1
01-Nov-21,Exports: Saudi Arabia,88.8
01-Nov-21,Exports: Seychelles,8.8
01-Nov-21,Exports: Slovak Republic,17.8
01-Nov-21,Exports: Slovenia,37.3
01-Nov-21,Exports: Solomon Islands,5.4
01-Nov-21,Exports: South Africa,31.2
01-Nov-21,Exports: South Korea,2260.6
01-Nov-21,Exports: Spain,42.3
01-Nov-21,Exports: Sri Lanka,193.6
01-Nov-21,Exports: Sudan,0
01-Nov-21,Exports: Sweden,17.5
01-Nov-21,Exports: Switzerland,347.7
01-Nov-21,Exports: Syrian Arab Rep,0.3
01-Nov-21,Exports: Taiwan,3012.2
01-Nov-21,Exports: Tanzania,8.2
01-Nov-21,Exports: Thailand,1714.9
01-Nov-21,Exports: Trinidad & Tobago,0.9
01-Nov-21,Exports: Tunisia,3.6
01-Nov-21,Exports: Turkey,122.9
01-Nov-21,Exports: USA,4604.7
01-Nov-21,Exports: Ukraine,2.6
01-Nov-21,Exports: United Arab Emirates,572.5
01-Nov-21,Exports: United Kingdom,385.5
01-Nov-21,Exports: Uruguay,1.6
01-Nov-21,Exports: Vanuatu,2.4
01-Nov-21,Exports: Venezuela,0.9
01-Nov-21,Exports: Vietnam,1928.3
01-Nov-21,Exports: Yemen,0.6
01-Nov-21,Exports: Zambia,1
01-Nov-21,Exports: Zimbabwe,0.1
01-Dec-21,Exports: Afghanistan,0.5
01-Dec-21,Exports: Algeria,3.8
01-Dec-21,Exports: Angola,9.4
01-Dec-21,Exports: Antigua and Barbuda,10.4
01-Dec-21,Exports: Argentina,20.2
01-Dec-21,Exports: Australia,1759.2
01-Dec-21,Exports: Austria,33.7
01-Dec-21,Exports: Bahamas,103.6
01-Dec-21,Exports: Bahrain,44.3
01-Dec-21,Exports: Bangladesh,386.5
01-Dec-21,Exports: Belarus,0.2
01-Dec-21,Exports: Belgium,457.9
01-Dec-21,Exports: Benin,0.6
01-Dec-21,Exports: Bermuda,5.2
01-Dec-21,Exports: Brazil,213.1
01-Dec-21,Exports: Brunei,86.8
01-Dec-21,Exports: Bulgaria,4.2
01-Dec-21,Exports: Cambodia,1260.4
01-Dec-21,Exports: Cameroon,3.9
01-Dec-21,Exports: Canada,121.1
01-Dec-21,Exports: Chile,11.4
01-Dec-21,Exports: China,9215.9
01-Dec-21,Exports: Christmas Islands,0
01-Dec-21,Exports: Colombia,17.8
01-Dec-21,Exports: Comoros,1.9
01-Dec-21,Exports: Costa Rica,14.2
01-Dec-21,Exports: Cote D'ivoire,1.2
01-Dec-21,Exports: Croatia,10.4
01-Dec-21,Exports: Cuba,0
01-Dec-21,Exports: Cyprus,55.6
01-Dec-21,"Exports: Czech, Republic",63.8
01-Dec-21,Exports: Denmark,28.4
01-Dec-21,Exports: Djibouti,5.4
01-Dec-21,Exports: Dominican Rep,2.9
01-Dec-21,Exports: Ecuador,35.5
01-Dec-21,Exports: Egypt,36.9
01-Dec-21,Exports: El Salvador,0.8
01-Dec-21,Exports: Estonia,2.1
01-Dec-21,Exports: Eswatini,0
01-Dec-21,Exports: Ethiopia,4.4
01-Dec-21,Exports: Fiji,58.1
01-Dec-21,Exports: Finland,58.3
01-Dec-21,Exports: France,441.8
01-Dec-21,Exports: French Polynesia,9.7
01-Dec-21,Exports: Gabon,1.6
01-Dec-21,Exports: Germany,917.8
01-Dec-21,Exports: Ghana,11.2
01-Dec-21,Exports: Greece,110.9
01-Dec-21,Exports: Guam,60.2
01-Dec-21,Exports: Guatemala,1.3
01-Dec-21,Exports: Guinea,0.5
01-Dec-21,Exports: Guyana,6.3
01-Dec-21,Exports: Honduras,0.5
01-Dec-21,Exports: Hong Kong SAR (China),7654
01-Dec-21,Exports: Hungary,67
01-Dec-21,Exports: India,1617.5
01-Dec-21,Exports: Indonesia,3979.8
01-Dec-21,Exports: Iran,2.5
01-Dec-21,Exports: Ireland,22.4
01-Dec-21,Exports: Israel,130.8
01-Dec-21,Exports: Italy,117.9
01-Dec-21,Exports: Jamaica,3.8
01-Dec-21,Exports: Japan,2462
01-Dec-21,Exports: Jordan,15.1
01-Dec-21,Exports: Kazakhstan,1.2
01-Dec-21,Exports: Kenya,7.6
01-Dec-21,Exports: Kuwait,32.9
01-Dec-21,Exports: Lao Peo Dem Rep,36.5
01-Dec-21,Exports: Latvia,6.8
01-Dec-21,Exports: Lebanon,1.3
01-Dec-21,Exports: Liberia,450.3
01-Dec-21,Exports: Libyan Arab Jamahiriya,2.4
01-Dec-21,Exports: Lithuania,1.3
01-Dec-21,Exports: Luxembourg,9.6
01-Dec-21,Exports: Macau SAR (China),41.1
01-Dec-21,Exports: Madagascar,0.7
01-Dec-21,Exports: Malaysia,5235
01-Dec-21,Exports: Maldives Rep of,32.9
01-Dec-21,Exports: Malta,187.1
01-Dec-21,Exports: Marshall Islands,461.9
01-Dec-21,Exports: Mauritius,11.7
01-Dec-21,Exports: Mexico,249.2
01-Dec-21,Exports: Mongolian Peo Rep,10.7
01-Dec-21,Exports: Morocco,37.5
01-Dec-21,Exports: Mozambique,34
01-Dec-21,Exports: Myanmar,452.4
01-Dec-21,Exports: Nepal,22.3
01-Dec-21,Exports: Netherlands Antilles,2
01-Dec-21,Exports: Netherlands,1090.3
01-Dec-21,Exports: New Caledonia,21
01-Dec-21,Exports: New Zealand,259.8
01-Dec-21,Exports: Nigeria,14
01-Dec-21,Exports: Northern Mariana Islands,0.4
01-Dec-21,Exports: Norway,260.1
01-Dec-21,Exports: Oman,20.1
01-Dec-21,Exports: Other Countries of Africa,12
01-Dec-21,Exports: Other Countries of America,16.1
01-Dec-21,Exports: Other Countries of Asia,22.7
01-Dec-21,Exports: Other Countries of Europe,31.7
01-Dec-21,Exports: Other Countries of Oceania,16.3
01-Dec-21,Exports: Pakistan,113.2
01-Dec-21,Exports: Panama,507.2
01-Dec-21,Exports: Papua New Guinea,71.8
01-Dec-21,Exports: Paraguay,0.7
01-Dec-21,Exports: Peru,11.6
01-Dec-21,Exports: Philippines,1170.9
01-Dec-21,Exports: Poland,59.9
01-Dec-21,Exports: Portugal,59.5
01-Dec-21,Exports: Puerto Rico,50.8
01-Dec-21,Exports: Qatar,73.1
01-Dec-21,Exports: Reunion,12.9
01-Dec-21,Exports: Romania,18.4
01-Dec-21,Exports: Russia,146.7
01-Dec-21,Exports: Saint Vincent and the Grenadines,0.2
01-Dec-21,Exports: Samoa,11.3
01-Dec-21,Exports: Saudi Arabia,94.6
01-Dec-21,Exports: Seychelles,1.8
01-Dec-21,Exports: Slovak Republic,7.5
01-Dec-21,Exports: Slovenia,3.6
01-Dec-21,Exports: Solomon Islands,8
01-Dec-21,Exports: South Africa,38
01-Dec-21,Exports: South Korea,2447
01-Dec-21,Exports: Spain,40.3
01-Dec-21,Exports: Sri Lanka,152.8
01-Dec-21,Exports: Sudan,2.1
01-Dec-21,Exports: Sweden,13.5
01-Dec-21,Exports: Switzerland,310.3
01-Dec-21,Exports: Syrian Arab Rep,0
01-Dec-21,Exports: Taiwan,2942.4
01-Dec-21,Exports: Tanzania,8.3
01-Dec-21,Exports: Thailand,1988.8
01-Dec-21,Exports: Trinidad & Tobago,1.7
01-Dec-21,Exports: Tunisia,3.4
01-Dec-21,Exports: Turkey,132.7
01-Dec-21,Exports: USA,4684.9
01-Dec-21,Exports: Ukraine,1.8
01-Dec-21,Exports: United Arab Emirates,504.7
01-Dec-21,Exports: United Kingdom,324.3
01-Dec-21,Exports: Uruguay,1.1
01-Dec-21,Exports: Vanuatu,5.8
01-Dec-21,Exports: Venezuela,0.1
01-Dec-21,Exports: Vietnam,2274.2
01-Dec-21,Exports: Yemen,1.6
01-Dec-21,Exports: Zambia,0.2
01-Dec-21,Exports: Zimbabwe,0.3
01-Jan-22,Exports: Afghanistan,0.5
01-Jan-22,Exports: Algeria,2
01-Jan-22,Exports: Angola,5.1
01-Jan-22,Exports: Antigua and Barbuda,10.3
01-Jan-22,Exports: Argentina,21.6
01-Jan-22,Exports: Australia,1650.2
01-Jan-22,Exports: Austria,39.7
01-Jan-22,Exports: Bahamas,121.2
01-Jan-22,Exports: Bahrain,29.4
01-Jan-22,Exports: Bangladesh,406.7
01-Jan-22,Exports: Belarus,0.1
01-Jan-22,Exports: Belgium,702.9
01-Jan-22,Exports: Benin,0.8
01-Jan-22,Exports: Bermuda,14.3
01-Jan-22,Exports: Brazil,241.2
01-Jan-22,Exports: Brunei,77.7
01-Jan-22,Exports: Bulgaria,67.1
01-Jan-22,Exports: Cambodia,1295.9
01-Jan-22,Exports: Cameroon,3.6
01-Jan-22,Exports: Canada,120.3
01-Jan-22,Exports: Chile,44.2
01-Jan-22,Exports: China,7163.5
01-Jan-22,Exports: Christmas Islands,0
01-Jan-22,Exports: Colombia,12.9
01-Jan-22,Exports: Comoros,0.2
01-Jan-22,Exports: Costa Rica,24.8
01-Jan-22,Exports: Cote D'ivoire,2.1
01-Jan-22,Exports: Croatia,2.5
01-Jan-22,Exports: Cuba,0
01-Jan-22,Exports: Cyprus,34
01-Jan-22,"Exports: Czech, Republic",50
01-Jan-22,Exports: Denmark,32
01-Jan-22,Exports: Djibouti,8.7
01-Jan-22,Exports: Dominican Rep,1.2
01-Jan-22,Exports: Ecuador,6.8
01-Jan-22,Exports: Egypt,37.4
01-Jan-22,Exports: El Salvador,1.8
01-Jan-22,Exports: Estonia,5.1
01-Jan-22,Exports: Eswatini,0
01-Jan-22,Exports: Ethiopia,3.6
01-Jan-22,Exports: Fiji,43.2
01-Jan-22,Exports: Finland,61.8
01-Jan-22,Exports: France,446.2
01-Jan-22,Exports: French Polynesia,17.2
01-Jan-22,Exports: Gabon,2.1
01-Jan-22,Exports: Germany,784.7
01-Jan-22,Exports: Ghana,3.8
01-Jan-22,Exports: Greece,98.6
01-Jan-22,Exports: Guam,23
01-Jan-22,Exports: Guatemala,1
01-Jan-22,Exports: Guinea,2.1
01-Jan-22,Exports: Guyana,2.3
01-Jan-22,Exports: Honduras,0.1
01-Jan-22,Exports: Hong Kong SAR (China),6509.7
01-Jan-22,Exports: Hungary,54.8
01-Jan-22,Exports: India,1634
01-Jan-22,Exports: Indonesia,3691.8
01-Jan-22,Exports: Iran,1.1
01-Jan-22,Exports: Ireland,32.1
01-Jan-22,Exports: Israel,97.6
01-Jan-22,Exports: Italy,114.2
01-Jan-22,Exports: Jamaica,1.1
01-Jan-22,Exports: Japan,2225.7
01-Jan-22,Exports: Jordan,9.2
01-Jan-22,Exports: Kazakhstan,1.5
01-Jan-22,Exports: Kenya,8
01-Jan-22,Exports: Kuwait,37.1
01-Jan-22,Exports: Lao Peo Dem Rep,12.9
01-Jan-22,Exports: Latvia,7.3
01-Jan-22,Exports: Lebanon,2.3
01-Jan-22,Exports: Liberia,464.8
01-Jan-22,Exports: Libyan Arab Jamahiriya,1.8
01-Jan-22,Exports: Lithuania,1.4
01-Jan-22,Exports: Luxembourg,10.7
01-Jan-22,Exports: Macau SAR (China),20.6
01-Jan-22,Exports: Madagascar,1.2
01-Jan-22,Exports: Malaysia,4826.8
01-Jan-22,Exports: Maldives Rep of,28.9
01-Jan-22,Exports: Malta,160.5
01-Jan-22,Exports: Marshall Islands,499.4
01-Jan-22,Exports: Mauritius,10.7
01-Jan-22,Exports: Mexico,212.6
01-Jan-22,Exports: Mongolian Peo Rep,16.3
01-Jan-22,Exports: Morocco,27.4
01-Jan-22,Exports: Mozambique,0.8
01-Jan-22,Exports: Myanmar,325.9
01-Jan-22,Exports: Nepal,27.2
01-Jan-22,Exports: Netherlands Antilles,6.5
01-Jan-22,Exports: Netherlands,1133.2
01-Jan-22,Exports: New Caledonia,47.3
01-Jan-22,Exports: New Zealand,285.2
01-Jan-22,Exports: Nigeria,15.5
01-Jan-22,Exports: Northern Mariana Islands,0.2
01-Jan-22,Exports: Norway,55
01-Jan-22,Exports: Oman,117.7
01-Jan-22,Exports: Other Countries of Africa,12.8
01-Jan-22,Exports: Other Countries of America,17.4
01-Jan-22,Exports: Other Countries of Asia,25.6
01-Jan-22,Exports: Other Countries of Europe,35.4
01-Jan-22,Exports: Other Countries of Oceania,17.7
01-Jan-22,Exports: Pakistan,109.6
01-Jan-22,Exports: Panama,511.7
01-Jan-22,Exports: Papua New Guinea,80.8
01-Jan-22,Exports: Paraguay,1.7
01-Jan-22,Exports: Peru,8.4
01-Jan-22,Exports: Philippines,1082.8
01-Jan-22,Exports: Poland,61
01-Jan-22,Exports: Portugal,56
01-Jan-22,Exports: Puerto Rico,61.1
01-Jan-22,Exports: Qatar,56.1
01-Jan-22,Exports: Reunion,9.3
01-Jan-22,Exports: Romania,20.9
01-Jan-22,Exports: Russia,56.3
01-Jan-22,Exports: Saint Vincent and the Grenadines,1.6
01-Jan-22,Exports: Samoa,7.5
01-Jan-22,Exports: Saudi Arabia,92.5
01-Jan-22,Exports: Seychelles,1.9
01-Jan-22,Exports: Slovak Republic,7
01-Jan-22,Exports: Slovenia,36.8
01-Jan-22,Exports: Solomon Islands,6.3
01-Jan-22,Exports: South Africa,45.3
01-Jan-22,Exports: South Korea,2139.5
01-Jan-22,Exports: Spain,67.8
01-Jan-22,Exports: Sri Lanka,156.5
01-Jan-22,Exports: Sudan,0
01-Jan-22,Exports: Sweden,13.6
01-Jan-22,Exports: Switzerland,297.9
01-Jan-22,Exports: Syrian Arab Rep,0.1
01-Jan-22,Exports: Taiwan,2850
01-Jan-22,Exports: Tanzania,6.2
01-Jan-22,Exports: Thailand,2225.1
01-Jan-22,Exports: Trinidad & Tobago,0.5
01-Jan-22,Exports: Tunisia,7.4
01-Jan-22,Exports: Turkey,108.6
01-Jan-22,Exports: USA,5127.1
01-Jan-22,Exports: Ukraine,1.7
01-Jan-22,Exports: United Arab Emirates,810.5
01-Jan-22,Exports: United Kingdom,330.1
01-Jan-22,Exports: Uruguay,1.9
01-Jan-22,Exports: Vanuatu,3.4
01-Jan-22,Exports: Venezuela,0.3
01-Jan-22,Exports: Vietnam,1798.4
01-Jan-22,Exports: Yemen,0.9
01-Jan-22,Exports: Zambia,0.2
01-Jan-22,Exports: Zimbabwe,0.1
01-Feb-22,Exports: Afghanistan,0.4
01-Feb-22,Exports: Algeria,8.4
01-Feb-22,Exports: Angola,4.9
01-Feb-22,Exports: Antigua and Barbuda,8.7
01-Feb-22,Exports: Argentina,17.6
01-Feb-22,Exports: Australia,1492.6
01-Feb-22,Exports: Austria,22.7
01-Feb-22,Exports: Bahamas,97.8
01-Feb-22,Exports: Bahrain,19.7
01-Feb-22,Exports: Bangladesh,674.4
01-Feb-22,Exports: Belarus,0.1
01-Feb-22,Exports: Belgium,1007.2
01-Feb-22,Exports: Benin,0.4
01-Feb-22,Exports: Bermuda,20.4
01-Feb-22,Exports: Brazil,224.1
01-Feb-22,Exports: Brunei,95.3
01-Feb-22,Exports: Bulgaria,3.4
01-Feb-22,Exports: Cambodia,630.6
01-Feb-22,Exports: Cameroon,21.8
01-Feb-22,Exports: Canada,134.4
01-Feb-22,Exports: Chile,7.1
01-Feb-22,Exports: China,6929
01-Feb-22,Exports: Christmas Islands,0
01-Feb-22,Exports: Colombia,11.8
01-Feb-22,Exports: Comoros,0.4
01-Feb-22,Exports: Costa Rica,20.4
01-Feb-22,Exports: Cote D'ivoire,1
01-Feb-22,Exports: Croatia,4
01-Feb-22,Exports: Cuba,0
01-Feb-22,Exports: Cyprus,50.1
01-Feb-22,"Exports: Czech, Republic",55.5
01-Feb-22,Exports: Denmark,26.7
01-Feb-22,Exports: Djibouti,7.8
01-Feb-22,Exports: Dominican Rep,2.3
01-Feb-22,Exports: Ecuador,4.9
01-Feb-22,Exports: Egypt,33.2
01-Feb-22,Exports: El Salvador,0.3
01-Feb-22,Exports: Estonia,1.6
01-Feb-22,Exports: Eswatini,0
01-Feb-22,Exports: Ethiopia,3.8
01-Feb-22,Exports: Fiji,21.8
01-Feb-22,Exports: Finland,23.8
01-Feb-22,Exports: France,382.8
01-Feb-22,Exports: French Polynesia,16
01-Feb-22,Exports: Gabon,3.1
01-Feb-22,Exports: Germany,722.7
01-Feb-22,Exports: Ghana,3.9
01-Feb-22,Exports: Greece,137.8
01-Feb-22,Exports: Guam,64.1
01-Feb-22,Exports: Guatemala,2
01-Feb-22,Exports: Guinea,0.9
01-Feb-22,Exports: Guyana,4.7
01-Feb-22,Exports: Honduras,0.2
01-Feb-22,Exports: Hong Kong SAR (China),6514.8
01-Feb-22,Exports: Hungary,70.3
01-Feb-22,Exports: India,1470.3
01-Feb-22,Exports: Indonesia,3439
01-Feb-22,Exports: Iran,1.2
01-Feb-22,Exports: Ireland,19.9
01-Feb-22,Exports: Israel,82.9
01-Feb-22,Exports: Italy,99.6
01-Feb-22,Exports: Jamaica,1.1
01-Feb-22,Exports: Japan,2195.4
01-Feb-22,Exports: Jordan,6.4
01-Feb-22,Exports: Kazakhstan,1.2
01-Feb-22,Exports: Kenya,7.6
01-Feb-22,Exports: Kuwait,13.7
01-Feb-22,Exports: Lao Peo Dem Rep,2.5
01-Feb-22,Exports: Latvia,2.7
01-Feb-22,Exports: Lebanon,1
01-Feb-22,Exports: Liberia,489.3
01-Feb-22,Exports: Libyan Arab Jamahiriya,3.2
01-Feb-22,Exports: Lithuania,3.6
01-Feb-22,Exports: Luxembourg,21.6
01-Feb-22,Exports: Macau SAR (China),36
01-Feb-22,Exports: Madagascar,1.5
01-Feb-22,Exports: Malaysia,4802.1
01-Feb-22,Exports: Maldives Rep of,21.1
01-Feb-22,Exports: Malta,169.5
01-Feb-22,Exports: Marshall Islands,551.2
01-Feb-22,Exports: Mauritius,5.7
01-Feb-22,Exports: Mexico,200.5
01-Feb-22,Exports: Mongolian Peo Rep,11.4
01-Feb-22,Exports: Morocco,20.3
01-Feb-22,Exports: Mozambique,0.9
01-Feb-22,Exports: Myanmar,519.3
01-Feb-22,Exports: Nepal,17
01-Feb-22,Exports: Netherlands Antilles,4.8
01-Feb-22,Exports: Netherlands,1204.4
01-Feb-22,Exports: New Caledonia,25.4
01-Feb-22,Exports: New Zealand,275.3
01-Feb-22,Exports: Nigeria,21.4
01-Feb-22,Exports: Northern Mariana Islands,1.6
01-Feb-22,Exports: Norway,1160.4
01-Feb-22,Exports: Oman,59.6
01-Feb-22,Exports: Other Countries of Africa,35.7
01-Feb-22,Exports: Other Countries of America,19.4
01-Feb-22,Exports: Other Countries of Asia,14.8
01-Feb-22,Exports: Other Countries of Europe,40.5
01-Feb-22,Exports: Other Countries of Oceania,16.1
01-Feb-22,Exports: Pakistan,104
01-Feb-22,Exports: Panama,516.1
01-Feb-22,Exports: Papua New Guinea,96.9
01-Feb-22,Exports: Paraguay,0.4
01-Feb-22,Exports: Peru,11.8
01-Feb-22,Exports: Philippines,898.5
01-Feb-22,Exports: Poland,39.8
01-Feb-22,Exports: Portugal,69.2
01-Feb-22,Exports: Puerto Rico,42.8
01-Feb-22,Exports: Qatar,92.6
01-Feb-22,Exports: Reunion,50.2
01-Feb-22,Exports: Romania,13.4
01-Feb-22,Exports: Russia,48.9
01-Feb-22,Exports: Saint Vincent and the Grenadines,0
01-Feb-22,Exports: Samoa,0.1
01-Feb-22,Exports: Saudi Arabia,68.5
01-Feb-22,Exports: Seychelles,2.1
01-Feb-22,Exports: Slovak Republic,3.6
01-Feb-22,Exports: Slovenia,3.1
01-Feb-22,Exports: Solomon Islands,4.8
01-Feb-22,Exports: South Africa,37.1
01-Feb-22,Exports: South Korea,1725.2
01-Feb-22,Exports: Spain,25.3
01-Feb-22,Exports: Sri Lanka,136.7
01-Feb-22,Exports: Sudan,2.1
01-Feb-22,Exports: Sweden,14.7
01-Feb-22,Exports: Switzerland,225.1
01-Feb-22,Exports: Syrian Arab Rep,0.8
01-Feb-22,Exports: Taiwan,2484.5
01-Feb-22,Exports: Tanzania,5.1
01-Feb-22,Exports: Thailand,1645.4
01-Feb-22,Exports: Trinidad & Tobago,4.8
01-Feb-22,Exports: Tunisia,3.7
01-Feb-22,Exports: Turkey,109.1
01-Feb-22,Exports: USA,4036.7
01-Feb-22,Exports: Ukraine,3.4
01-Feb-22,Exports: United Arab Emirates,505.8
01-Feb-22,Exports: United Kingdom,451.3
01-Feb-22,Exports: Uruguay,1.6
01-Feb-22,Exports: Vanuatu,6.5
01-Feb-22,Exports: Venezuela,0.1
01-Feb-22,Exports: Vietnam,1770.4
01-Feb-22,Exports: Yemen,1.3
01-Feb-22,Exports: Zambia,0.9
01-Feb-22,Exports: Zimbabwe,0.3
01-Mar-22,Exports: Afghanistan,0.2
01-Mar-22,Exports: Algeria,3.2
01-Mar-22,Exports: Angola,10.1
01-Mar-22,Exports: Antigua and Barbuda,12.8
01-Mar-22,Exports: Argentina,21.2
01-Mar-22,Exports: Australia,2063.4
01-Mar-22,Exports: Austria,62.1
01-Mar-22,Exports: Bahamas,86.8
01-Mar-22,Exports: Bahrain,35.3
01-Mar-22,Exports: Bangladesh,774.5
01-Mar-22,Exports: Belarus,0
01-Mar-22,Exports: Belgium,1446
01-Mar-22,Exports: Benin,0.6
01-Mar-22,Exports: Bermuda,9.3
01-Mar-22,Exports: Brazil,247.6
01-Mar-22,Exports: Brunei,91.2
01-Mar-22,Exports: Bulgaria,5.9
01-Mar-22,Exports: Cambodia,339.1
01-Mar-22,Exports: Cameroon,0.9
01-Mar-22,Exports: Canada,100.6
01-Mar-22,Exports: Chile,9.4
01-Mar-22,Exports: China,8912.4
01-Mar-22,Exports: Christmas Islands,0
01-Mar-22,Exports: Colombia,14.7
01-Mar-22,Exports: Comoros,0.4
01-Mar-22,Exports: Costa Rica,25
01-Mar-22,Exports: Cote D'ivoire,4.5
01-Mar-22,Exports: Croatia,4.2
01-Mar-22,Exports: Cuba,0
01-Mar-22,Exports: Cyprus,66.5
01-Mar-22,"Exports: Czech, Republic",64.3
01-Mar-22,Exports: Denmark,34.3
01-Mar-22,Exports: Djibouti,11.4
01-Mar-22,Exports: Dominican Rep,3
01-Mar-22,Exports: Ecuador,7.9
01-Mar-22,Exports: Egypt,44.3
01-Mar-22,Exports: El Salvador,0.9
01-Mar-22,Exports: Estonia,1.7
01-Mar-22,Exports: Eswatini,0
01-Mar-22,Exports: Ethiopia,5.1
01-Mar-22,Exports: Fiji,24.2
01-Mar-22,Exports: Finland,52.9
01-Mar-22,Exports: France,458
01-Mar-22,Exports: French Polynesia,4.9
01-Mar-22,Exports: Gabon,3.2
01-Mar-22,Exports: Germany,894.6
01-Mar-22,Exports: Ghana,11.9
01-Mar-22,Exports: Greece,100.5
01-Mar-22,Exports: Guam,5.5
01-Mar-22,Exports: Guatemala,1.8
01-Mar-22,Exports: Guinea,1.1
01-Mar-22,Exports: Guyana,3.5
01-Mar-22,Exports: Honduras,0.7
01-Mar-22,Exports: Hong Kong SAR (China),6807.2
01-Mar-22,Exports: Hungary,65.7
01-Mar-22,Exports: India,1733.9
01-Mar-22,Exports: Indonesia,4196.3
01-Mar-22,Exports: Iran,0.5
01-Mar-22,Exports: Ireland,47.6
01-Mar-22,Exports: Israel,106.1
01-Mar-22,Exports: Italy,115.5
01-Mar-22,Exports: Jamaica,1
01-Mar-22,Exports: Japan,2673.3
01-Mar-22,Exports: Jordan,10.9
01-Mar-22,Exports: Kazakhstan,2.3
01-Mar-22,Exports: Kenya,13.4
01-Mar-22,Exports: Kuwait,21.5
01-Mar-22,Exports: Lao Peo Dem Rep,10
01-Mar-22,Exports: Latvia,6.8
01-Mar-22,Exports: Lebanon,1.9
01-Mar-22,Exports: Liberia,475.5
01-Mar-22,Exports: Libyan Arab Jamahiriya,1.1
01-Mar-22,Exports: Lithuania,2.8
01-Mar-22,Exports: Luxembourg,70.4
01-Mar-22,Exports: Macau SAR (China),27.9
01-Mar-22,Exports: Madagascar,1.6
01-Mar-22,Exports: Malaysia,6247.3
01-Mar-22,Exports: Maldives Rep of,24.6
01-Mar-22,Exports: Malta,164.5
01-Mar-22,Exports: Marshall Islands,474.5
01-Mar-22,Exports: Mauritius,5.1
01-Mar-22,Exports: Mexico,225.6
01-Mar-22,Exports: Mongolian Peo Rep,11.6
01-Mar-22,Exports: Morocco,41.3
01-Mar-22,Exports: Mozambique,2.9
01-Mar-22,Exports: Myanmar,670.5
01-Mar-22,Exports: Nepal,20.2
01-Mar-22,Exports: Netherlands Antilles,4.7
01-Mar-22,Exports: Netherlands,1247.6
01-Mar-22,Exports: New Caledonia,40.7
01-Mar-22,Exports: New Zealand,317.6
01-Mar-22,Exports: Nigeria,103
01-Mar-22,Exports: Northern Mariana Islands,0.3
01-Mar-22,Exports: Norway,70.6
01-Mar-22,Exports: Oman,73.4
01-Mar-22,Exports: Other Countries of Africa,17.6
01-Mar-22,Exports: Other Countries of America,18.4
01-Mar-22,Exports: Other Countries of Asia,31.5
01-Mar-22,Exports: Other Countries of Europe,38.6
01-Mar-22,Exports: Other Countries of Oceania,15.3
01-Mar-22,Exports: Pakistan,136.7
01-Mar-22,Exports: Panama,533.5
01-Mar-22,Exports: Papua New Guinea,90.3
01-Mar-22,Exports: Paraguay,0.4
01-Mar-22,Exports: Peru,7.6
01-Mar-22,Exports: Philippines,1206.7
01-Mar-22,Exports: Poland,50.5
01-Mar-22,Exports: Portugal,70
01-Mar-22,Exports: Puerto Rico,72.7
01-Mar-22,Exports: Qatar,106
01-Mar-22,Exports: Reunion,39.3
01-Mar-22,Exports: Romania,21.2
01-Mar-22,Exports: Russia,6.8
01-Mar-22,Exports: Saint Vincent and the Grenadines,0.5
01-Mar-22,Exports: Samoa,11
01-Mar-22,Exports: Saudi Arabia,101.3
01-Mar-22,Exports: Seychelles,1.3
01-Mar-22,Exports: Slovak Republic,3.2
01-Mar-22,Exports: Slovenia,3.5
01-Mar-22,Exports: Solomon Islands,5.3
01-Mar-22,Exports: South Africa,125.2
01-Mar-22,Exports: South Korea,2390.7
01-Mar-22,Exports: Spain,90.4
01-Mar-22,Exports: Sri Lanka,145.3
01-Mar-22,Exports: Sudan,1
01-Mar-22,Exports: Sweden,24.6
01-Mar-22,Exports: Switzerland,448.1
01-Mar-22,Exports: Syrian Arab Rep,0.1
01-Mar-22,Exports: Taiwan,3112.1
01-Mar-22,Exports: Tanzania,6.5
01-Mar-22,Exports: Thailand,1997.5
01-Mar-22,Exports: Trinidad & Tobago,17.4
01-Mar-22,Exports: Tunisia,5.8
01-Mar-22,Exports: Turkey,89.2
01-Mar-22,Exports: USA,6504.5
01-Mar-22,Exports: Ukraine,0.5
01-Mar-22,Exports: United Arab Emirates,675
01-Mar-22,Exports: United Kingdom,426.1
01-Mar-22,Exports: Uruguay,0.9
01-Mar-22,Exports: Vanuatu,1
01-Mar-22,Exports: Venezuela,0.4
01-Mar-22,Exports: Vietnam,2236.4
01-Mar-22,Exports: Yemen,1.4
01-Mar-22,Exports: Zambia,0.4
01-Mar-22,Exports: Zimbabwe,0.2
01-Apr-22,Exports: Afghanistan,0.1
01-Apr-22,Exports: Algeria,2.9
01-Apr-22,Exports: Angola,8.2
01-Apr-22,Exports: Antigua and Barbuda,13.2
01-Apr-22,Exports: Argentina,19.6
01-Apr-22,Exports: Australia,2138.1
01-Apr-22,Exports: Austria,33.8
01-Apr-22,Exports: Bahamas,120
01-Apr-22,Exports: Bahrain,21.1
01-Apr-22,Exports: Bangladesh,623.8
01-Apr-22,Exports: Belarus,0
01-Apr-22,Exports: Belgium,668.1
01-Apr-22,Exports: Benin,0.3
01-Apr-22,Exports: Bermuda,1
01-Apr-22,Exports: Brazil,227
01-Apr-22,Exports: Brunei,141
01-Apr-22,Exports: Bulgaria,73.7
01-Apr-22,Exports: Cambodia,630
01-Apr-22,Exports: Cameroon,2.1
01-Apr-22,Exports: Canada,135.4
01-Apr-22,Exports: Chile,15.9
01-Apr-22,Exports: China,7481.3
01-Apr-22,Exports: Christmas Islands,0.1
01-Apr-22,Exports: Colombia,12.2
01-Apr-22,Exports: Comoros,0.4
01-Apr-22,Exports: Costa Rica,25.5
01-Apr-22,Exports: Cote D'ivoire,4.3
01-Apr-22,Exports: Croatia,3.9
01-Apr-22,Exports: Cuba,0
01-Apr-22,Exports: Cyprus,77.1
01-Apr-22,"Exports: Czech, Republic",77
01-Apr-22,Exports: Denmark,34.7
01-Apr-22,Exports: Djibouti,1.5
01-Apr-22,Exports: Dominican Rep,3.3
01-Apr-22,Exports: Ecuador,8.4
01-Apr-22,Exports: Egypt,30
01-Apr-22,Exports: El Salvador,1.6
01-Apr-22,Exports: Estonia,7.4
01-Apr-22,Exports: Eswatini,0
01-Apr-22,Exports: Ethiopia,4.8
01-Apr-22,Exports: Fiji,74.6
01-Apr-22,Exports: Finland,53.1
01-Apr-22,Exports: France,489.3
01-Apr-22,Exports: French Polynesia,3.2
01-Apr-22,Exports: Gabon,4
01-Apr-22,Exports: Germany,809.7
01-Apr-22,Exports: Ghana,8.7
01-Apr-22,Exports: Greece,123.4
01-Apr-22,Exports: Guam,33.5
01-Apr-22,Exports: Guatemala,2.6
01-Apr-22,Exports: Guinea,1.7
01-Apr-22,Exports: Guyana,4.4
01-Apr-22,Exports: Honduras,2.4
01-Apr-22,Exports: Hong Kong SAR (China),6769.2
01-Apr-22,Exports: Hungary,98.5
01-Apr-22,Exports: India,1671.9
01-Apr-22,Exports: Indonesia,4344.1
01-Apr-22,Exports: Iran,2.1
01-Apr-22,Exports: Ireland,77.3
01-Apr-22,Exports: Israel,123.5
01-Apr-22,Exports: Italy,122.7
01-Apr-22,Exports: Jamaica,1.5
01-Apr-22,Exports: Japan,2464.5
01-Apr-22,Exports: Jordan,9.2
01-Apr-22,Exports: Kazakhstan,2
01-Apr-22,Exports: Kenya,8.4
01-Apr-22,Exports: Kuwait,13.1
01-Apr-22,Exports: Lao Peo Dem Rep,48
01-Apr-22,Exports: Latvia,8.5
01-Apr-22,Exports: Lebanon,1.7
01-Apr-22,Exports: Liberia,599.5
01-Apr-22,Exports: Libyan Arab Jamahiriya,2.8
01-Apr-22,Exports: Lithuania,2.7
01-Apr-22,Exports: Luxembourg,54.1
01-Apr-22,Exports: Macau SAR (China),24.2
01-Apr-22,Exports: Madagascar,2.5
01-Apr-22,Exports: Malaysia,5784.8
01-Apr-22,Exports: Maldives Rep of,22.8
01-Apr-22,Exports: Malta,243.8
01-Apr-22,Exports: Marshall Islands,713.7
01-Apr-22,Exports: Mauritius,5.4
01-Apr-22,Exports: Mexico,221.7
01-Apr-22,Exports: Mongolian Peo Rep,10.2
01-Apr-22,Exports: Morocco,35.1
01-Apr-22,Exports: Mozambique,61.3
01-Apr-22,Exports: Myanmar,276.5
01-Apr-22,Exports: Nepal,15.4
01-Apr-22,Exports: Netherlands Antilles,1.7
01-Apr-22,Exports: Netherlands,1405
01-Apr-22,Exports: New Caledonia,38.5
01-Apr-22,Exports: New Zealand,772.1
01-Apr-22,Exports: Nigeria,145.6
01-Apr-22,Exports: Northern Mariana Islands,0.3
01-Apr-22,Exports: Norway,59.4
01-Apr-22,Exports: Oman,80.6
01-Apr-22,Exports: Other Countries of Africa,127.5
01-Apr-22,Exports: Other Countries of America,23
01-Apr-22,Exports: Other Countries of Asia,17.5
01-Apr-22,Exports: Other Countries of Europe,34.3
01-Apr-22,Exports: Other Countries of Oceania,16
01-Apr-22,Exports: Pakistan,124.1
01-Apr-22,Exports: Panama,725.4
01-Apr-22,Exports: Papua New Guinea,90.2
01-Apr-22,Exports: Paraguay,0.5
01-Apr-22,Exports: Peru,9.5
01-Apr-22,Exports: Philippines,1225.5
01-Apr-22,Exports: Poland,65.8
01-Apr-22,Exports: Portugal,138.6
01-Apr-22,Exports: Puerto Rico,45
01-Apr-22,Exports: Qatar,83.9
01-Apr-22,Exports: Reunion,18.1
01-Apr-22,Exports: Romania,28.2
01-Apr-22,Exports: Russia,7.6
01-Apr-22,Exports: Saint Vincent and the Grenadines,0.4
01-Apr-22,Exports: Samoa,5.7
01-Apr-22,Exports: Saudi Arabia,93
01-Apr-22,Exports: Seychelles,3.9
01-Apr-22,Exports: Slovak Republic,5.3
01-Apr-22,Exports: Slovenia,4.8
01-Apr-22,Exports: Solomon Islands,9.8
01-Apr-22,Exports: South Africa,107.6
01-Apr-22,Exports: South Korea,2343.8
01-Apr-22,Exports: Spain,53.4
01-Apr-22,Exports: Sri Lanka,94.4
01-Apr-22,Exports: Sudan,1.2
01-Apr-22,Exports: Sweden,20.9
01-Apr-22,Exports: Switzerland,466.1
01-Apr-22,Exports: Syrian Arab Rep,0.1
01-Apr-22,Exports: Taiwan,3158.2
01-Apr-22,Exports: Tanzania,7.6
01-Apr-22,Exports: Thailand,2071.3
01-Apr-22,Exports: Trinidad & Tobago,1.2
01-Apr-22,Exports: Tunisia,5.7
01-Apr-22,Exports: Turkey,95.2
01-Apr-22,Exports: USA,5451.8
01-Apr-22,Exports: Ukraine,0
01-Apr-22,Exports: United Arab Emirates,530.2
01-Apr-22,Exports: United Kingdom,378.6
01-Apr-22,Exports: Uruguay,1.2
01-Apr-22,Exports: Vanuatu,4.1
01-Apr-22,Exports: Venezuela,0.4
01-Apr-22,Exports: Vietnam,1922.5
01-Apr-22,Exports: Yemen,0.4
01-Apr-22,Exports: Zambia,1.9
01-Apr-22,Exports: Zimbabwe,0
01-May-22,Exports: Afghanistan,0.1
01-May-22,Exports: Algeria,1.2
01-May-22,Exports: Angola,5
01-May-22,Exports: Antigua and Barbuda,13.1
01-May-22,Exports: Argentina,20.9
01-May-22,Exports: Australia,1941.6
01-May-22,Exports: Austria,28.8
01-May-22,Exports: Bahamas,130.6
01-May-22,Exports: Bahrain,10
01-May-22,Exports: Bangladesh,577.7
01-May-22,Exports: Belarus,0.1
01-May-22,Exports: Belgium,617.6
01-May-22,Exports: Benin,0.3
01-May-22,Exports: Bermuda,9.7
01-May-22,Exports: Brazil,223.3
01-May-22,Exports: Brunei,75.8
01-May-22,Exports: Bulgaria,2.7
01-May-22,Exports: Cambodia,1485.5
01-May-22,Exports: Cameroon,1.9
01-May-22,Exports: Canada,135.6
01-May-22,Exports: Chile,10.7
01-May-22,Exports: China,6757.8
01-May-22,Exports: Christmas Islands,0
01-May-22,Exports: Colombia,21.9
01-May-22,Exports: Comoros,0.2
01-May-22,Exports: Costa Rica,43.9
01-May-22,Exports: Cote D'ivoire,2.1
01-May-22,Exports: Croatia,10.1
01-May-22,Exports: Cuba,0
01-May-22,Exports: Cyprus,49
01-May-22,"Exports: Czech, Republic",56.8
01-May-22,Exports: Denmark,37.2
01-May-22,Exports: Djibouti,8.4
01-May-22,Exports: Dominican Rep,2.6
01-May-22,Exports: Ecuador,6.3
01-May-22,Exports: Egypt,31.2
01-May-22,Exports: El Salvador,1.8
01-May-22,Exports: Estonia,7.1
01-May-22,Exports: Eswatini,0
01-May-22,Exports: Ethiopia,5.1
01-May-22,Exports: Fiji,59
01-May-22,Exports: Finland,25.6
01-May-22,Exports: France,466.3
01-May-22,Exports: French Polynesia,3
01-May-22,Exports: Gabon,2.7
01-May-22,Exports: Germany,780.3
01-May-22,Exports: Ghana,4.4
01-May-22,Exports: Greece,133.1
01-May-22,Exports: Guam,54.7
01-May-22,Exports: Guatemala,3.2
01-May-22,Exports: Guinea,1
01-May-22,Exports: Guyana,2.6
01-May-22,Exports: Honduras,1.1
01-May-22,Exports: Hong Kong SAR (China),7486
01-May-22,Exports: Hungary,56.8
01-May-22,Exports: India,1441.2
01-May-22,Exports: Indonesia,4809.4
01-May-22,Exports: Iran,2.4
01-May-22,Exports: Ireland,179.5
01-May-22,Exports: Israel,130.8
01-May-22,Exports: Italy,90.7
01-May-22,Exports: Jamaica,1.9
01-May-22,Exports: Japan,2329.5
01-May-22,Exports: Jordan,5.8
01-May-22,Exports: Kazakhstan,2.8
01-May-22,Exports: Kenya,7.4
01-May-22,Exports: Kuwait,15.4
01-May-22,Exports: Lao Peo Dem Rep,3.8
01-May-22,Exports: Latvia,5.1
01-May-22,Exports: Lebanon,1.6
01-May-22,Exports: Liberia,605.6
01-May-22,Exports: Libyan Arab Jamahiriya,1.3
01-May-22,Exports: Lithuania,3.4
01-May-22,Exports: Luxembourg,63.8
01-May-22,Exports: Macau SAR (China),30.2
01-May-22,Exports: Madagascar,1
01-May-22,Exports: Malaysia,6755.7
01-May-22,Exports: Maldives Rep of,15.9
01-May-22,Exports: Malta,236.3
01-May-22,Exports: Marshall Islands,653.8
01-May-22,Exports: Mauritius,4.4
01-May-22,Exports: Mexico,233.5
01-May-22,Exports: Mongolian Peo Rep,7.4
01-May-22,Exports: Morocco,33.6
01-May-22,Exports: Mozambique,1.9
01-May-22,Exports: Myanmar,493.9
01-May-22,Exports: Nepal,18.2
01-May-22,Exports: Netherlands Antilles,0
01-May-22,Exports: Netherlands,1290.7
01-May-22,Exports: New Caledonia,99.7
01-May-22,Exports: New Zealand,640.1
01-May-22,Exports: Nigeria,25.2
01-May-22,Exports: Northern Mariana Islands,2.8
01-May-22,Exports: Norway,65.1
01-May-22,Exports: Oman,15.4
01-May-22,Exports: Other Countries of Africa,40.6
01-May-22,Exports: Other Countries of America,19.3
01-May-22,Exports: Other Countries of Asia,15.3
01-May-22,Exports: Other Countries of Europe,44.6
01-May-22,Exports: Other Countries of Oceania,8
01-May-22,Exports: Pakistan,96.1
01-May-22,Exports: Panama,886.3
01-May-22,Exports: Papua New Guinea,178.8
01-May-22,Exports: Paraguay,0.5
01-May-22,Exports: Peru,9.7
01-May-22,Exports: Philippines,1194.3
01-May-22,Exports: Poland,51.7
01-May-22,Exports: Portugal,82.4
01-May-22,Exports: Puerto Rico,68.1
01-May-22,Exports: Qatar,95.1
01-May-22,Exports: Reunion,37.5
01-May-22,Exports: Romania,33.8
01-May-22,Exports: Russia,6.1
01-May-22,Exports: Saint Vincent and the Grenadines,2.9
01-May-22,Exports: Samoa,0.3
01-May-22,Exports: Saudi Arabia,87.9
01-May-22,Exports: Seychelles,3.6
01-May-22,Exports: Slovak Republic,4.5
01-May-22,Exports: Slovenia,2
01-May-22,Exports: Solomon Islands,18.1
01-May-22,Exports: South Africa,67.5
01-May-22,Exports: South Korea,2146.7
01-May-22,Exports: Spain,27.9
01-May-22,Exports: Sri Lanka,94.6
01-May-22,Exports: Sudan,0.4
01-May-22,Exports: Sweden,11.1
01-May-22,Exports: Switzerland,279.9
01-May-22,Exports: Syrian Arab Rep,0
01-May-22,Exports: Taiwan,2832.7
01-May-22,Exports: Tanzania,7.6
01-May-22,Exports: Thailand,2033.1
01-May-22,Exports: Trinidad & Tobago,1.7
01-May-22,Exports: Tunisia,7.8
01-May-22,Exports: Turkey,96.1
01-May-22,Exports: USA,4487.6
01-May-22,Exports: Ukraine,0
01-May-22,Exports: United Arab Emirates,735.2
01-May-22,Exports: United Kingdom,391.5
01-May-22,Exports: Uruguay,2
01-May-22,Exports: Vanuatu,11.1
01-May-22,Exports: Venezuela,0.2
01-May-22,Exports: Vietnam,1872.7
01-May-22,Exports: Yemen,0.3
01-May-22,Exports: Zambia,0.4
01-May-22,Exports: Zimbabwe,0.4
01-Jun-22,Exports: Afghanistan,0.1
01-Jun-22,Exports: Algeria,0.6
01-Jun-22,Exports: Angola,6
01-Jun-22,Exports: Antigua and Barbuda,9.8
01-Jun-22,Exports: Argentina,19.5
01-Jun-22,Exports: Australia,2215.1
01-Jun-22,Exports: Austria,35.7
01-Jun-22,Exports: Bahamas,149.7
01-Jun-22,Exports: Bahrain,59.4
01-Jun-22,Exports: Bangladesh,857.1
01-Jun-22,Exports: Belarus,0
01-Jun-22,Exports: Belgium,588.5
01-Jun-22,Exports: Benin,0.3
01-Jun-22,Exports: Bermuda,19.5
01-Jun-22,Exports: Brazil,262.2
01-Jun-22,Exports: Brunei,142.3
01-Jun-22,Exports: Bulgaria,5.1
01-Jun-22,Exports: Cambodia,1042.8
01-Jun-22,Exports: Cameroon,1.9
01-Jun-22,Exports: Canada,118
01-Jun-22,Exports: Chile,13.6
01-Jun-22,Exports: China,7516.4
01-Jun-22,Exports: Christmas Islands,0
01-Jun-22,Exports: Colombia,16.5
01-Jun-22,Exports: Comoros,0.1
01-Jun-22,Exports: Costa Rica,45.9
01-Jun-22,Exports: Cote D'ivoire,1.9
01-Jun-22,Exports: Croatia,0.8
01-Jun-22,Exports: Cuba,0.5
01-Jun-22,Exports: Cyprus,99
01-Jun-22,"Exports: Czech, Republic",40
01-Jun-22,Exports: Denmark,34.3
01-Jun-22,Exports: Djibouti,5.8
01-Jun-22,Exports: Dominican Rep,2.6
01-Jun-22,Exports: Ecuador,8.3
01-Jun-22,Exports: Egypt,50
01-Jun-22,Exports: El Salvador,1.5
01-Jun-22,Exports: Estonia,4
01-Jun-22,Exports: Eswatini,0.1
01-Jun-22,Exports: Ethiopia,4.2
01-Jun-22,Exports: Fiji,89.2
01-Jun-22,Exports: Finland,64.7
01-Jun-22,Exports: France,424.5
01-Jun-22,Exports: French Polynesia,2.5
01-Jun-22,Exports: Gabon,8.4
01-Jun-22,Exports: Germany,921.3
01-Jun-22,Exports: Ghana,10.3
01-Jun-22,Exports: Greece,164.8
01-Jun-22,Exports: Guam,110.2
01-Jun-22,Exports: Guatemala,2.2
01-Jun-22,Exports: Guinea,0.9
01-Jun-22,Exports: Guyana,84.5
01-Jun-22,Exports: Honduras,1.8
01-Jun-22,Exports: Hong Kong SAR (China),7717.9
01-Jun-22,Exports: Hungary,74.6
01-Jun-22,Exports: India,1595.7
01-Jun-22,Exports: Indonesia,4555.8
01-Jun-22,Exports: Iran,1.1
01-Jun-22,Exports: Ireland,134.3
01-Jun-22,Exports: Israel,116.6
01-Jun-22,Exports: Italy,124.4
01-Jun-22,Exports: Jamaica,1.3
01-Jun-22,Exports: Japan,2472.9
01-Jun-22,Exports: Jordan,10.1
01-Jun-22,Exports: Kazakhstan,28.1
01-Jun-22,Exports: Kenya,10.6
01-Jun-22,Exports: Kuwait,19.2
01-Jun-22,Exports: Lao Peo Dem Rep,2.9
01-Jun-22,Exports: Latvia,18.9
01-Jun-22,Exports: Lebanon,2.1
01-Jun-22,Exports: Liberia,725
01-Jun-22,Exports: Libyan Arab Jamahiriya,1.2
01-Jun-22,Exports: Lithuania,1.5
01-Jun-22,Exports: Luxembourg,59.9
01-Jun-22,Exports: Macau SAR (China),19.4
01-Jun-22,Exports: Madagascar,11.4
01-Jun-22,Exports: Malaysia,7049.6
01-Jun-22,Exports: Maldives Rep of,28.2
01-Jun-22,Exports: Malta,269
01-Jun-22,Exports: Marshall Islands,664.3
01-Jun-22,Exports: Mauritius,32.4
01-Jun-22,Exports: Mexico,277.7
01-Jun-22,Exports: Mongolian Peo Rep,9.9
01-Jun-22,Exports: Morocco,35.7
01-Jun-22,Exports: Mozambique,1.3
01-Jun-22,Exports: Myanmar,472.4
01-Jun-22,Exports: Nepal,17.4
01-Jun-22,Exports: Netherlands Antilles,0
01-Jun-22,Exports: Netherlands,1249.9
01-Jun-22,Exports: New Caledonia,45.8
01-Jun-22,Exports: New Zealand,411.6
01-Jun-22,Exports: Nigeria,46.9
01-Jun-22,Exports: Northern Mariana Islands,15.5
01-Jun-22,Exports: Norway,75
01-Jun-22,Exports: Oman,19.1
01-Jun-22,Exports: Other Countries of Africa,12.4
01-Jun-22,Exports: Other Countries of America,33.1
01-Jun-22,Exports: Other Countries of Asia,22.5
01-Jun-22,Exports: Other Countries of Europe,45.4
01-Jun-22,Exports: Other Countries of Oceania,15.8
01-Jun-22,Exports: Pakistan,154.9
01-Jun-22,Exports: Panama,921.4
01-Jun-22,Exports: Papua New Guinea,86.6
01-Jun-22,Exports: Paraguay,1.5
01-Jun-22,Exports: Peru,11.3
01-Jun-22,Exports: Philippines,1455.1
01-Jun-22,Exports: Poland,57.7
01-Jun-22,Exports: Portugal,86.9
01-Jun-22,Exports: Puerto Rico,88.6
01-Jun-22,Exports: Qatar,91.1
01-Jun-22,Exports: Reunion,106.8
01-Jun-22,Exports: Romania,24.6
01-Jun-22,Exports: Russia,14.7
01-Jun-22,Exports: Saint Vincent and the Grenadines,0.1
01-Jun-22,Exports: Samoa,3.1
01-Jun-22,Exports: Saudi Arabia,99.8
01-Jun-22,Exports: Seychelles,2.6
01-Jun-22,Exports: Slovak Republic,4.7
01-Jun-22,Exports: Slovenia,5.8
01-Jun-22,Exports: Solomon Islands,5.8
01-Jun-22,Exports: South Africa,112.7
01-Jun-22,Exports: South Korea,2916
01-Jun-22,Exports: Spain,91.8
01-Jun-22,Exports: Sri Lanka,54.4
01-Jun-22,Exports: Sudan,0.4
01-Jun-22,Exports: Sweden,22.8
01-Jun-22,Exports: Switzerland,309.7
01-Jun-22,Exports: Syrian Arab Rep,0.1
01-Jun-22,Exports: Taiwan,3102.9
01-Jun-22,Exports: Tanzania,7.8
01-Jun-22,Exports: Thailand,1931.6
01-Jun-22,Exports: Trinidad & Tobago,2
01-Jun-22,Exports: Tunisia,5.4
01-Jun-22,Exports: Turkey,128.5
01-Jun-22,Exports: USA,5413.6
01-Jun-22,Exports: Ukraine,3.6
01-Jun-22,Exports: United Arab Emirates,456.7
01-Jun-22,Exports: United Kingdom,397.4
01-Jun-22,Exports: Uruguay,1.7
01-Jun-22,Exports: Vanuatu,4.1
01-Jun-22,Exports: Venezuela,0
01-Jun-22,Exports: Vietnam,2151.7
01-Jun-22,Exports: Yemen,1.1
01-Jun-22,Exports: Zambia,0.2
01-Jun-22,Exports: Zimbabwe,0.1
01-Jul-22,Exports: Afghanistan,0.2
01-Jul-22,Exports: Algeria,1.8
01-Jul-22,Exports: Angola,12.3
01-Jul-22,Exports: Antigua and Barbuda,12
01-Jul-22,Exports: Argentina,14.3
01-Jul-22,Exports: Australia,2252.2
01-Jul-22,Exports: Austria,30.6
01-Jul-22,Exports: Bahamas,132
01-Jul-22,Exports: Bahrain,10.8
01-Jul-22,Exports: Bangladesh,556
01-Jul-22,Exports: Belarus,0.1
01-Jul-22,Exports: Belgium,991.6
01-Jul-22,Exports: Benin,0.2
01-Jul-22,Exports: Bermuda,4.2
01-Jul-22,Exports: Brazil,215.1
01-Jul-22,Exports: Brunei,107.9
01-Jul-22,Exports: Bulgaria,8.8
01-Jul-22,Exports: Cambodia,1698.4
01-Jul-22,Exports: Cameroon,2.6
01-Jul-22,Exports: Canada,98.6
01-Jul-22,Exports: Chile,45.9
01-Jul-22,Exports: China,7792.1
01-Jul-22,Exports: Christmas Islands,0.1
01-Jul-22,Exports: Colombia,12.5
01-Jul-22,Exports: Comoros,0.3
01-Jul-22,Exports: Costa Rica,22.6
01-Jul-22,Exports: Cote D'ivoire,1.4
01-Jul-22,Exports: Croatia,3.2
01-Jul-22,Exports: Cuba,0
01-Jul-22,Exports: Cyprus,68.3
01-Jul-22,"Exports: Czech, Republic",36.9
01-Jul-22,Exports: Denmark,48.6
01-Jul-22,Exports: Djibouti,1.5
01-Jul-22,Exports: Dominican Rep,2.2
01-Jul-22,Exports: Ecuador,6.5
01-Jul-22,Exports: Egypt,62.5
01-Jul-22,Exports: El Salvador,1.5
01-Jul-22,Exports: Estonia,1.7
01-Jul-22,Exports: Eswatini,0.2
01-Jul-22,Exports: Ethiopia,4.2
01-Jul-22,Exports: Fiji,66.9
01-Jul-22,Exports: Finland,50.5
01-Jul-22,Exports: France,459.1
01-Jul-22,Exports: French Polynesia,22.8
01-Jul-22,Exports: Gabon,6.3
01-Jul-22,Exports: Germany,1279.2
01-Jul-22,Exports: Ghana,7.6
01-Jul-22,Exports: Greece,166
01-Jul-22,Exports: Guam,31.3
01-Jul-22,Exports: Guatemala,2.6
01-Jul-22,Exports: Guinea,1
01-Jul-22,Exports: Guyana,5.1
01-Jul-22,Exports: Honduras,1
01-Jul-22,Exports: Hong Kong SAR (China),6138.6
01-Jul-22,Exports: Hungary,58.4
01-Jul-22,Exports: India,1637
01-Jul-22,Exports: Indonesia,5333.6
01-Jul-22,Exports: Iran,0.4
01-Jul-22,Exports: Ireland,109.4
01-Jul-22,Exports: Israel,153.5
01-Jul-22,Exports: Italy,120.5
01-Jul-22,Exports: Jamaica,0.7
01-Jul-22,Exports: Japan,2327.1
01-Jul-22,Exports: Jordan,12
01-Jul-22,Exports: Kazakhstan,28.6
01-Jul-22,Exports: Kenya,9.8
01-Jul-22,Exports: Kuwait,20.4
01-Jul-22,Exports: Lao Peo Dem Rep,6.6
01-Jul-22,Exports: Latvia,9.3
01-Jul-22,Exports: Lebanon,1.5
01-Jul-22,Exports: Liberia,720.9
01-Jul-22,Exports: Libyan Arab Jamahiriya,1.1
01-Jul-22,Exports: Lithuania,2.3
01-Jul-22,Exports: Luxembourg,27
01-Jul-22,Exports: Macau SAR (China),16.8
01-Jul-22,Exports: Madagascar,5.4
01-Jul-22,Exports: Malaysia,6672.2
01-Jul-22,Exports: Maldives Rep of,19
01-Jul-22,Exports: Malta,243.5
01-Jul-22,Exports: Marshall Islands,646
01-Jul-22,Exports: Mauritius,3.4
01-Jul-22,Exports: Mexico,374.2
01-Jul-22,Exports: Mongolian Peo Rep,11.7
01-Jul-22,Exports: Morocco,33.6
01-Jul-22,Exports: Mozambique,1.8
01-Jul-22,Exports: Myanmar,737.6
01-Jul-22,Exports: Nepal,18.9
01-Jul-22,Exports: Netherlands Antilles,0
01-Jul-22,Exports: Netherlands,1477.9
01-Jul-22,Exports: New Caledonia,53.8
01-Jul-22,Exports: New Zealand,626.1
01-Jul-22,Exports: Nigeria,14.1
01-Jul-22,Exports: Northern Mariana Islands,16.8
01-Jul-22,Exports: Norway,48.5
01-Jul-22,Exports: Oman,78.5
01-Jul-22,Exports: Other Countries of Africa,27.1
01-Jul-22,Exports: Other Countries of America,21.6
01-Jul-22,Exports: Other Countries of Asia,17
01-Jul-22,Exports: Other Countries of Europe,38.2
01-Jul-22,Exports: Other Countries of Oceania,30.6
01-Jul-22,Exports: Pakistan,314
01-Jul-22,Exports: Panama,800
01-Jul-22,Exports: Papua New Guinea,117.5
01-Jul-22,Exports: Paraguay,0.2
01-Jul-22,Exports: Peru,9.1
01-Jul-22,Exports: Philippines,1430.3
01-Jul-22,Exports: Poland,57.7
01-Jul-22,Exports: Portugal,141.8
01-Jul-22,Exports: Puerto Rico,88.3
01-Jul-22,Exports: Qatar,96.6
01-Jul-22,Exports: Reunion,1
01-Jul-22,Exports: Romania,19.2
01-Jul-22,Exports: Russia,14.4
01-Jul-22,Exports: Saint Vincent and the Grenadines,1.9
01-Jul-22,Exports: Samoa,17.2
01-Jul-22,Exports: Saudi Arabia,131.7
01-Jul-22,Exports: Seychelles,1
01-Jul-22,Exports: Slovak Republic,7.2
01-Jul-22,Exports: Slovenia,6.2
01-Jul-22,Exports: Solomon Islands,21.7
01-Jul-22,Exports: South Africa,151.8
01-Jul-22,Exports: South Korea,2397.6
01-Jul-22,Exports: Spain,52.3
01-Jul-22,Exports: Sri Lanka,73
01-Jul-22,Exports: Sudan,0.9
01-Jul-22,Exports: Sweden,20
01-Jul-22,Exports: Switzerland,246.4
01-Jul-22,Exports: Syrian Arab Rep,0.1
01-Jul-22,Exports: Taiwan,3301.4
01-Jul-22,Exports: Tanzania,15
01-Jul-22,Exports: Thailand,2197.4
01-Jul-22,Exports: Trinidad & Tobago,1.6
01-Jul-22,Exports: Tunisia,5.1
01-Jul-22,Exports: Turkey,108.7
01-Jul-22,Exports: USA,4854.9
01-Jul-22,Exports: Ukraine,0.2
01-Jul-22,Exports: United Arab Emirates,586.3
01-Jul-22,Exports: United Kingdom,405.9
01-Jul-22,Exports: Uruguay,2.5
01-Jul-22,Exports: Vanuatu,13.2
01-Jul-22,Exports: Venezuela,0.3
01-Jul-22,Exports: Vietnam,2086.9
01-Jul-22,Exports: Yemen,0.6
01-Jul-22,Exports: Zambia,0.5
01-Jul-22,Exports: Zimbabwe,0.1
01-Aug-22,Exports: Afghanistan,0.2
01-Aug-22,Exports: Algeria,1
01-Aug-22,Exports: Angola,5.8
01-Aug-22,Exports: Antigua and Barbuda,11.4
01-Aug-22,Exports: Argentina,43.2
01-Aug-22,Exports: Australia,2060.8
01-Aug-22,Exports: Austria,36.4
01-Aug-22,Exports: Bahamas,170.7
01-Aug-22,Exports: Bahrain,48.5
01-Aug-22,Exports: Bangladesh,534.9
01-Aug-22,Exports: Belarus,0.2
01-Aug-22,Exports: Belgium,570.8
01-Aug-22,Exports: Benin,0.7
01-Aug-22,Exports: Bermuda,12.8
01-Aug-22,Exports: Brazil,258.9
01-Aug-22,Exports: Brunei,101.3
01-Aug-22,Exports: Bulgaria,8.7
01-Aug-22,Exports: Cambodia,1087.9
01-Aug-22,Exports: Cameroon,1.9
01-Aug-22,Exports: Canada,131.5
01-Aug-22,Exports: Chile,12.7
01-Aug-22,Exports: China,7548
01-Aug-22,Exports: Christmas Islands,0.1
01-Aug-22,Exports: Colombia,17.2
01-Aug-22,Exports: Comoros,0.8
01-Aug-22,Exports: Costa Rica,16.6
01-Aug-22,Exports: Cote D'ivoire,0.8
01-Aug-22,Exports: Croatia,2.2
01-Aug-22,Exports: Cuba,0
01-Aug-22,Exports: Cyprus,70.4
01-Aug-22,"Exports: Czech, Republic",53.3
01-Aug-22,Exports: Denmark,42.8
01-Aug-22,Exports: Djibouti,2.7
01-Aug-22,Exports: Dominican Rep,3
01-Aug-22,Exports: Ecuador,10
01-Aug-22,Exports: Egypt,45.7
01-Aug-22,Exports: El Salvador,0.8
01-Aug-22,Exports: Estonia,2.6
01-Aug-22,Exports: Eswatini,0.1
01-Aug-22,Exports: Ethiopia,4.5
01-Aug-22,Exports: Fiji,49.1
01-Aug-22,Exports: Finland,30.6
01-Aug-22,Exports: France,454.3
01-Aug-22,Exports: French Polynesia,4.2
01-Aug-22,Exports: Gabon,5.5
01-Aug-22,Exports: Germany,1291.9
01-Aug-22,Exports: Ghana,5
01-Aug-22,Exports: Greece,191.7
01-Aug-22,Exports: Guam,73.9
01-Aug-22,Exports: Guatemala,2.5
01-Aug-22,Exports: Guinea,1
01-Aug-22,Exports: Guyana,3.2
01-Aug-22,Exports: Honduras,2.6
01-Aug-22,Exports: Hong Kong SAR (China),6466.3
01-Aug-22,Exports: Hungary,80.4
01-Aug-22,Exports: India,1593.9
01-Aug-22,Exports: Indonesia,4684.7
01-Aug-22,Exports: Iran,0.8
01-Aug-22,Exports: Ireland,68.4
01-Aug-22,Exports: Israel,138.8
01-Aug-22,Exports: Italy,126.3
01-Aug-22,Exports: Jamaica,1
01-Aug-22,Exports: Japan,2311.8
01-Aug-22,Exports: Jordan,9.4
01-Aug-22,Exports: Kazakhstan,4.6
01-Aug-22,Exports: Kenya,34.9
01-Aug-22,Exports: Kuwait,34.1
01-Aug-22,Exports: Lao Peo Dem Rep,3.7
01-Aug-22,Exports: Latvia,4
01-Aug-22,Exports: Lebanon,1.4
01-Aug-22,Exports: Liberia,824.7
01-Aug-22,Exports: Libyan Arab Jamahiriya,1.9
01-Aug-22,Exports: Lithuania,3.4
01-Aug-22,Exports: Luxembourg,9.8
01-Aug-22,Exports: Macau SAR (China),26.6
01-Aug-22,Exports: Madagascar,10
01-Aug-22,Exports: Malaysia,6150.5
01-Aug-22,Exports: Maldives Rep of,32.3
01-Aug-22,Exports: Malta,229.6
01-Aug-22,Exports: Marshall Islands,784.1
01-Aug-22,Exports: Mauritius,5.4
01-Aug-22,Exports: Mexico,258.4
01-Aug-22,Exports: Mongolian Peo Rep,10.4
01-Aug-22,Exports: Morocco,40.2
01-Aug-22,Exports: Mozambique,190.4
01-Aug-22,Exports: Myanmar,455.4
01-Aug-22,Exports: Nepal,16
01-Aug-22,Exports: Netherlands Antilles,0
01-Aug-22,Exports: Netherlands,1512.8
01-Aug-22,Exports: New Caledonia,39.8
01-Aug-22,Exports: New Zealand,471.5
01-Aug-22,Exports: Nigeria,20.6
01-Aug-22,Exports: Northern Mariana Islands,14.9
01-Aug-22,Exports: Norway,70.6
01-Aug-22,Exports: Oman,68.2
01-Aug-22,Exports: Other Countries of Africa,28.7
01-Aug-22,Exports: Other Countries of America,29.1
01-Aug-22,Exports: Other Countries of Asia,13.1
01-Aug-22,Exports: Other Countries of Europe,53.5
01-Aug-22,Exports: Other Countries of Oceania,13.8
01-Aug-22,Exports: Pakistan,132.6
01-Aug-22,Exports: Panama,803.4
01-Aug-22,Exports: Papua New Guinea,75.2
01-Aug-22,Exports: Paraguay,0.3
01-Aug-22,Exports: Peru,9.1
01-Aug-22,Exports: Philippines,1654.9
01-Aug-22,Exports: Poland,48.4
01-Aug-22,Exports: Portugal,100.8
01-Aug-22,Exports: Puerto Rico,32.7
01-Aug-22,Exports: Qatar,101.1
01-Aug-22,Exports: Reunion,39.7
01-Aug-22,Exports: Romania,10.1
01-Aug-22,Exports: Russia,22.9
01-Aug-22,Exports: Saint Vincent and the Grenadines,1.5
01-Aug-22,Exports: Samoa,0.4
01-Aug-22,Exports: Saudi Arabia,119.2
01-Aug-22,Exports: Seychelles,2.9
01-Aug-22,Exports: Slovak Republic,8.5
01-Aug-22,Exports: Slovenia,2.4
01-Aug-22,Exports: Solomon Islands,13.9
01-Aug-22,Exports: South Africa,306.7
01-Aug-22,Exports: South Korea,2412.7
01-Aug-22,Exports: Spain,41
01-Aug-22,Exports: Sri Lanka,121
01-Aug-22,Exports: Sudan,0
01-Aug-22,Exports: Sweden,18.8
01-Aug-22,Exports: Switzerland,440.9
01-Aug-22,Exports: Syrian Arab Rep,0
01-Aug-22,Exports: Taiwan,2621.2
01-Aug-22,Exports: Tanzania,16.6
01-Aug-22,Exports: Thailand,2254.9
01-Aug-22,Exports: Trinidad & Tobago,1.8
01-Aug-22,Exports: Tunisia,4
01-Aug-22,Exports: Turkey,100.3
01-Aug-22,Exports: USA,6094.4
01-Aug-22,Exports: Ukraine,2.4
01-Aug-22,Exports: United Arab Emirates,975.2
01-Aug-22,Exports: United Kingdom,498.7
01-Aug-22,Exports: Uruguay,2.1
01-Aug-22,Exports: Vanuatu,6.9
01-Aug-22,Exports: Venezuela,0.1
01-Aug-22,Exports: Vietnam,2259.1
01-Aug-22,Exports: Yemen,1.5
01-Aug-22,Exports: Zambia,1.7
01-Aug-22,Exports: Zimbabwe,0.2
01-Sep-22,Exports: Afghanistan,0.5
01-Sep-22,Exports: Algeria,3.2
01-Sep-22,Exports: Angola,8
01-Sep-22,Exports: Antigua and Barbuda,12.5
01-Sep-22,Exports: Argentina,52.9
01-Sep-22,Exports: Australia,1923.2
01-Sep-22,Exports: Austria,60.6
01-Sep-22,Exports: Bahamas,140.1
01-Sep-22,Exports: Bahrain,41
01-Sep-22,Exports: Bangladesh,547.1
01-Sep-22,Exports: Belarus,0.1
01-Sep-22,Exports: Belgium,386.7
01-Sep-22,Exports: Benin,2.8
01-Sep-22,Exports: Bermuda,8.2
01-Sep-22,Exports: Brazil,274.3
01-Sep-22,Exports: Brunei,81.3
01-Sep-22,Exports: Bulgaria,6.7
01-Sep-22,Exports: Cambodia,1504.7
01-Sep-22,Exports: Cameroon,4.7
01-Sep-22,Exports: Canada,134.5
01-Sep-22,Exports: Chile,44.5
01-Sep-22,Exports: China,7133.6
01-Sep-22,Exports: Christmas Islands,0
01-Sep-22,Exports: Colombia,20.2
01-Sep-22,Exports: Comoros,0.5
01-Sep-22,Exports: Costa Rica,22.2
01-Sep-22,Exports: Cote D'ivoire,3.4
01-Sep-22,Exports: Croatia,1.6
01-Sep-22,Exports: Cuba,0
01-Sep-22,Exports: Cyprus,64.6
01-Sep-22,"Exports: Czech, Republic",40.6
01-Sep-22,Exports: Denmark,44.8
01-Sep-22,Exports: Djibouti,2.5
01-Sep-22,Exports: Dominican Rep,1
01-Sep-22,Exports: Ecuador,11.6
01-Sep-22,Exports: Egypt,44.5
01-Sep-22,Exports: El Salvador,1.2
01-Sep-22,Exports: Estonia,2.3
01-Sep-22,Exports: Eswatini,0.1
01-Sep-22,Exports: Ethiopia,2
01-Sep-22,Exports: Fiji,89.5
01-Sep-22,Exports: Finland,45.3
01-Sep-22,Exports: France,358.8
01-Sep-22,Exports: French Polynesia,2.7
01-Sep-22,Exports: Gabon,4
01-Sep-22,Exports: Germany,912.1
01-Sep-22,Exports: Ghana,6.5
01-Sep-22,Exports: Greece,150.9
01-Sep-22,Exports: Guam,50.4
01-Sep-22,Exports: Guatemala,2.8
01-Sep-22,Exports: Guinea,1.8
01-Sep-22,Exports: Guyana,2.6
01-Sep-22,Exports: Honduras,2.1
01-Sep-22,Exports: Hong Kong SAR (China),7405.7
01-Sep-22,Exports: Hungary,60.9
01-Sep-22,Exports: India,1817.8
01-Sep-22,Exports: Indonesia,4374
01-Sep-22,Exports: Iran,0.5
01-Sep-22,Exports: Ireland,61.5
01-Sep-22,Exports: Israel,111.3
01-Sep-22,Exports: Italy,125.8
01-Sep-22,Exports: Jamaica,1
01-Sep-22,Exports: Japan,2481.4
01-Sep-22,Exports: Jordan,7.6
01-Sep-22,Exports: Kazakhstan,3.9
01-Sep-22,Exports: Kenya,29.9
01-Sep-22,Exports: Kuwait,42.9
01-Sep-22,Exports: Lao Peo Dem Rep,27.1
01-Sep-22,Exports: Latvia,9.9
01-Sep-22,Exports: Lebanon,1.1
01-Sep-22,Exports: Liberia,708.3
01-Sep-22,Exports: Libyan Arab Jamahiriya,1.9
01-Sep-22,Exports: Lithuania,2.5
01-Sep-22,Exports: Luxembourg,7.3
01-Sep-22,Exports: Macau SAR (China),18.3
01-Sep-22,Exports: Madagascar,15.5
01-Sep-22,Exports: Malaysia,5884.7
01-Sep-22,Exports: Maldives Rep of,30.2
01-Sep-22,Exports: Malta,248.2
01-Sep-22,Exports: Marshall Islands,643.4
01-Sep-22,Exports: Mauritius,17.9
01-Sep-22,Exports: Mexico,231.4
01-Sep-22,Exports: Mongolian Peo Rep,13.8
01-Sep-22,Exports: Morocco,48.2
01-Sep-22,Exports: Mozambique,160.7
01-Sep-22,Exports: Myanmar,509.3
01-Sep-22,Exports: Nepal,15.7
01-Sep-22,Exports: Netherlands Antilles,0
01-Sep-22,Exports: Netherlands,1181.8
01-Sep-22,Exports: New Caledonia,29.4
01-Sep-22,Exports: New Zealand,528.4
01-Sep-22,Exports: Nigeria,15.1
01-Sep-22,Exports: Northern Mariana Islands,13.9
01-Sep-22,Exports: Norway,59.5
01-Sep-22,Exports: Oman,19.1
01-Sep-22,Exports: Other Countries of Africa,22.1
01-Sep-22,Exports: Other Countries of America,23.8
01-Sep-22,Exports: Other Countries of Asia,14.7
01-Sep-22,Exports: Other Countries of Europe,48.3
01-Sep-22,Exports: Other Countries of Oceania,26.1
01-Sep-22,Exports: Pakistan,226.9
01-Sep-22,Exports: Panama,736.2
01-Sep-22,Exports: Papua New Guinea,114.7
01-Sep-22,Exports: Paraguay,1.3
01-Sep-22,Exports: Peru,10.4
01-Sep-22,Exports: Philippines,1367.2
01-Sep-22,Exports: Poland,53.5
01-Sep-22,Exports: Portugal,149.2
01-Sep-22,Exports: Puerto Rico,74.6
01-Sep-22,Exports: Qatar,95.4
01-Sep-22,Exports: Reunion,10
01-Sep-22,Exports: Romania,18.1
01-Sep-22,Exports: Russia,22.6
01-Sep-22,Exports: Saint Vincent and the Grenadines,0.7
01-Sep-22,Exports: Samoa,17.1
01-Sep-22,Exports: Saudi Arabia,310.4
01-Sep-22,Exports: Seychelles,1.9
01-Sep-22,Exports: Slovak Republic,11.8
01-Sep-22,Exports: Slovenia,2.7
01-Sep-22,Exports: Solomon Islands,9
01-Sep-22,Exports: South Africa,59
01-Sep-22,Exports: South Korea,2896.1
01-Sep-22,Exports: Spain,35.5
01-Sep-22,Exports: Sri Lanka,191.9
01-Sep-22,Exports: Sudan,0.1
01-Sep-22,Exports: Sweden,21.8
01-Sep-22,Exports: Switzerland,579.7
01-Sep-22,Exports: Syrian Arab Rep,0.1
01-Sep-22,Exports: Taiwan,2875.1
01-Sep-22,Exports: Tanzania,12.8
01-Sep-22,Exports: Thailand,2241.1
01-Sep-22,Exports: Trinidad & Tobago,2.3
01-Sep-22,Exports: Tunisia,4.8
01-Sep-22,Exports: Turkey,112.8
01-Sep-22,Exports: USA,5278.5
01-Sep-22,Exports: Ukraine,0.2
01-Sep-22,Exports: United Arab Emirates,813.2
01-Sep-22,Exports: United Kingdom,379.3
01-Sep-22,Exports: Uruguay,1
01-Sep-22,Exports: Vanuatu,5.4
01-Sep-22,Exports: Venezuela,0.1
01-Sep-22,Exports: Vietnam,2375.8
01-Sep-22,Exports: Yemen,1.5
01-Sep-22,Exports: Zambia,0.4
01-Sep-22,Exports: Zimbabwe,0.2
01-Oct-22,Exports: Afghanistan,0.3
01-Oct-22,Exports: Algeria,5.6
01-Oct-22,Exports: Angola,8.8
01-Oct-22,Exports: Antigua and Barbuda,6.5
01-Oct-22,Exports: Argentina,23.6
01-Oct-22,Exports: Australia,1628.7
01-Oct-22,Exports: Austria,60
01-Oct-22,Exports: Bahamas,110.7
01-Oct-22,Exports: Bahrain,121.6
01-Oct-22,Exports: Bangladesh,465.4
01-Oct-22,Exports: Belarus,0.1
01-Oct-22,Exports: Belgium,350.6
01-Oct-22,Exports: Benin,0.4
01-Oct-22,Exports: Bermuda,19.8
01-Oct-22,Exports: Brazil,202.4
01-Oct-22,Exports: Brunei,67.1
01-Oct-22,Exports: Bulgaria,6.1
01-Oct-22,Exports: Cambodia,594.4
01-Oct-22,Exports: Cameroon,1.5
01-Oct-22,Exports: Canada,110
01-Oct-22,Exports: Chile,7.2
01-Oct-22,Exports: China,7810.5
01-Oct-22,Exports: Christmas Islands,0
01-Oct-22,Exports: Colombia,16.1
01-Oct-22,Exports: Comoros,0.4
01-Oct-22,Exports: Costa Rica,15.7
01-Oct-22,Exports: Cote D'ivoire,2.8
01-Oct-22,Exports: Croatia,2.7
01-Oct-22,Exports: Cuba,0.3
01-Oct-22,Exports: Cyprus,62.3
01-Oct-22,"Exports: Czech, Republic",43.7
01-Oct-22,Exports: Denmark,67.3
01-Oct-22,Exports: Djibouti,14.9
01-Oct-22,Exports: Dominican Rep,3.1
01-Oct-22,Exports: Ecuador,6.7
01-Oct-22,Exports: Egypt,19.6
01-Oct-22,Exports: El Salvador,0.7
01-Oct-22,Exports: Estonia,1.3
01-Oct-22,Exports: Eswatini,0
01-Oct-22,Exports: Ethiopia,3.5
01-Oct-22,Exports: Fiji,70.9
01-Oct-22,Exports: Finland,65.3
01-Oct-22,Exports: France,530
01-Oct-22,Exports: French Polynesia,34.6
01-Oct-22,Exports: Gabon,2.7
01-Oct-22,Exports: Germany,1035.3
01-Oct-22,Exports: Ghana,8.1
01-Oct-22,Exports: Greece,121.4
01-Oct-22,Exports: Guam,76.6
01-Oct-22,Exports: Guatemala,1.4
01-Oct-22,Exports: Guinea,1.6
01-Oct-22,Exports: Guyana,6.1
01-Oct-22,Exports: Honduras,0.8
01-Oct-22,Exports: Hong Kong SAR (China),5137.2
01-Oct-22,Exports: Hungary,39.9
01-Oct-22,Exports: India,1395.9
01-Oct-22,Exports: Indonesia,4076
01-Oct-22,Exports: Iran,2.6
01-Oct-22,Exports: Ireland,117.7
01-Oct-22,Exports: Israel,78.5
01-Oct-22,Exports: Italy,155.6
01-Oct-22,Exports: Jamaica,1
01-Oct-22,Exports: Japan,2406.7
01-Oct-22,Exports: Jordan,7.3
01-Oct-22,Exports: Kazakhstan,2
01-Oct-22,Exports: Kenya,18.1
01-Oct-22,Exports: Kuwait,40.9
01-Oct-22,Exports: Lao Peo Dem Rep,7.2
01-Oct-22,Exports: Latvia,7.8
01-Oct-22,Exports: Lebanon,1.1
01-Oct-22,Exports: Liberia,668
01-Oct-22,Exports: Libyan Arab Jamahiriya,2.4
01-Oct-22,Exports: Lithuania,4.2
01-Oct-22,Exports: Luxembourg,6.3
01-Oct-22,Exports: Macau SAR (China),22
01-Oct-22,Exports: Madagascar,13.4
01-Oct-22,Exports: Malaysia,6233.8
01-Oct-22,Exports: Maldives Rep of,21.8
01-Oct-22,Exports: Malta,220.1
01-Oct-22,Exports: Marshall Islands,614.7
01-Oct-22,Exports: Mauritius,5.6
01-Oct-22,Exports: Mexico,282.6
01-Oct-22,Exports: Mongolian Peo Rep,8.2
01-Oct-22,Exports: Morocco,48.9
01-Oct-22,Exports: Mozambique,25.6
01-Oct-22,Exports: Myanmar,461.9
01-Oct-22,Exports: Nepal,13.4
01-Oct-22,Exports: Netherlands Antilles,0
01-Oct-22,Exports: Netherlands,1190
01-Oct-22,Exports: New Caledonia,38.8
01-Oct-22,Exports: New Zealand,499.5
01-Oct-22,Exports: Nigeria,13.3
01-Oct-22,Exports: Northern Mariana Islands,8.8
01-Oct-22,Exports: Norway,57.5
01-Oct-22,Exports: Oman,45.9
01-Oct-22,Exports: Other Countries of Africa,86
01-Oct-22,Exports: Other Countries of America,25.5
01-Oct-22,Exports: Other Countries of Asia,13.8
01-Oct-22,Exports: Other Countries of Europe,31.9
01-Oct-22,Exports: Other Countries of Oceania,13.6
01-Oct-22,Exports: Pakistan,66.7
01-Oct-22,Exports: Panama,680.8
01-Oct-22,Exports: Papua New Guinea,102.5
01-Oct-22,Exports: Paraguay,1
01-Oct-22,Exports: Peru,7.9
01-Oct-22,Exports: Philippines,1229.1
01-Oct-22,Exports: Poland,47.9
01-Oct-22,Exports: Portugal,81.8
01-Oct-22,Exports: Puerto Rico,49.1
01-Oct-22,Exports: Qatar,99.7
01-Oct-22,Exports: Reunion,28
01-Oct-22,Exports: Romania,10.6
01-Oct-22,Exports: Russia,14.5
01-Oct-22,Exports: Saint Vincent and the Grenadines,0
01-Oct-22,Exports: Samoa,14
01-Oct-22,Exports: Saudi Arabia,242.2
01-Oct-22,Exports: Seychelles,1.6
01-Oct-22,Exports: Slovak Republic,11.5
01-Oct-22,Exports: Slovenia,5.2
01-Oct-22,Exports: Solomon Islands,7.7
01-Oct-22,Exports: South Africa,176.6
01-Oct-22,Exports: South Korea,2330.1
01-Oct-22,Exports: Spain,32.2
01-Oct-22,Exports: Sri Lanka,93.1
01-Oct-22,Exports: Sudan,0
01-Oct-22,Exports: Sweden,21.4
01-Oct-22,Exports: Switzerland,362
01-Oct-22,Exports: Syrian Arab Rep,0.1
01-Oct-22,Exports: Taiwan,3034.2
01-Oct-22,Exports: Tanzania,15.6
01-Oct-22,Exports: Thailand,1965.6
01-Oct-22,Exports: Trinidad & Tobago,1.7
01-Oct-22,Exports: Tunisia,5
01-Oct-22,Exports: Turkey,91.3
01-Oct-22,Exports: USA,5070.8
01-Oct-22,Exports: Ukraine,0.2
01-Oct-22,Exports: United Arab Emirates,573.3
01-Oct-22,Exports: United Kingdom,357.2
01-Oct-22,Exports: Uruguay,1.9
01-Oct-22,Exports: Vanuatu,4.1
01-Oct-22,Exports: Venezuela,0.7
01-Oct-22,Exports: Vietnam,1730.6
01-Oct-22,Exports: Yemen,0.7
01-Oct-22,Exports: Zambia,1.3
01-Oct-22,Exports: Zimbabwe,0.2
01-Nov-22,Exports: Afghanistan,0.3
01-Nov-22,Exports: Algeria,1.6
01-Nov-22,Exports: Angola,10
01-Nov-22,Exports: Antigua and Barbuda,13
01-Nov-22,Exports: Argentina,20.7
01-Nov-22,Exports: Australia,1794
01-Nov-22,Exports: Austria,40
01-Nov-22,Exports: Bahamas,107
01-Nov-22,Exports: Bahrain,21
01-Nov-22,Exports: Bangladesh,339.8
01-Nov-22,Exports: Belarus,0.1
01-Nov-22,Exports: Belgium,756.8
01-Nov-22,Exports: Benin,1.3
01-Nov-22,Exports: Bermuda,17.5
01-Nov-22,Exports: Brazil,170.7
01-Nov-22,Exports: Brunei,65.5
01-Nov-22,Exports: Bulgaria,6.9
01-Nov-22,Exports: Cambodia,281
01-Nov-22,Exports: Cameroon,4.3
01-Nov-22,Exports: Canada,97
01-Nov-22,Exports: Chile,8.7
01-Nov-22,Exports: China,6773
01-Nov-22,Exports: Christmas Islands,0
01-Nov-22,Exports: Colombia,13.5
01-Nov-22,Exports: Comoros,0.6
01-Nov-22,Exports: Costa Rica,13.5
01-Nov-22,Exports: Cote D'ivoire,2.9
01-Nov-22,Exports: Croatia,3.3
01-Nov-22,Exports: Cuba,0.2
01-Nov-22,Exports: Cyprus,57.8
01-Nov-22,"Exports: Czech, Republic",25.3
01-Nov-22,Exports: Denmark,29.2
01-Nov-22,Exports: Djibouti,5.1
01-Nov-22,Exports: Dominican Rep,3.5
01-Nov-22,Exports: Ecuador,6.2
01-Nov-22,Exports: Egypt,64.5
01-Nov-22,Exports: El Salvador,10.3
01-Nov-22,Exports: Estonia,1
01-Nov-22,Exports: Eswatini,0
01-Nov-22,Exports: Ethiopia,2.1
01-Nov-22,Exports: Fiji,55.6
01-Nov-22,Exports: Finland,19.9
01-Nov-22,Exports: France,324.5
01-Nov-22,Exports: French Polynesia,17.1
01-Nov-22,Exports: Gabon,5.5
01-Nov-22,Exports: Germany,927.1
01-Nov-22,Exports: Ghana,5.2
01-Nov-22,Exports: Greece,126.7
01-Nov-22,Exports: Guam,49.4
01-Nov-22,Exports: Guatemala,34.6
01-Nov-22,Exports: Guinea,1.7
01-Nov-22,Exports: Guyana,5.8
01-Nov-22,Exports: Honduras,0.9
01-Nov-22,Exports: Hong Kong SAR (China),5302.4
01-Nov-22,Exports: Hungary,63.6
01-Nov-22,Exports: India,1467.2
01-Nov-22,Exports: Indonesia,4082.8
01-Nov-22,Exports: Iran,1.1
01-Nov-22,Exports: Ireland,33.2
01-Nov-22,Exports: Israel,122.7
01-Nov-22,Exports: Italy,167.5
01-Nov-22,Exports: Jamaica,0.5
01-Nov-22,Exports: Japan,2504.5
01-Nov-22,Exports: Jordan,8.4
01-Nov-22,Exports: Kazakhstan,4.3
01-Nov-22,Exports: Kenya,23.7
01-Nov-22,Exports: Kuwait,44.9
01-Nov-22,Exports: Lao Peo Dem Rep,2.9
01-Nov-22,Exports: Latvia,2.8
01-Nov-22,Exports: Lebanon,2.8
01-Nov-22,Exports: Liberia,745.4
01-Nov-22,Exports: Libyan Arab Jamahiriya,3
01-Nov-22,Exports: Lithuania,3
01-Nov-22,Exports: Luxembourg,4.7
01-Nov-22,Exports: Macau SAR (China),42.9
01-Nov-22,Exports: Madagascar,19.6
01-Nov-22,Exports: Malaysia,5557.1
01-Nov-22,Exports: Maldives Rep of,34.8
01-Nov-22,Exports: Malta,245.2
01-Nov-22,Exports: Marshall Islands,599.2
01-Nov-22,Exports: Mauritius,16.1
01-Nov-22,Exports: Mexico,277.1
01-Nov-22,Exports: Mongolian Peo Rep,16.7
01-Nov-22,Exports: Morocco,52.3
01-Nov-22,Exports: Mozambique,17.7
01-Nov-22,Exports: Myanmar,392.7
01-Nov-22,Exports: Nepal,12
01-Nov-22,Exports: Netherlands Antilles,0
01-Nov-22,Exports: Netherlands,1191
01-Nov-22,Exports: New Caledonia,15.6
01-Nov-22,Exports: New Zealand,573.7
01-Nov-22,Exports: Nigeria,131.9
01-Nov-22,Exports: Northern Mariana Islands,9
01-Nov-22,Exports: Norway,61.5
01-Nov-22,Exports: Oman,16.7
01-Nov-22,Exports: Other Countries of Africa,48.4
01-Nov-22,Exports: Other Countries of America,29.7
01-Nov-22,Exports: Other Countries of Asia,14.5
01-Nov-22,Exports: Other Countries of Europe,54
01-Nov-22,Exports: Other Countries of Oceania,24.9
01-Nov-22,Exports: Pakistan,111.3
01-Nov-22,Exports: Panama,705.7
01-Nov-22,Exports: Papua New Guinea,80.3
01-Nov-22,Exports: Paraguay,0.6
01-Nov-22,Exports: Peru,8.7
01-Nov-22,Exports: Philippines,1118.2
01-Nov-22,Exports: Poland,63.2
01-Nov-22,Exports: Portugal,74
01-Nov-22,Exports: Puerto Rico,56.3
01-Nov-22,Exports: Qatar,172
01-Nov-22,Exports: Reunion,18.3
01-Nov-22,Exports: Romania,25.7
01-Nov-22,Exports: Russia,15.2
01-Nov-22,Exports: Saint Vincent and the Grenadines,1.6
01-Nov-22,Exports: Samoa,15.6
01-Nov-22,Exports: Saudi Arabia,106.4
01-Nov-22,Exports: Seychelles,1.6
01-Nov-22,Exports: Slovak Republic,2.5
01-Nov-22,Exports: Slovenia,6.2
01-Nov-22,Exports: Solomon Islands,7.1
01-Nov-22,Exports: South Africa,321
01-Nov-22,Exports: South Korea,2165.1
01-Nov-22,Exports: Spain,23.5
01-Nov-22,Exports: Sri Lanka,133.3
01-Nov-22,Exports: Sudan,1.5
01-Nov-22,Exports: Sweden,18.9
01-Nov-22,Exports: Switzerland,328.4
01-Nov-22,Exports: Syrian Arab Rep,0.1
01-Nov-22,Exports: Taiwan,2667.6
01-Nov-22,Exports: Tanzania,9.1
01-Nov-22,Exports: Thailand,1762.6
01-Nov-22,Exports: Trinidad & Tobago,2.1
01-Nov-22,Exports: Tunisia,4.9
01-Nov-22,Exports: Turkey,141
01-Nov-22,Exports: USA,4787.4
01-Nov-22,Exports: Ukraine,0
01-Nov-22,Exports: United Arab Emirates,901.3
01-Nov-22,Exports: United Kingdom,322.6
01-Nov-22,Exports: Uruguay,0.9
01-Nov-22,Exports: Vanuatu,1.7
01-Nov-22,Exports: Venezuela,0.5
01-Nov-22,Exports: Vietnam,1568.7
01-Nov-22,Exports: Yemen,1.3
01-Nov-22,Exports: Zambia,3.7
01-Nov-22,Exports: Zimbabwe,0
01-Dec-22,Exports: Afghanistan,0.2
01-Dec-22,Exports: Algeria,6.7
01-Dec-22,Exports: Angola,3.2
01-Dec-22,Exports: Antigua and Barbuda,9
01-Dec-22,Exports: Argentina,22.1
01-Dec-22,Exports: Australia,1711.3
01-Dec-22,Exports: Austria,49.4
01-Dec-22,Exports: Bahamas,103.1
01-Dec-22,Exports: Bahrain,24.2
01-Dec-22,Exports: Bangladesh,294
01-Dec-22,Exports: Belarus,0
01-Dec-22,Exports: Belgium,432.4
01-Dec-22,Exports: Benin,0.4
01-Dec-22,Exports: Bermuda,1
01-Dec-22,Exports: Brazil,227.4
01-Dec-22,Exports: Brunei,75.9
01-Dec-22,Exports: Bulgaria,3.2
01-Dec-22,Exports: Cambodia,195
01-Dec-22,Exports: Cameroon,1.5
01-Dec-22,Exports: Canada,113.6
01-Dec-22,Exports: Chile,8.6
01-Dec-22,Exports: China,6374.2
01-Dec-22,Exports: Christmas Islands,0
01-Dec-22,Exports: Colombia,12
01-Dec-22,Exports: Comoros,1.1
01-Dec-22,Exports: Costa Rica,14.5
01-Dec-22,Exports: Cote D'ivoire,3.3
01-Dec-22,Exports: Croatia,4.4
01-Dec-22,Exports: Cuba,0
01-Dec-22,Exports: Cyprus,48.8
01-Dec-22,"Exports: Czech, Republic",23.4
01-Dec-22,Exports: Denmark,31.1
01-Dec-22,Exports: Djibouti,4.8
01-Dec-22,Exports: Dominican Rep,1.8
01-Dec-22,Exports: Ecuador,7.2
01-Dec-22,Exports: Egypt,51.6
01-Dec-22,Exports: El Salvador,1.1
01-Dec-22,Exports: Estonia,0.7
01-Dec-22,Exports: Eswatini,0
01-Dec-22,Exports: Ethiopia,5.1
01-Dec-22,Exports: Fiji,71.4
01-Dec-22,Exports: Finland,71.7
01-Dec-22,Exports: France,402.2
01-Dec-22,Exports: French Polynesia,2.4
01-Dec-22,Exports: Gabon,1.3
01-Dec-22,Exports: Germany,809.3
01-Dec-22,Exports: Ghana,4.4
01-Dec-22,Exports: Greece,131.2
01-Dec-22,Exports: Guam,41.2
01-Dec-22,Exports: Guatemala,7.1
01-Dec-22,Exports: Guinea,1.1
01-Dec-22,Exports: Guyana,2.7
01-Dec-22,Exports: Honduras,1.5
01-Dec-22,Exports: Hong Kong SAR (China),7404
01-Dec-22,Exports: Hungary,47.8
01-Dec-22,Exports: India,1703
01-Dec-22,Exports: Indonesia,3740.3
01-Dec-22,Exports: Iran,0.5
01-Dec-22,Exports: Ireland,177.2
01-Dec-22,Exports: Israel,105.7
01-Dec-22,Exports: Italy,128.6
01-Dec-22,Exports: Jamaica,0.8
01-Dec-22,Exports: Japan,2271.6
01-Dec-22,Exports: Jordan,15
01-Dec-22,Exports: Kazakhstan,4.4
01-Dec-22,Exports: Kenya,23.5
01-Dec-22,Exports: Kuwait,46.1
01-Dec-22,Exports: Lao Peo Dem Rep,4.6
01-Dec-22,Exports: Latvia,7.4
01-Dec-22,Exports: Lebanon,1.7
01-Dec-22,Exports: Liberia,635.4
01-Dec-22,Exports: Libyan Arab Jamahiriya,2.9
01-Dec-22,Exports: Lithuania,1.2
01-Dec-22,Exports: Luxembourg,25.9
01-Dec-22,Exports: Macau SAR (China),29.3
01-Dec-22,Exports: Madagascar,12.7
01-Dec-22,Exports: Malaysia,5154.8
01-Dec-22,Exports: Maldives Rep of,27.9
01-Dec-22,Exports: Malta,243.2
01-Dec-22,Exports: Marshall Islands,644.5
01-Dec-22,Exports: Mauritius,4.6
01-Dec-22,Exports: Mexico,224.9
01-Dec-22,Exports: Mongolian Peo Rep,12.5
01-Dec-22,Exports: Morocco,34.8
01-Dec-22,Exports: Mozambique,49.4
01-Dec-22,Exports: Myanmar,449.5
01-Dec-22,Exports: Nepal,18.7
01-Dec-22,Exports: Netherlands Antilles,0
01-Dec-22,Exports: Netherlands,1243.3
01-Dec-22,Exports: New Caledonia,32.5
01-Dec-22,Exports: New Zealand,397.8
01-Dec-22,Exports: Nigeria,15.2
01-Dec-22,Exports: Northern Mariana Islands,5.2
01-Dec-22,Exports: Norway,63.6
01-Dec-22,Exports: Oman,18.2
01-Dec-22,Exports: Other Countries of Africa,23.5
01-Dec-22,Exports: Other Countries of America,24.5
01-Dec-22,Exports: Other Countries of Asia,13.4
01-Dec-22,Exports: Other Countries of Europe,29.3
01-Dec-22,Exports: Other Countries of Oceania,17.1
01-Dec-22,Exports: Pakistan,183.9
01-Dec-22,Exports: Panama,740.3
01-Dec-22,Exports: Papua New Guinea,84.4
01-Dec-22,Exports: Paraguay,0.6
01-Dec-22,Exports: Peru,11.8
01-Dec-22,Exports: Philippines,1116.5
01-Dec-22,Exports: Poland,53.1
01-Dec-22,Exports: Portugal,123.3
01-Dec-22,Exports: Puerto Rico,4.2
01-Dec-22,Exports: Qatar,64.5
01-Dec-22,Exports: Reunion,57.8
01-Dec-22,Exports: Romania,11.9
01-Dec-22,Exports: Russia,21.8
01-Dec-22,Exports: Saint Vincent and the Grenadines,0.7
01-Dec-22,Exports: Samoa,19
01-Dec-22,Exports: Saudi Arabia,102.9
01-Dec-22,Exports: Seychelles,2.1
01-Dec-22,Exports: Slovak Republic,1.2
01-Dec-22,Exports: Slovenia,4.5
01-Dec-22,Exports: Solomon Islands,6
01-Dec-22,Exports: South Africa,122.6
01-Dec-22,Exports: South Korea,2865.7
01-Dec-22,Exports: Spain,46.2
01-Dec-22,Exports: Sri Lanka,134
01-Dec-22,Exports: Sudan,0.2
01-Dec-22,Exports: Sweden,14.1
01-Dec-22,Exports: Switzerland,311.7
01-Dec-22,Exports: Syrian Arab Rep,0.3
01-Dec-22,Exports: Taiwan,2768.6
01-Dec-22,Exports: Tanzania,10.7
01-Dec-22,Exports: Thailand,1790.4
01-Dec-22,Exports: Trinidad & Tobago,1.9
01-Dec-22,Exports: Tunisia,4.5
01-Dec-22,Exports: Turkey,126.6
01-Dec-22,Exports: USA,4671.2
01-Dec-22,Exports: Ukraine,0
01-Dec-22,Exports: United Arab Emirates,625.8
01-Dec-22,Exports: United Kingdom,360.9
01-Dec-22,Exports: Uruguay,3.8
01-Dec-22,Exports: Vanuatu,2
01-Dec-22,Exports: Venezuela,0
01-Dec-22,Exports: Vietnam,1958.8
01-Dec-22,Exports: Yemen,0.6
01-Dec-22,Exports: Zambia,0.1
01-Dec-22,Exports: Zimbabwe,0.1
01-Jan-23,Exports: Afghanistan,0.1
01-Jan-23,Exports: Algeria,3.2
01-Jan-23,Exports: Angola,5.7
01-Jan-23,Exports: Antigua and Barbuda,5.6
01-Jan-23,Exports: Argentina,17.7
01-Jan-23,Exports: Australia,1564.7
01-Jan-23,Exports: Austria,34.1
01-Jan-23,Exports: Bahamas,121.6
01-Jan-23,Exports: Bahrain,34.4
01-Jan-23,Exports: Bangladesh,272.9
01-Jan-23,Exports: Belarus,0
01-Jan-23,Exports: Belgium,873.2
01-Jan-23,Exports: Benin,0.9
01-Jan-23,Exports: Bermuda,14.5
01-Jan-23,Exports: Brazil,331.5
01-Jan-23,Exports: Brunei,61.2
01-Jan-23,Exports: Bulgaria,3.7
01-Jan-23,Exports: Cambodia,164.8
01-Jan-23,Exports: Cameroon,3.8
01-Jan-23,Exports: Canada,93.9
01-Jan-23,Exports: Chile,45
01-Jan-23,Exports: China,6018.8
01-Jan-23,Exports: Christmas Islands,0
01-Jan-23,Exports: Colombia,12.2
01-Jan-23,Exports: Comoros,0.1
01-Jan-23,Exports: Costa Rica,7.8
01-Jan-23,Exports: Cote D'ivoire,4.4
01-Jan-23,Exports: Croatia,3.9
01-Jan-23,Exports: Cuba,0
01-Jan-23,Exports: Cyprus,63.2
01-Jan-23,"Exports: Czech, Republic",40
01-Jan-23,Exports: Denmark,27.1
01-Jan-23,Exports: Djibouti,1.3
01-Jan-23,Exports: Dominican Rep,2.2
01-Jan-23,Exports: Ecuador,7.4
01-Jan-23,Exports: Egypt,43.3
01-Jan-23,Exports: El Salvador,0.8
01-Jan-23,Exports: Estonia,1.9
01-Jan-23,Exports: Eswatini,0.4
01-Jan-23,Exports: Ethiopia,2.9
01-Jan-23,Exports: Fiji,57.8
01-Jan-23,Exports: Finland,89.9
01-Jan-23,Exports: France,501.8
01-Jan-23,Exports: French Polynesia,2.1
01-Jan-23,Exports: Gabon,5.7
01-Jan-23,Exports: Germany,1162
01-Jan-23,Exports: Ghana,5.4
01-Jan-23,Exports: Greece,123
01-Jan-23,Exports: Guam,72.7
01-Jan-23,Exports: Guatemala,2.1
01-Jan-23,Exports: Guinea,1.7
01-Jan-23,Exports: Guyana,2.1
01-Jan-23,Exports: Honduras,1.2
01-Jan-23,Exports: Hong Kong SAR (China),3884.2
01-Jan-23,Exports: Hungary,43.3
01-Jan-23,Exports: India,1421.5
01-Jan-23,Exports: Indonesia,3879.3
01-Jan-23,Exports: Iran,1.7
01-Jan-23,Exports: Ireland,74.8
01-Jan-23,Exports: Israel,60.7
01-Jan-23,Exports: Italy,165.3
01-Jan-23,Exports: Jamaica,1
01-Jan-23,Exports: Japan,2126.1
01-Jan-23,Exports: Jordan,11.8
01-Jan-23,Exports: Kazakhstan,2.3
01-Jan-23,Exports: Kenya,24.9
01-Jan-23,Exports: Kuwait,33.3
01-Jan-23,Exports: Lao Peo Dem Rep,6.3
01-Jan-23,Exports: Latvia,16.1
01-Jan-23,Exports: Lebanon,6.4
01-Jan-23,Exports: Liberia,565.8
01-Jan-23,Exports: Libyan Arab Jamahiriya,0.7
01-Jan-23,Exports: Lithuania,43.9
01-Jan-23,Exports: Luxembourg,26.2
01-Jan-23,Exports: Macau SAR (China),22.6
01-Jan-23,Exports: Madagascar,0.8
01-Jan-23,Exports: Malaysia,4980.1
01-Jan-23,Exports: Maldives Rep of,20.3
01-Jan-23,Exports: Malta,169.6
01-Jan-23,Exports: Marshall Islands,500.5
01-Jan-23,Exports: Mauritius,11.9
01-Jan-23,Exports: Mexico,214.3
01-Jan-23,Exports: Mongolian Peo Rep,11.9
01-Jan-23,Exports: Morocco,40.1
01-Jan-23,Exports: Mozambique,1.6
01-Jan-23,Exports: Myanmar,506.9
01-Jan-23,Exports: Nepal,28.7
01-Jan-23,Exports: Netherlands Antilles,0
01-Jan-23,Exports: Netherlands,841.5
01-Jan-23,Exports: New Caledonia,68.2
01-Jan-23,Exports: New Zealand,451.5
01-Jan-23,Exports: Nigeria,9.4
01-Jan-23,Exports: Northern Mariana Islands,10.2
01-Jan-23,Exports: Norway,77.6
01-Jan-23,Exports: Oman,23.5
01-Jan-23,Exports: Other Countries of Africa,19.5
01-Jan-23,Exports: Other Countries of America,16.7
01-Jan-23,Exports: Other Countries of Asia,16.2
01-Jan-23,Exports: Other Countries of Europe,31.7
01-Jan-23,Exports: Other Countries of Oceania,15.2
01-Jan-23,Exports: Pakistan,148.2
01-Jan-23,Exports: Panama,566.9
01-Jan-23,Exports: Papua New Guinea,80.1
01-Jan-23,Exports: Paraguay,0.1
01-Jan-23,Exports: Peru,8.7
01-Jan-23,Exports: Philippines,1200.5
01-Jan-23,Exports: Poland,64.2
01-Jan-23,Exports: Portugal,60.7
01-Jan-23,Exports: Puerto Rico,72.3
01-Jan-23,Exports: Qatar,85.9
01-Jan-23,Exports: Reunion,0.8
01-Jan-23,Exports: Romania,20.7
01-Jan-23,Exports: Russia,12.9
01-Jan-23,Exports: Saint Vincent and the Grenadines,0.6
01-Jan-23,Exports: Samoa,10.4
01-Jan-23,Exports: Saudi Arabia,103.3
01-Jan-23,Exports: Seychelles,0.8
01-Jan-23,Exports: Slovak Republic,2.2
01-Jan-23,Exports: Slovenia,9.6
01-Jan-23,Exports: Solomon Islands,3.7
01-Jan-23,Exports: South Africa,48.6
01-Jan-23,Exports: South Korea,2099.7
01-Jan-23,Exports: Spain,43.2
01-Jan-23,Exports: Sri Lanka,115.7
01-Jan-23,Exports: Sudan,0.3
01-Jan-23,Exports: Sweden,29.3
01-Jan-23,Exports: Switzerland,311
01-Jan-23,Exports: Syrian Arab Rep,0
01-Jan-23,Exports: Taiwan,2302.7
01-Jan-23,Exports: Tanzania,63.7
01-Jan-23,Exports: Thailand,2311.3
01-Jan-23,Exports: Trinidad & Tobago,0.6
01-Jan-23,Exports: Tunisia,4.9
01-Jan-23,Exports: Turkey,98.3
01-Jan-23,Exports: USA,4251.5
01-Jan-23,Exports: Ukraine,0.2
01-Jan-23,Exports: United Arab Emirates,612
01-Jan-23,Exports: United Kingdom,415.7
01-Jan-23,Exports: Uruguay,2.1
01-Jan-23,Exports: Vanuatu,7.2
01-Jan-23,Exports: Venezuela,0.3
01-Jan-23,Exports: Vietnam,1938.9
01-Jan-23,Exports: Yemen,1.1
01-Jan-23,Exports: Zambia,0.2
01-Jan-23,Exports: Zimbabwe,0.2
01-Feb-23,Exports: Afghanistan,0
01-Feb-23,Exports: Algeria,0.9
01-Feb-23,Exports: Angola,8.9
01-Feb-23,Exports: Antigua and Barbuda,11.3
01-Feb-23,Exports: Argentina,21.8
01-Feb-23,Exports: Australia,1734.9
01-Feb-23,Exports: Austria,37.3
01-Feb-23,Exports: Bahamas,81.6
01-Feb-23,Exports: Bahrain,34.4
01-Feb-23,Exports: Bangladesh,522.9
01-Feb-23,Exports: Belarus,0.1
01-Feb-23,Exports: Belgium,391.7
01-Feb-23,Exports: Benin,0.2
01-Feb-23,Exports: Bermuda,4.8
01-Feb-23,Exports: Brazil,200.7
01-Feb-23,Exports: Brunei,84.4
01-Feb-23,Exports: Bulgaria,3.4
01-Feb-23,Exports: Cambodia,280.1
01-Feb-23,Exports: Cameroon,7.8
01-Feb-23,Exports: Canada,110.3
01-Feb-23,Exports: Chile,7.8
01-Feb-23,Exports: China,7078.2
01-Feb-23,Exports: Christmas Islands,0
01-Feb-23,Exports: Colombia,11
01-Feb-23,Exports: Comoros,0.3
01-Feb-23,Exports: Costa Rica,7.4
01-Feb-23,Exports: Cote D'ivoire,1.5
01-Feb-23,Exports: Croatia,6.2
01-Feb-23,Exports: Cuba,0.4
01-Feb-23,Exports: Cyprus,59.6
01-Feb-23,"Exports: Czech, Republic",31.9
01-Feb-23,Exports: Denmark,32
01-Feb-23,Exports: Djibouti,0.7
01-Feb-23,Exports: Dominican Rep,1.2
01-Feb-23,Exports: Ecuador,3.5
01-Feb-23,Exports: Egypt,22.8
01-Feb-23,Exports: El Salvador,0.4
01-Feb-23,Exports: Estonia,1.4
01-Feb-23,Exports: Eswatini,0
01-Feb-23,Exports: Ethiopia,3.4
01-Feb-23,Exports: Fiji,39
01-Feb-23,Exports: Finland,60.2
01-Feb-23,Exports: France,334.3
01-Feb-23,Exports: French Polynesia,4.4
01-Feb-23,Exports: Gabon,7
01-Feb-23,Exports: Germany,917.3
01-Feb-23,Exports: Ghana,4.4
01-Feb-23,Exports: Greece,103.4
01-Feb-23,Exports: Guam,43.1
01-Feb-23,Exports: Guatemala,3.5
01-Feb-23,Exports: Guinea,0.6
01-Feb-23,Exports: Guyana,4.6
01-Feb-23,Exports: Honduras,0.8
01-Feb-23,Exports: Hong Kong SAR (China),4532.8
01-Feb-23,Exports: Hungary,90.5
01-Feb-23,Exports: India,1447.1
01-Feb-23,Exports: Indonesia,4193.4
01-Feb-23,Exports: Iran,0.8
01-Feb-23,Exports: Ireland,101.5
01-Feb-23,Exports: Israel,107.5
01-Feb-23,Exports: Italy,141.9
01-Feb-23,Exports: Jamaica,0.8
01-Feb-23,Exports: Japan,2221.3
01-Feb-23,Exports: Jordan,10.5
01-Feb-23,Exports: Kazakhstan,4.7
01-Feb-23,Exports: Kenya,24.8
01-Feb-23,Exports: Kuwait,50.5
01-Feb-23,Exports: Lao Peo Dem Rep,7.7
01-Feb-23,Exports: Latvia,13.4
01-Feb-23,Exports: Lebanon,2.6
01-Feb-23,Exports: Liberia,658.2
01-Feb-23,Exports: Libyan Arab Jamahiriya,1
01-Feb-23,Exports: Lithuania,4
01-Feb-23,Exports: Luxembourg,19.8
01-Feb-23,Exports: Macau SAR (China),43
01-Feb-23,Exports: Madagascar,0.6
01-Feb-23,Exports: Malaysia,4802.1
01-Feb-23,Exports: Maldives Rep of,28.9
01-Feb-23,Exports: Malta,196.7
01-Feb-23,Exports: Marshall Islands,584.5
01-Feb-23,Exports: Mauritius,4.3
01-Feb-23,Exports: Mexico,261.2
01-Feb-23,Exports: Mongolian Peo Rep,15.7
01-Feb-23,Exports: Morocco,44.5
01-Feb-23,Exports: Mozambique,5.3
01-Feb-23,Exports: Myanmar,483
01-Feb-23,Exports: Nepal,19.8
01-Feb-23,Exports: Netherlands Antilles,0
01-Feb-23,Exports: Netherlands,924.6
01-Feb-23,Exports: New Caledonia,21.9
01-Feb-23,Exports: New Zealand,388.8
01-Feb-23,Exports: Nigeria,12.9
01-Feb-23,Exports: Northern Mariana Islands,8.8
01-Feb-23,Exports: Norway,44.5
01-Feb-23,Exports: Oman,19.6
01-Feb-23,Exports: Other Countries of Africa,13.5
01-Feb-23,Exports: Other Countries of America,20.2
01-Feb-23,Exports: Other Countries of Asia,14.8
01-Feb-23,Exports: Other Countries of Europe,41.8
01-Feb-23,Exports: Other Countries of Oceania,12
01-Feb-23,Exports: Pakistan,89
01-Feb-23,Exports: Panama,549
01-Feb-23,Exports: Papua New Guinea,82.6
01-Feb-23,Exports: Paraguay,0.3
01-Feb-23,Exports: Peru,7.6
01-Feb-23,Exports: Philippines,1031.8
01-Feb-23,Exports: Poland,45.6
01-Feb-23,Exports: Portugal,64.4
01-Feb-23,Exports: Puerto Rico,47.9
01-Feb-23,Exports: Qatar,95.6
01-Feb-23,Exports: Reunion,9.9
01-Feb-23,Exports: Romania,14.6
01-Feb-23,Exports: Russia,16.2
01-Feb-23,Exports: Saint Vincent and the Grenadines,0.5
01-Feb-23,Exports: Samoa,0.3
01-Feb-23,Exports: Saudi Arabia,98.8
01-Feb-23,Exports: Seychelles,2.3
01-Feb-23,Exports: Slovak Republic,3
01-Feb-23,Exports: Slovenia,4.3
01-Feb-23,Exports: Solomon Islands,4.8
01-Feb-23,Exports: South Africa,83.8
01-Feb-23,Exports: South Korea,1847.6
01-Feb-23,Exports: Spain,64.5
01-Feb-23,Exports: Sri Lanka,65.4
01-Feb-23,Exports: Sudan,0.7
01-Feb-23,Exports: Sweden,26.3
01-Feb-23,Exports: Switzerland,510.9
01-Feb-23,Exports: Syrian Arab Rep,1
01-Feb-23,Exports: Taiwan,2079.8
01-Feb-23,Exports: Tanzania,14.3
01-Feb-23,Exports: Thailand,1813.8
01-Feb-23,Exports: Trinidad & Tobago,1.4
01-Feb-23,Exports: Tunisia,4.5
01-Feb-23,Exports: Turkey,112.8
01-Feb-23,Exports: USA,4523
01-Feb-23,Exports: Ukraine,0.3
01-Feb-23,Exports: United Arab Emirates,518.9
01-Feb-23,Exports: United Kingdom,449.1
01-Feb-23,Exports: Uruguay,1.7
01-Feb-23,Exports: Vanuatu,2.1
01-Feb-23,Exports: Venezuela,0.3
01-Feb-23,Exports: Vietnam,1993.8
01-Feb-23,Exports: Yemen,0.6
01-Feb-23,Exports: Zambia,0.2
01-Feb-23,Exports: Zimbabwe,0
01-Mar-23,Exports: Afghanistan,0
01-Mar-23,Exports: Algeria,3
01-Mar-23,Exports: Angola,8.7
01-Mar-23,Exports: Antigua and Barbuda,13
01-Mar-23,Exports: Argentina,24.7
01-Mar-23,Exports: Australia,2090
01-Mar-23,Exports: Austria,51.1
01-Mar-23,Exports: Bahamas,104.3
01-Mar-23,Exports: Bahrain,13
01-Mar-23,Exports: Bangladesh,443.9
01-Mar-23,Exports: Belarus,0
01-Mar-23,Exports: Belgium,1203.8
01-Mar-23,Exports: Benin,0.8
01-Mar-23,Exports: Bermuda,6.4
01-Mar-23,Exports: Brazil,180
01-Mar-23,Exports: Brunei,102.6
01-Mar-23,Exports: Bulgaria,5.8
01-Mar-23,Exports: Cambodia,255.3
01-Mar-23,Exports: Cameroon,9
01-Mar-23,Exports: Canada,123.9
01-Mar-23,Exports: Chile,13.5
01-Mar-23,Exports: China,7484.7
01-Mar-23,Exports: Christmas Islands,0.1
01-Mar-23,Exports: Colombia,10.2
01-Mar-23,Exports: Comoros,0.2
01-Mar-23,Exports: Costa Rica,7.8
01-Mar-23,Exports: Cote D'ivoire,4.9
01-Mar-23,Exports: Croatia,3.7
01-Mar-23,Exports: Cuba,0
01-Mar-23,Exports: Cyprus,50.3
01-Mar-23,"Exports: Czech, Republic",35
01-Mar-23,Exports: Denmark,19.1
01-Mar-23,Exports: Djibouti,1.3
01-Mar-23,Exports: Dominican Rep,2.7
01-Mar-23,Exports: Ecuador,7.4
01-Mar-23,Exports: Egypt,26.7
01-Mar-23,Exports: El Salvador,0.9
01-Mar-23,Exports: Estonia,0.6
01-Mar-23,Exports: Eswatini,0
01-Mar-23,Exports: Ethiopia,2.3
01-Mar-23,Exports: Fiji,26.4
01-Mar-23,Exports: Finland,74.8
01-Mar-23,Exports: France,394.2
01-Mar-23,Exports: French Polynesia,4.3
01-Mar-23,Exports: Gabon,4
01-Mar-23,Exports: Germany,1045.7
01-Mar-23,Exports: Ghana,6
01-Mar-23,Exports: Greece,222
01-Mar-23,Exports: Guam,66.8
01-Mar-23,Exports: Guatemala,2.7
01-Mar-23,Exports: Guinea,1.6
01-Mar-23,Exports: Guyana,7.3
01-Mar-23,Exports: Honduras,0.3
01-Mar-23,Exports: Hong Kong SAR (China),6082.6
01-Mar-23,Exports: Hungary,82
01-Mar-23,Exports: India,1751.5
01-Mar-23,Exports: Indonesia,4043.3
01-Mar-23,Exports: Iran,0.7
01-Mar-23,Exports: Ireland,228.3
01-Mar-23,Exports: Israel,66.5
01-Mar-23,Exports: Italy,162.5
01-Mar-23,Exports: Jamaica,0.9
01-Mar-23,Exports: Japan,2358.7
01-Mar-23,Exports: Jordan,13.7
01-Mar-23,Exports: Kazakhstan,3
01-Mar-23,Exports: Kenya,9.2
01-Mar-23,Exports: Kuwait,46.9
01-Mar-23,Exports: Lao Peo Dem Rep,8.3
01-Mar-23,Exports: Latvia,7
01-Mar-23,Exports: Lebanon,2.9
01-Mar-23,Exports: Liberia,511.4
01-Mar-23,Exports: Libyan Arab Jamahiriya,3
01-Mar-23,Exports: Lithuania,2.6
01-Mar-23,Exports: Luxembourg,50.4
01-Mar-23,Exports: Macau SAR (China),47.6
01-Mar-23,Exports: Madagascar,1.2
01-Mar-23,Exports: Malaysia,5769
01-Mar-23,Exports: Maldives Rep of,30
01-Mar-23,Exports: Malta,161.2
01-Mar-23,Exports: Marshall Islands,480.6
01-Mar-23,Exports: Mauritius,4.6
01-Mar-23,Exports: Mexico,299.7
01-Mar-23,Exports: Mongolian Peo Rep,20.3
01-Mar-23,Exports: Morocco,52.7
01-Mar-23,Exports: Mozambique,2.1
01-Mar-23,Exports: Myanmar,453.5
01-Mar-23,Exports: Nepal,18.1
01-Mar-23,Exports: Netherlands Antilles,0
01-Mar-23,Exports: Netherlands,1118.8
01-Mar-23,Exports: New Caledonia,51.4
01-Mar-23,Exports: New Zealand,424.1
01-Mar-23,Exports: Nigeria,24.9
01-Mar-23,Exports: Northern Mariana Islands,8.9
01-Mar-23,Exports: Norway,63.5
01-Mar-23,Exports: Oman,24.3
01-Mar-23,Exports: Other Countries of Africa,57.2
01-Mar-23,Exports: Other Countries of America,20.6
01-Mar-23,Exports: Other Countries of Asia,45
01-Mar-23,Exports: Other Countries of Europe,42.8
01-Mar-23,Exports: Other Countries of Oceania,12.7
01-Mar-23,Exports: Pakistan,130.4
01-Mar-23,Exports: Panama,612.3
01-Mar-23,Exports: Papua New Guinea,128.9
01-Mar-23,Exports: Paraguay,4.2
01-Mar-23,Exports: Peru,9.3
01-Mar-23,Exports: Philippines,1234.2
01-Mar-23,Exports: Poland,56.5
01-Mar-23,Exports: Portugal,68.1
01-Mar-23,Exports: Puerto Rico,122
01-Mar-23,Exports: Qatar,96
01-Mar-23,Exports: Reunion,12.7
01-Mar-23,Exports: Romania,13.1
01-Mar-23,Exports: Russia,14
01-Mar-23,Exports: Saint Vincent and the Grenadines,0.1
01-Mar-23,Exports: Samoa,10.6
01-Mar-23,Exports: Saudi Arabia,124.8
01-Mar-23,Exports: Seychelles,3.9
01-Mar-23,Exports: Slovak Republic,2.8
01-Mar-23,Exports: Slovenia,2.9
01-Mar-23,Exports: Solomon Islands,4.5
01-Mar-23,Exports: South Africa,72.7
01-Mar-23,Exports: South Korea,2753.8
01-Mar-23,Exports: Spain,29.3
01-Mar-23,Exports: Sri Lanka,142.3
01-Mar-23,Exports: Sudan,2.8
01-Mar-23,Exports: Sweden,24.7
01-Mar-23,Exports: Switzerland,398.1
01-Mar-23,Exports: Syrian Arab Rep,0.1
01-Mar-23,Exports: Taiwan,2338.4
01-Mar-23,Exports: Tanzania,10
01-Mar-23,Exports: Thailand,2101.7
01-Mar-23,Exports: Trinidad & Tobago,1.1
01-Mar-23,Exports: Tunisia,5.2
01-Mar-23,Exports: Turkey,112.4
01-Mar-23,Exports: USA,6676
01-Mar-23,Exports: Ukraine,0.1
01-Mar-23,Exports: United Arab Emirates,685.3
01-Mar-23,Exports: United Kingdom,331.6
01-Mar-23,Exports: Uruguay,2.9
01-Mar-23,Exports: Vanuatu,3.8
01-Mar-23,Exports: Venezuela,0.1
01-Mar-23,Exports: Vietnam,1876.5
01-Mar-23,Exports: Yemen,1.3
01-Mar-23,Exports: Zambia,0.5
01-Mar-23,Exports: Zimbabwe,0.1
01-Apr-23,Exports: Afghanistan,0.1
01-Apr-23,Exports: Algeria,2.4
01-Apr-23,Exports: Angola,9.3
01-Apr-23,Exports: Antigua and Barbuda,9.6
01-Apr-23,Exports: Argentina,22.6
01-Apr-23,Exports: Australia,1442.5
01-Apr-23,Exports: Austria,49.5
01-Apr-23,Exports: Bahamas,86
01-Apr-23,Exports: Bahrain,9.8
01-Apr-23,Exports: Bangladesh,325
01-Apr-23,Exports: Belarus,0.1
01-Apr-23,Exports: Belgium,1411.4
01-Apr-23,Exports: Benin,0.6
01-Apr-23,Exports: Bermuda,5.4
01-Apr-23,Exports: Brazil,145
01-Apr-23,Exports: Brunei,100.2
01-Apr-23,Exports: Bulgaria,3.6
01-Apr-23,Exports: Cambodia,117.2
01-Apr-23,Exports: Cameroon,6.6
01-Apr-23,Exports: Canada,124.9
01-Apr-23,Exports: Chile,9.1
01-Apr-23,Exports: China,5875.6
01-Apr-23,Exports: Christmas Islands,0
01-Apr-23,Exports: Colombia,9.9
01-Apr-23,Exports: Comoros,0.5
01-Apr-23,Exports: Costa Rica,10.1
01-Apr-23,Exports: Cote D'ivoire,4.7
01-Apr-23,Exports: Croatia,4.1
01-Apr-23,Exports: Cuba,0
01-Apr-23,Exports: Cyprus,53.6
01-Apr-23,"Exports: Czech, Republic",42.5
01-Apr-23,Exports: Denmark,24
01-Apr-23,Exports: Djibouti,1.1
01-Apr-23,Exports: Dominican Rep,1.6
01-Apr-23,Exports: Ecuador,8
01-Apr-23,Exports: Egypt,38.2
01-Apr-23,Exports: El Salvador,0.7
01-Apr-23,Exports: Estonia,1.1
01-Apr-23,Exports: Eswatini,0
01-Apr-23,Exports: Ethiopia,4.3
01-Apr-23,Exports: Fiji,53.5
01-Apr-23,Exports: Finland,94.2
01-Apr-23,Exports: France,295.2
01-Apr-23,Exports: French Polynesia,6.1
01-Apr-23,Exports: Gabon,7.1
01-Apr-23,Exports: Germany,874.1
01-Apr-23,Exports: Ghana,10.3
01-Apr-23,Exports: Greece,117.5
01-Apr-23,Exports: Guam,40.4
01-Apr-23,Exports: Guatemala,1.3
01-Apr-23,Exports: Guinea,1.1
01-Apr-23,Exports: Guyana,1.5
01-Apr-23,Exports: Honduras,1
01-Apr-23,Exports: Hong Kong SAR (China),4530
01-Apr-23,Exports: Hungary,61.4
01-Apr-23,Exports: India,1319.6
01-Apr-23,Exports: Indonesia,3431.1
01-Apr-23,Exports: Iran,1.9
01-Apr-23,Exports: Ireland,174.3
01-Apr-23,Exports: Israel,62.2
01-Apr-23,Exports: Italy,128.4
01-Apr-23,Exports: Jamaica,0.8
01-Apr-23,Exports: Japan,1855.8
01-Apr-23,Exports: Jordan,9
01-Apr-23,Exports: Kazakhstan,4.4
01-Apr-23,Exports: Kenya,22.6
01-Apr-23,Exports: Kuwait,87
01-Apr-23,Exports: Lao Peo Dem Rep,6.4
01-Apr-23,Exports: Latvia,6.6
01-Apr-23,Exports: Lebanon,2.1
01-Apr-23,Exports: Liberia,574.5
01-Apr-23,Exports: Libyan Arab Jamahiriya,2.9
01-Apr-23,Exports: Lithuania,2.9
01-Apr-23,Exports: Luxembourg,24.3
01-Apr-23,Exports: Macau SAR (China),35.1
01-Apr-23,Exports: Madagascar,0.7
01-Apr-23,Exports: Malaysia,4650.5
01-Apr-23,Exports: Maldives Rep of,23.7
01-Apr-23,Exports: Malta,180.8
01-Apr-23,Exports: Marshall Islands,488.4
01-Apr-23,Exports: Mauritius,5.2
01-Apr-23,Exports: Mexico,319.9
01-Apr-23,Exports: Mongolian Peo Rep,17.7
01-Apr-23,Exports: Morocco,43
01-Apr-23,Exports: Mozambique,25.6
01-Apr-23,Exports: Myanmar,309.6
01-Apr-23,Exports: Nepal,18.2
01-Apr-23,Exports: Netherlands Antilles,0
01-Apr-23,Exports: Netherlands,925.3
01-Apr-23,Exports: New Caledonia,26.6
01-Apr-23,Exports: New Zealand,375.6
01-Apr-23,Exports: Nigeria,18.2
01-Apr-23,Exports: Northern Mariana Islands,6.9
01-Apr-23,Exports: Norway,59.1
01-Apr-23,Exports: Oman,19.6
01-Apr-23,Exports: Other Countries of Africa,41.2
01-Apr-23,Exports: Other Countries of America,18.3
01-Apr-23,Exports: Other Countries of Asia,12.4
01-Apr-23,Exports: Other Countries of Europe,31.4
01-Apr-23,Exports: Other Countries of Oceania,18.2
01-Apr-23,Exports: Pakistan,62.3
01-Apr-23,Exports: Panama,588.8
01-Apr-23,Exports: Papua New Guinea,66.2
01-Apr-23,Exports: Paraguay,0.2
01-Apr-23,Exports: Peru,13
01-Apr-23,Exports: Philippines,1055.4
01-Apr-23,Exports: Poland,51.2
01-Apr-23,Exports: Portugal,91.7
01-Apr-23,Exports: Puerto Rico,78.6
01-Apr-23,Exports: Qatar,75.3
01-Apr-23,Exports: Reunion,0.7
01-Apr-23,Exports: Romania,12.3
01-Apr-23,Exports: Russia,18
01-Apr-23,Exports: Saint Vincent and the Grenadines,1.4
01-Apr-23,Exports: Samoa,9.9
01-Apr-23,Exports: Saudi Arabia,86.9
01-Apr-23,Exports: Seychelles,33.3
01-Apr-23,Exports: Slovak Republic,2.5
01-Apr-23,Exports: Slovenia,3.2
01-Apr-23,Exports: Solomon Islands,2.5
01-Apr-23,Exports: South Africa,41
01-Apr-23,Exports: South Korea,2425
01-Apr-23,Exports: Spain,41.6
01-Apr-23,Exports: Sri Lanka,68.4
01-Apr-23,Exports: Sudan,0.2
01-Apr-23,Exports: Sweden,18.3
01-Apr-23,Exports: Switzerland,445.4
01-Apr-23,Exports: Syrian Arab Rep,0.1
01-Apr-23,Exports: Taiwan,2142.9
01-Apr-23,Exports: Tanzania,54.6
01-Apr-23,Exports: Thailand,1871.9
01-Apr-23,Exports: Trinidad & Tobago,1.6
01-Apr-23,Exports: Tunisia,5.2
01-Apr-23,Exports: Turkey,103.4
01-Apr-23,Exports: USA,5695.5
01-Apr-23,Exports: Ukraine,0.9
01-Apr-23,Exports: United Arab Emirates,562.3
01-Apr-23,Exports: United Kingdom,422.2
01-Apr-23,Exports: Uruguay,1.1
01-Apr-23,Exports: Vanuatu,2.4
01-Apr-23,Exports: Venezuela,1.1
01-Apr-23,Exports: Vietnam,1688.5
01-Apr-23,Exports: Yemen,1.9
01-Apr-23,Exports: Zambia,3.9
01-Apr-23,Exports: Zimbabwe,0
01-May-23,Exports: Afghanistan,0.3
01-May-23,Exports: Algeria,3.1
01-May-23,Exports: Angola,10
01-May-23,Exports: Antigua and Barbuda,7.9
01-May-23,Exports: Argentina,22.2
01-May-23,Exports: Australia,1560.9
01-May-23,Exports: Austria,19.5
01-May-23,Exports: Bahamas,79.7
01-May-23,Exports: Bahrain,10.3
01-May-23,Exports: Bangladesh,414.6
01-May-23,Exports: Belarus,0
01-May-23,Exports: Belgium,275.6
01-May-23,Exports: Benin,0.6
01-May-23,Exports: Bermuda,7.7
01-May-23,Exports: Brazil,212.9
01-May-23,Exports: Brunei,83.9
01-May-23,Exports: Bulgaria,3.1
01-May-23,Exports: Cambodia,150
01-May-23,Exports: Cameroon,1.4
01-May-23,Exports: Canada,133.5
01-May-23,Exports: Chile,10
01-May-23,Exports: China,6897.3
01-May-23,Exports: Christmas Islands,0.1
01-May-23,Exports: Colombia,12.4
01-May-23,Exports: Comoros,0
01-May-23,Exports: Costa Rica,9.8
01-May-23,Exports: Cote D'ivoire,3.9
01-May-23,Exports: Croatia,20.5
01-May-23,Exports: Cuba,0
01-May-23,Exports: Cyprus,57.4
01-May-23,"Exports: Czech, Republic",44.8
01-May-23,Exports: Denmark,23.2
01-May-23,Exports: Djibouti,2.9
01-May-23,Exports: Dominican Rep,1.8
01-May-23,Exports: Ecuador,8.4
01-May-23,Exports: Egypt,29.4
01-May-23,Exports: El Salvador,0.5
01-May-23,Exports: Estonia,2.3
01-May-23,Exports: Eswatini,0
01-May-23,Exports: Ethiopia,6.6
01-May-23,Exports: Fiji,56.3
01-May-23,Exports: Finland,65.8
01-May-23,Exports: France,407.9
01-May-23,Exports: French Polynesia,17.7
01-May-23,Exports: Gabon,1.7
01-May-23,Exports: Germany,886.6
01-May-23,Exports: Ghana,5.5
01-May-23,Exports: Greece,102
01-May-23,Exports: Guam,50.4
01-May-23,Exports: Guatemala,2
01-May-23,Exports: Guinea,1.9
01-May-23,Exports: Guyana,4
01-May-23,Exports: Honduras,2.1
01-May-23,Exports: Hong Kong SAR (China),4999.1
01-May-23,Exports: Hungary,73.6
01-May-23,Exports: India,1482.9
01-May-23,Exports: Indonesia,3948.5
01-May-23,Exports: Iran,1.3
01-May-23,Exports: Ireland,140.8
01-May-23,Exports: Israel,65.1
01-May-23,Exports: Italy,133.2
01-May-23,Exports: Jamaica,0.9
01-May-23,Exports: Japan,2089.8
01-May-23,Exports: Jordan,12.4
01-May-23,Exports: Kazakhstan,5.1
01-May-23,Exports: Kenya,8
01-May-23,Exports: Kuwait,44.5
01-May-23,Exports: Lao Peo Dem Rep,7.9
01-May-23,Exports: Latvia,7.4
01-May-23,Exports: Lebanon,1.5
01-May-23,Exports: Liberia,607.9
01-May-23,Exports: Libyan Arab Jamahiriya,2.7
01-May-23,Exports: Lithuania,5.1
01-May-23,Exports: Luxembourg,35.7
01-May-23,Exports: Macau SAR (China),28.6
01-May-23,Exports: Madagascar,1.1
01-May-23,Exports: Malaysia,4718.8
01-May-23,Exports: Maldives Rep of,28.5
01-May-23,Exports: Malta,180.5
01-May-23,Exports: Marshall Islands,603.1
01-May-23,Exports: Mauritius,11.2
01-May-23,Exports: Mexico,410.6
01-May-23,Exports: Mongolian Peo Rep,19.2
01-May-23,Exports: Morocco,44.7
01-May-23,Exports: Mozambique,2.3
01-May-23,Exports: Myanmar,375
01-May-23,Exports: Nepal,12.5
01-May-23,Exports: Netherlands Antilles,0
01-May-23,Exports: Netherlands,1218.2
01-May-23,Exports: New Caledonia,55.2
01-May-23,Exports: New Zealand,365.7
01-May-23,Exports: Nigeria,14.3
01-May-23,Exports: Northern Mariana Islands,7.1
01-May-23,Exports: Norway,70.5
01-May-23,Exports: Oman,26.6
01-May-23,Exports: Other Countries of Africa,18.5
01-May-23,Exports: Other Countries of America,24.8
01-May-23,Exports: Other Countries of Asia,23
01-May-23,Exports: Other Countries of Europe,42.3
01-May-23,Exports: Other Countries of Oceania,17.3
01-May-23,Exports: Pakistan,121.7
01-May-23,Exports: Panama,584.5
01-May-23,Exports: Papua New Guinea,91.1
01-May-23,Exports: Paraguay,0.4
01-May-23,Exports: Peru,11.9
01-May-23,Exports: Philippines,1003.6
01-May-23,Exports: Poland,57.6
01-May-23,Exports: Portugal,58.4
01-May-23,Exports: Puerto Rico,146.3
01-May-23,Exports: Qatar,77.8
01-May-23,Exports: Reunion,7.2
01-May-23,Exports: Romania,15.5
01-May-23,Exports: Russia,19.2
01-May-23,Exports: Saint Vincent and the Grenadines,1.2
01-May-23,Exports: Samoa,5.8
01-May-23,Exports: Saudi Arabia,108.2
01-May-23,Exports: Seychelles,1.7
01-May-23,Exports: Slovak Republic,1.9
01-May-23,Exports: Slovenia,5.6
01-May-23,Exports: Solomon Islands,3.1
01-May-23,Exports: South Africa,122
01-May-23,Exports: South Korea,2021.2
01-May-23,Exports: Spain,37.8
01-May-23,Exports: Sri Lanka,79.6
01-May-23,Exports: Sudan,0
01-May-23,Exports: Sweden,34.6
01-May-23,Exports: Switzerland,513.4
01-May-23,Exports: Syrian Arab Rep,0.5
01-May-23,Exports: Taiwan,2376.3
01-May-23,Exports: Tanzania,10.3
01-May-23,Exports: Thailand,2168.5
01-May-23,Exports: Trinidad & Tobago,1.3
01-May-23,Exports: Tunisia,3.6
01-May-23,Exports: Turkey,127.6
01-May-23,Exports: USA,4336.1
01-May-23,Exports: Ukraine,0.2
01-May-23,Exports: United Arab Emirates,575.7
01-May-23,Exports: United Kingdom,484
01-May-23,Exports: Uruguay,2.1
01-May-23,Exports: Vanuatu,2.8
01-May-23,Exports: Venezuela,0.1
01-May-23,Exports: Vietnam,1768.1
01-May-23,Exports: Yemen,1.1
01-May-23,Exports: Zambia,0.4
01-May-23,Exports: Zimbabwe,0.1
01-Jun-23,Exports: Afghanistan,0.1
01-Jun-23,Exports: Algeria,4.9
01-Jun-23,Exports: Angola,11.1
01-Jun-23,Exports: Antigua and Barbuda,6.6
01-Jun-23,Exports: Argentina,28.2
01-Jun-23,Exports: Australia,1373.8
01-Jun-23,Exports: Austria,26.7
01-Jun-23,Exports: Bahamas,76.1
01-Jun-23,Exports: Bahrain,19.1
01-Jun-23,Exports: Bangladesh,345.6
01-Jun-23,Exports: Belarus,0
01-Jun-23,Exports: Belgium,269.7
01-Jun-23,Exports: Benin,0.9
01-Jun-23,Exports: Bermuda,2.6
01-Jun-23,Exports: Brazil,203.7
01-Jun-23,Exports: Brunei,76.7
01-Jun-23,Exports: Bulgaria,4.9
01-Jun-23,Exports: Cambodia,214.1
01-Jun-23,Exports: Cameroon,8.8
01-Jun-23,Exports: Canada,153.5
01-Jun-23,Exports: Chile,12.8
01-Jun-23,Exports: China,7856.1
01-Jun-23,Exports: Christmas Islands,0
01-Jun-23,Exports: Colombia,9.7
01-Jun-23,Exports: Comoros,0
01-Jun-23,Exports: Costa Rica,8.2
01-Jun-23,Exports: Cote D'ivoire,2.2
01-Jun-23,Exports: Croatia,4.8
01-Jun-23,Exports: Cuba,0
01-Jun-23,Exports: Cyprus,60.2
01-Jun-23,"Exports: Czech, Republic",51.8
01-Jun-23,Exports: Denmark,27.7
01-Jun-23,Exports: Djibouti,2.5
01-Jun-23,Exports: Dominican Rep,1.6
01-Jun-23,Exports: Ecuador,6.6
01-Jun-23,Exports: Egypt,42
01-Jun-23,Exports: El Salvador,0.9
01-Jun-23,Exports: Estonia,1.2
01-Jun-23,Exports: Eswatini,0
01-Jun-23,Exports: Ethiopia,5.7
01-Jun-23,Exports: Fiji,46.2
01-Jun-23,Exports: Finland,57.4
01-Jun-23,Exports: France,301
01-Jun-23,Exports: French Polynesia,6.7
01-Jun-23,Exports: Gabon,4.3
01-Jun-23,Exports: Germany,920.9
01-Jun-23,Exports: Ghana,11.3
01-Jun-23,Exports: Greece,99.8
01-Jun-23,Exports: Guam,27.6
01-Jun-23,Exports: Guatemala,1.7
01-Jun-23,Exports: Guinea,1.4
01-Jun-23,Exports: Guyana,1.7
01-Jun-23,Exports: Honduras,0.4
01-Jun-23,Exports: Hong Kong SAR (China),5967.8
01-Jun-23,Exports: Hungary,56.1
01-Jun-23,Exports: India,1738.3
01-Jun-23,Exports: Indonesia,3743.5
01-Jun-23,Exports: Iran,1.4
01-Jun-23,Exports: Ireland,92.5
01-Jun-23,Exports: Israel,58.1
01-Jun-23,Exports: Italy,143.6
01-Jun-23,Exports: Jamaica,1.1
01-Jun-23,Exports: Japan,1902.7
01-Jun-23,Exports: Jordan,10.7
01-Jun-23,Exports: Kazakhstan,13.6
01-Jun-23,Exports: Kenya,6.3
01-Jun-23,Exports: Kuwait,30.4
01-Jun-23,Exports: Lao Peo Dem Rep,3
01-Jun-23,Exports: Latvia,20
01-Jun-23,Exports: Lebanon,5.7
01-Jun-23,Exports: Liberia,621.2
01-Jun-23,Exports: Libyan Arab Jamahiriya,2
01-Jun-23,Exports: Lithuania,5.6
01-Jun-23,Exports: Luxembourg,11.1
01-Jun-23,Exports: Macau SAR (China),31.5
01-Jun-23,Exports: Madagascar,1.2
01-Jun-23,Exports: Malaysia,4729.1
01-Jun-23,Exports: Maldives Rep of,34.3
01-Jun-23,Exports: Malta,162.4
01-Jun-23,Exports: Marshall Islands,465
01-Jun-23,Exports: Mauritius,3.9
01-Jun-23,Exports: Mexico,239.9
01-Jun-23,Exports: Mongolian Peo Rep,19.1
01-Jun-23,Exports: Morocco,45.6
01-Jun-23,Exports: Mozambique,2.8
01-Jun-23,Exports: Myanmar,396
01-Jun-23,Exports: Nepal,18.6
01-Jun-23,Exports: Netherlands Antilles,0
01-Jun-23,Exports: Netherlands,1142.7
01-Jun-23,Exports: New Caledonia,27.6
01-Jun-23,Exports: New Zealand,281.7
01-Jun-23,Exports: Nigeria,20.2
01-Jun-23,Exports: Northern Mariana Islands,5.5
01-Jun-23,Exports: Norway,49.8
01-Jun-23,Exports: Oman,30.8
01-Jun-23,Exports: Other Countries of Africa,30.7
01-Jun-23,Exports: Other Countries of America,14.8
01-Jun-23,Exports: Other Countries of Asia,17.7
01-Jun-23,Exports: Other Countries of Europe,39.4
01-Jun-23,Exports: Other Countries of Oceania,13.4
01-Jun-23,Exports: Pakistan,135.1
01-Jun-23,Exports: Panama,604.9
01-Jun-23,Exports: Papua New Guinea,34.8
01-Jun-23,Exports: Paraguay,0.3
01-Jun-23,Exports: Peru,8.8
01-Jun-23,Exports: Philippines,1202.7
01-Jun-23,Exports: Poland,43.9
01-Jun-23,Exports: Portugal,66.8
01-Jun-23,Exports: Puerto Rico,88.2
01-Jun-23,Exports: Qatar,104.2
01-Jun-23,Exports: Reunion,49.3
01-Jun-23,Exports: Romania,13
01-Jun-23,Exports: Russia,22.5
01-Jun-23,Exports: Saint Vincent and the Grenadines,0.4
01-Jun-23,Exports: Samoa,9.4
01-Jun-23,Exports: Saudi Arabia,140.9
01-Jun-23,Exports: Seychelles,2.4
01-Jun-23,Exports: Slovak Republic,1.9
01-Jun-23,Exports: Slovenia,6.7
01-Jun-23,Exports: Solomon Islands,8.4
01-Jun-23,Exports: South Africa,43.1
01-Jun-23,Exports: South Korea,3083
01-Jun-23,Exports: Spain,35.5
01-Jun-23,Exports: Sri Lanka,53.8
01-Jun-23,Exports: Sudan,0
01-Jun-23,Exports: Sweden,19.5
01-Jun-23,Exports: Switzerland,404.3
01-Jun-23,Exports: Syrian Arab Rep,0.2
01-Jun-23,Exports: Taiwan,2628.3
01-Jun-23,Exports: Tanzania,8.4
01-Jun-23,Exports: Thailand,1762.1
01-Jun-23,Exports: Trinidad & Tobago,7.7
01-Jun-23,Exports: Tunisia,3
01-Jun-23,Exports: Turkey,102.1
01-Jun-23,Exports: USA,4897
01-Jun-23,Exports: Ukraine,0.8
01-Jun-23,Exports: United Arab Emirates,582.8
01-Jun-23,Exports: United Kingdom,434.3
01-Jun-23,Exports: Uruguay,1.2
01-Jun-23,Exports: Vanuatu,1.4
01-Jun-23,Exports: Venezuela,0.1
01-Jun-23,Exports: Vietnam,1786.1
01-Jun-23,Exports: Yemen,2.4
01-Jun-23,Exports: Zambia,0.2
01-Jun-23,Exports: Zimbabwe,0.4
01-Jul-23,Exports: Afghanistan,0.1
01-Jul-23,Exports: Algeria,1.5
01-Jul-23,Exports: Angola,8.5
01-Jul-23,Exports: Antigua and Barbuda,8.1
01-Jul-23,Exports: Argentina,26
01-Jul-23,Exports: Australia,1798.4
01-Jul-23,Exports: Austria,23.8
01-Jul-23,Exports: Bahamas,67.1
01-Jul-23,Exports: Bahrain,21.7
01-Jul-23,Exports: Bangladesh,326.8
01-Jul-23,Exports: Belarus,0.1
01-Jul-23,Exports: Belgium,348.6
01-Jul-23,Exports: Benin,0.1
01-Jul-23,Exports: Bermuda,1.8
01-Jul-23,Exports: Brazil,247.3
01-Jul-23,Exports: Brunei,78.4
01-Jul-23,Exports: Bulgaria,3.1
01-Jul-23,Exports: Cambodia,126.8
01-Jul-23,Exports: Cameroon,5.3
01-Jul-23,Exports: Canada,110.1
01-Jul-23,Exports: Chile,27.4
01-Jul-23,Exports: China,7105
01-Jul-23,Exports: Christmas Islands,0
01-Jul-23,Exports: Colombia,15.2
01-Jul-23,Exports: Comoros,0
01-Jul-23,Exports: Costa Rica,12.5
01-Jul-23,Exports: Cote D'ivoire,2.3
01-Jul-23,Exports: Croatia,2.2
01-Jul-23,Exports: Cuba,0
01-Jul-23,Exports: Cyprus,41.6
01-Jul-23,"Exports: Czech, Republic",41.2
01-Jul-23,Exports: Denmark,24.8
01-Jul-23,Exports: Djibouti,1
01-Jul-23,Exports: Dominican Rep,3.3
01-Jul-23,Exports: Ecuador,6.5
01-Jul-23,Exports: Egypt,27.7
01-Jul-23,Exports: El Salvador,1
01-Jul-23,Exports: Estonia,4.2
01-Jul-23,Exports: Eswatini,0
01-Jul-23,Exports: Ethiopia,5.4
01-Jul-23,Exports: Fiji,45.5
01-Jul-23,Exports: Finland,130.8
01-Jul-23,Exports: France,396.3
01-Jul-23,Exports: French Polynesia,25.1
01-Jul-23,Exports: Gabon,5
01-Jul-23,Exports: Germany,836.1
01-Jul-23,Exports: Ghana,6.5
01-Jul-23,Exports: Greece,77.2
01-Jul-23,Exports: Guam,42.3
01-Jul-23,Exports: Guatemala,1.5
01-Jul-23,Exports: Guinea,1.7
01-Jul-23,Exports: Guyana,3.4
01-Jul-23,Exports: Honduras,0.6
01-Jul-23,Exports: Hong Kong SAR (China),5863.8
01-Jul-23,Exports: Hungary,57.4
01-Jul-23,Exports: India,1491.9
01-Jul-23,Exports: Indonesia,3802.3
01-Jul-23,Exports: Iran,0.5
01-Jul-23,Exports: Ireland,158.4
01-Jul-23,Exports: Israel,64.5
01-Jul-23,Exports: Italy,99.4
01-Jul-23,Exports: Jamaica,0.4
01-Jul-23,Exports: Japan,2116.3
01-Jul-23,Exports: Jordan,12.1
01-Jul-23,Exports: Kazakhstan,11.7
01-Jul-23,Exports: Kenya,6.9
01-Jul-23,Exports: Kuwait,31.7
01-Jul-23,Exports: Lao Peo Dem Rep,5.9
01-Jul-23,Exports: Latvia,10.7
01-Jul-23,Exports: Lebanon,1.9
01-Jul-23,Exports: Liberia,527.4
01-Jul-23,Exports: Libyan Arab Jamahiriya,4.3
01-Jul-23,Exports: Lithuania,2
01-Jul-23,Exports: Luxembourg,47.8
01-Jul-23,Exports: Macau SAR (China),30.1
01-Jul-23,Exports: Madagascar,0.8
01-Jul-23,Exports: Malaysia,4922.5
01-Jul-23,Exports: Maldives Rep of,23.4
01-Jul-23,Exports: Malta,140.2
01-Jul-23,Exports: Marshall Islands,412.7
01-Jul-23,Exports: Mauritius,5.7
01-Jul-23,Exports: Mexico,404.9
01-Jul-23,Exports: Mongolian Peo Rep,16
01-Jul-23,Exports: Morocco,49.8
01-Jul-23,Exports: Mozambique,1.8
01-Jul-23,Exports: Myanmar,252.3
01-Jul-23,Exports: Nepal,33.2
01-Jul-23,Exports: Netherlands Antilles,0
01-Jul-23,Exports: Netherlands,788.5
01-Jul-23,Exports: New Caledonia,23.5
01-Jul-23,Exports: New Zealand,310.8
01-Jul-23,Exports: Nigeria,27.6
01-Jul-23,Exports: Northern Mariana Islands,7.5
01-Jul-23,Exports: Norway,53.1
01-Jul-23,Exports: Oman,19.9
01-Jul-23,Exports: Other Countries of Africa,15.2
01-Jul-23,Exports: Other Countries of America,16
01-Jul-23,Exports: Other Countries of Asia,33
01-Jul-23,Exports: Other Countries of Europe,20.1
01-Jul-23,Exports: Other Countries of Oceania,16.8
01-Jul-23,Exports: Pakistan,112
01-Jul-23,Exports: Panama,560
01-Jul-23,Exports: Papua New Guinea,103.5
01-Jul-23,Exports: Paraguay,1.5
01-Jul-23,Exports: Peru,12.2
01-Jul-23,Exports: Philippines,1163.9
01-Jul-23,Exports: Poland,49.7
01-Jul-23,Exports: Portugal,60.9
01-Jul-23,Exports: Puerto Rico,134.9
01-Jul-23,Exports: Qatar,80.8
01-Jul-23,Exports: Reunion,42.7
01-Jul-23,Exports: Romania,15
01-Jul-23,Exports: Russia,8.8
01-Jul-23,Exports: Saint Vincent and the Grenadines,1.4
01-Jul-23,Exports: Samoa,4
01-Jul-23,Exports: Saudi Arabia,126.2
01-Jul-23,Exports: Seychelles,2.1
01-Jul-23,Exports: Slovak Republic,2.8
01-Jul-23,Exports: Slovenia,9.3
01-Jul-23,Exports: Solomon Islands,3.4
01-Jul-23,Exports: South Africa,34.2
01-Jul-23,Exports: South Korea,2396.6
01-Jul-23,Exports: Spain,36
01-Jul-23,Exports: Sri Lanka,54.7
01-Jul-23,Exports: Sudan,0.1
01-Jul-23,Exports: Sweden,12.9
01-Jul-23,Exports: Switzerland,339.8
01-Jul-23,Exports: Syrian Arab Rep,0.7
01-Jul-23,Exports: Taiwan,2211.2
01-Jul-23,Exports: Tanzania,7
01-Jul-23,Exports: Thailand,2229
01-Jul-23,Exports: Trinidad & Tobago,1.7
01-Jul-23,Exports: Tunisia,3.5
01-Jul-23,Exports: Turkey,103.4
01-Jul-23,Exports: USA,5293.8
01-Jul-23,Exports: Ukraine,0.5
01-Jul-23,Exports: United Arab Emirates,605.6
01-Jul-23,Exports: United Kingdom,369.3
01-Jul-23,Exports: Uruguay,2
01-Jul-23,Exports: Vanuatu,2.1
01-Jul-23,Exports: Venezuela,0.1
01-Jul-23,Exports: Vietnam,2046.9
01-Jul-23,Exports: Yemen,1
01-Jul-23,Exports: Zambia,0.1
01-Jul-23,Exports: Zimbabwe,0.2
01-Aug-23,Exports: Afghanistan,0.3
01-Aug-23,Exports: Algeria,6.8
01-Aug-23,Exports: Angola,42.7
01-Aug-23,Exports: Antigua and Barbuda,15.1
01-Aug-23,Exports: Argentina,31.2
01-Aug-23,Exports: Australia,1649.8
01-Aug-23,Exports: Austria,37.8
01-Aug-23,Exports: Bahamas,73.2
01-Aug-23,Exports: Bahrain,31.4
01-Aug-23,Exports: Bangladesh,414
01-Aug-23,Exports: Belarus,0.1
01-Aug-23,Exports: Belgium,435.3
01-Aug-23,Exports: Benin,0.2
01-Aug-23,Exports: Bermuda,6.3
01-Aug-23,Exports: Brazil,241.6
01-Aug-23,Exports: Brunei,99.6
01-Aug-23,Exports: Bulgaria,3.9
01-Aug-23,Exports: Cambodia,222.2
01-Aug-23,Exports: Cameroon,4.1
01-Aug-23,Exports: Canada,160.6
01-Aug-23,Exports: Chile,32.9
01-Aug-23,Exports: China,7416.1
01-Aug-23,Exports: Christmas Islands,0
01-Aug-23,Exports: Colombia,12.9
01-Aug-23,Exports: Comoros,0
01-Aug-23,Exports: Costa Rica,8.4
01-Aug-23,Exports: Cote D'ivoire,3.1
01-Aug-23,Exports: Croatia,12.7
01-Aug-23,Exports: Cuba,0
01-Aug-23,Exports: Cyprus,63.9
01-Aug-23,"Exports: Czech, Republic",39
01-Aug-23,Exports: Denmark,35.9
01-Aug-23,Exports: Djibouti,6.9
01-Aug-23,Exports: Dominican Rep,1.3
01-Aug-23,Exports: Ecuador,7.1
01-Aug-23,Exports: Egypt,32.6
01-Aug-23,Exports: El Salvador,1.3
01-Aug-23,Exports: Estonia,1.6
01-Aug-23,Exports: Eswatini,0
01-Aug-23,Exports: Ethiopia,9.3
01-Aug-23,Exports: Fiji,85.6
01-Aug-23,Exports: Finland,243.4
01-Aug-23,Exports: France,398.3
01-Aug-23,Exports: French Polynesia,5.2
01-Aug-23,Exports: Gabon,4.1
01-Aug-23,Exports: Germany,815.1
01-Aug-23,Exports: Ghana,7.1
01-Aug-23,Exports: Greece,96.9
01-Aug-23,Exports: Guam,58
01-Aug-23,Exports: Guatemala,2.5
01-Aug-23,Exports: Guinea,1.5
01-Aug-23,Exports: Guyana,3.2
01-Aug-23,Exports: Honduras,0.7
01-Aug-23,Exports: Hong Kong SAR (China),5844.2
01-Aug-23,Exports: Hungary,46.1
01-Aug-23,Exports: India,1941.4
01-Aug-23,Exports: Indonesia,3982.9
01-Aug-23,Exports: Iran,0.1
01-Aug-23,Exports: Ireland,73.5
01-Aug-23,Exports: Israel,91.1
01-Aug-23,Exports: Italy,78.6
01-Aug-23,Exports: Jamaica,1.2
01-Aug-23,Exports: Japan,2156.8
01-Aug-23,Exports: Jordan,17.7
01-Aug-23,Exports: Kazakhstan,11.4
01-Aug-23,Exports: Kenya,7.8
01-Aug-23,Exports: Kuwait,43.3
01-Aug-23,Exports: Lao Peo Dem Rep,5.4
01-Aug-23,Exports: Latvia,8.9
01-Aug-23,Exports: Lebanon,2
01-Aug-23,Exports: Liberia,631.3
01-Aug-23,Exports: Libyan Arab Jamahiriya,1.8
01-Aug-23,Exports: Lithuania,2.1
01-Aug-23,Exports: Luxembourg,18.1
01-Aug-23,Exports: Macau SAR (China),26.9
01-Aug-23,Exports: Madagascar,1.5
01-Aug-23,Exports: Malaysia,5325.4
01-Aug-23,Exports: Maldives Rep of,27.1
01-Aug-23,Exports: Malta,156.1
01-Aug-23,Exports: Marshall Islands,440.6
01-Aug-23,Exports: Mauritius,12.1
01-Aug-23,Exports: Mexico,520.7
01-Aug-23,Exports: Mongolian Peo Rep,23.9
01-Aug-23,Exports: Morocco,55.3
01-Aug-23,Exports: Mozambique,2.1
01-Aug-23,Exports: Myanmar,145.3
01-Aug-23,Exports: Nepal,16.1
01-Aug-23,Exports: Netherlands Antilles,0
01-Aug-23,Exports: Netherlands,858.1
01-Aug-23,Exports: New Caledonia,57
01-Aug-23,Exports: New Zealand,430.8
01-Aug-23,Exports: Nigeria,20
01-Aug-23,Exports: Northern Mariana Islands,13.7
01-Aug-23,Exports: Norway,41.5
01-Aug-23,Exports: Oman,22.2
01-Aug-23,Exports: Other Countries of Africa,18.6
01-Aug-23,Exports: Other Countries of America,25
01-Aug-23,Exports: Other Countries of Asia,37.7
01-Aug-23,Exports: Other Countries of Europe,34.2
01-Aug-23,Exports: Other Countries of Oceania,15
01-Aug-23,Exports: Pakistan,171.7
01-Aug-23,Exports: Panama,533
01-Aug-23,Exports: Papua New Guinea,82
01-Aug-23,Exports: Paraguay,1.3
01-Aug-23,Exports: Peru,8.1
01-Aug-23,Exports: Philippines,1223.7
01-Aug-23,Exports: Poland,52.1
01-Aug-23,Exports: Portugal,154.4
01-Aug-23,Exports: Puerto Rico,123.3
01-Aug-23,Exports: Qatar,70.7
01-Aug-23,Exports: Reunion,21.9
01-Aug-23,Exports: Romania,10.1
01-Aug-23,Exports: Russia,16
01-Aug-23,Exports: Saint Vincent and the Grenadines,1.4
01-Aug-23,Exports: Samoa,9.4
01-Aug-23,Exports: Saudi Arabia,104.5
01-Aug-23,Exports: Seychelles,2
01-Aug-23,Exports: Slovak Republic,2.3
01-Aug-23,Exports: Slovenia,5.6
01-Aug-23,Exports: Solomon Islands,9
01-Aug-23,Exports: South Africa,40.3
01-Aug-23,Exports: South Korea,2180.3
01-Aug-23,Exports: Spain,28.5
01-Aug-23,Exports: Sri Lanka,108.9
01-Aug-23,Exports: Sudan,0
01-Aug-23,Exports: Sweden,12.8
01-Aug-23,Exports: Switzerland,249.2
01-Aug-23,Exports: Syrian Arab Rep,0.5
01-Aug-23,Exports: Taiwan,2196.9
01-Aug-23,Exports: Tanzania,11.4
01-Aug-23,Exports: Thailand,2460.8
01-Aug-23,Exports: Trinidad & Tobago,2.3
01-Aug-23,Exports: Tunisia,3.8
01-Aug-23,Exports: Turkey,117.7
01-Aug-23,Exports: USA,4375.1
01-Aug-23,Exports: Ukraine,2.8
01-Aug-23,Exports: United Arab Emirates,576.2
01-Aug-23,Exports: United Kingdom,337.1
01-Aug-23,Exports: Uruguay,2.1
01-Aug-23,Exports: Vanuatu,0.7
01-Aug-23,Exports: Venezuela,1.2
01-Aug-23,Exports: Vietnam,2057.9
01-Aug-23,Exports: Yemen,1.4
01-Aug-23,Exports: Zambia,0.1
01-Aug-23,Exports: Zimbabwe,0.2
01-Sep-23,Exports: Afghanistan,0
01-Sep-23,Exports: Algeria,5.1
01-Sep-23,Exports: Angola,9.9
01-Sep-23,Exports: Antigua and Barbuda,11.4
01-Sep-23,Exports: Argentina,18.7
01-Sep-23,Exports: Australia,1450.1
01-Sep-23,Exports: Austria,84.3
01-Sep-23,Exports: Bahamas,88
01-Sep-23,Exports: Bahrain,7.7
01-Sep-23,Exports: Bangladesh,406.5
01-Sep-23,Exports: Belarus,0
01-Sep-23,Exports: Belgium,279.3
01-Sep-23,Exports: Benin,1.1
01-Sep-23,Exports: Bermuda,3.5
01-Sep-23,Exports: Brazil,168
01-Sep-23,Exports: Brunei,90.6
01-Sep-23,Exports: Bulgaria,1.1
01-Sep-23,Exports: Cambodia,187.6
01-Sep-23,Exports: Cameroon,10
01-Sep-23,Exports: Canada,123.4
01-Sep-23,Exports: Chile,37.7
01-Sep-23,Exports: China,8019.1
01-Sep-23,Exports: Christmas Islands,0
01-Sep-23,Exports: Colombia,14.5
01-Sep-23,Exports: Comoros,0.1
01-Sep-23,Exports: Costa Rica,9.7
01-Sep-23,Exports: Cote D'ivoire,3.6
01-Sep-23,Exports: Croatia,3.6
01-Sep-23,Exports: Cuba,0
01-Sep-23,Exports: Cyprus,67.4
01-Sep-23,"Exports: Czech, Republic",62
01-Sep-23,Exports: Denmark,40.3
01-Sep-23,Exports: Djibouti,5.8
01-Sep-23,Exports: Dominican Rep,1.1
01-Sep-23,Exports: Ecuador,5.2
01-Sep-23,Exports: Egypt,28.7
01-Sep-23,Exports: El Salvador,0.9
01-Sep-23,Exports: Estonia,0.8
01-Sep-23,Exports: Eswatini,0
01-Sep-23,Exports: Ethiopia,6
01-Sep-23,Exports: Fiji,68
01-Sep-23,Exports: Finland,11.6
01-Sep-23,Exports: France,475
01-Sep-23,Exports: French Polynesia,5.4
01-Sep-23,Exports: Gabon,3.4
01-Sep-23,Exports: Germany,776.4
01-Sep-23,Exports: Ghana,4.6
01-Sep-23,Exports: Greece,96.7
01-Sep-23,Exports: Guam,43.4
01-Sep-23,Exports: Guatemala,2.2
01-Sep-23,Exports: Guinea,10.2
01-Sep-23,Exports: Guyana,4.8
01-Sep-23,Exports: Honduras,0.6
01-Sep-23,Exports: Hong Kong SAR (China),7003.6
01-Sep-23,Exports: Hungary,74.3
01-Sep-23,Exports: India,1647.5
01-Sep-23,Exports: Indonesia,3685.9
01-Sep-23,Exports: Iran,1
01-Sep-23,Exports: Ireland,30.5
01-Sep-23,Exports: Israel,79.2
01-Sep-23,Exports: Italy,120.2
01-Sep-23,Exports: Jamaica,0.6
01-Sep-23,Exports: Japan,2137.9
01-Sep-23,Exports: Jordan,11.3
01-Sep-23,Exports: Kazakhstan,3.1
01-Sep-23,Exports: Kenya,6.4
01-Sep-23,Exports: Kuwait,48.9
01-Sep-23,Exports: Lao Peo Dem Rep,9.2
01-Sep-23,Exports: Latvia,10.8
01-Sep-23,Exports: Lebanon,1.6
01-Sep-23,Exports: Liberia,644.1
01-Sep-23,Exports: Libyan Arab Jamahiriya,4.3
01-Sep-23,Exports: Lithuania,4
01-Sep-23,Exports: Luxembourg,107
01-Sep-23,Exports: Macau SAR (China),33.5
01-Sep-23,Exports: Madagascar,0.2
01-Sep-23,Exports: Malaysia,4913.5
01-Sep-23,Exports: Maldives Rep of,30.5
01-Sep-23,Exports: Malta,194.9
01-Sep-23,Exports: Marshall Islands,572
01-Sep-23,Exports: Mauritius,11
01-Sep-23,Exports: Mexico,463.3
01-Sep-23,Exports: Mongolian Peo Rep,20.1
01-Sep-23,Exports: Morocco,52.2
01-Sep-23,Exports: Mozambique,38.9
01-Sep-23,Exports: Myanmar,174.7
01-Sep-23,Exports: Nepal,11
01-Sep-23,Exports: Netherlands Antilles,0
01-Sep-23,Exports: Netherlands,1057.8
01-Sep-23,Exports: New Caledonia,49.5
01-Sep-23,Exports: New Zealand,391.5
01-Sep-23,Exports: Nigeria,31.9
01-Sep-23,Exports: Northern Mariana Islands,10.7
01-Sep-23,Exports: Norway,70.6
01-Sep-23,Exports: Oman,36
01-Sep-23,Exports: Other Countries of Africa,20.1
01-Sep-23,Exports: Other Countries of America,15.1
01-Sep-23,Exports: Other Countries of Asia,34.9
01-Sep-23,Exports: Other Countries of Europe,37.6
01-Sep-23,Exports: Other Countries of Oceania,16
01-Sep-23,Exports: Pakistan,293.2
01-Sep-23,Exports: Panama,605.8
01-Sep-23,Exports: Papua New Guinea,99.6
01-Sep-23,Exports: Paraguay,1.1
01-Sep-23,Exports: Peru,5.6
01-Sep-23,Exports: Philippines,900
01-Sep-23,Exports: Poland,47.5
01-Sep-23,Exports: Portugal,75.1
01-Sep-23,Exports: Puerto Rico,77.8
01-Sep-23,Exports: Qatar,88.6
01-Sep-23,Exports: Reunion,38.7
01-Sep-23,Exports: Romania,11.9
01-Sep-23,Exports: Russia,16.5
01-Sep-23,Exports: Saint Vincent and the Grenadines,1.1
01-Sep-23,Exports: Samoa,12.6
01-Sep-23,Exports: Saudi Arabia,184.4
01-Sep-23,Exports: Seychelles,3.1
01-Sep-23,Exports: Slovak Republic,2.6
01-Sep-23,Exports: Slovenia,5.8
01-Sep-23,Exports: Solomon Islands,14
01-Sep-23,Exports: South Africa,138.5
01-Sep-23,Exports: South Korea,2109.8
01-Sep-23,Exports: Spain,33.1
01-Sep-23,Exports: Sri Lanka,140.3
01-Sep-23,Exports: Sudan,0
01-Sep-23,Exports: Sweden,13.9
01-Sep-23,Exports: Switzerland,351
01-Sep-23,Exports: Syrian Arab Rep,0
01-Sep-23,Exports: Taiwan,2490.1
01-Sep-23,Exports: Tanzania,12.2
01-Sep-23,Exports: Thailand,2129.8
01-Sep-23,Exports: Trinidad & Tobago,1.2
01-Sep-23,Exports: Tunisia,3.8
01-Sep-23,Exports: Turkey,238
01-Sep-23,Exports: USA,4784.5
01-Sep-23,Exports: Ukraine,0.3
01-Sep-23,Exports: United Arab Emirates,615.9
01-Sep-23,Exports: United Kingdom,359.7
01-Sep-23,Exports: Uruguay,2
01-Sep-23,Exports: Vanuatu,10.1
01-Sep-23,Exports: Venezuela,3
01-Sep-23,Exports: Vietnam,1822.9
01-Sep-23,Exports: Yemen,2
01-Sep-23,Exports: Zambia,0.3
01-Sep-23,Exports: Zimbabwe,0.1
01-Oct-23,Exports: Afghanistan,0.1
01-Oct-23,Exports: Algeria,2
01-Oct-23,Exports: Angola,10.8
01-Oct-23,Exports: Antigua and Barbuda,6.4
01-Oct-23,Exports: Argentina,15.4
01-Oct-23,Exports: Australia,1919.6
01-Oct-23,Exports: Austria,26.6
01-Oct-23,Exports: Bahamas,108.4
01-Oct-23,Exports: Bahrain,15.7
01-Oct-23,Exports: Bangladesh,291.7
01-Oct-23,Exports: Belarus,0.1
01-Oct-23,Exports: Belgium,348.9
01-Oct-23,Exports: Benin,0.6
01-Oct-23,Exports: Bermuda,6.2
01-Oct-23,Exports: Brazil,188.3
01-Oct-23,Exports: Brunei,119.4
01-Oct-23,Exports: Bulgaria,1.1
01-Oct-23,Exports: Cambodia,569.1
01-Oct-23,Exports: Cameroon,4.7
01-Oct-23,Exports: Canada,143.7
01-Oct-23,Exports: Chile,30.9
01-Oct-23,Exports: China,8931.6
01-Oct-23,Exports: Christmas Islands,0
01-Oct-23,Exports: Colombia,17.9
01-Oct-23,Exports: Comoros,0.2
01-Oct-23,Exports: Costa Rica,8.2
01-Oct-23,Exports: Cote D'ivoire,6.3
01-Oct-23,Exports: Croatia,2.3
01-Oct-23,Exports: Cuba,0
01-Oct-23,Exports: Cyprus,58
01-Oct-23,"Exports: Czech, Republic",49
01-Oct-23,Exports: Denmark,37.5
01-Oct-23,Exports: Djibouti,0.8
01-Oct-23,Exports: Dominican Rep,2.6
01-Oct-23,Exports: Ecuador,5.2
01-Oct-23,Exports: Egypt,29.7
01-Oct-23,Exports: El Salvador,0.7
01-Oct-23,Exports: Estonia,1.1
01-Oct-23,Exports: Eswatini,0
01-Oct-23,Exports: Ethiopia,53.9
01-Oct-23,Exports: Fiji,89.2
01-Oct-23,Exports: Finland,13.9
01-Oct-23,Exports: France,258.8
01-Oct-23,Exports: French Polynesia,34.3
01-Oct-23,Exports: Gabon,2.1
01-Oct-23,Exports: Germany,836.5
01-Oct-23,Exports: Ghana,9.4
01-Oct-23,Exports: Greece,105.6
01-Oct-23,Exports: Guam,73.9
01-Oct-23,Exports: Guatemala,2.1
01-Oct-23,Exports: Guinea,1.3
01-Oct-23,Exports: Guyana,2.3
01-Oct-23,Exports: Honduras,0.3
01-Oct-23,Exports: Hong Kong SAR (China),6448.1
01-Oct-23,Exports: Hungary,55.1
01-Oct-23,Exports: India,1889.4
01-Oct-23,Exports: Indonesia,4552.6
01-Oct-23,Exports: Iran,1.6
01-Oct-23,Exports: Ireland,211.8
01-Oct-23,Exports: Israel,61.3
01-Oct-23,Exports: Italy,82.8
01-Oct-23,Exports: Jamaica,0.6
01-Oct-23,Exports: Japan,2564.3
01-Oct-23,Exports: Jordan,10.7
01-Oct-23,Exports: Kazakhstan,11.6
01-Oct-23,Exports: Kenya,118.4
01-Oct-23,Exports: Kuwait,49.3
01-Oct-23,Exports: Lao Peo Dem Rep,9.5
01-Oct-23,Exports: Latvia,4.4
01-Oct-23,Exports: Lebanon,2.7
01-Oct-23,Exports: Liberia,642
01-Oct-23,Exports: Libyan Arab Jamahiriya,2.2
01-Oct-23,Exports: Lithuania,3.1
01-Oct-23,Exports: Luxembourg,41.3
01-Oct-23,Exports: Macau SAR (China),26.8
01-Oct-23,Exports: Madagascar,0.4
01-Oct-23,Exports: Malaysia,5545.4
01-Oct-23,Exports: Maldives Rep of,21.3
01-Oct-23,Exports: Malta,189.9
01-Oct-23,Exports: Marshall Islands,547.1
01-Oct-23,Exports: Mauritius,6.2
01-Oct-23,Exports: Mexico,212.8
01-Oct-23,Exports: Mongolian Peo Rep,25.9
01-Oct-23,Exports: Morocco,61.2
01-Oct-23,Exports: Mozambique,2.8
01-Oct-23,Exports: Myanmar,266.6
01-Oct-23,Exports: Nepal,32.6
01-Oct-23,Exports: Netherlands Antilles,0
01-Oct-23,Exports: Netherlands,824.5
01-Oct-23,Exports: New Caledonia,89.2
01-Oct-23,Exports: New Zealand,395.7
01-Oct-23,Exports: Nigeria,12.2
01-Oct-23,Exports: Northern Mariana Islands,11.5
01-Oct-23,Exports: Norway,50.8
01-Oct-23,Exports: Oman,29.6
01-Oct-23,Exports: Other Countries of Africa,19
01-Oct-23,Exports: Other Countries of America,24.3
01-Oct-23,Exports: Other Countries of Asia,53.5
01-Oct-23,Exports: Other Countries of Europe,30.3
01-Oct-23,Exports: Other Countries of Oceania,19.4
01-Oct-23,Exports: Pakistan,258.3
01-Oct-23,Exports: Panama,723.7
01-Oct-23,Exports: Papua New Guinea,123.1
01-Oct-23,Exports: Paraguay,0.6
01-Oct-23,Exports: Peru,6.6
01-Oct-23,Exports: Philippines,1266.7
01-Oct-23,Exports: Poland,47.6
01-Oct-23,Exports: Portugal,97.5
01-Oct-23,Exports: Puerto Rico,117.2
01-Oct-23,Exports: Qatar,84.1
01-Oct-23,Exports: Reunion,49.5
01-Oct-23,Exports: Romania,14.9
01-Oct-23,Exports: Russia,14.5
01-Oct-23,Exports: Saint Vincent and the Grenadines,2.3
01-Oct-23,Exports: Samoa,13.9
01-Oct-23,Exports: Saudi Arabia,158.7
01-Oct-23,Exports: Seychelles,2.2
01-Oct-23,Exports: Slovak Republic,1.2
01-Oct-23,Exports: Slovenia,13.2
01-Oct-23,Exports: Solomon Islands,24.8
01-Oct-23,Exports: South Africa,87
01-Oct-23,Exports: South Korea,2222.8
01-Oct-23,Exports: Spain,127.3
01-Oct-23,Exports: Sri Lanka,207.6
01-Oct-23,Exports: Sudan,0.2
01-Oct-23,Exports: Sweden,14.5
01-Oct-23,Exports: Switzerland,476.1
01-Oct-23,Exports: Syrian Arab Rep,0
01-Oct-23,Exports: Taiwan,2425.9
01-Oct-23,Exports: Tanzania,10.1
01-Oct-23,Exports: Thailand,2435.6
01-Oct-23,Exports: Trinidad & Tobago,2.5
01-Oct-23,Exports: Tunisia,1.9
01-Oct-23,Exports: Turkey,99.4
01-Oct-23,Exports: USA,4418.5
01-Oct-23,Exports: Ukraine,0.5
01-Oct-23,Exports: United Arab Emirates,711.8
01-Oct-23,Exports: United Kingdom,393.7
01-Oct-23,Exports: Uruguay,1.8
01-Oct-23,Exports: Vanuatu,11.2
01-Oct-23,Exports: Venezuela,0.8
01-Oct-23,Exports: Vietnam,1681.4
01-Oct-23,Exports: Yemen,1.4
01-Oct-23,Exports: Zambia,0.1
01-Oct-23,Exports: Zimbabwe,0.5
01-Nov-23,Exports: Afghanistan,0.1
01-Nov-23,Exports: Algeria,19.7
01-Nov-23,Exports: Angola,109.1
01-Nov-23,Exports: Antigua and Barbuda,14
01-Nov-23,Exports: Argentina,20.5
01-Nov-23,Exports: Australia,1844.2
01-Nov-23,Exports: Austria,21.8
01-Nov-23,Exports: Bahamas,92.1
01-Nov-23,Exports: Bahrain,23.8
01-Nov-23,Exports: Bangladesh,249.2
01-Nov-23,Exports: Belarus,0
01-Nov-23,Exports: Belgium,203.3
01-Nov-23,Exports: Benin,0.2
01-Nov-23,Exports: Bermuda,2.1
01-Nov-23,Exports: Brazil,152.8
01-Nov-23,Exports: Brunei,133.5
01-Nov-23,Exports: Bulgaria,2.6
01-Nov-23,Exports: Cambodia,159.4
01-Nov-23,Exports: Cameroon,2.3
01-Nov-23,Exports: Canada,104
01-Nov-23,Exports: Chile,64.2
01-Nov-23,Exports: China,7369.1
01-Nov-23,Exports: Christmas Islands,0
01-Nov-23,Exports: Colombia,10.2
01-Nov-23,Exports: Comoros,0.4
01-Nov-23,Exports: Costa Rica,10.8
01-Nov-23,Exports: Cote D'ivoire,4.4
01-Nov-23,Exports: Croatia,2.4
01-Nov-23,Exports: Cuba,0
01-Nov-23,Exports: Cyprus,41.1
01-Nov-23,"Exports: Czech, Republic",40.7
01-Nov-23,Exports: Denmark,34.5
01-Nov-23,Exports: Djibouti,1.6
01-Nov-23,Exports: Dominican Rep,1
01-Nov-23,Exports: Ecuador,6.4
01-Nov-23,Exports: Egypt,26.6
01-Nov-23,Exports: El Salvador,0.9
01-Nov-23,Exports: Estonia,1.8
01-Nov-23,Exports: Eswatini,0
01-Nov-23,Exports: Ethiopia,26.4
01-Nov-23,Exports: Fiji,65.2
01-Nov-23,Exports: Finland,17.7
01-Nov-23,Exports: France,558.9
01-Nov-23,Exports: French Polynesia,3.5
01-Nov-23,Exports: Gabon,3.3
01-Nov-23,Exports: Germany,705.6
01-Nov-23,Exports: Ghana,8.4
01-Nov-23,Exports: Greece,161.7
01-Nov-23,Exports: Guam,51.2
01-Nov-23,Exports: Guatemala,1
01-Nov-23,Exports: Guinea,1.2
01-Nov-23,Exports: Guyana,4.1
01-Nov-23,Exports: Honduras,0.2
01-Nov-23,Exports: Hong Kong SAR (China),6230.3
01-Nov-23,Exports: Hungary,24.5
01-Nov-23,Exports: India,1586.7
01-Nov-23,Exports: Indonesia,4571.5
01-Nov-23,Exports: Iran,1.3
01-Nov-23,Exports: Ireland,162.6
01-Nov-23,Exports: Israel,54.4
01-Nov-23,Exports: Italy,98.6
01-Nov-23,Exports: Jamaica,0.8
01-Nov-23,Exports: Japan,2339.1
01-Nov-23,Exports: Jordan,13.3
01-Nov-23,Exports: Kazakhstan,12.7
01-Nov-23,Exports: Kenya,112.1
01-Nov-23,Exports: Kuwait,46.7
01-Nov-23,Exports: Lao Peo Dem Rep,9.4
01-Nov-23,Exports: Latvia,6.4
01-Nov-23,Exports: Lebanon,2.2
01-Nov-23,Exports: Liberia,715.7
01-Nov-23,Exports: Libyan Arab Jamahiriya,1
01-Nov-23,Exports: Lithuania,2.4
01-Nov-23,Exports: Luxembourg,25.5
01-Nov-23,Exports: Macau SAR (China),54.2
01-Nov-23,Exports: Madagascar,0.6
01-Nov-23,Exports: Malaysia,4949.7
01-Nov-23,Exports: Maldives Rep of,35.6
01-Nov-23,Exports: Malta,202.3
01-Nov-23,Exports: Marshall Islands,501.9
01-Nov-23,Exports: Mauritius,5
01-Nov-23,Exports: Mexico,168.9
01-Nov-23,Exports: Mongolian Peo Rep,23.8
01-Nov-23,Exports: Morocco,62.3
01-Nov-23,Exports: Mozambique,1.9
01-Nov-23,Exports: Myanmar,345.6
01-Nov-23,Exports: Nepal,20.8
01-Nov-23,Exports: Netherlands Antilles,0
01-Nov-23,Exports: Netherlands,823.1
01-Nov-23,Exports: New Caledonia,23.8
01-Nov-23,Exports: New Zealand,395.3
01-Nov-23,Exports: Nigeria,12.2
01-Nov-23,Exports: Northern Mariana Islands,14.1
01-Nov-23,Exports: Norway,82.1
01-Nov-23,Exports: Oman,24.4
01-Nov-23,Exports: Other Countries of Africa,26.7
01-Nov-23,Exports: Other Countries of America,15.6
01-Nov-23,Exports: Other Countries of Asia,40.9
01-Nov-23,Exports: Other Countries of Europe,41
01-Nov-23,Exports: Other Countries of Oceania,13.9
01-Nov-23,Exports: Pakistan,194.6
01-Nov-23,Exports: Panama,728.3
01-Nov-23,Exports: Papua New Guinea,91.7
01-Nov-23,Exports: Paraguay,0.2
01-Nov-23,Exports: Peru,6.9
01-Nov-23,Exports: Philippines,1277.6
01-Nov-23,Exports: Poland,46.6
01-Nov-23,Exports: Portugal,92.8
01-Nov-23,Exports: Puerto Rico,19.1
01-Nov-23,Exports: Qatar,64.9
01-Nov-23,Exports: Reunion,97.1
01-Nov-23,Exports: Romania,13.6
01-Nov-23,Exports: Russia,14.4
01-Nov-23,Exports: Saint Vincent and the Grenadines,2
01-Nov-23,Exports: Samoa,11
01-Nov-23,Exports: Saudi Arabia,179.1
01-Nov-23,Exports: Seychelles,2.1
01-Nov-23,Exports: Slovak Republic,2.1
01-Nov-23,Exports: Slovenia,6.7
01-Nov-23,Exports: Solomon Islands,9.9
01-Nov-23,Exports: South Africa,45.1
01-Nov-23,Exports: South Korea,2201.5
01-Nov-23,Exports: Spain,41.5
01-Nov-23,Exports: Sri Lanka,149.1
01-Nov-23,Exports: Sudan,1.7
01-Nov-23,Exports: Sweden,13.3
01-Nov-23,Exports: Switzerland,901.9
01-Nov-23,Exports: Syrian Arab Rep,0.1
01-Nov-23,Exports: Taiwan,2282.1
01-Nov-23,Exports: Tanzania,13.2
01-Nov-23,Exports: Thailand,2372
01-Nov-23,Exports: Trinidad & Tobago,1
01-Nov-23,Exports: Tunisia,2
01-Nov-23,Exports: Turkey,166.3
01-Nov-23,Exports: USA,5406.2
01-Nov-23,Exports: Ukraine,1
01-Nov-23,Exports: United Arab Emirates,667.9
01-Nov-23,Exports: United Kingdom,342.1
01-Nov-23,Exports: Uruguay,1.5
01-Nov-23,Exports: Vanuatu,2
01-Nov-23,Exports: Venezuela,1.2
01-Nov-23,Exports: Vietnam,1789.6
01-Nov-23,Exports: Yemen,0.6
01-Nov-23,Exports: Zambia,0.2
01-Nov-23,Exports: Zimbabwe,0.2
01-Dec-23,Exports: Afghanistan,0.5
01-Dec-23,Exports: Algeria,10.2
01-Dec-23,Exports: Angola,26.4
01-Dec-23,Exports: Antigua and Barbuda,10.5
01-Dec-23,Exports: Argentina,21.1
01-Dec-23,Exports: Australia,1888.1
01-Dec-23,Exports: Austria,30.9
01-Dec-23,Exports: Bahamas,97.5
01-Dec-23,Exports: Bahrain,12
01-Dec-23,Exports: Bangladesh,322.6
01-Dec-23,Exports: Belarus,0.1
01-Dec-23,Exports: Belgium,255.3
01-Dec-23,Exports: Benin,0.4
01-Dec-23,Exports: Bermuda,4.6
01-Dec-23,Exports: Brazil,198.6
01-Dec-23,Exports: Brunei,82.4
01-Dec-23,Exports: Bulgaria,2.3
01-Dec-23,Exports: Cambodia,241.8
01-Dec-23,Exports: Cameroon,5.5
01-Dec-23,Exports: Canada,122.4
01-Dec-23,Exports: Chile,13.5
01-Dec-23,Exports: China,8030.6
01-Dec-23,Exports: Christmas Islands,0
01-Dec-23,Exports: Colombia,17.3
01-Dec-23,Exports: Comoros,0.5
01-Dec-23,Exports: Costa Rica,5.4
01-Dec-23,Exports: Cote D'ivoire,1
01-Dec-23,Exports: Croatia,3.1
01-Dec-23,Exports: Cuba,0.1
01-Dec-23,Exports: Cyprus,47.7
01-Dec-23,"Exports: Czech, Republic",44
01-Dec-23,Exports: Denmark,46
01-Dec-23,Exports: Djibouti,3.9
01-Dec-23,Exports: Dominican Rep,2
01-Dec-23,Exports: Ecuador,4.6
01-Dec-23,Exports: Egypt,32
01-Dec-23,Exports: El Salvador,0.5
01-Dec-23,Exports: Estonia,0.9
01-Dec-23,Exports: Eswatini,0
01-Dec-23,Exports: Ethiopia,9.9
01-Dec-23,Exports: Fiji,61.8
01-Dec-23,Exports: Finland,16.8
01-Dec-23,Exports: France,413
01-Dec-23,Exports: French Polynesia,3.8
01-Dec-23,Exports: Gabon,4.3
01-Dec-23,Exports: Germany,999.5
01-Dec-23,Exports: Ghana,6.3
01-Dec-23,Exports: Greece,89.3
01-Dec-23,Exports: Guam,70.3
01-Dec-23,Exports: Guatemala,1.2
01-Dec-23,Exports: Guinea,1.3
01-Dec-23,Exports: Guyana,4.1
01-Dec-23,Exports: Honduras,1.5
01-Dec-23,Exports: Hong Kong SAR (China),6319.6
01-Dec-23,Exports: Hungary,22.3
01-Dec-23,Exports: India,1670.1
01-Dec-23,Exports: Indonesia,3665.9
01-Dec-23,Exports: Iran,1.1
01-Dec-23,Exports: Ireland,218.8
01-Dec-23,Exports: Israel,77.7
01-Dec-23,Exports: Italy,100.8
01-Dec-23,Exports: Jamaica,1.5
01-Dec-23,Exports: Japan,2112.7
01-Dec-23,Exports: Jordan,15
01-Dec-23,Exports: Kazakhstan,7.2
01-Dec-23,Exports: Kenya,4.6
01-Dec-23,Exports: Kuwait,22.7
01-Dec-23,Exports: Lao Peo Dem Rep,12.6
01-Dec-23,Exports: Latvia,10.7
01-Dec-23,Exports: Lebanon,1.7
01-Dec-23,Exports: Liberia,574.6
01-Dec-23,Exports: Libyan Arab Jamahiriya,4.8
01-Dec-23,Exports: Lithuania,4
01-Dec-23,Exports: Luxembourg,17.1
01-Dec-23,Exports: Macau SAR (China),25.6
01-Dec-23,Exports: Madagascar,1.3
01-Dec-23,Exports: Malaysia,4396.7
01-Dec-23,Exports: Maldives Rep of,39.5
01-Dec-23,Exports: Malta,181.5
01-Dec-23,Exports: Marshall Islands,474.4
01-Dec-23,Exports: Mauritius,10.7
01-Dec-23,Exports: Mexico,282.8
01-Dec-23,Exports: Mongolian Peo Rep,20.4
01-Dec-23,Exports: Morocco,60.7
01-Dec-23,Exports: Mozambique,25.2
01-Dec-23,Exports: Myanmar,247.9
01-Dec-23,Exports: Nepal,19.3
01-Dec-23,Exports: Netherlands Antilles,0
01-Dec-23,Exports: Netherlands,693.7
01-Dec-23,Exports: New Caledonia,68
01-Dec-23,Exports: New Zealand,340.6
01-Dec-23,Exports: Nigeria,16.4
01-Dec-23,Exports: Northern Mariana Islands,13.3
01-Dec-23,Exports: Norway,62
01-Dec-23,Exports: Oman,97
01-Dec-23,Exports: Other Countries of Africa,36.3
01-Dec-23,Exports: Other Countries of America,20.8
01-Dec-23,Exports: Other Countries of Asia,29.4
01-Dec-23,Exports: Other Countries of Europe,42.9
01-Dec-23,Exports: Other Countries of Oceania,11.7
01-Dec-23,Exports: Pakistan,176.5
01-Dec-23,Exports: Panama,640.2
01-Dec-23,Exports: Papua New Guinea,89.8
01-Dec-23,Exports: Paraguay,0.3
01-Dec-23,Exports: Peru,7.1
01-Dec-23,Exports: Philippines,939.6
01-Dec-23,Exports: Poland,56.5
01-Dec-23,Exports: Portugal,64.6
01-Dec-23,Exports: Puerto Rico,46.3
01-Dec-23,Exports: Qatar,96.5
01-Dec-23,Exports: Reunion,44.7
01-Dec-23,Exports: Romania,12.5
01-Dec-23,Exports: Russia,13.7
01-Dec-23,Exports: Saint Vincent and the Grenadines,0.5
01-Dec-23,Exports: Samoa,10.5
01-Dec-23,Exports: Saudi Arabia,140
01-Dec-23,Exports: Seychelles,1.3
01-Dec-23,Exports: Slovak Republic,0.8
01-Dec-23,Exports: Slovenia,7.2
01-Dec-23,Exports: Solomon Islands,11.1
01-Dec-23,Exports: South Africa,113.1
01-Dec-23,Exports: South Korea,2390.8
01-Dec-23,Exports: Spain,30.4
01-Dec-23,Exports: Sri Lanka,214
01-Dec-23,Exports: Sudan,0.8
01-Dec-23,Exports: Sweden,20.7
01-Dec-23,Exports: Switzerland,309.2
01-Dec-23,Exports: Syrian Arab Rep,0.1
01-Dec-23,Exports: Taiwan,2126.6
01-Dec-23,Exports: Tanzania,9.4
01-Dec-23,Exports: Thailand,1991.4
01-Dec-23,Exports: Trinidad & Tobago,3.6
01-Dec-23,Exports: Tunisia,4
01-Dec-23,Exports: Turkey,99.3
01-Dec-23,Exports: USA,4601.4
01-Dec-23,Exports: Ukraine,0.5
01-Dec-23,Exports: United Arab Emirates,533.4
01-Dec-23,Exports: United Kingdom,376.4
01-Dec-23,Exports: Uruguay,3.1
01-Dec-23,Exports: Vanuatu,1.7
01-Dec-23,Exports: Venezuela,1.5
01-Dec-23,Exports: Vietnam,1916.2
01-Dec-23,Exports: Yemen,2
01-Dec-23,Exports: Zambia,0.1
01-Dec-23,Exports: Zimbabwe,0.2
01-Jan-24,Exports: Afghanistan,0
01-Jan-24,Exports: Algeria,2.5
01-Jan-24,Exports: Angola,22.4
01-Jan-24,Exports: Antigua and Barbuda,11.1
01-Jan-24,Exports: Argentina,26.3
01-Jan-24,Exports: Australia,1521
01-Jan-24,Exports: Austria,22.4
01-Jan-24,Exports: Bahamas,123.8
01-Jan-24,Exports: Bahrain,8.1
01-Jan-24,Exports: Bangladesh,239.8
01-Jan-24,Exports: Belarus,0
01-Jan-24,Exports: Belgium,283.3
01-Jan-24,Exports: Benin,0.2
01-Jan-24,Exports: Bermuda,0.7
01-Jan-24,Exports: Brazil,214.1
01-Jan-24,Exports: Brunei,76.9
01-Jan-24,Exports: Bulgaria,2.7
01-Jan-24,Exports: Cambodia,707
01-Jan-24,Exports: Cameroon,3
01-Jan-24,Exports: Canada,119.8
01-Jan-24,Exports: Chile,9.6
01-Jan-24,Exports: China,8793.6
01-Jan-24,Exports: Christmas Islands,0
01-Jan-24,Exports: Colombia,15.9
01-Jan-24,Exports: Comoros,0.5
01-Jan-24,Exports: Costa Rica,11.4
01-Jan-24,Exports: Cote D'ivoire,1.5
01-Jan-24,Exports: Croatia,2.4
01-Jan-24,Exports: Cuba,0
01-Jan-24,Exports: Cyprus,52.1
01-Jan-24,"Exports: Czech, Republic",48
01-Jan-24,Exports: Denmark,29.1
01-Jan-24,Exports: Djibouti,0.9
01-Jan-24,Exports: Dominican Rep,2.7
01-Jan-24,Exports: Ecuador,3.4
01-Jan-24,Exports: Egypt,29.7
01-Jan-24,Exports: El Salvador,0.5
01-Jan-24,Exports: Estonia,1.6
01-Jan-24,Exports: Eswatini,0
01-Jan-24,Exports: Ethiopia,65
01-Jan-24,Exports: Fiji,62.9
01-Jan-24,Exports: Finland,11.4
01-Jan-24,Exports: France,364.7
01-Jan-24,Exports: French Polynesia,12.6
01-Jan-24,Exports: Gabon,2.5
01-Jan-24,Exports: Germany,792.3
01-Jan-24,Exports: Ghana,5.6
01-Jan-24,Exports: Greece,94.5
01-Jan-24,Exports: Guam,4.7
01-Jan-24,Exports: Guatemala,1.3
01-Jan-24,Exports: Guinea,2.7
01-Jan-24,Exports: Guyana,2.9
01-Jan-24,Exports: Honduras,2.3
01-Jan-24,Exports: Hong Kong SAR (China),6290.9
01-Jan-24,Exports: Hungary,63.6
01-Jan-24,Exports: India,1572.5
01-Jan-24,Exports: Indonesia,4786.8
01-Jan-24,Exports: Iran,2
01-Jan-24,Exports: Ireland,40.8
01-Jan-24,Exports: Israel,58.4
01-Jan-24,Exports: Italy,149.7
01-Jan-24,Exports: Jamaica,0.6
01-Jan-24,Exports: Japan,1937.7
01-Jan-24,Exports: Jordan,6.9
01-Jan-24,Exports: Kazakhstan,1.4
01-Jan-24,Exports: Kenya,6.3
01-Jan-24,Exports: Kuwait,38
01-Jan-24,Exports: Lao Peo Dem Rep,5.1
01-Jan-24,Exports: Latvia,4.8
01-Jan-24,Exports: Lebanon,2.3
01-Jan-24,Exports: Liberia,587.5
01-Jan-24,Exports: Libyan Arab Jamahiriya,1.8
01-Jan-24,Exports: Lithuania,1
01-Jan-24,Exports: Luxembourg,46.7
01-Jan-24,Exports: Macau SAR (China),35
01-Jan-24,Exports: Madagascar,0.5
01-Jan-24,Exports: Malaysia,5411.2
01-Jan-24,Exports: Maldives Rep of,40.5
01-Jan-24,Exports: Malta,195.7
01-Jan-24,Exports: Marshall Islands,565.1
01-Jan-24,Exports: Mauritius,2.8
01-Jan-24,Exports: Mexico,159.7
01-Jan-24,Exports: Mongolian Peo Rep,17.1
01-Jan-24,Exports: Morocco,71.6
01-Jan-24,Exports: Mozambique,1.1
01-Jan-24,Exports: Myanmar,315.8
01-Jan-24,Exports: Nepal,22.9
01-Jan-24,Exports: Netherlands Antilles,0
01-Jan-24,Exports: Netherlands,1068
01-Jan-24,Exports: New Caledonia,32.1
01-Jan-24,Exports: New Zealand,429.5
01-Jan-24,Exports: Nigeria,23.6
01-Jan-24,Exports: Northern Mariana Islands,0.2
01-Jan-24,Exports: Norway,55.8
01-Jan-24,Exports: Oman,28
01-Jan-24,Exports: Other Countries of Africa,53.2
01-Jan-24,Exports: Other Countries of America,21.9
01-Jan-24,Exports: Other Countries of Asia,36
01-Jan-24,Exports: Other Countries of Europe,33.7
01-Jan-24,Exports: Other Countries of Oceania,17
01-Jan-24,Exports: Pakistan,218.3
01-Jan-24,Exports: Panama,587.2
01-Jan-24,Exports: Papua New Guinea,71.9
01-Jan-24,Exports: Paraguay,0.5
01-Jan-24,Exports: Peru,5.4
01-Jan-24,Exports: Philippines,1111.2
01-Jan-24,Exports: Poland,55.1
01-Jan-24,Exports: Portugal,61.8
01-Jan-24,Exports: Puerto Rico,52.2
01-Jan-24,Exports: Qatar,109.7
01-Jan-24,Exports: Reunion,87.5
01-Jan-24,Exports: Romania,10.5
01-Jan-24,Exports: Russia,12.3
01-Jan-24,Exports: Saint Vincent and the Grenadines,1.8
01-Jan-24,Exports: Samoa,10.6
01-Jan-24,Exports: Saudi Arabia,136.4
01-Jan-24,Exports: Seychelles,1.4
01-Jan-24,Exports: Slovak Republic,3.4
01-Jan-24,Exports: Slovenia,6.6
01-Jan-24,Exports: Solomon Islands,10.6
01-Jan-24,Exports: South Africa,82.3
01-Jan-24,Exports: South Korea,2659.5
01-Jan-24,Exports: Spain,70.6
01-Jan-24,Exports: Sri Lanka,266.2
01-Jan-24,Exports: Sudan,0
01-Jan-24,Exports: Sweden,9.5
01-Jan-24,Exports: Switzerland,793.7
01-Jan-24,Exports: Syrian Arab Rep,0.2
01-Jan-24,Exports: Taiwan,2095
01-Jan-24,Exports: Tanzania,7.9
01-Jan-24,Exports: Thailand,2916.2
01-Jan-24,Exports: Trinidad & Tobago,2.6
01-Jan-24,Exports: Tunisia,2.9
01-Jan-24,Exports: Turkey,129.9
01-Jan-24,Exports: USA,4687.9
01-Jan-24,Exports: Ukraine,0.4
01-Jan-24,Exports: United Arab Emirates,634.6
01-Jan-24,Exports: United Kingdom,470.9
01-Jan-24,Exports: Uruguay,5.6
01-Jan-24,Exports: Vanuatu,2.8
01-Jan-24,Exports: Venezuela,2.3
01-Jan-24,Exports: Vietnam,2225.7
01-Jan-24,Exports: Yemen,0.7
01-Jan-24,Exports: Zambia,0.4
01-Jan-24,Exports: Zimbabwe,1.4
01-Feb-24,Exports: Afghanistan,0
01-Feb-24,Exports: Algeria,3.2
01-Feb-24,Exports: Angola,12
01-Feb-24,Exports: Antigua and Barbuda,14.8
01-Feb-24,Exports: Argentina,21.6
01-Feb-24,Exports: Australia,1586.9
01-Feb-24,Exports: Austria,18
01-Feb-24,Exports: Bahamas,81.8
01-Feb-24,Exports: Bahrain,11.2
01-Feb-24,Exports: Bangladesh,268.8
01-Feb-24,Exports: Belarus,0.4
01-Feb-24,Exports: Belgium,325.8
01-Feb-24,Exports: Benin,0.2
01-Feb-24,Exports: Bermuda,8.1
01-Feb-24,Exports: Brazil,194.3
01-Feb-24,Exports: Brunei,65.3
01-Feb-24,Exports: Bulgaria,1.5
01-Feb-24,Exports: Cambodia,827.6
01-Feb-24,Exports: Cameroon,2.8
01-Feb-24,Exports: Canada,90.1
01-Feb-24,Exports: Chile,11.7
01-Feb-24,Exports: China,6427.9
01-Feb-24,Exports: Christmas Islands,1.3
01-Feb-24,Exports: Colombia,29.1
01-Feb-24,Exports: Comoros,0.5
01-Feb-24,Exports: Costa Rica,8.1
01-Feb-24,Exports: Cote D'ivoire,1.4
01-Feb-24,Exports: Croatia,3
01-Feb-24,Exports: Cuba,0
01-Feb-24,Exports: Cyprus,44.8
01-Feb-24,"Exports: Czech, Republic",41.3
01-Feb-24,Exports: Denmark,48
01-Feb-24,Exports: Djibouti,1.5
01-Feb-24,Exports: Dominican Rep,0.8
01-Feb-24,Exports: Ecuador,4.2
01-Feb-24,Exports: Egypt,26.8
01-Feb-24,Exports: El Salvador,0.6
01-Feb-24,Exports: Estonia,1
01-Feb-24,Exports: Eswatini,0
01-Feb-24,Exports: Ethiopia,8
01-Feb-24,Exports: Fiji,29.1
01-Feb-24,Exports: Finland,21.7
01-Feb-24,Exports: France,309.9
01-Feb-24,Exports: French Polynesia,1.7
01-Feb-24,Exports: Gabon,5.4
01-Feb-24,Exports: Germany,719.9
01-Feb-24,Exports: Ghana,5
01-Feb-24,Exports: Greece,115.3
01-Feb-24,Exports: Guam,33.1
01-Feb-24,Exports: Guatemala,1.8
01-Feb-24,Exports: Guinea,1
01-Feb-24,Exports: Guyana,4.2
01-Feb-24,Exports: Honduras,0.7
01-Feb-24,Exports: Hong Kong SAR (China),6132.8
01-Feb-24,Exports: Hungary,57.3
01-Feb-24,Exports: India,1385.9
01-Feb-24,Exports: Indonesia,4251.4
01-Feb-24,Exports: Iran,1
01-Feb-24,Exports: Ireland,121.7
01-Feb-24,Exports: Israel,65.9
01-Feb-24,Exports: Italy,108.1
01-Feb-24,Exports: Jamaica,0.8
01-Feb-24,Exports: Japan,1734.9
01-Feb-24,Exports: Jordan,3.4
01-Feb-24,Exports: Kazakhstan,2.7
01-Feb-24,Exports: Kenya,7.7
01-Feb-24,Exports: Kuwait,111.5
01-Feb-24,Exports: Lao Peo Dem Rep,6.2
01-Feb-24,Exports: Latvia,7.6
01-Feb-24,Exports: Lebanon,1.8
01-Feb-24,Exports: Liberia,828.2
01-Feb-24,Exports: Libyan Arab Jamahiriya,4.4
01-Feb-24,Exports: Lithuania,43.6
01-Feb-24,Exports: Luxembourg,4.3
01-Feb-24,Exports: Macau SAR (China),12.2
01-Feb-24,Exports: Madagascar,0.5
01-Feb-24,Exports: Malaysia,5183.6
01-Feb-24,Exports: Maldives Rep of,32.4
01-Feb-24,Exports: Malta,250.6
01-Feb-24,Exports: Marshall Islands,650.3
01-Feb-24,Exports: Mauritius,4.6
01-Feb-24,Exports: Mexico,284.1
01-Feb-24,Exports: Mongolian Peo Rep,17
01-Feb-24,Exports: Morocco,52.6
01-Feb-24,Exports: Mozambique,1.1
01-Feb-24,Exports: Myanmar,274.3
01-Feb-24,Exports: Nepal,21.1
01-Feb-24,Exports: Netherlands Antilles,0
01-Feb-24,Exports: Netherlands,826.7
01-Feb-24,Exports: New Caledonia,37.9
01-Feb-24,Exports: New Zealand,297.8
01-Feb-24,Exports: Nigeria,17.5
01-Feb-24,Exports: Northern Mariana Islands,10.6
01-Feb-24,Exports: Norway,55
01-Feb-24,Exports: Oman,20.9
01-Feb-24,Exports: Other Countries of Africa,36.6
01-Feb-24,Exports: Other Countries of America,22.2
01-Feb-24,Exports: Other Countries of Asia,33.7
01-Feb-24,Exports: Other Countries of Europe,32.3
01-Feb-24,Exports: Other Countries of Oceania,12.8
01-Feb-24,Exports: Pakistan,116.9
01-Feb-24,Exports: Panama,658
01-Feb-24,Exports: Papua New Guinea,84
01-Feb-24,Exports: Paraguay,0.9
01-Feb-24,Exports: Peru,6.3
01-Feb-24,Exports: Philippines,894.4
01-Feb-24,Exports: Poland,43.2
01-Feb-24,Exports: Portugal,131.8
01-Feb-24,Exports: Puerto Rico,82.4
01-Feb-24,Exports: Qatar,119.4
01-Feb-24,Exports: Reunion,80.8
01-Feb-24,Exports: Romania,11.9
01-Feb-24,Exports: Russia,11.7
01-Feb-24,Exports: Saint Vincent and the Grenadines,0.3
01-Feb-24,Exports: Samoa,12.9
01-Feb-24,Exports: Saudi Arabia,116.9
01-Feb-24,Exports: Seychelles,2.3
01-Feb-24,Exports: Slovak Republic,3.4
01-Feb-24,Exports: Slovenia,3.3
01-Feb-24,Exports: Solomon Islands,7.7
01-Feb-24,Exports: South Africa,63.2
01-Feb-24,Exports: South Korea,2136.4
01-Feb-24,Exports: Spain,45.6
01-Feb-24,Exports: Sri Lanka,151.4
01-Feb-24,Exports: Sudan,0
01-Feb-24,Exports: Sweden,8.1
01-Feb-24,Exports: Switzerland,159.3
01-Feb-24,Exports: Syrian Arab Rep,0.1
01-Feb-24,Exports: Taiwan,1872.7
01-Feb-24,Exports: Tanzania,6.3
01-Feb-24,Exports: Thailand,2256.9
01-Feb-24,Exports: Trinidad & Tobago,0.8
01-Feb-24,Exports: Tunisia,4.5
01-Feb-24,Exports: Turkey,115.4
01-Feb-24,Exports: USA,4630.3
01-Feb-24,Exports: Ukraine,14.5
01-Feb-24,Exports: United Arab Emirates,588.5
01-Feb-24,Exports: United Kingdom,406.3
01-Feb-24,Exports: Uruguay,2.8
01-Feb-24,Exports: Vanuatu,6.9
01-Feb-24,Exports: Venezuela,0.9
01-Feb-24,Exports: Vietnam,1715
01-Feb-24,Exports: Yemen,1.8
01-Feb-24,Exports: Zambia,0.2
01-Feb-24,Exports: Zimbabwe,0.2
01-Mar-24,Exports: Afghanistan,0
01-Mar-24,Exports: Algeria,2.1
01-Mar-24,Exports: Angola,10.6
01-Mar-24,Exports: Antigua and Barbuda,9
01-Mar-24,Exports: Argentina,31.3
01-Mar-24,Exports: Australia,1465.8
01-Mar-24,Exports: Austria,25.3
01-Mar-24,Exports: Bahamas,91.1
01-Mar-24,Exports: Bahrain,8.8
01-Mar-24,Exports: Bangladesh,342.8
01-Mar-24,Exports: Belarus,0
01-Mar-24,Exports: Belgium,248.4
01-Mar-24,Exports: Benin,0.6
01-Mar-24,Exports: Bermuda,2.5
01-Mar-24,Exports: Brazil,206.6
01-Mar-24,Exports: Brunei,74
01-Mar-24,Exports: Bulgaria,0.9
01-Mar-24,Exports: Cambodia,562.5
01-Mar-24,Exports: Cameroon,4
01-Mar-24,Exports: Canada,130.1
01-Mar-24,Exports: Chile,12.8
01-Mar-24,Exports: China,8605.4
01-Mar-24,Exports: Christmas Islands,0
01-Mar-24,Exports: Colombia,8.4
01-Mar-24,Exports: Comoros,2.3
01-Mar-24,Exports: Costa Rica,5.4
01-Mar-24,Exports: Cote D'ivoire,3.6
01-Mar-24,Exports: Croatia,0.5
01-Mar-24,Exports: Cuba,0
01-Mar-24,Exports: Cyprus,71.2
01-Mar-24,"Exports: Czech, Republic",49.6
01-Mar-24,Exports: Denmark,52
01-Mar-24,Exports: Djibouti,1.7
01-Mar-24,Exports: Dominican Rep,2.5
01-Mar-24,Exports: Ecuador,5.7
01-Mar-24,Exports: Egypt,33.9
01-Mar-24,Exports: El Salvador,1
01-Mar-24,Exports: Estonia,1.3
01-Mar-24,Exports: Eswatini,0
01-Mar-24,Exports: Ethiopia,6.4
01-Mar-24,Exports: Fiji,65.7
01-Mar-24,Exports: Finland,47.5
01-Mar-24,Exports: France,385.2
01-Mar-24,Exports: French Polynesia,5.7
01-Mar-24,Exports: Gabon,5
01-Mar-24,Exports: Germany,1005.7
01-Mar-24,Exports: Ghana,5.5
01-Mar-24,Exports: Greece,93.7
01-Mar-24,Exports: Guam,34.9
01-Mar-24,Exports: Guatemala,1.7
01-Mar-24,Exports: Guinea,1.3
01-Mar-24,Exports: Guyana,5.2
01-Mar-24,Exports: Honduras,0.4
01-Mar-24,Exports: Hong Kong SAR (China),5943.3
01-Mar-24,Exports: Hungary,35.5
01-Mar-24,Exports: India,1603.7
01-Mar-24,Exports: Indonesia,4544.7
01-Mar-24,Exports: Iran,0.2
01-Mar-24,Exports: Ireland,66.8
01-Mar-24,Exports: Israel,72.1
01-Mar-24,Exports: Italy,139.8
01-Mar-24,Exports: Jamaica,1.5
01-Mar-24,Exports: Japan,1763.6
01-Mar-24,Exports: Jordan,6.2
01-Mar-24,Exports: Kazakhstan,2.1
01-Mar-24,Exports: Kenya,7.4
01-Mar-24,Exports: Kuwait,36.4
01-Mar-24,Exports: Lao Peo Dem Rep,7.3
01-Mar-24,Exports: Latvia,9.8
01-Mar-24,Exports: Lebanon,1.7
01-Mar-24,Exports: Liberia,731.6
01-Mar-24,Exports: Libyan Arab Jamahiriya,3
01-Mar-24,Exports: Lithuania,2
01-Mar-24,Exports: Luxembourg,5
01-Mar-24,Exports: Macau SAR (China),24.3
01-Mar-24,Exports: Madagascar,0.5
01-Mar-24,Exports: Malaysia,6803
01-Mar-24,Exports: Maldives Rep of,20
01-Mar-24,Exports: Malta,194
01-Mar-24,Exports: Marshall Islands,667.8
01-Mar-24,Exports: Mauritius,11
01-Mar-24,Exports: Mexico,273.1
01-Mar-24,Exports: Mongolian Peo Rep,28
01-Mar-24,Exports: Morocco,49.1
01-Mar-24,Exports: Mozambique,3
01-Mar-24,Exports: Myanmar,243.4
01-Mar-24,Exports: Nepal,27.4
01-Mar-24,Exports: Netherlands Antilles,0
01-Mar-24,Exports: Netherlands,902.7
01-Mar-24,Exports: New Caledonia,41
01-Mar-24,Exports: New Zealand,215.5
01-Mar-24,Exports: Nigeria,23.2
01-Mar-24,Exports: Northern Mariana Islands,12.1
01-Mar-24,Exports: Norway,49.1
01-Mar-24,Exports: Oman,168
01-Mar-24,Exports: Other Countries of Africa,108.2
01-Mar-24,Exports: Other Countries of America,58.6
01-Mar-24,Exports: Other Countries of Asia,24.9
01-Mar-24,Exports: Other Countries of Europe,50.8
01-Mar-24,Exports: Other Countries of Oceania,11.6
01-Mar-24,Exports: Pakistan,141.7
01-Mar-24,Exports: Panama,688.9
01-Mar-24,Exports: Papua New Guinea,138.9
01-Mar-24,Exports: Paraguay,0.2
01-Mar-24,Exports: Peru,9.3
01-Mar-24,Exports: Philippines,1007.1
01-Mar-24,Exports: Poland,50.9
01-Mar-24,Exports: Portugal,71.3
01-Mar-24,Exports: Puerto Rico,88.3
01-Mar-24,Exports: Qatar,112.2
01-Mar-24,Exports: Reunion,55.1
01-Mar-24,Exports: Romania,17.9
01-Mar-24,Exports: Russia,7.7
01-Mar-24,Exports: Saint Vincent and the Grenadines,2.4
01-Mar-24,Exports: Samoa,14.5
01-Mar-24,Exports: Saudi Arabia,140.8
01-Mar-24,Exports: Seychelles,1.8
01-Mar-24,Exports: Slovak Republic,3.1
01-Mar-24,Exports: Slovenia,6.6
01-Mar-24,Exports: Solomon Islands,16.9
01-Mar-24,Exports: South Africa,42.4
01-Mar-24,Exports: South Korea,2366.3
01-Mar-24,Exports: Spain,35.7
01-Mar-24,Exports: Sri Lanka,205.1
01-Mar-24,Exports: Sudan,0.2
01-Mar-24,Exports: Sweden,14.9
01-Mar-24,Exports: Switzerland,231.8
01-Mar-24,Exports: Syrian Arab Rep,0
01-Mar-24,Exports: Taiwan,2683.5
01-Mar-24,Exports: Tanzania,8
01-Mar-24,Exports: Thailand,2652.6
01-Mar-24,Exports: Trinidad & Tobago,1.3
01-Mar-24,Exports: Tunisia,3.6
01-Mar-24,Exports: Turkey,96.3
01-Mar-24,Exports: USA,4376.3
01-Mar-24,Exports: Ukraine,0.7
01-Mar-24,Exports: United Arab Emirates,615.6
01-Mar-24,Exports: United Kingdom,417.1
01-Mar-24,Exports: Uruguay,2.1
01-Mar-24,Exports: Vanuatu,2.3
01-Mar-24,Exports: Venezuela,0.8
01-Mar-24,Exports: Vietnam,1937.1
01-Mar-24,Exports: Yemen,1.7
01-Mar-24,Exports: Zambia,0.7
01-Mar-24,Exports: Zimbabwe,0.3
01-Apr-24,Exports: Afghanistan,0.5
01-Apr-24,Exports: Algeria,7
01-Apr-24,Exports: Angola,11.4
01-Apr-24,Exports: Antigua and Barbuda,18.4
01-Apr-24,Exports: Argentina,15.5
01-Apr-24,Exports: Australia,1722.6
01-Apr-24,Exports: Austria,15.3
01-Apr-24,Exports: Bahamas,86.2
01-Apr-24,Exports: Bahrain,47.8
01-Apr-24,Exports: Bangladesh,207.3
01-Apr-24,Exports: Belarus,0
01-Apr-24,Exports: Belgium,325.3
01-Apr-24,Exports: Benin,0.4
01-Apr-24,Exports: Bermuda,11
01-Apr-24,Exports: Brazil,185.5
01-Apr-24,Exports: Brunei,109.5
01-Apr-24,Exports: Bulgaria,2
01-Apr-24,Exports: Cambodia,276.5
01-Apr-24,Exports: Cameroon,2.3
01-Apr-24,Exports: Canada,98.9
01-Apr-24,Exports: Chile,11.2
01-Apr-24,Exports: China,8207.8
01-Apr-24,Exports: Christmas Islands,0.3
01-Apr-24,Exports: Colombia,17.1
01-Apr-24,Exports: Comoros,5.6
01-Apr-24,Exports: Costa Rica,9
01-Apr-24,Exports: Cote D'ivoire,1.7
01-Apr-24,Exports: Croatia,0.6
01-Apr-24,Exports: Cuba,0
01-Apr-24,Exports: Cyprus,63.9
01-Apr-24,"Exports: Czech, Republic",46.3
01-Apr-24,Exports: Denmark,47.1
01-Apr-24,Exports: Djibouti,0.5
01-Apr-24,Exports: Dominican Rep,1.5
01-Apr-24,Exports: Ecuador,5.4
01-Apr-24,Exports: Egypt,24.9
01-Apr-24,Exports: El Salvador,0.5
01-Apr-24,Exports: Estonia,2.9
01-Apr-24,Exports: Eswatini,0
01-Apr-24,Exports: Ethiopia,17.5
01-Apr-24,Exports: Fiji,71.5
01-Apr-24,Exports: Finland,28.4
01-Apr-24,Exports: France,368.8
01-Apr-24,Exports: French Polynesia,37.6
01-Apr-24,Exports: Gabon,3
01-Apr-24,Exports: Germany,684.2
01-Apr-24,Exports: Ghana,5.2
01-Apr-24,Exports: Greece,109
01-Apr-24,Exports: Guam,3.4
01-Apr-24,Exports: Guatemala,2.1
01-Apr-24,Exports: Guinea,1.7
01-Apr-24,Exports: Guyana,4
01-Apr-24,Exports: Honduras,0.6
01-Apr-24,Exports: Hong Kong SAR (China),6662.9
01-Apr-24,Exports: Hungary,46.8
01-Apr-24,Exports: India,1617.6
01-Apr-24,Exports: Indonesia,4618.9
01-Apr-24,Exports: Iran,0.6
01-Apr-24,Exports: Ireland,46.8
01-Apr-24,Exports: Israel,55
01-Apr-24,Exports: Italy,169.4
01-Apr-24,Exports: Jamaica,1.4
01-Apr-24,Exports: Japan,1819
01-Apr-24,Exports: Jordan,8.6
01-Apr-24,Exports: Kazakhstan,2.1
01-Apr-24,Exports: Kenya,8.9
01-Apr-24,Exports: Kuwait,26.8
01-Apr-24,Exports: Lao Peo Dem Rep,6.7
01-Apr-24,Exports: Latvia,8.5
01-Apr-24,Exports: Lebanon,1.3
01-Apr-24,Exports: Liberia,726.1
01-Apr-24,Exports: Libyan Arab Jamahiriya,7.1
01-Apr-24,Exports: Lithuania,2.7
01-Apr-24,Exports: Luxembourg,26
01-Apr-24,Exports: Macau SAR (China),20.3
01-Apr-24,Exports: Madagascar,0.9
01-Apr-24,Exports: Malaysia,5615.7
01-Apr-24,Exports: Maldives Rep of,28.1
01-Apr-24,Exports: Malta,226.4
01-Apr-24,Exports: Marshall Islands,534.2
01-Apr-24,Exports: Mauritius,4.8
01-Apr-24,Exports: Mexico,428.8
01-Apr-24,Exports: Mongolian Peo Rep,29.1
01-Apr-24,Exports: Morocco,49
01-Apr-24,Exports: Mozambique,4.1
01-Apr-24,Exports: Myanmar,344
01-Apr-24,Exports: Nepal,30.6
01-Apr-24,Exports: Netherlands Antilles,0
01-Apr-24,Exports: Netherlands,869.9
01-Apr-24,Exports: New Caledonia,19.6
01-Apr-24,Exports: New Zealand,318.9
01-Apr-24,Exports: Nigeria,10.1
01-Apr-24,Exports: Northern Mariana Islands,0.2
01-Apr-24,Exports: Norway,76
01-Apr-24,Exports: Oman,27.1
01-Apr-24,Exports: Other Countries of Africa,24.2
01-Apr-24,Exports: Other Countries of America,23.4
01-Apr-24,Exports: Other Countries of Asia,27.5
01-Apr-24,Exports: Other Countries of Europe,36.8
01-Apr-24,Exports: Other Countries of Oceania,57.9
01-Apr-24,Exports: Pakistan,240.6
01-Apr-24,Exports: Panama,643.2
01-Apr-24,Exports: Papua New Guinea,100.1
01-Apr-24,Exports: Paraguay,3.9
01-Apr-24,Exports: Peru,10.2
01-Apr-24,Exports: Philippines,1313.3
01-Apr-24,Exports: Poland,59.8
01-Apr-24,Exports: Portugal,114.2
01-Apr-24,Exports: Puerto Rico,228.6
01-Apr-24,Exports: Qatar,71.5
01-Apr-24,Exports: Reunion,94
01-Apr-24,Exports: Romania,10.7
01-Apr-24,Exports: Russia,13.6
01-Apr-24,Exports: Saint Vincent and the Grenadines,2.7
01-Apr-24,Exports: Samoa,14.3
01-Apr-24,Exports: Saudi Arabia,130.2
01-Apr-24,Exports: Seychelles,2.2
01-Apr-24,Exports: Slovak Republic,3.9
01-Apr-24,Exports: Slovenia,14.9
01-Apr-24,Exports: Solomon Islands,8
01-Apr-24,Exports: South Africa,78.2
01-Apr-24,Exports: South Korea,2444
01-Apr-24,Exports: Spain,46.9
01-Apr-24,Exports: Sri Lanka,135.5
01-Apr-24,Exports: Sudan,0.1
01-Apr-24,Exports: Sweden,13.4
01-Apr-24,Exports: Switzerland,125.8
01-Apr-24,Exports: Syrian Arab Rep,0.4
01-Apr-24,Exports: Taiwan,2660.5
01-Apr-24,Exports: Tanzania,10.6
01-Apr-24,Exports: Thailand,2801.7
01-Apr-24,Exports: Trinidad & Tobago,1.9
01-Apr-24,Exports: Tunisia,2.7
01-Apr-24,Exports: Turkey,133.3
01-Apr-24,Exports: USA,4014.4
01-Apr-24,Exports: Ukraine,1.3
01-Apr-24,Exports: United Arab Emirates,565.2
01-Apr-24,Exports: United Kingdom,360.3
01-Apr-24,Exports: Uruguay,2.7
01-Apr-24,Exports: Vanuatu,7.4
01-Apr-24,Exports: Venezuela,0.9
01-Apr-24,Exports: Vietnam,1710.3
01-Apr-24,Exports: Yemen,0.8
01-Apr-24,Exports: Zambia,1.1
01-Apr-24,Exports: Zimbabwe,0.2
01-May-24,Exports: Afghanistan,0
01-May-24,Exports: Algeria,19.7
01-May-24,Exports: Angola,16.6
01-May-24,Exports: Antigua and Barbuda,15.6
01-May-24,Exports: Argentina,20.7
01-May-24,Exports: Australia,2022.8
01-May-24,Exports: Austria,21.6
01-May-24,Exports: Bahamas,77.2
01-May-24,Exports: Bahrain,19.5
01-May-24,Exports: Bangladesh,384.9
01-May-24,Exports: Belarus,0.1
01-May-24,Exports: Belgium,316.7
01-May-24,Exports: Benin,0.2
01-May-24,Exports: Bermuda,1.4
01-May-24,Exports: Brazil,240.7
01-May-24,Exports: Brunei,62.4
01-May-24,Exports: Bulgaria,0.8
01-May-24,Exports: Cambodia,405.5
01-May-24,Exports: Cameroon,2.7
01-May-24,Exports: Canada,112.3
01-May-24,Exports: Chile,29.3
01-May-24,Exports: China,6959.1
01-May-24,Exports: Christmas Islands,0
01-May-24,Exports: Colombia,11.2
01-May-24,Exports: Comoros,1.1
01-May-24,Exports: Costa Rica,5.5
01-May-24,Exports: Cote D'ivoire,2.2
01-May-24,Exports: Croatia,0.7
01-May-24,Exports: Cuba,0
01-May-24,Exports: Cyprus,62.8
01-May-24,"Exports: Czech, Republic",46.7
01-May-24,Exports: Denmark,38.8
01-May-24,Exports: Djibouti,3.3
01-May-24,Exports: Dominican Rep,2.2
01-May-24,Exports: Ecuador,5.3
01-May-24,Exports: Egypt,28.6
01-May-24,Exports: El Salvador,0.7
01-May-24,Exports: Estonia,15.1
01-May-24,Exports: Eswatini,0
01-May-24,Exports: Ethiopia,5.7
01-May-24,Exports: Fiji,46.9
01-May-24,Exports: Finland,8.1
01-May-24,Exports: France,389.5
01-May-24,Exports: French Polynesia,11.5
01-May-24,Exports: Gabon,2
01-May-24,Exports: Germany,745.7
01-May-24,Exports: Ghana,10.4
01-May-24,Exports: Greece,88.2
01-May-24,Exports: Guam,32.1
01-May-24,Exports: Guatemala,1.5
01-May-24,Exports: Guinea,2.1
01-May-24,Exports: Guyana,7.7
01-May-24,Exports: Honduras,0.5
01-May-24,Exports: Hong Kong SAR (China),6111.3
01-May-24,Exports: Hungary,52.3
01-May-24,Exports: India,1627.6
01-May-24,Exports: Indonesia,4929.4
01-May-24,Exports: Iran,0.4
01-May-24,Exports: Ireland,44.6
01-May-24,Exports: Israel,50.2
01-May-24,Exports: Italy,127.9
01-May-24,Exports: Jamaica,1.8
01-May-24,Exports: Japan,1887.7
01-May-24,Exports: Jordan,8.5
01-May-24,Exports: Kazakhstan,3.6
01-May-24,Exports: Kenya,6.2
01-May-24,Exports: Kuwait,79
01-May-24,Exports: Lao Peo Dem Rep,8.4
01-May-24,Exports: Latvia,10.4
01-May-24,Exports: Lebanon,2.6
01-May-24,Exports: Liberia,710.3
01-May-24,Exports: Libyan Arab Jamahiriya,3.3
01-May-24,Exports: Lithuania,2.9
01-May-24,Exports: Luxembourg,44.1
01-May-24,Exports: Macau SAR (China),21.7
01-May-24,Exports: Madagascar,0.9
01-May-24,Exports: Malaysia,6455.6
01-May-24,Exports: Maldives Rep of,34.8
01-May-24,Exports: Malta,226.9
01-May-24,Exports: Marshall Islands,552
01-May-24,Exports: Mauritius,4.5
01-May-24,Exports: Mexico,384.7
01-May-24,Exports: Mongolian Peo Rep,32.4
01-May-24,Exports: Morocco,60.9
01-May-24,Exports: Mozambique,3
01-May-24,Exports: Myanmar,285.7
01-May-24,Exports: Nepal,28
01-May-24,Exports: Netherlands Antilles,0
01-May-24,Exports: Netherlands,929.4
01-May-24,Exports: New Caledonia,65.8
01-May-24,Exports: New Zealand,364.5
01-May-24,Exports: Nigeria,12.9
01-May-24,Exports: Northern Mariana Islands,13.3
01-May-24,Exports: Norway,49.5
01-May-24,Exports: Oman,65.9
01-May-24,Exports: Other Countries of Africa,49.6
01-May-24,Exports: Other Countries of America,64
01-May-24,Exports: Other Countries of Asia,24.5
01-May-24,Exports: Other Countries of Europe,45.2
01-May-24,Exports: Other Countries of Oceania,20.8
01-May-24,Exports: Pakistan,143.1
01-May-24,Exports: Panama,595.5
01-May-24,Exports: Papua New Guinea,120.5
01-May-24,Exports: Paraguay,2.6
01-May-24,Exports: Peru,9.3
01-May-24,Exports: Philippines,1209.7
01-May-24,Exports: Poland,62.9
01-May-24,Exports: Portugal,134.5
01-May-24,Exports: Puerto Rico,70.7
01-May-24,Exports: Qatar,89.3
01-May-24,Exports: Reunion,44.9
01-May-24,Exports: Romania,11.8
01-May-24,Exports: Russia,13.9
01-May-24,Exports: Saint Vincent and the Grenadines,1.2
01-May-24,Exports: Samoa,1
01-May-24,Exports: Saudi Arabia,132
01-May-24,Exports: Seychelles,2.2
01-May-24,Exports: Slovak Republic,3.3
01-May-24,Exports: Slovenia,15.2
01-May-24,Exports: Solomon Islands,14.5
01-May-24,Exports: South Africa,32.1
01-May-24,Exports: South Korea,2404.2
01-May-24,Exports: Spain,74.8
01-May-24,Exports: Sri Lanka,201.6
01-May-24,Exports: Sudan,0.7
01-May-24,Exports: Sweden,8.8
01-May-24,Exports: Switzerland,180.3
01-May-24,Exports: Syrian Arab Rep,0.4
01-May-24,Exports: Taiwan,2482.8
01-May-24,Exports: Tanzania,10.5
01-May-24,Exports: Thailand,2602.6
01-May-24,Exports: Trinidad & Tobago,2.9
01-May-24,Exports: Tunisia,2.7
01-May-24,Exports: Turkey,114.2
01-May-24,Exports: USA,4848.9
01-May-24,Exports: Ukraine,1.4
01-May-24,Exports: United Arab Emirates,561
01-May-24,Exports: United Kingdom,963.9
01-May-24,Exports: Uruguay,1.2
01-May-24,Exports: Vanuatu,10.7
01-May-24,Exports: Venezuela,0.1
01-May-24,Exports: Vietnam,1795.1
01-May-24,Exports: Yemen,1.1
01-May-24,Exports: Zambia,0.1
01-May-24,Exports: Zimbabwe,0.1
01-Jun-24,Exports: Afghanistan,0.1
01-Jun-24,Exports: Algeria,6.5
01-Jun-24,Exports: Angola,6.8
01-Jun-24,Exports: Antigua and Barbuda,8.5
01-Jun-24,Exports: Argentina,22.8
01-Jun-24,Exports: Australia,1662.8
01-Jun-24,Exports: Austria,17.3
01-Jun-24,Exports: Bahamas,86
01-Jun-24,Exports: Bahrain,4.8
01-Jun-24,Exports: Bangladesh,396.7
01-Jun-24,Exports: Belarus,0.1
01-Jun-24,Exports: Belgium,625.6
01-Jun-24,Exports: Benin,0.3
01-Jun-24,Exports: Bermuda,2.5
01-Jun-24,Exports: Brazil,188.4
01-Jun-24,Exports: Brunei,68.6
01-Jun-24,Exports: Bulgaria,1.9
01-Jun-24,Exports: Cambodia,181.9
01-Jun-24,Exports: Cameroon,1.6
01-Jun-24,Exports: Canada,106.2
01-Jun-24,Exports: Chile,46.1
01-Jun-24,Exports: China,7283.2
01-Jun-24,Exports: Christmas Islands,0.1
01-Jun-24,Exports: Colombia,10.7
01-Jun-24,Exports: Comoros,0.5
01-Jun-24,Exports: Costa Rica,8
01-Jun-24,Exports: Cote D'ivoire,3.3
01-Jun-24,Exports: Croatia,1.4
01-Jun-24,Exports: Cuba,0
01-Jun-24,Exports: Cyprus,64.7
01-Jun-24,"Exports: Czech, Republic",47.8
01-Jun-24,Exports: Denmark,50.8
01-Jun-24,Exports: Djibouti,1.6
01-Jun-24,Exports: Dominican Rep,1.1
01-Jun-24,Exports: Ecuador,4.5
01-Jun-24,Exports: Egypt,18.5
01-Jun-24,Exports: El Salvador,0.6
01-Jun-24,Exports: Estonia,2.3
01-Jun-24,Exports: Eswatini,1.2
01-Jun-24,Exports: Ethiopia,4.6
01-Jun-24,Exports: Fiji,71.1
01-Jun-24,Exports: Finland,10.3
01-Jun-24,Exports: France,318.4
01-Jun-24,Exports: French Polynesia,3.7
01-Jun-24,Exports: Gabon,8.1
01-Jun-24,Exports: Germany,759.9
01-Jun-24,Exports: Ghana,6.1
01-Jun-24,Exports: Greece,123.8
01-Jun-24,Exports: Guam,31.8
01-Jun-24,Exports: Guatemala,2.5
01-Jun-24,Exports: Guinea,2.3
01-Jun-24,Exports: Guyana,2.9
01-Jun-24,Exports: Honduras,0.5
01-Jun-24,Exports: Hong Kong SAR (China),5272.4
01-Jun-24,Exports: Hungary,42.9
01-Jun-24,Exports: India,1600
01-Jun-24,Exports: Indonesia,4142.4
01-Jun-24,Exports: Iran,0.6
01-Jun-24,Exports: Ireland,110.5
01-Jun-24,Exports: Israel,57.9
01-Jun-24,Exports: Italy,116.6
01-Jun-24,Exports: Jamaica,0.7
01-Jun-24,Exports: Japan,1955.1
01-Jun-24,Exports: Jordan,7
01-Jun-24,Exports: Kazakhstan,2.5
01-Jun-24,Exports: Kenya,10.8
01-Jun-24,Exports: Kuwait,33.7
01-Jun-24,Exports: Lao Peo Dem Rep,7.3
01-Jun-24,Exports: Latvia,4.5
01-Jun-24,Exports: Lebanon,1.6
01-Jun-24,Exports: Liberia,751.2
01-Jun-24,Exports: Libyan Arab Jamahiriya,5.2
01-Jun-24,Exports: Lithuania,2.3
01-Jun-24,Exports: Luxembourg,45.2
01-Jun-24,Exports: Macau SAR (China),15.3
01-Jun-24,Exports: Madagascar,1
01-Jun-24,Exports: Malaysia,5470.4
01-Jun-24,Exports: Maldives Rep of,18.1
01-Jun-24,Exports: Malta,219.3
01-Jun-24,Exports: Marshall Islands,576.3
01-Jun-24,Exports: Mauritius,4.5
01-Jun-24,Exports: Mexico,490.8
01-Jun-24,Exports: Mongolian Peo Rep,26.7
01-Jun-24,Exports: Morocco,42.6
01-Jun-24,Exports: Mozambique,1.2
01-Jun-24,Exports: Myanmar,283.5
01-Jun-24,Exports: Nepal,33.9
01-Jun-24,Exports: Netherlands Antilles,0
01-Jun-24,Exports: Netherlands,719.9
01-Jun-24,Exports: New Caledonia,28.6
01-Jun-24,Exports: New Zealand,268.2
01-Jun-24,Exports: Nigeria,14.3
01-Jun-24,Exports: Northern Mariana Islands,10.7
01-Jun-24,Exports: Norway,71.7
01-Jun-24,Exports: Oman,78
01-Jun-24,Exports: Other Countries of Africa,21.8
01-Jun-24,Exports: Other Countries of America,17.4
01-Jun-24,Exports: Other Countries of Asia,38.2
01-Jun-24,Exports: Other Countries of Europe,39.6
01-Jun-24,Exports: Other Countries of Oceania,7.8
01-Jun-24,Exports: Pakistan,77.9
01-Jun-24,Exports: Panama,689
01-Jun-24,Exports: Papua New Guinea,77.4
01-Jun-24,Exports: Paraguay,0.4
01-Jun-24,Exports: Peru,15.1
01-Jun-24,Exports: Philippines,1006.5
01-Jun-24,Exports: Poland,56.1
01-Jun-24,Exports: Portugal,114.9
01-Jun-24,Exports: Puerto Rico,61.9
01-Jun-24,Exports: Qatar,105.8
01-Jun-24,Exports: Reunion,78.8
01-Jun-24,Exports: Romania,13.3
01-Jun-24,Exports: Russia,12
01-Jun-24,Exports: Saint Vincent and the Grenadines,2.8
01-Jun-24,Exports: Samoa,17.1
01-Jun-24,Exports: Saudi Arabia,147
01-Jun-24,Exports: Seychelles,1.2
01-Jun-24,Exports: Slovak Republic,4.4
01-Jun-24,Exports: Slovenia,5.4
01-Jun-24,Exports: Solomon Islands,19.5
01-Jun-24,Exports: South Africa,33
01-Jun-24,Exports: South Korea,2302.8
01-Jun-24,Exports: Spain,29.7
01-Jun-24,Exports: Sri Lanka,107.1
01-Jun-24,Exports: Sudan,0
01-Jun-24,Exports: Sweden,11.2
01-Jun-24,Exports: Switzerland,138.1
01-Jun-24,Exports: Syrian Arab Rep,0.1
01-Jun-24,Exports: Taiwan,2537.7
01-Jun-24,Exports: Tanzania,5.3
01-Jun-24,Exports: Thailand,2442
01-Jun-24,Exports: Trinidad & Tobago,1.4
01-Jun-24,Exports: Tunisia,4
01-Jun-24,Exports: Turkey,106.4
01-Jun-24,Exports: USA,4105.2
01-Jun-24,Exports: Ukraine,0.7
01-Jun-24,Exports: United Arab Emirates,497.3
01-Jun-24,Exports: United Kingdom,351.3
01-Jun-24,Exports: Uruguay,1.7
01-Jun-24,Exports: Vanuatu,10.7
01-Jun-24,Exports: Venezuela,0
01-Jun-24,Exports: Vietnam,1840.4
01-Jun-24,Exports: Yemen,0.3
01-Jun-24,Exports: Zambia,0.1
01-Jun-24,Exports: Zimbabwe,0.2
01-Jul-24,Exports: Afghanistan,0.1
01-Jul-24,Exports: Algeria,5.3
01-Jul-24,Exports: Angola,14.3
01-Jul-24,Exports: Antigua and Barbuda,10.1
01-Jul-24,Exports: Argentina,30.8
01-Jul-24,Exports: Australia,1891.7
01-Jul-24,Exports: Austria,17.6
01-Jul-24,Exports: Bahamas,83.7
01-Jul-24,Exports: Bahrain,19.8
01-Jul-24,Exports: Bangladesh,384.2
01-Jul-24,Exports: Belarus,0.2
01-Jul-24,Exports: Belgium,312.9
01-Jul-24,Exports: Benin,0.2
01-Jul-24,Exports: Bermuda,2.9
01-Jul-24,Exports: Brazil,251.1
01-Jul-24,Exports: Brunei,85.5
01-Jul-24,Exports: Bulgaria,1.9
01-Jul-24,Exports: Cambodia,198.4
01-Jul-24,Exports: Cameroon,4.2
01-Jul-24,Exports: Canada,273
01-Jul-24,Exports: Chile,18.4
01-Jul-24,Exports: China,7677.2
01-Jul-24,Exports: Christmas Islands,0
01-Jul-24,Exports: Colombia,15.2
01-Jul-24,Exports: Comoros,3.4
01-Jul-24,Exports: Costa Rica,8.3
01-Jul-24,Exports: Cote D'ivoire,2.7
01-Jul-24,Exports: Croatia,1.2
01-Jul-24,Exports: Cuba,0
01-Jul-24,Exports: Cyprus,57.8
01-Jul-24,"Exports: Czech, Republic",43.9
01-Jul-24,Exports: Denmark,44.3
01-Jul-24,Exports: Djibouti,1.1
01-Jul-24,Exports: Dominican Rep,2.7
01-Jul-24,Exports: Ecuador,10.8
01-Jul-24,Exports: Egypt,28.6
01-Jul-24,Exports: El Salvador,1.8
01-Jul-24,Exports: Estonia,2.2
01-Jul-24,Exports: Eswatini,0
01-Jul-24,Exports: Ethiopia,7.2
01-Jul-24,Exports: Fiji,58.5
01-Jul-24,Exports: Finland,13.9
01-Jul-24,Exports: France,407.6
01-Jul-24,Exports: French Polynesia,10.1
01-Jul-24,Exports: Gabon,3
01-Jul-24,Exports: Germany,744
01-Jul-24,Exports: Ghana,8.9
01-Jul-24,Exports: Greece,105.6
01-Jul-24,Exports: Guam,20.7
01-Jul-24,Exports: Guatemala,1.4
01-Jul-24,Exports: Guinea,1.5
01-Jul-24,Exports: Guyana,5.1
01-Jul-24,Exports: Honduras,0.7
01-Jul-24,Exports: Hong Kong SAR (China),5208.4
01-Jul-24,Exports: Hungary,74.9
01-Jul-24,Exports: India,2074.2
01-Jul-24,Exports: Indonesia,5075.4
01-Jul-24,Exports: Iran,1.8
01-Jul-24,Exports: Ireland,95.3
01-Jul-24,Exports: Israel,62.8
01-Jul-24,Exports: Italy,173.1
01-Jul-24,Exports: Jamaica,2
01-Jul-24,Exports: Japan,2084.9
01-Jul-24,Exports: Jordan,11.4
01-Jul-24,Exports: Kazakhstan,5
01-Jul-24,Exports: Kenya,10.6
01-Jul-24,Exports: Kuwait,26
01-Jul-24,Exports: Lao Peo Dem Rep,8.2
01-Jul-24,Exports: Latvia,7.3
01-Jul-24,Exports: Lebanon,2.2
01-Jul-24,Exports: Liberia,705.2
01-Jul-24,Exports: Libyan Arab Jamahiriya,4.4
01-Jul-24,Exports: Lithuania,2.2
01-Jul-24,Exports: Luxembourg,57.3
01-Jul-24,Exports: Macau SAR (China),24.9
01-Jul-24,Exports: Madagascar,0.9
01-Jul-24,Exports: Malaysia,6103.9
01-Jul-24,Exports: Maldives Rep of,37.4
01-Jul-24,Exports: Malta,225
01-Jul-24,Exports: Marshall Islands,496.9
01-Jul-24,Exports: Mauritius,11.4
01-Jul-24,Exports: Mexico,669.5
01-Jul-24,Exports: Mongolian Peo Rep,26.5
01-Jul-24,Exports: Morocco,35.9
01-Jul-24,Exports: Mozambique,2.1
01-Jul-24,Exports: Myanmar,247.6
01-Jul-24,Exports: Nepal,23.8
01-Jul-24,Exports: Netherlands Antilles,0
01-Jul-24,Exports: Netherlands,728.4
01-Jul-24,Exports: New Caledonia,19.4
01-Jul-24,Exports: New Zealand,374.6
01-Jul-24,Exports: Nigeria,17.8
01-Jul-24,Exports: Northern Mariana Islands,8.4
01-Jul-24,Exports: Norway,54.7
01-Jul-24,Exports: Oman,18.9
01-Jul-24,Exports: Other Countries of Africa,21.8
01-Jul-24,Exports: Other Countries of America,35.7
01-Jul-24,Exports: Other Countries of Asia,42.1
01-Jul-24,Exports: Other Countries of Europe,37.5
01-Jul-24,Exports: Other Countries of Oceania,17.7
01-Jul-24,Exports: Pakistan,265.5
01-Jul-24,Exports: Panama,645.7
01-Jul-24,Exports: Papua New Guinea,134
01-Jul-24,Exports: Paraguay,0.1
01-Jul-24,Exports: Peru,12.6
01-Jul-24,Exports: Philippines,1286
01-Jul-24,Exports: Poland,52.8
01-Jul-24,Exports: Portugal,125.6
01-Jul-24,Exports: Puerto Rico,74.9
01-Jul-24,Exports: Qatar,79.8
01-Jul-24,Exports: Reunion,87.7
01-Jul-24,Exports: Romania,12.7
01-Jul-24,Exports: Russia,10
01-Jul-24,Exports: Saint Vincent and the Grenadines,1.7
01-Jul-24,Exports: Samoa,11.7
01-Jul-24,Exports: Saudi Arabia,141.5
01-Jul-24,Exports: Seychelles,1.5
01-Jul-24,Exports: Slovak Republic,3.2
01-Jul-24,Exports: Slovenia,5.3
01-Jul-24,Exports: Solomon Islands,13.6
01-Jul-24,Exports: South Africa,42.9
01-Jul-24,Exports: South Korea,2157.3
01-Jul-24,Exports: Spain,42.8
01-Jul-24,Exports: Sri Lanka,112
01-Jul-24,Exports: Sudan,0
01-Jul-24,Exports: Sweden,13.6
01-Jul-24,Exports: Switzerland,156.5
01-Jul-24,Exports: Syrian Arab Rep,0.2
01-Jul-24,Exports: Taiwan,2972.8
01-Jul-24,Exports: Tanzania,12.9
01-Jul-24,Exports: Thailand,3024.6
01-Jul-24,Exports: Trinidad & Tobago,1
01-Jul-24,Exports: Tunisia,4
01-Jul-24,Exports: Turkey,83.3
01-Jul-24,Exports: USA,6320.2
01-Jul-24,Exports: Ukraine,1
01-Jul-24,Exports: United Arab Emirates,617.4
01-Jul-24,Exports: United Kingdom,418.1
01-Jul-24,Exports: Uruguay,1.2
01-Jul-24,Exports: Vanuatu,2.2
01-Jul-24,Exports: Venezuela,0.3
01-Jul-24,Exports: Vietnam,2376.4
01-Jul-24,Exports: Yemen,1.5
01-Jul-24,Exports: Zambia,1.1
01-Jul-24,Exports: Zimbabwe,0.1
01-Aug-24,Exports: Afghanistan,0.1
01-Aug-24,Exports: Algeria,4.8
01-Aug-24,Exports: Angola,13.8
01-Aug-24,Exports: Antigua and Barbuda,10.4
01-Aug-24,Exports: Argentina,39.8
01-Aug-24,Exports: Australia,1905.8
01-Aug-24,Exports: Austria,13.2
01-Aug-24,Exports: Bahamas,90.6
01-Aug-24,Exports: Bahrain,7.8
01-Aug-24,Exports: Bangladesh,398.6
01-Aug-24,Exports: Belarus,0.3
01-Aug-24,Exports: Belgium,220.4
01-Aug-24,Exports: Benin,0.2
01-Aug-24,Exports: Bermuda,5.5
01-Aug-24,Exports: Brazil,221.3
01-Aug-24,Exports: Brunei,57.3
01-Aug-24,Exports: Bulgaria,4.4
01-Aug-24,Exports: Cambodia,159.3
01-Aug-24,Exports: Cameroon,2.2
01-Aug-24,Exports: Canada,108.4
01-Aug-24,Exports: Chile,44.9
01-Aug-24,Exports: China,7707.6
01-Aug-24,Exports: Christmas Islands,1.1
01-Aug-24,Exports: Colombia,12.6
01-Aug-24,Exports: Comoros,1.9
01-Aug-24,Exports: Costa Rica,8.3
01-Aug-24,Exports: Cote D'ivoire,4.1
01-Aug-24,Exports: Croatia,2.5
01-Aug-24,Exports: Cuba,0.1
01-Aug-24,Exports: Cyprus,70
01-Aug-24,"Exports: Czech, Republic",58.3
01-Aug-24,Exports: Denmark,54.2
01-Aug-24,Exports: Djibouti,0.6
01-Aug-24,Exports: Dominican Rep,1.6
01-Aug-24,Exports: Ecuador,7.1
01-Aug-24,Exports: Egypt,32.6
01-Aug-24,Exports: El Salvador,1
01-Aug-24,Exports: Estonia,3.7
01-Aug-24,Exports: Eswatini,0
01-Aug-24,Exports: Ethiopia,5.7
01-Aug-24,Exports: Fiji,38.2
01-Aug-24,Exports: Finland,21.9
01-Aug-24,Exports: France,357
01-Aug-24,Exports: French Polynesia,2.6
01-Aug-24,Exports: Gabon,5.7
01-Aug-24,Exports: Germany,770.2
01-Aug-24,Exports: Ghana,6.9
01-Aug-24,Exports: Greece,103
01-Aug-24,Exports: Guam,12.8
01-Aug-24,Exports: Guatemala,3.3
01-Aug-24,Exports: Guinea,16.1
01-Aug-24,Exports: Guyana,5.4
01-Aug-24,Exports: Honduras,0.8
01-Aug-24,Exports: Hong Kong SAR (China),6176.6
01-Aug-24,Exports: Hungary,43.7
01-Aug-24,Exports: India,2012.3
01-Aug-24,Exports: Indonesia,4201.2
01-Aug-24,Exports: Iran,0.4
01-Aug-24,Exports: Ireland,143.6
01-Aug-24,Exports: Israel,60.1
01-Aug-24,Exports: Italy,93.4
01-Aug-24,Exports: Jamaica,1.2
01-Aug-24,Exports: Japan,2153.7
01-Aug-24,Exports: Jordan,13.4
01-Aug-24,Exports: Kazakhstan,2.9
01-Aug-24,Exports: Kenya,11.7
01-Aug-24,Exports: Kuwait,70.6
01-Aug-24,Exports: Lao Peo Dem Rep,6.3
01-Aug-24,Exports: Latvia,3
01-Aug-24,Exports: Lebanon,3
01-Aug-24,Exports: Liberia,732.5
01-Aug-24,Exports: Libyan Arab Jamahiriya,7.7
01-Aug-24,Exports: Lithuania,1.9
01-Aug-24,Exports: Luxembourg,30.9
01-Aug-24,Exports: Macau SAR (China),24.4
01-Aug-24,Exports: Madagascar,0.5
01-Aug-24,Exports: Malaysia,5789.6
01-Aug-24,Exports: Maldives Rep of,43.1
01-Aug-24,Exports: Malta,217.4
01-Aug-24,Exports: Marshall Islands,547.3
01-Aug-24,Exports: Mauritius,4.9
01-Aug-24,Exports: Mexico,827
01-Aug-24,Exports: Mongolian Peo Rep,24.6
01-Aug-24,Exports: Morocco,50.7
01-Aug-24,Exports: Mozambique,26
01-Aug-24,Exports: Myanmar,182.4
01-Aug-24,Exports: Nepal,29.3
01-Aug-24,Exports: Netherlands Antilles,0
01-Aug-24,Exports: Netherlands,791.9
01-Aug-24,Exports: New Caledonia,49.3
01-Aug-24,Exports: New Zealand,378.7
01-Aug-24,Exports: Nigeria,15.3
01-Aug-24,Exports: Northern Mariana Islands,2.3
01-Aug-24,Exports: Norway,80.5
01-Aug-24,Exports: Oman,29.4
01-Aug-24,Exports: Other Countries of Africa,17.2
01-Aug-24,Exports: Other Countries of America,26.6
01-Aug-24,Exports: Other Countries of Asia,14
01-Aug-24,Exports: Other Countries of Europe,36.2
01-Aug-24,Exports: Other Countries of Oceania,28.4
01-Aug-24,Exports: Pakistan,242.3
01-Aug-24,Exports: Panama,602.4
01-Aug-24,Exports: Papua New Guinea,106.6
01-Aug-24,Exports: Paraguay,0.8
01-Aug-24,Exports: Peru,8.9
01-Aug-24,Exports: Philippines,1100.8
01-Aug-24,Exports: Poland,52.9
01-Aug-24,Exports: Portugal,110.1
01-Aug-24,Exports: Puerto Rico,156.5
01-Aug-24,Exports: Qatar,69.7
01-Aug-24,Exports: Reunion,42.5
01-Aug-24,Exports: Romania,12.5
01-Aug-24,Exports: Russia,14.4
01-Aug-24,Exports: Saint Vincent and the Grenadines,1.9
01-Aug-24,Exports: Samoa,10.4
01-Aug-24,Exports: Saudi Arabia,144.9
01-Aug-24,Exports: Seychelles,2.4
01-Aug-24,Exports: Slovak Republic,5.3
01-Aug-24,Exports: Slovenia,4.4
01-Aug-24,Exports: Solomon Islands,0.3
01-Aug-24,Exports: South Africa,52.5
01-Aug-24,Exports: South Korea,2185.2
01-Aug-24,Exports: Spain,32.8
01-Aug-24,Exports: Sri Lanka,174.7
01-Aug-24,Exports: Sudan,0
01-Aug-24,Exports: Sweden,9.4
01-Aug-24,Exports: Switzerland,176.1
01-Aug-24,Exports: Syrian Arab Rep,0.2
01-Aug-24,Exports: Taiwan,2931.5
01-Aug-24,Exports: Tanzania,11.5
01-Aug-24,Exports: Thailand,2197
01-Aug-24,Exports: Trinidad & Tobago,1.4
01-Aug-24,Exports: Tunisia,3.4
01-Aug-24,Exports: Turkey,138
01-Aug-24,Exports: USA,4679.9
01-Aug-24,Exports: Ukraine,7.8
01-Aug-24,Exports: United Arab Emirates,530.9
01-Aug-24,Exports: United Kingdom,408.4
01-Aug-24,Exports: Uruguay,1.8
01-Aug-24,Exports: Vanuatu,2.1
01-Aug-24,Exports: Venezuela,0
01-Aug-24,Exports: Vietnam,1861.6
01-Aug-24,Exports: Yemen,1.7
01-Aug-24,Exports: Zambia,0.4
01-Aug-24,Exports: Zimbabwe,0.1
01-Sep-24,Exports: Afghanistan,0.1
01-Sep-24,Exports: Algeria,3.7
01-Sep-24,Exports: Angola,10.9
01-Sep-24,Exports: Antigua and Barbuda,8.2
01-Sep-24,Exports: Argentina,30.1
01-Sep-24,Exports: Australia,1350.3
01-Sep-24,Exports: Austria,42.9
01-Sep-24,Exports: Bahamas,67.3
01-Sep-24,Exports: Bahrain,8.5
01-Sep-24,Exports: Bangladesh,356.6
01-Sep-24,Exports: Belarus,0.3
01-Sep-24,Exports: Belgium,827
01-Sep-24,Exports: Benin,0.4
01-Sep-24,Exports: Bermuda,0.7
01-Sep-24,Exports: Brazil,233.3
01-Sep-24,Exports: Brunei,71.9
01-Sep-24,Exports: Bulgaria,44.1
01-Sep-24,Exports: Cambodia,198.6
01-Sep-24,Exports: Cameroon,1.9
01-Sep-24,Exports: Canada,141.3
01-Sep-24,Exports: Chile,29.8
01-Sep-24,Exports: China,8228.9
01-Sep-24,Exports: Christmas Islands,0
01-Sep-24,Exports: Colombia,13.7
01-Sep-24,Exports: Comoros,0.2
01-Sep-24,Exports: Costa Rica,6.7
01-Sep-24,Exports: Cote D'ivoire,7.3
01-Sep-24,Exports: Croatia,3.1
01-Sep-24,Exports: Cuba,1.6
01-Sep-24,Exports: Cyprus,51.7
01-Sep-24,"Exports: Czech, Republic",44.7
01-Sep-24,Exports: Denmark,52.4
01-Sep-24,Exports: Djibouti,1.4
01-Sep-24,Exports: Dominican Rep,2
01-Sep-24,Exports: Ecuador,7.3
01-Sep-24,Exports: Egypt,34.3
01-Sep-24,Exports: El Salvador,1
01-Sep-24,Exports: Estonia,2.3
01-Sep-24,Exports: Eswatini,0
01-Sep-24,Exports: Ethiopia,3.4
01-Sep-24,Exports: Fiji,42.1
01-Sep-24,Exports: Finland,34
01-Sep-24,Exports: France,345.5
01-Sep-24,Exports: French Polynesia,5.8
01-Sep-24,Exports: Gabon,3.4
01-Sep-24,Exports: Germany,805.6
01-Sep-24,Exports: Ghana,7.7
01-Sep-24,Exports: Greece,107.1
01-Sep-24,Exports: Guam,43.3
01-Sep-24,Exports: Guatemala,3.3
01-Sep-24,Exports: Guinea,2.2
01-Sep-24,Exports: Guyana,7.2
01-Sep-24,Exports: Honduras,1.2
01-Sep-24,Exports: Hong Kong SAR (China),5568.4
01-Sep-24,Exports: Hungary,57.8
01-Sep-24,Exports: India,1732.3
01-Sep-24,Exports: Indonesia,4085.3
01-Sep-24,Exports: Iran,1.2
01-Sep-24,Exports: Ireland,154.4
01-Sep-24,Exports: Israel,72.9
01-Sep-24,Exports: Italy,115.7
01-Sep-24,Exports: Jamaica,0.8
01-Sep-24,Exports: Japan,2027.7
01-Sep-24,Exports: Jordan,8.5
01-Sep-24,Exports: Kazakhstan,3.9
01-Sep-24,Exports: Kenya,9.9
01-Sep-24,Exports: Kuwait,70
01-Sep-24,Exports: Lao Peo Dem Rep,7.9
01-Sep-24,Exports: Latvia,2.9
01-Sep-24,Exports: Lebanon,2.3
01-Sep-24,Exports: Liberia,709.2
01-Sep-24,Exports: Libyan Arab Jamahiriya,3.5
01-Sep-24,Exports: Lithuania,2.8
01-Sep-24,Exports: Luxembourg,23.2
01-Sep-24,Exports: Macau SAR (China),16.4
01-Sep-24,Exports: Madagascar,1.1
01-Sep-24,Exports: Malaysia,6181.9
01-Sep-24,Exports: Maldives Rep of,16.9
01-Sep-24,Exports: Malta,170.4
01-Sep-24,Exports: Marshall Islands,451.3
01-Sep-24,Exports: Mauritius,12.6
01-Sep-24,Exports: Mexico,609.5
01-Sep-24,Exports: Mongolian Peo Rep,18.6
01-Sep-24,Exports: Morocco,42.6
01-Sep-24,Exports: Mozambique,2
01-Sep-24,Exports: Myanmar,203.3
01-Sep-24,Exports: Nepal,23
01-Sep-24,Exports: Netherlands Antilles,0
01-Sep-24,Exports: Netherlands,757.5
01-Sep-24,Exports: New Caledonia,19.8
01-Sep-24,Exports: New Zealand,333.8
01-Sep-24,Exports: Nigeria,9.4
01-Sep-24,Exports: Northern Mariana Islands,20.3
01-Sep-24,Exports: Norway,72.8
01-Sep-24,Exports: Oman,16.9
01-Sep-24,Exports: Other Countries of Africa,14.4
01-Sep-24,Exports: Other Countries of America,20.6
01-Sep-24,Exports: Other Countries of Asia,13.5
01-Sep-24,Exports: Other Countries of Europe,24
01-Sep-24,Exports: Other Countries of Oceania,20.5
01-Sep-24,Exports: Pakistan,132
01-Sep-24,Exports: Panama,556.3
01-Sep-24,Exports: Papua New Guinea,95.9
01-Sep-24,Exports: Paraguay,0.3
01-Sep-24,Exports: Peru,10.3
01-Sep-24,Exports: Philippines,944.1
01-Sep-24,Exports: Poland,66.4
01-Sep-24,Exports: Portugal,100.3
01-Sep-24,Exports: Puerto Rico,129.6
01-Sep-24,Exports: Qatar,88.3
01-Sep-24,Exports: Reunion,54.1
01-Sep-24,Exports: Romania,14.2
01-Sep-24,Exports: Russia,16.9
01-Sep-24,Exports: Saint Vincent and the Grenadines,2.3
01-Sep-24,Exports: Samoa,6
01-Sep-24,Exports: Saudi Arabia,183.8
01-Sep-24,Exports: Seychelles,1.9
01-Sep-24,Exports: Slovak Republic,2.3
01-Sep-24,Exports: Slovenia,4.8
01-Sep-24,Exports: Solomon Islands,11.1
01-Sep-24,Exports: South Africa,47.9
01-Sep-24,Exports: South Korea,2328.8
01-Sep-24,Exports: Spain,78.3
01-Sep-24,Exports: Sri Lanka,142.6
01-Sep-24,Exports: Sudan,0
01-Sep-24,Exports: Sweden,33.4
01-Sep-24,Exports: Switzerland,213.4
01-Sep-24,Exports: Syrian Arab Rep,0
01-Sep-24,Exports: Taiwan,2660.6
01-Sep-24,Exports: Tanzania,11.2
01-Sep-24,Exports: Thailand,2101.1
01-Sep-24,Exports: Trinidad & Tobago,1.2
01-Sep-24,Exports: Tunisia,2.3
01-Sep-24,Exports: Turkey,87.1
01-Sep-24,Exports: USA,4603.2
01-Sep-24,Exports: Ukraine,1.2
01-Sep-24,Exports: United Arab Emirates,518.5
01-Sep-24,Exports: United Kingdom,636.5
01-Sep-24,Exports: Uruguay,2
01-Sep-24,Exports: Vanuatu,1
01-Sep-24,Exports: Venezuela,0.1
01-Sep-24,Exports: Vietnam,1495.9
01-Sep-24,Exports: Yemen,1.4
01-Sep-24,Exports: Zambia,6.8
01-Sep-24,Exports: Zimbabwe,1.5
01-Oct-24,Exports: Afghanistan,0
01-Oct-24,Exports: Algeria,31.7
01-Oct-24,Exports: Angola,12.1
01-Oct-24,Exports: Antigua and Barbuda,7.9
01-Oct-24,Exports: Argentina,30.2
01-Oct-24,Exports: Australia,1404.6
01-Oct-24,Exports: Austria,29.4
01-Oct-24,Exports: Bahamas,40.4
01-Oct-24,Exports: Bahrain,30.3
01-Oct-24,Exports: Bangladesh,331.2
01-Oct-24,Exports: Belarus,0.2
01-Oct-24,Exports: Belgium,236.4
01-Oct-24,Exports: Benin,0
01-Oct-24,Exports: Bermuda,5.5
01-Oct-24,Exports: Brazil,217.2
01-Oct-24,Exports: Brunei,1203.8
01-Oct-24,Exports: Bulgaria,2.5
01-Oct-24,Exports: Cambodia,381.9
01-Oct-24,Exports: Cameroon,4.7
01-Oct-24,Exports: Canada,97.2
01-Oct-24,Exports: Chile,13.1
01-Oct-24,Exports: China,7942.4
01-Oct-24,Exports: Christmas Islands,0
01-Oct-24,Exports: Colombia,14
01-Oct-24,Exports: Comoros,1
01-Oct-24,Exports: Costa Rica,6.8
01-Oct-24,Exports: Cote D'ivoire,2.2
01-Oct-24,Exports: Croatia,21.8
01-Oct-24,Exports: Cuba,0
01-Oct-24,Exports: Cyprus,40.5
01-Oct-24,"Exports: Czech, Republic",95.6
01-Oct-24,Exports: Denmark,43.7
01-Oct-24,Exports: Djibouti,1.9
01-Oct-24,Exports: Dominican Rep,3.7
01-Oct-24,Exports: Ecuador,7.4
01-Oct-24,Exports: Egypt,34.8
01-Oct-24,Exports: El Salvador,0.8
01-Oct-24,Exports: Estonia,5.5
01-Oct-24,Exports: Eswatini,2.9
01-Oct-24,Exports: Ethiopia,9.3
01-Oct-24,Exports: Fiji,82.3
01-Oct-24,Exports: Finland,15.3
01-Oct-24,Exports: France,342.7
01-Oct-24,Exports: French Polynesia,9.5
01-Oct-24,Exports: Gabon,12.3
01-Oct-24,Exports: Germany,703.5
01-Oct-24,Exports: Ghana,9.5
01-Oct-24,Exports: Greece,68.5
01-Oct-24,Exports: Guam,10.4
01-Oct-24,Exports: Guatemala,1.6
01-Oct-24,Exports: Guinea,1.2
01-Oct-24,Exports: Guyana,4.3
01-Oct-24,Exports: Honduras,1.4
01-Oct-24,Exports: Hong Kong SAR (China),5554
01-Oct-24,Exports: Hungary,70.9
01-Oct-24,Exports: India,1564.7
01-Oct-24,Exports: Indonesia,3954.9
01-Oct-24,Exports: Iran,0.5
01-Oct-24,Exports: Ireland,269.4
01-Oct-24,Exports: Israel,73.3
01-Oct-24,Exports: Italy,189.7
01-Oct-24,Exports: Jamaica,2.4
01-Oct-24,Exports: Japan,2101.9
01-Oct-24,Exports: Jordan,18.6
01-Oct-24,Exports: Kazakhstan,2.8
01-Oct-24,Exports: Kenya,12.1
01-Oct-24,Exports: Kuwait,46.3
01-Oct-24,Exports: Lao Peo Dem Rep,6.4
01-Oct-24,Exports: Latvia,5.6
01-Oct-24,Exports: Lebanon,1.8
01-Oct-24,Exports: Liberia,568.8
01-Oct-24,Exports: Libyan Arab Jamahiriya,5.7
01-Oct-24,Exports: Lithuania,1.6
01-Oct-24,Exports: Luxembourg,17.7
01-Oct-24,Exports: Macau SAR (China),29.2
01-Oct-24,Exports: Madagascar,0.9
01-Oct-24,Exports: Malaysia,5765.3
01-Oct-24,Exports: Maldives Rep of,17.2
01-Oct-24,Exports: Malta,174.6
01-Oct-24,Exports: Marshall Islands,493.8
01-Oct-24,Exports: Mauritius,14
01-Oct-24,Exports: Mexico,608
01-Oct-24,Exports: Mongolian Peo Rep,32.3
01-Oct-24,Exports: Morocco,55
01-Oct-24,Exports: Mozambique,2
01-Oct-24,Exports: Myanmar,256.2
01-Oct-24,Exports: Nepal,29.2
01-Oct-24,Exports: Netherlands Antilles,0
01-Oct-24,Exports: Netherlands,716.8
01-Oct-24,Exports: New Caledonia,19.6
01-Oct-24,Exports: New Zealand,368.3
01-Oct-24,Exports: Nigeria,12.9
01-Oct-24,Exports: Northern Mariana Islands,2.3
01-Oct-24,Exports: Norway,56.4
01-Oct-24,Exports: Oman,41.5
01-Oct-24,Exports: Other Countries of Africa,27.9
01-Oct-24,Exports: Other Countries of America,17.5
01-Oct-24,Exports: Other Countries of Asia,25
01-Oct-24,Exports: Other Countries of Europe,41.8
01-Oct-24,Exports: Other Countries of Oceania,24.3
01-Oct-24,Exports: Pakistan,215.5
01-Oct-24,Exports: Panama,505.5
01-Oct-24,Exports: Papua New Guinea,100.1
01-Oct-24,Exports: Paraguay,0.4
01-Oct-24,Exports: Peru,10.7
01-Oct-24,Exports: Philippines,1406.1
01-Oct-24,Exports: Poland,53.5
01-Oct-24,Exports: Portugal,94.2
01-Oct-24,Exports: Puerto Rico,52.2
01-Oct-24,Exports: Qatar,133.7
01-Oct-24,Exports: Reunion,28.7
01-Oct-24,Exports: Romania,14.4
01-Oct-24,Exports: Russia,10.6
01-Oct-24,Exports: Saint Vincent and the Grenadines,2.4
01-Oct-24,Exports: Samoa,12.3
01-Oct-24,Exports: Saudi Arabia,179.7
01-Oct-24,Exports: Seychelles,1.8
01-Oct-24,Exports: Slovak Republic,2.3
01-Oct-24,Exports: Slovenia,6.9
01-Oct-24,Exports: Solomon Islands,14.6
01-Oct-24,Exports: South Africa,42.4
01-Oct-24,Exports: South Korea,2383
01-Oct-24,Exports: Spain,33.6
01-Oct-24,Exports: Sri Lanka,225.6
01-Oct-24,Exports: Sudan,0
01-Oct-24,Exports: Sweden,15.1
01-Oct-24,Exports: Switzerland,226.6
01-Oct-24,Exports: Syrian Arab Rep,0.1
01-Oct-24,Exports: Taiwan,2664.8
01-Oct-24,Exports: Tanzania,13
01-Oct-24,Exports: Thailand,2396.5
01-Oct-24,Exports: Trinidad & Tobago,1.5
01-Oct-24,Exports: Tunisia,3.4
01-Oct-24,Exports: Turkey,138.9
01-Oct-24,Exports: USA,4671
01-Oct-24,Exports: Ukraine,1.9
01-Oct-24,Exports: United Arab Emirates,561
01-Oct-24,Exports: United Kingdom,937.1
01-Oct-24,Exports: Uruguay,1.1
01-Oct-24,Exports: Vanuatu,3
01-Oct-24,Exports: Venezuela,0.2
01-Oct-24,Exports: Vietnam,2036.6
01-Oct-24,Exports: Yemen,0.6
01-Oct-24,Exports: Zambia,0.2
01-Oct-24,Exports: Zimbabwe,0.6
01-Nov-24,Exports: Afghanistan,0.1
01-Nov-24,Exports: Algeria,6.6
01-Nov-24,Exports: Angola,49.5
01-Nov-24,Exports: Antigua and Barbuda,8.3
01-Nov-24,Exports: Argentina,23.3
01-Nov-24,Exports: Australia,1849.4
01-Nov-24,Exports: Austria,18.4
01-Nov-24,Exports: Bahamas,64.2
01-Nov-24,Exports: Bahrain,30.9
01-Nov-24,Exports: Bangladesh,436.4
01-Nov-24,Exports: Belarus,0.4
01-Nov-24,Exports: Belgium,226.5
01-Nov-24,Exports: Benin,0.3
01-Nov-24,Exports: Bermuda,0.5
01-Nov-24,Exports: Brazil,187
01-Nov-24,Exports: Brunei,1142.9
01-Nov-24,Exports: Bulgaria,2
01-Nov-24,Exports: Cambodia,232.7
01-Nov-24,Exports: Cameroon,3.8
01-Nov-24,Exports: Canada,154.9
01-Nov-24,Exports: Chile,10.7
01-Nov-24,Exports: China,7925.9
01-Nov-24,Exports: Christmas Islands,0
01-Nov-24,Exports: Colombia,12.5
01-Nov-24,Exports: Comoros,1.7
01-Nov-24,Exports: Costa Rica,5.8
01-Nov-24,Exports: Cote D'ivoire,4
01-Nov-24,Exports: Croatia,3.5
01-Nov-24,Exports: Cuba,0
01-Nov-24,Exports: Cyprus,65
01-Nov-24,"Exports: Czech, Republic",62.3
01-Nov-24,Exports: Denmark,46.5
01-Nov-24,Exports: Djibouti,0.9
01-Nov-24,Exports: Dominican Rep,2.3
01-Nov-24,Exports: Ecuador,11.3
01-Nov-24,Exports: Egypt,28.2
01-Nov-24,Exports: El Salvador,1.3
01-Nov-24,Exports: Estonia,5.2
01-Nov-24,Exports: Eswatini,2
01-Nov-24,Exports: Ethiopia,11
01-Nov-24,Exports: Fiji,50
01-Nov-24,Exports: Finland,28.6
01-Nov-24,Exports: France,343
01-Nov-24,Exports: French Polynesia,4.3
01-Nov-24,Exports: Gabon,3.6
01-Nov-24,Exports: Germany,841.8
01-Nov-24,Exports: Ghana,9.2
01-Nov-24,Exports: Greece,98.6
01-Nov-24,Exports: Guam,28.8
01-Nov-24,Exports: Guatemala,2.8
01-Nov-24,Exports: Guinea,2.7
01-Nov-24,Exports: Guyana,5.5
01-Nov-24,Exports: Honduras,0.3
01-Nov-24,Exports: Hong Kong SAR (China),7474.9
01-Nov-24,Exports: Hungary,45.2
01-Nov-24,Exports: India,1688.5
01-Nov-24,Exports: Indonesia,4269.7
01-Nov-24,Exports: Iran,1.3
01-Nov-24,Exports: Ireland,188.5
01-Nov-24,Exports: Israel,62.9
01-Nov-24,Exports: Italy,131
01-Nov-24,Exports: Jamaica,1.2
01-Nov-24,Exports: Japan,2032.1
01-Nov-24,Exports: Jordan,9.6
01-Nov-24,Exports: Kazakhstan,4.8
01-Nov-24,Exports: Kenya,27.9
01-Nov-24,Exports: Kuwait,46.7
01-Nov-24,Exports: Lao Peo Dem Rep,7.6
01-Nov-24,Exports: Latvia,1.9
01-Nov-24,Exports: Lebanon,1.6
01-Nov-24,Exports: Liberia,661.3
01-Nov-24,Exports: Libyan Arab Jamahiriya,5.5
01-Nov-24,Exports: Lithuania,3.1
01-Nov-24,Exports: Luxembourg,15.3
01-Nov-24,Exports: Macau SAR (China),28.1
01-Nov-24,Exports: Madagascar,1.1
01-Nov-24,Exports: Malaysia,5443.7
01-Nov-24,Exports: Maldives Rep of,20.3
01-Nov-24,Exports: Malta,190.8
01-Nov-24,Exports: Marshall Islands,721.1
01-Nov-24,Exports: Mauritius,6.8
01-Nov-24,Exports: Mexico,277
01-Nov-24,Exports: Mongolian Peo Rep,33.4
01-Nov-24,Exports: Morocco,42.1
01-Nov-24,Exports: Mozambique,1.7
01-Nov-24,Exports: Myanmar,219
01-Nov-24,Exports: Nepal,34.4
01-Nov-24,Exports: Netherlands Antilles,0
01-Nov-24,Exports: Netherlands,747.5
01-Nov-24,Exports: New Caledonia,73.7
01-Nov-24,Exports: New Zealand,439.1
01-Nov-24,Exports: Nigeria,18.4
01-Nov-24,Exports: Northern Mariana Islands,12.5
01-Nov-24,Exports: Norway,65.9
01-Nov-24,Exports: Oman,37.3
01-Nov-24,Exports: Other Countries of Africa,16.8
01-Nov-24,Exports: Other Countries of America,19.6
01-Nov-24,Exports: Other Countries of Asia,35.1
01-Nov-24,Exports: Other Countries of Europe,38.8
01-Nov-24,Exports: Other Countries of Oceania,11.9
01-Nov-24,Exports: Pakistan,193.1
01-Nov-24,Exports: Panama,539.3
01-Nov-24,Exports: Papua New Guinea,94.2
01-Nov-24,Exports: Paraguay,0.1
01-Nov-24,Exports: Peru,11
01-Nov-24,Exports: Philippines,1364.6
01-Nov-24,Exports: Poland,58.8
01-Nov-24,Exports: Portugal,96.5
01-Nov-24,Exports: Puerto Rico,124
01-Nov-24,Exports: Qatar,99.2
01-Nov-24,Exports: Reunion,74.3
01-Nov-24,Exports: Romania,15.4
01-Nov-24,Exports: Russia,20.3
01-Nov-24,Exports: Saint Vincent and the Grenadines,0.1
01-Nov-24,Exports: Samoa,5
01-Nov-24,Exports: Saudi Arabia,131.3
01-Nov-24,Exports: Seychelles,1
01-Nov-24,Exports: Slovak Republic,3.5
01-Nov-24,Exports: Slovenia,5
01-Nov-24,Exports: Solomon Islands,16.3
01-Nov-24,Exports: South Africa,43.8
01-Nov-24,Exports: South Korea,2407.2
01-Nov-24,Exports: Spain,28.2
01-Nov-24,Exports: Sri Lanka,128.3
01-Nov-24,Exports: Sudan,0.2
01-Nov-24,Exports: Sweden,49.2
01-Nov-24,Exports: Switzerland,299
01-Nov-24,Exports: Syrian Arab Rep,0.1
01-Nov-24,Exports: Taiwan,2824.3
01-Nov-24,Exports: Tanzania,11.5
01-Nov-24,Exports: Thailand,1801.5
01-Nov-24,Exports: Trinidad & Tobago,1.3
01-Nov-24,Exports: Tunisia,2.5
01-Nov-24,Exports: Turkey,121.6
01-Nov-24,Exports: USA,5190.8
01-Nov-24,Exports: Ukraine,0.2
01-Nov-24,Exports: United Arab Emirates,593.3
01-Nov-24,Exports: United Kingdom,851.6
01-Nov-24,Exports: Uruguay,1.2
01-Nov-24,Exports: Vanuatu,5.9
01-Nov-24,Exports: Venezuela,0.2
01-Nov-24,Exports: Vietnam,1810.1
01-Nov-24,Exports: Yemen,0.8
01-Nov-24,Exports: Zambia,0.3
01-Nov-24,Exports: Zimbabwe,1.1
01-Dec-24,Exports: Afghanistan,0
01-Dec-24,Exports: Algeria,7.7
01-Dec-24,Exports: Angola,21.7
01-Dec-24,Exports: Antigua and Barbuda,7.2
01-Dec-24,Exports: Argentina,28.3
01-Dec-24,Exports: Australia,1507.1
01-Dec-24,Exports: Austria,20.4
01-Dec-24,Exports: Bahamas,49.4
01-Dec-24,Exports: Bahrain,7.7
01-Dec-24,Exports: Bangladesh,331.7
01-Dec-24,Exports: Belarus,0.4
01-Dec-24,Exports: Belgium,320.9
01-Dec-24,Exports: Benin,2.6
01-Dec-24,Exports: Bermuda,7.7
01-Dec-24,Exports: Brazil,207.2
01-Dec-24,Exports: Brunei,104
01-Dec-24,Exports: Bulgaria,4
01-Dec-24,Exports: Cambodia,139.9
01-Dec-24,Exports: Cameroon,4.3
01-Dec-24,Exports: Canada,103.1
01-Dec-24,Exports: Chile,13.6
01-Dec-24,Exports: China,8683.6
01-Dec-24,Exports: Christmas Islands,0
01-Dec-24,Exports: Colombia,16.4
01-Dec-24,Exports: Comoros,4.1
01-Dec-24,Exports: Costa Rica,5.7
01-Dec-24,Exports: Cote D'ivoire,2.5
01-Dec-24,Exports: Croatia,2.5
01-Dec-24,Exports: Cuba,0.4
01-Dec-24,Exports: Cyprus,38.9
01-Dec-24,"Exports: Czech, Republic",43.6
01-Dec-24,Exports: Denmark,42.5
01-Dec-24,Exports: Djibouti,1.7
01-Dec-24,Exports: Dominican Rep,4.1
01-Dec-24,Exports: Ecuador,5.9
01-Dec-24,Exports: Egypt,35.3
01-Dec-24,Exports: El Salvador,0.5
01-Dec-24,Exports: Estonia,16.9
01-Dec-24,Exports: Eswatini,2.1
01-Dec-24,Exports: Ethiopia,40.5
01-Dec-24,Exports: Fiji,79.5
01-Dec-24,Exports: Finland,42.1
01-Dec-24,Exports: France,292
01-Dec-24,Exports: French Polynesia,1.2
01-Dec-24,Exports: Gabon,4
01-Dec-24,Exports: Germany,874.7
01-Dec-24,Exports: Ghana,43.7
01-Dec-24,Exports: Greece,85.9
01-Dec-24,Exports: Guam,28.1
01-Dec-24,Exports: Guatemala,2.9
01-Dec-24,Exports: Guinea,3.9
01-Dec-24,Exports: Guyana,11.4
01-Dec-24,Exports: Honduras,0.9
01-Dec-24,Exports: Hong Kong SAR (China),7482.7
01-Dec-24,Exports: Hungary,27.9
01-Dec-24,Exports: India,1739.5
01-Dec-24,Exports: Indonesia,4356.5
01-Dec-24,Exports: Iran,0.4
01-Dec-24,Exports: Ireland,128.1
01-Dec-24,Exports: Israel,74.1
01-Dec-24,Exports: Italy,111.7
01-Dec-24,Exports: Jamaica,1
01-Dec-24,Exports: Japan,2208.6
01-Dec-24,Exports: Jordan,13.8
01-Dec-24,Exports: Kazakhstan,8.3
01-Dec-24,Exports: Kenya,25.2
01-Dec-24,Exports: Kuwait,35.6
01-Dec-24,Exports: Lao Peo Dem Rep,7.2
01-Dec-24,Exports: Latvia,5.2
01-Dec-24,Exports: Lebanon,3.2
01-Dec-24,Exports: Liberia,632.8
01-Dec-24,Exports: Libyan Arab Jamahiriya,3.7
01-Dec-24,Exports: Lithuania,3
01-Dec-24,Exports: Luxembourg,28.1
01-Dec-24,Exports: Macau SAR (China),27.1
01-Dec-24,Exports: Madagascar,1.5
01-Dec-24,Exports: Malaysia,5711.8
01-Dec-24,Exports: Maldives Rep of,21.3
01-Dec-24,Exports: Malta,174.4
01-Dec-24,Exports: Marshall Islands,433.1
01-Dec-24,Exports: Mauritius,6.2
01-Dec-24,Exports: Mexico,902.1
01-Dec-24,Exports: Mongolian Peo Rep,26.4
01-Dec-24,Exports: Morocco,26.4
01-Dec-24,Exports: Mozambique,4.3
01-Dec-24,Exports: Myanmar,235.4
01-Dec-24,Exports: Nepal,24.2
01-Dec-24,Exports: Netherlands Antilles,0
01-Dec-24,Exports: Netherlands,839.4
01-Dec-24,Exports: New Caledonia,22
01-Dec-24,Exports: New Zealand,457
01-Dec-24,Exports: Nigeria,18.2
01-Dec-24,Exports: Northern Mariana Islands,11.7
01-Dec-24,Exports: Norway,66.4
01-Dec-24,Exports: Oman,41.9
01-Dec-24,Exports: Other Countries of Africa,17.4
01-Dec-24,Exports: Other Countries of America,21.9
01-Dec-24,Exports: Other Countries of Asia,25.7
01-Dec-24,Exports: Other Countries of Europe,38.6
01-Dec-24,Exports: Other Countries of Oceania,12.2
01-Dec-24,Exports: Pakistan,151.4
01-Dec-24,Exports: Panama,510.4
01-Dec-24,Exports: Papua New Guinea,69.9
01-Dec-24,Exports: Paraguay,0.2
01-Dec-24,Exports: Peru,9.8
01-Dec-24,Exports: Philippines,919.3
01-Dec-24,Exports: Poland,68.2
01-Dec-24,Exports: Portugal,140.6
01-Dec-24,Exports: Puerto Rico,91.5
01-Dec-24,Exports: Qatar,99.8
01-Dec-24,Exports: Reunion,51.7
01-Dec-24,Exports: Romania,7.8
01-Dec-24,Exports: Russia,20.3
01-Dec-24,Exports: Saint Vincent and the Grenadines,1.3
01-Dec-24,Exports: Samoa,13.8
01-Dec-24,Exports: Saudi Arabia,174.9
01-Dec-24,Exports: Seychelles,1.5
01-Dec-24,Exports: Slovak Republic,3.3
01-Dec-24,Exports: Slovenia,6.3
01-Dec-24,Exports: Solomon Islands,7.8
01-Dec-24,Exports: South Africa,36.9
01-Dec-24,Exports: South Korea,2648
01-Dec-24,Exports: Spain,37
01-Dec-24,Exports: Sri Lanka,144.7
01-Dec-24,Exports: Sudan,0
01-Dec-24,Exports: Sweden,9.8
01-Dec-24,Exports: Switzerland,278.5
01-Dec-24,Exports: Syrian Arab Rep,0
01-Dec-24,Exports: Taiwan,4083.5
01-Dec-24,Exports: Tanzania,10
01-Dec-24,Exports: Thailand,2105.3
01-Dec-24,Exports: Trinidad & Tobago,2.2
01-Dec-24,Exports: Tunisia,2.9
01-Dec-24,Exports: Turkey,105.2
01-Dec-24,Exports: USA,5493
01-Dec-24,Exports: Ukraine,0.1
01-Dec-24,Exports: United Arab Emirates,562.7
01-Dec-24,Exports: United Kingdom,587.7
01-Dec-24,Exports: Uruguay,2.7
01-Dec-24,Exports: Vanuatu,2.1
01-Dec-24,Exports: Venezuela,0.1
01-Dec-24,Exports: Vietnam,2286.7
01-Dec-24,Exports: Yemen,0.7
01-Dec-24,Exports: Zambia,0.5
01-Dec-24,Exports: Zimbabwe,0.4
01-Jan-25,Exports: Afghanistan,0
01-Jan-25,Exports: Algeria,2.9
01-Jan-25,Exports: Angola,29
01-Jan-25,Exports: Antigua and Barbuda,10.7
01-Jan-25,Exports: Argentina,30.9
01-Jan-25,Exports: Australia,1399.4
01-Jan-25,Exports: Austria,17.2
01-Jan-25,Exports: Bahamas,70.1
01-Jan-25,Exports: Bahrain,18
01-Jan-25,Exports: Bangladesh,334.4
01-Jan-25,Exports: Belarus,0
01-Jan-25,Exports: Belgium,189
01-Jan-25,Exports: Benin,0.1
01-Jan-25,Exports: Bermuda,3.1
01-Jan-25,Exports: Brazil,243.9
01-Jan-25,Exports: Brunei,65.4
01-Jan-25,Exports: Bulgaria,1
01-Jan-25,Exports: Cambodia,157.9
01-Jan-25,Exports: Cameroon,2.7
01-Jan-25,Exports: Canada,126.4
01-Jan-25,Exports: Chile,14
01-Jan-25,Exports: China,6067.1
01-Jan-25,Exports: Christmas Islands,0
01-Jan-25,Exports: Colombia,10.6
01-Jan-25,Exports: Comoros,0.4
01-Jan-25,Exports: Costa Rica,6.1
01-Jan-25,Exports: Cote D'ivoire,6.7
01-Jan-25,Exports: Croatia,3.8
01-Jan-25,Exports: Cuba,0
01-Jan-25,Exports: Cyprus,46.3
01-Jan-25,"Exports: Czech, Republic",50.9
01-Jan-25,Exports: Denmark,43.6
01-Jan-25,Exports: Djibouti,0.6
01-Jan-25,Exports: Dominican Rep,1.7
01-Jan-25,Exports: Ecuador,10.6
01-Jan-25,Exports: Egypt,31.4
01-Jan-25,Exports: El Salvador,1.3
01-Jan-25,Exports: Estonia,12.6
01-Jan-25,Exports: Eswatini,1.6
01-Jan-25,Exports: Ethiopia,37.7
01-Jan-25,Exports: Fiji,25.4
01-Jan-25,Exports: Finland,24.7
01-Jan-25,Exports: France,284.9
01-Jan-25,Exports: French Polynesia,6.3
01-Jan-25,Exports: Gabon,3
01-Jan-25,Exports: Germany,849.6
01-Jan-25,Exports: Ghana,6
01-Jan-25,Exports: Greece,80.7
01-Jan-25,Exports: Guam,25.4
01-Jan-25,Exports: Guatemala,2.4
01-Jan-25,Exports: Guinea,2.6
01-Jan-25,Exports: Guyana,8.7
01-Jan-25,Exports: Honduras,1.6
01-Jan-25,Exports: Hong Kong SAR (China),6587.1
01-Jan-25,Exports: Hungary,69
01-Jan-25,Exports: India,1800.5
01-Jan-25,Exports: Indonesia,4539.1
01-Jan-25,Exports: Iran,1.3
01-Jan-25,Exports: Ireland,106.2
01-Jan-25,Exports: Israel,72
01-Jan-25,Exports: Italy,125.2
01-Jan-25,Exports: Jamaica,0.6
01-Jan-25,Exports: Japan,2127.5
01-Jan-25,Exports: Jordan,9.6
01-Jan-25,Exports: Kazakhstan,19.3
01-Jan-25,Exports: Kenya,6.6
01-Jan-25,Exports: Kuwait,41.7
01-Jan-25,Exports: Lao Peo Dem Rep,6
01-Jan-25,Exports: Latvia,1.8
01-Jan-25,Exports: Lebanon,2.5
01-Jan-25,Exports: Liberia,697.1
01-Jan-25,Exports: Libyan Arab Jamahiriya,5.9
01-Jan-25,Exports: Lithuania,1.5
01-Jan-25,Exports: Luxembourg,3.6
01-Jan-25,Exports: Macau SAR (China),22.2
01-Jan-25,Exports: Madagascar,0.5
01-Jan-25,Exports: Malaysia,6740.8
01-Jan-25,Exports: Maldives Rep of,20.9
01-Jan-25,Exports: Malta,238.8
01-Jan-25,Exports: Marshall Islands,455.7
01-Jan-25,Exports: Mauritius,13.4
01-Jan-25,Exports: Mexico,208.5
01-Jan-25,Exports: Mongolian Peo Rep,34.8
01-Jan-25,Exports: Morocco,29.3
01-Jan-25,Exports: Mozambique,6.6
01-Jan-25,Exports: Myanmar,302.2
01-Jan-25,Exports: Nepal,23.3
01-Jan-25,Exports: Netherlands Antilles,0
01-Jan-25,Exports: Netherlands,917.5
01-Jan-25,Exports: New Caledonia,17.6
01-Jan-25,Exports: New Zealand,404.2
01-Jan-25,Exports: Nigeria,36.6
01-Jan-25,Exports: Northern Mariana Islands,4.6
01-Jan-25,Exports: Norway,95.7
01-Jan-25,Exports: Oman,138
01-Jan-25,Exports: Other Countries of Africa,17.7
01-Jan-25,Exports: Other Countries of America,16.1
01-Jan-25,Exports: Other Countries of Asia,26.5
01-Jan-25,Exports: Other Countries of Europe,45.3
01-Jan-25,Exports: Other Countries of Oceania,14.2
01-Jan-25,Exports: Pakistan,268.8
01-Jan-25,Exports: Panama,563.3
01-Jan-25,Exports: Papua New Guinea,89.8
01-Jan-25,Exports: Paraguay,0.3
01-Jan-25,Exports: Peru,7.2
01-Jan-25,Exports: Philippines,1341.3
01-Jan-25,Exports: Poland,76.7
01-Jan-25,Exports: Portugal,106
01-Jan-25,Exports: Puerto Rico,240.6
01-Jan-25,Exports: Qatar,129.8
01-Jan-25,Exports: Reunion,23.6
01-Jan-25,Exports: Romania,12.1
01-Jan-25,Exports: Russia,18.2
01-Jan-25,Exports: Saint Vincent and the Grenadines,0.7
01-Jan-25,Exports: Samoa,0.1
01-Jan-25,Exports: Saudi Arabia,146.4
01-Jan-25,Exports: Seychelles,1.3
01-Jan-25,Exports: Slovak Republic,2.6
01-Jan-25,Exports: Slovenia,2.7
01-Jan-25,Exports: Solomon Islands,16.8
01-Jan-25,Exports: South Africa,54
01-Jan-25,Exports: South Korea,2738.9
01-Jan-25,Exports: Spain,38.2
01-Jan-25,Exports: Sri Lanka,121.4
01-Jan-25,Exports: Sudan,0
01-Jan-25,Exports: Sweden,7.2
01-Jan-25,Exports: Switzerland,509.2
01-Jan-25,Exports: Syrian Arab Rep,0.3
01-Jan-25,Exports: Taiwan,4755.4
01-Jan-25,Exports: Tanzania,19.7
01-Jan-25,Exports: Thailand,2057.7
01-Jan-25,Exports: Trinidad & Tobago,1.2
01-Jan-25,Exports: Tunisia,3.8
01-Jan-25,Exports: Turkey,101.4
01-Jan-25,Exports: USA,5813.5
01-Jan-25,Exports: Ukraine,0.7
01-Jan-25,Exports: United Arab Emirates,634.6
01-Jan-25,Exports: United Kingdom,498.6
01-Jan-25,Exports: Uruguay,1.1
01-Jan-25,Exports: Vanuatu,2.8
01-Jan-25,Exports: Venezuela,0.3
01-Jan-25,Exports: Vietnam,2599.3
01-Jan-25,Exports: Yemen,1.1
01-Jan-25,Exports: Zambia,0.4
01-Jan-25,Exports: Zimbabwe,1
01-Feb-25,Exports: Afghanistan,0
01-Feb-25,Exports: Algeria,4.9
01-Feb-25,Exports: Angola,8.4
01-Feb-25,Exports: Antigua and Barbuda,9.7
01-Feb-25,Exports: Argentina,25.5
01-Feb-25,Exports: Australia,1599.1
01-Feb-25,Exports: Austria,11.8
01-Feb-25,Exports: Bahamas,81.5
01-Feb-25,Exports: Bahrain,13.4
01-Feb-25,Exports: Bangladesh,240.2
01-Feb-25,Exports: Belarus,0.2
01-Feb-25,Exports: Belgium,529.5
01-Feb-25,Exports: Benin,0.1
01-Feb-25,Exports: Bermuda,0.1
01-Feb-25,Exports: Brazil,204.6
01-Feb-25,Exports: Brunei,57.8
01-Feb-25,Exports: Bulgaria,1.6
01-Feb-25,Exports: Cambodia,138.4
01-Feb-25,Exports: Cameroon,1.2
01-Feb-25,Exports: Canada,134.9
01-Feb-25,Exports: Chile,26.3
01-Feb-25,Exports: China,5546.2
01-Feb-25,Exports: Christmas Islands,0.7
01-Feb-25,Exports: Colombia,11.6
01-Feb-25,Exports: Comoros,1.6
01-Feb-25,Exports: Costa Rica,6.3
01-Feb-25,Exports: Cote D'ivoire,2.5
01-Feb-25,Exports: Croatia,20
01-Feb-25,Exports: Cuba,0
01-Feb-25,Exports: Cyprus,61.2
01-Feb-25,"Exports: Czech, Republic",46.8
01-Feb-25,Exports: Denmark,45.7
01-Feb-25,Exports: Djibouti,1.5
01-Feb-25,Exports: Dominican Rep,1.9
01-Feb-25,Exports: Ecuador,5.7
01-Feb-25,Exports: Egypt,27
01-Feb-25,Exports: El Salvador,1.3
01-Feb-25,Exports: Estonia,24
01-Feb-25,Exports: Eswatini,0
01-Feb-25,Exports: Ethiopia,26.1
01-Feb-25,Exports: Fiji,42
01-Feb-25,Exports: Finland,36.2
01-Feb-25,Exports: France,309.4
01-Feb-25,Exports: French Polynesia,3.9
01-Feb-25,Exports: Gabon,3.2
01-Feb-25,Exports: Germany,773.5
01-Feb-25,Exports: Ghana,5.4
01-Feb-25,Exports: Greece,110.1
01-Feb-25,Exports: Guam,13.6
01-Feb-25,Exports: Guatemala,2
01-Feb-25,Exports: Guinea,22.2
01-Feb-25,Exports: Guyana,7.6
01-Feb-25,Exports: Honduras,1
01-Feb-25,Exports: Hong Kong SAR (China),5898.1
01-Feb-25,Exports: Hungary,28.1
01-Feb-25,Exports: India,1911.2
01-Feb-25,Exports: Indonesia,4263.2
01-Feb-25,Exports: Iran,0.9
01-Feb-25,Exports: Ireland,50.5
01-Feb-25,Exports: Israel,78.9
01-Feb-25,Exports: Italy,106
01-Feb-25,Exports: Jamaica,6.6
01-Feb-25,Exports: Japan,1799.4
01-Feb-25,Exports: Jordan,11.5
01-Feb-25,Exports: Kazakhstan,1.9
01-Feb-25,Exports: Kenya,9.9
01-Feb-25,Exports: Kuwait,35.6
01-Feb-25,Exports: Lao Peo Dem Rep,5.1
01-Feb-25,Exports: Latvia,3.4
01-Feb-25,Exports: Lebanon,4.2
01-Feb-25,Exports: Liberia,674.5
01-Feb-25,Exports: Libyan Arab Jamahiriya,4.7
01-Feb-25,Exports: Lithuania,1.9
01-Feb-25,Exports: Luxembourg,5.2
01-Feb-25,Exports: Macau SAR (China),25.2
01-Feb-25,Exports: Madagascar,1
01-Feb-25,Exports: Malaysia,5075.7
01-Feb-25,Exports: Maldives Rep of,15.8
01-Feb-25,Exports: Malta,221.5
01-Feb-25,Exports: Marshall Islands,499.5
01-Feb-25,Exports: Mauritius,9.1
01-Feb-25,Exports: Mexico,743.3
01-Feb-25,Exports: Mongolian Peo Rep,37.3
01-Feb-25,Exports: Morocco,21.4
01-Feb-25,Exports: Mozambique,0.9
01-Feb-25,Exports: Myanmar,292.4
01-Feb-25,Exports: Nepal,18.9
01-Feb-25,Exports: Netherlands Antilles,0
01-Feb-25,Exports: Netherlands,837.4
01-Feb-25,Exports: New Caledonia,55.5
01-Feb-25,Exports: New Zealand,412.7
01-Feb-25,Exports: Nigeria,21.5
01-Feb-25,Exports: Northern Mariana Islands,2.7
01-Feb-25,Exports: Norway,43.2
01-Feb-25,Exports: Oman,54.3
01-Feb-25,Exports: Other Countries of Africa,16.7
01-Feb-25,Exports: Other Countries of America,23.7
01-Feb-25,Exports: Other Countries of Asia,25.3
01-Feb-25,Exports: Other Countries of Europe,36.2
01-Feb-25,Exports: Other Countries of Oceania,17.2
01-Feb-25,Exports: Pakistan,218.9
01-Feb-25,Exports: Panama,595.9
01-Feb-25,Exports: Papua New Guinea,108.2
01-Feb-25,Exports: Paraguay,1.1
01-Feb-25,Exports: Peru,9.7
01-Feb-25,Exports: Philippines,1077.6
01-Feb-25,Exports: Poland,60.8
01-Feb-25,Exports: Portugal,105.5
01-Feb-25,Exports: Puerto Rico,88.8
01-Feb-25,Exports: Qatar,158.7
01-Feb-25,Exports: Reunion,42.4
01-Feb-25,Exports: Romania,9.4
01-Feb-25,Exports: Russia,15.6
01-Feb-25,Exports: Saint Vincent and the Grenadines,0.5
01-Feb-25,Exports: Samoa,11.7
01-Feb-25,Exports: Saudi Arabia,145.1
01-Feb-25,Exports: Seychelles,1.7
01-Feb-25,Exports: Slovak Republic,2.8
01-Feb-25,Exports: Slovenia,2.4
01-Feb-25,Exports: Solomon Islands,11.8
01-Feb-25,Exports: South Africa,48.4
01-Feb-25,Exports: South Korea,2300.5
01-Feb-25,Exports: Spain,72
01-Feb-25,Exports: Sri Lanka,143.3
01-Feb-25,Exports: Sudan,0
01-Feb-25,Exports: Sweden,22.5
01-Feb-25,Exports: Switzerland,183.1
01-Feb-25,Exports: Syrian Arab Rep,0.1
01-Feb-25,Exports: Taiwan,3427.6
01-Feb-25,Exports: Tanzania,10.6
01-Feb-25,Exports: Thailand,2306.6
01-Feb-25,Exports: Trinidad & Tobago,1.9
01-Feb-25,Exports: Tunisia,3.7
01-Feb-25,Exports: Turkey,104.6
01-Feb-25,Exports: USA,5228.4
01-Feb-25,Exports: Ukraine,0.4
01-Feb-25,Exports: United Arab Emirates,583
01-Feb-25,Exports: United Kingdom,719.2
01-Feb-25,Exports: Uruguay,2.6
01-Feb-25,Exports: Vanuatu,6.5
01-Feb-25,Exports: Venezuela,0.2
01-Feb-25,Exports: Vietnam,2453.1
01-Feb-25,Exports: Yemen,0.9
01-Feb-25,Exports: Zambia,0.1
01-Feb-25,Exports: Zimbabwe,0.9
01-Mar-25,Exports: Afghanistan,0.1
01-Mar-25,Exports: Algeria,5.4
01-Mar-25,Exports: Angola,10.3
01-Mar-25,Exports: Antigua and Barbuda,10.7
01-Mar-25,Exports: Argentina,24.4
01-Mar-25,Exports: Australia,1821.4
01-Mar-25,Exports: Austria,22.3
01-Mar-25,Exports: Bahamas,74.7
01-Mar-25,Exports: Bahrain,3.6
01-Mar-25,Exports: Bangladesh,441.5
01-Mar-25,Exports: Belarus,0.3
01-Mar-25,Exports: Belgium,380.8
01-Mar-25,Exports: Benin,0.2
01-Mar-25,Exports: Bermuda,3.8
01-Mar-25,Exports: Brazil,235.1
01-Mar-25,Exports: Brunei,66.3
01-Mar-25,Exports: Bulgaria,1.2
01-Mar-25,Exports: Cambodia,229.8
01-Mar-25,Exports: Cameroon,2.9
01-Mar-25,Exports: Canada,176.4
01-Mar-25,Exports: Chile,10.4
01-Mar-25,Exports: China,5846.3
01-Mar-25,Exports: Christmas Islands,0.5
01-Mar-25,Exports: Colombia,13.4
01-Mar-25,Exports: Comoros,1.6
01-Mar-25,Exports: Costa Rica,6.3
01-Mar-25,Exports: Cote D'ivoire,1.8
01-Mar-25,Exports: Croatia,0.9
01-Mar-25,Exports: Cuba,0
01-Mar-25,Exports: Cyprus,50.9
01-Mar-25,"Exports: Czech, Republic",57.4
01-Mar-25,Exports: Denmark,45.5
01-Mar-25,Exports: Djibouti,2
01-Mar-25,Exports: Dominican Rep,1.1
01-Mar-25,Exports: Ecuador,5.9
01-Mar-25,Exports: Egypt,30.5
01-Mar-25,Exports: El Salvador,1.7
01-Mar-25,Exports: Estonia,18.4
01-Mar-25,Exports: Eswatini,0
01-Mar-25,Exports: Ethiopia,7.5
01-Mar-25,Exports: Fiji,38
01-Mar-25,Exports: Finland,16.9
01-Mar-25,Exports: France,354.9
01-Mar-25,Exports: French Polynesia,3.9
01-Mar-25,Exports: Gabon,3.2
01-Mar-25,Exports: Germany,902.4
01-Mar-25,Exports: Ghana,5.7
01-Mar-25,Exports: Greece,90
01-Mar-25,Exports: Guam,7.7
01-Mar-25,Exports: Guatemala,2.4
01-Mar-25,Exports: Guinea,1.9
01-Mar-25,Exports: Guyana,14.7
01-Mar-25,Exports: Honduras,1.3
01-Mar-25,Exports: Hong Kong SAR (China),6617.9
01-Mar-25,Exports: Hungary,44.9
01-Mar-25,Exports: India,1736.4
01-Mar-25,Exports: Indonesia,5029.9
01-Mar-25,Exports: Iran,0.4
01-Mar-25,Exports: Ireland,255.7
01-Mar-25,Exports: Israel,67.2
01-Mar-25,Exports: Italy,169.6
01-Mar-25,Exports: Jamaica,1
01-Mar-25,Exports: Japan,1904
01-Mar-25,Exports: Jordan,9.4
01-Mar-25,Exports: Kazakhstan,6.6
01-Mar-25,Exports: Kenya,9.5
01-Mar-25,Exports: Kuwait,22.3
01-Mar-25,Exports: Lao Peo Dem Rep,7.8
01-Mar-25,Exports: Latvia,5
01-Mar-25,Exports: Lebanon,3.5
01-Mar-25,Exports: Liberia,619
01-Mar-25,Exports: Libyan Arab Jamahiriya,6.3
01-Mar-25,Exports: Lithuania,46.4
01-Mar-25,Exports: Luxembourg,40.2
01-Mar-25,Exports: Macau SAR (China),30
01-Mar-25,Exports: Madagascar,0.9
01-Mar-25,Exports: Malaysia,5384.5
01-Mar-25,Exports: Maldives Rep of,27.9
01-Mar-25,Exports: Malta,211.1
01-Mar-25,Exports: Marshall Islands,468
01-Mar-25,Exports: Mauritius,5.4
01-Mar-25,Exports: Mexico,663.3
01-Mar-25,Exports: Mongolian Peo Rep,24.4
01-Mar-25,Exports: Morocco,32
01-Mar-25,Exports: Mozambique,2.2
01-Mar-25,Exports: Myanmar,261.5
01-Mar-25,Exports: Nepal,19.3
01-Mar-25,Exports: Netherlands Antilles,0
01-Mar-25,Exports: Netherlands,1182.8
01-Mar-25,Exports: New Caledonia,29.9
01-Mar-25,Exports: New Zealand,363.2
01-Mar-25,Exports: Nigeria,21.6
01-Mar-25,Exports: Northern Mariana Islands,2.5
01-Mar-25,Exports: Norway,62.7
01-Mar-25,Exports: Oman,46.3
01-Mar-25,Exports: Other Countries of Africa,12.8
01-Mar-25,Exports: Other Countries of America,20.4
01-Mar-25,Exports: Other Countries of Asia,17.4
01-Mar-25,Exports: Other Countries of Europe,45.9
01-Mar-25,Exports: Other Countries of Oceania,15.2
01-Mar-25,Exports: Pakistan,173.4
01-Mar-25,Exports: Panama,464.8
01-Mar-25,Exports: Papua New Guinea,120.3
01-Mar-25,Exports: Paraguay,0.8
01-Mar-25,Exports: Peru,9.8
01-Mar-25,Exports: Philippines,1142.7
01-Mar-25,Exports: Poland,65.7
01-Mar-25,Exports: Portugal,111.9
01-Mar-25,Exports: Puerto Rico,113.4
01-Mar-25,Exports: Qatar,108.8
01-Mar-25,Exports: Reunion,48.8
01-Mar-25,Exports: Romania,12.7
01-Mar-25,Exports: Russia,18.5
01-Mar-25,Exports: Saint Vincent and the Grenadines,0
01-Mar-25,Exports: Samoa,5
01-Mar-25,Exports: Saudi Arabia,137.4
01-Mar-25,Exports: Seychelles,2.1
01-Mar-25,Exports: Slovak Republic,4.6
01-Mar-25,Exports: Slovenia,3.5
01-Mar-25,Exports: Solomon Islands,13.6
01-Mar-25,Exports: South Africa,45.2
01-Mar-25,Exports: South Korea,2681.4
01-Mar-25,Exports: Spain,80.5
01-Mar-25,Exports: Sri Lanka,149.2
01-Mar-25,Exports: Sudan,0
01-Mar-25,Exports: Sweden,24.4
01-Mar-25,Exports: Switzerland,182.2
01-Mar-25,Exports: Syrian Arab Rep,0.2
01-Mar-25,Exports: Taiwan,4342.5
01-Mar-25,Exports: Tanzania,15.1
01-Mar-25,Exports: Thailand,2042
01-Mar-25,Exports: Trinidad & Tobago,1.7
01-Mar-25,Exports: Tunisia,2.1
01-Mar-25,Exports: Turkey,96.7
01-Mar-25,Exports: USA,6164.2
01-Mar-25,Exports: Ukraine,0.2
01-Mar-25,Exports: United Arab Emirates,538.9
01-Mar-25,Exports: United Kingdom,561.9
01-Mar-25,Exports: Uruguay,1.5
01-Mar-25,Exports: Vanuatu,8
01-Mar-25,Exports: Venezuela,0.6
01-Mar-25,Exports: Vietnam,2207.9
01-Mar-25,Exports: Yemen,1.5
01-Mar-25,Exports: Zambia,1.7
01-Mar-25,Exports: Zimbabwe,0.2
01-Apr-25,Exports: Afghanistan,0
01-Apr-25,Exports: Algeria,6.5
01-Apr-25,Exports: Angola,7.6
01-Apr-25,Exports: Antigua and Barbuda,10.4
01-Apr-25,Exports: Argentina,25.4
01-Apr-25,Exports: Australia,1658.3
01-Apr-25,Exports: Austria,19.6
01-Apr-25,Exports: Bahamas,73.2
01-Apr-25,Exports: Bahrain,13.9
01-Apr-25,Exports: Bangladesh,285.9
01-Apr-25,Exports: Belarus,0.1
01-Apr-25,Exports: Belgium,258.7
01-Apr-25,Exports: Benin,0.5
01-Apr-25,Exports: Bermuda,4.4
01-Apr-25,Exports: Brazil,219.9
01-Apr-25,Exports: Brunei,55.5
01-Apr-25,Exports: Bulgaria,0.8
01-Apr-25,Exports: Cambodia,420.8
01-Apr-25,Exports: Cameroon,5
01-Apr-25,Exports: Canada,165.8
01-Apr-25,Exports: Chile,15.3
01-Apr-25,Exports: China,6671.5
01-Apr-25,Exports: Christmas Islands,0.1
01-Apr-25,Exports: Colombia,11.4
01-Apr-25,Exports: Comoros,0.5
01-Apr-25,Exports: Costa Rica,7.2
01-Apr-25,Exports: Cote D'ivoire,3.4
01-Apr-25,Exports: Croatia,10
01-Apr-25,Exports: Cuba,0.1
01-Apr-25,Exports: Cyprus,51.9
01-Apr-25,"Exports: Czech, Republic",62.5
01-Apr-25,Exports: Denmark,29.8
01-Apr-25,Exports: Djibouti,2.1
01-Apr-25,Exports: Dominican Rep,3.1
01-Apr-25,Exports: Ecuador,6.8
01-Apr-25,Exports: Egypt,33.5
01-Apr-25,Exports: El Salvador,0.9
01-Apr-25,Exports: Estonia,22.8
01-Apr-25,Exports: Eswatini,0.1
01-Apr-25,Exports: Ethiopia,5.9
01-Apr-25,Exports: Fiji,70.2
01-Apr-25,Exports: Finland,21.7
01-Apr-25,Exports: France,363
01-Apr-25,Exports: French Polynesia,5.4
01-Apr-25,Exports: Gabon,6.7
01-Apr-25,Exports: Germany,737.7
01-Apr-25,Exports: Ghana,5.5
01-Apr-25,Exports: Greece,78.1
01-Apr-25,Exports: Guam,25.9
01-Apr-25,Exports: Guatemala,4.3
01-Apr-25,Exports: Guinea,1.9
01-Apr-25,Exports: Guyana,10.7
01-Apr-25,Exports: Honduras,1.3
01-Apr-25,Exports: Hong Kong SAR (China),6829.7
01-Apr-25,Exports: Hungary,40.1
01-Apr-25,Exports: India,2045.8
01-Apr-25,Exports: Indonesia,5519.5
01-Apr-25,Exports: Iran,0.4
01-Apr-25,Exports: Ireland,220.5
01-Apr-25,Exports: Israel,79.9
01-Apr-25,Exports: Italy,122.5
01-Apr-25,Exports: Jamaica,2.2
01-Apr-25,Exports: Japan,1919
01-Apr-25,Exports: Jordan,14.5
01-Apr-25,Exports: Kazakhstan,30.9
01-Apr-25,Exports: Kenya,10
01-Apr-25,Exports: Kuwait,17.1
01-Apr-25,Exports: Lao Peo Dem Rep,5
01-Apr-25,Exports: Latvia,4.4
01-Apr-25,Exports: Lebanon,3.3
01-Apr-25,Exports: Liberia,555.1
01-Apr-25,Exports: Libyan Arab Jamahiriya,4.5
01-Apr-25,Exports: Lithuania,2.9
01-Apr-25,Exports: Luxembourg,24.2
01-Apr-25,Exports: Macau SAR (China),27.9
01-Apr-25,Exports: Madagascar,0.7
01-Apr-25,Exports: Malaysia,7189.4
01-Apr-25,Exports: Maldives Rep of,24.8
01-Apr-25,Exports: Malta,180
01-Apr-25,Exports: Marshall Islands,416.1
01-Apr-25,Exports: Mauritius,5
01-Apr-25,Exports: Mexico,1415.9
01-Apr-25,Exports: Mongolian Peo Rep,36.4
01-Apr-25,Exports: Morocco,45.6
01-Apr-25,Exports: Mozambique,5.9
01-Apr-25,Exports: Myanmar,304.9
01-Apr-25,Exports: Nepal,32
01-Apr-25,Exports: Netherlands Antilles,0
01-Apr-25,Exports: Netherlands,1011.1
01-Apr-25,Exports: New Caledonia,24.1
01-Apr-25,Exports: New Zealand,361.6
01-Apr-25,Exports: Nigeria,18.6
01-Apr-25,Exports: Northern Mariana Islands,9
01-Apr-25,Exports: Norway,52.1
01-Apr-25,Exports: Oman,32.3
01-Apr-25,Exports: Other Countries of Africa,16.2
01-Apr-25,Exports: Other Countries of America,20
01-Apr-25,Exports: Other Countries of Asia,24.3
01-Apr-25,Exports: Other Countries of Europe,39.1
01-Apr-25,Exports: Other Countries of Oceania,18.9
01-Apr-25,Exports: Pakistan,105.6
01-Apr-25,Exports: Panama,462
01-Apr-25,Exports: Papua New Guinea,84.5
01-Apr-25,Exports: Paraguay,73.4
01-Apr-25,Exports: Peru,10.8
01-Apr-25,Exports: Philippines,1394.5
01-Apr-25,Exports: Poland,58.2
01-Apr-25,Exports: Portugal,105.3
01-Apr-25,Exports: Puerto Rico,277.4
01-Apr-25,Exports: Qatar,80.7
01-Apr-25,Exports: Reunion,35.6
01-Apr-25,Exports: Romania,13.2
01-Apr-25,Exports: Russia,11.5
01-Apr-25,Exports: Saint Vincent and the Grenadines,1.2
01-Apr-25,Exports: Samoa,13.3
01-Apr-25,Exports: Saudi Arabia,177
01-Apr-25,Exports: Seychelles,1.3
01-Apr-25,Exports: Slovak Republic,2.2
01-Apr-25,Exports: Slovenia,3.9
01-Apr-25,Exports: Solomon Islands,12.1
01-Apr-25,Exports: South Africa,224.6
01-Apr-25,Exports: South Korea,2694.3
01-Apr-25,Exports: Spain,90.3
01-Apr-25,Exports: Sri Lanka,127.9
01-Apr-25,Exports: Sudan,0.1
01-Apr-25,Exports: Sweden,12.3
01-Apr-25,Exports: Switzerland,269.7
01-Apr-25,Exports: Syrian Arab Rep,0.1
01-Apr-25,Exports: Taiwan,8949.7
01-Apr-25,Exports: Tanzania,8.9
01-Apr-25,Exports: Thailand,3114.7
01-Apr-25,Exports: Trinidad & Tobago,1.7
01-Apr-25,Exports: Tunisia,2.7
01-Apr-25,Exports: Turkey,107.2
01-Apr-25,Exports: USA,5939.5
01-Apr-25,Exports: Ukraine,0.7
01-Apr-25,Exports: United Arab Emirates,681.7
01-Apr-25,Exports: United Kingdom,540.6
01-Apr-25,Exports: Uruguay,2.7
01-Apr-25,Exports: Vanuatu,1
01-Apr-25,Exports: Venezuela,1.3
01-Apr-25,Exports: Vietnam,2142.5
01-Apr-25,Exports: Yemen,0.6
01-Apr-25,Exports: Zambia,0.5
01-Apr-25,Exports: Zimbabwe,0.8
01-May-25,Exports: Afghanistan,0.1
01-May-25,Exports: Algeria,8.1
01-May-25,Exports: Angola,14.9
01-May-25,Exports: Antigua and Barbuda,13.7
01-May-25,Exports: Argentina,34.8
01-May-25,Exports: Australia,1680
01-May-25,Exports: Austria,17.1
01-May-25,Exports: Bahamas,83.7
01-May-25,Exports: Bahrain,10.3
01-May-25,Exports: Bangladesh,298.6
01-May-25,Exports: Belarus,0
01-May-25,Exports: Belgium,339.7
01-May-25,Exports: Benin,0.6
01-May-25,Exports: Bermuda,9.3
01-May-25,Exports: Brazil,255.5
01-May-25,Exports: Brunei,65.1
01-May-25,Exports: Bulgaria,1.4
01-May-25,Exports: Cambodia,279.4
01-May-25,Exports: Cameroon,1.8
01-May-25,Exports: Canada,172.6
01-May-25,Exports: Chile,13.4
01-May-25,Exports: China,6364.9
01-May-25,Exports: Christmas Islands,0
01-May-25,Exports: Colombia,14.1
01-May-25,Exports: Comoros,0.4
01-May-25,Exports: Costa Rica,7.3
01-May-25,Exports: Cote D'ivoire,5.2
01-May-25,Exports: Croatia,14.3
01-May-25,Exports: Cuba,0
01-May-25,Exports: Cyprus,49.1
01-May-25,"Exports: Czech, Republic",51.3
01-May-25,Exports: Denmark,27.3
01-May-25,Exports: Djibouti,1.2
01-May-25,Exports: Dominican Rep,6.5
01-May-25,Exports: Ecuador,5.2
01-May-25,Exports: Egypt,30.2
01-May-25,Exports: El Salvador,0.9
01-May-25,Exports: Estonia,10
01-May-25,Exports: Eswatini,0
01-May-25,Exports: Ethiopia,22.2
01-May-25,Exports: Fiji,51
01-May-25,Exports: Finland,41.2
01-May-25,Exports: France,282.6
01-May-25,Exports: French Polynesia,7.5
01-May-25,Exports: Gabon,3.5
01-May-25,Exports: Germany,738.7
01-May-25,Exports: Ghana,7.4
01-May-25,Exports: Greece,77.5
01-May-25,Exports: Guam,27.6
01-May-25,Exports: Guatemala,2.9
01-May-25,Exports: Guinea,4.2
01-May-25,Exports: Guyana,6
01-May-25,Exports: Honduras,2
01-May-25,Exports: Hong Kong SAR (China),6462.6
01-May-25,Exports: Hungary,65.8
01-May-25,Exports: India,1810.7
01-May-25,Exports: Indonesia,4683
01-May-25,Exports: Iran,0.3
01-May-25,Exports: Ireland,142.8
01-May-25,Exports: Israel,74.1
01-May-25,Exports: Italy,104.8
01-May-25,Exports: Jamaica,1.7
01-May-25,Exports: Japan,1975.1
01-May-25,Exports: Jordan,13.3
01-May-25,Exports: Kazakhstan,12.5
01-May-25,Exports: Kenya,11.8
01-May-25,Exports: Kuwait,15.8
01-May-25,Exports: Lao Peo Dem Rep,7.8
01-May-25,Exports: Latvia,6.3
01-May-25,Exports: Lebanon,4.7
01-May-25,Exports: Liberia,624.4
01-May-25,Exports: Libyan Arab Jamahiriya,5.3
01-May-25,Exports: Lithuania,2.6
01-May-25,Exports: Luxembourg,9
01-May-25,Exports: Macau SAR (China),28.4
01-May-25,Exports: Madagascar,0.8
01-May-25,Exports: Malaysia,5635
01-May-25,Exports: Maldives Rep of,34.4
01-May-25,Exports: Malta,182.5
01-May-25,Exports: Marshall Islands,457.9
01-May-25,Exports: Mauritius,4.1
01-May-25,Exports: Mexico,787.1
01-May-25,Exports: Mongolian Peo Rep,34.5
01-May-25,Exports: Morocco,33.2
01-May-25,Exports: Mozambique,1.4
01-May-25,Exports: Myanmar,298.9
01-May-25,Exports: Nepal,24.5
01-May-25,Exports: Netherlands Antilles,0
01-May-25,Exports: Netherlands,1112.2
01-May-25,Exports: New Caledonia,53.6
01-May-25,Exports: New Zealand,345.3
01-May-25,Exports: Nigeria,16.2
01-May-25,Exports: Northern Mariana Islands,8.9
01-May-25,Exports: Norway,50.2
01-May-25,Exports: Oman,37.2
01-May-25,Exports: Other Countries of Africa,14
01-May-25,Exports: Other Countries of America,18
01-May-25,Exports: Other Countries of Asia,18.4
01-May-25,Exports: Other Countries of Europe,26
01-May-25,Exports: Other Countries of Oceania,13.1
01-May-25,Exports: Pakistan,156.4
01-May-25,Exports: Panama,456.1
01-May-25,Exports: Papua New Guinea,52.7
01-May-25,Exports: Paraguay,19.4
01-May-25,Exports: Peru,13.1
01-May-25,Exports: Philippines,1144.6
01-May-25,Exports: Poland,57.3
01-May-25,Exports: Portugal,89.5
01-May-25,Exports: Puerto Rico,215.2
01-May-25,Exports: Qatar,111.7
01-May-25,Exports: Reunion,21.7
01-May-25,Exports: Romania,13.1
01-May-25,Exports: Russia,18.7
01-May-25,Exports: Saint Vincent and the Grenadines,0
01-May-25,Exports: Samoa,6.1
01-May-25,Exports: Saudi Arabia,118.1
01-May-25,Exports: Seychelles,2.1
01-May-25,Exports: Slovak Republic,3.3
01-May-25,Exports: Slovenia,4.3
01-May-25,Exports: Solomon Islands,7.7
01-May-25,Exports: South Africa,45.7
01-May-25,Exports: South Korea,2172.4
01-May-25,Exports: Spain,95.8
01-May-25,Exports: Sri Lanka,117.8
01-May-25,Exports: Sudan,0
01-May-25,Exports: Sweden,10.2
01-May-25,Exports: Switzerland,353.9
01-May-25,Exports: Syrian Arab Rep,0
01-May-25,Exports: Taiwan,4820.6
01-May-25,Exports: Tanzania,22.1
01-May-25,Exports: Thailand,2125.3
01-May-25,Exports: Trinidad & Tobago,1.7
01-May-25,Exports: Tunisia,3.1
01-May-25,Exports: Turkey,160.6
01-May-25,Exports: USA,5868
01-May-25,Exports: Ukraine,1
01-May-25,Exports: United Arab Emirates,575.4
01-May-25,Exports: United Kingdom,555.6
01-May-25,Exports: Uruguay,0.7
01-May-25,Exports: Vanuatu,2.2
01-May-25,Exports: Venezuela,1.9
01-May-25,Exports: Vietnam,2297.5
01-May-25,Exports: Yemen,1.2
01-May-25,Exports: Zambia,0.7
01-May-25,Exports: Zimbabwe,0.5
01-Jun-25,Exports: Afghanistan,0
01-Jun-25,Exports: Algeria,3.6
01-Jun-25,Exports: Angola,6.3
01-Jun-25,Exports: Antigua and Barbuda,9.2
01-Jun-25,Exports: Argentina,36
01-Jun-25,Exports: Australia,1825.3
01-Jun-25,Exports: Austria,22.5
01-Jun-25,Exports: Bahamas,60
01-Jun-25,Exports: Bahrain,8.9
01-Jun-25,Exports: Bangladesh,296.2
01-Jun-25,Exports: Belarus,0.1
01-Jun-25,Exports: Belgium,194.4
01-Jun-25,Exports: Benin,0.3
01-Jun-25,Exports: Bermuda,5.9
01-Jun-25,Exports: Brazil,207
01-Jun-25,Exports: Brunei,66.1
01-Jun-25,Exports: Bulgaria,5.5
01-Jun-25,Exports: Cambodia,155.4
01-Jun-25,Exports: Cameroon,1.5
01-Jun-25,Exports: Canada,142.3
01-Jun-25,Exports: Chile,30
01-Jun-25,Exports: China,7051.2
01-Jun-25,Exports: Christmas Islands,0.1
01-Jun-25,Exports: Colombia,14.3
01-Jun-25,Exports: Comoros,3
01-Jun-25,Exports: Costa Rica,9.8
01-Jun-25,Exports: Cote D'ivoire,1.7
01-Jun-25,Exports: Croatia,1.7
01-Jun-25,Exports: Cuba,0
01-Jun-25,Exports: Cyprus,58.4
01-Jun-25,"Exports: Czech, Republic",64.5
01-Jun-25,Exports: Denmark,45.9
01-Jun-25,Exports: Djibouti,1.6
01-Jun-25,Exports: Dominican Rep,2.6
01-Jun-25,Exports: Ecuador,5.2
01-Jun-25,Exports: Egypt,45.3
01-Jun-25,Exports: El Salvador,0.7
01-Jun-25,Exports: Estonia,0.7
01-Jun-25,Exports: Eswatini,0
01-Jun-25,Exports: Ethiopia,56.5
01-Jun-25,Exports: Fiji,39.2
01-Jun-25,Exports: Finland,10.7
01-Jun-25,Exports: France,250.5
01-Jun-25,Exports: French Polynesia,11.3
01-Jun-25,Exports: Gabon,0.7
01-Jun-25,Exports: Germany,768.6
01-Jun-25,Exports: Ghana,7.5
01-Jun-25,Exports: Greece,87.1
01-Jun-25,Exports: Guam,2.6
01-Jun-25,Exports: Guatemala,3.3
01-Jun-25,Exports: Guinea,2.8
01-Jun-25,Exports: Guyana,8.4
01-Jun-25,Exports: Honduras,0.6
01-Jun-25,Exports: Hong Kong SAR (China),6584.4
01-Jun-25,Exports: Hungary,27.8
01-Jun-25,Exports: India,1954.2
01-Jun-25,Exports: Indonesia,3243.8
01-Jun-25,Exports: Iran,0.3
01-Jun-25,Exports: Ireland,146
01-Jun-25,Exports: Israel,52.5
01-Jun-25,Exports: Italy,89.1
01-Jun-25,Exports: Jamaica,1.9
01-Jun-25,Exports: Japan,1860.2
01-Jun-25,Exports: Jordan,14.3
01-Jun-25,Exports: Kazakhstan,6.8
01-Jun-25,Exports: Kenya,9
01-Jun-25,Exports: Kuwait,13.5
01-Jun-25,Exports: Lao Peo Dem Rep,9.2
01-Jun-25,Exports: Latvia,6
01-Jun-25,Exports: Lebanon,3.7
01-Jun-25,Exports: Liberia,625.2
01-Jun-25,Exports: Libyan Arab Jamahiriya,3
01-Jun-25,Exports: Lithuania,1.9
01-Jun-25,Exports: Luxembourg,40.3
01-Jun-25,Exports: Macau SAR (China),29.2
01-Jun-25,Exports: Madagascar,0.3
01-Jun-25,Exports: Malaysia,5432.1
01-Jun-25,Exports: Maldives Rep of,15.6
01-Jun-25,Exports: Malta,194.5
01-Jun-25,Exports: Marshall Islands,443
01-Jun-25,Exports: Mauritius,10.5
01-Jun-25,Exports: Mexico,1816.2
01-Jun-25,Exports: Mongolian Peo Rep,25.6
01-Jun-25,Exports: Morocco,31.2
01-Jun-25,Exports: Mozambique,4.6
01-Jun-25,Exports: Myanmar,305
01-Jun-25,Exports: Nepal,29.9
01-Jun-25,Exports: Netherlands Antilles,0
01-Jun-25,Exports: Netherlands,1074.2
01-Jun-25,Exports: New Caledonia,10.6
01-Jun-25,Exports: New Zealand,257.5
01-Jun-25,Exports: Nigeria,19.8
01-Jun-25,Exports: Northern Mariana Islands,0.2
01-Jun-25,Exports: Norway,65.3
01-Jun-25,Exports: Oman,15.7
01-Jun-25,Exports: Other Countries of Africa,17.8
01-Jun-25,Exports: Other Countries of America,16.6
01-Jun-25,Exports: Other Countries of Asia,27.7
01-Jun-25,Exports: Other Countries of Europe,43.9
01-Jun-25,Exports: Other Countries of Oceania,10.5
01-Jun-25,Exports: Pakistan,101
01-Jun-25,Exports: Panama,510.5
01-Jun-25,Exports: Papua New Guinea,99.5
01-Jun-25,Exports: Paraguay,0.6
01-Jun-25,Exports: Peru,14.6
01-Jun-25,Exports: Philippines,1131.2
01-Jun-25,Exports: Poland,66.1
01-Jun-25,Exports: Portugal,106
01-Jun-25,Exports: Puerto Rico,203.6
01-Jun-25,Exports: Qatar,92.4
01-Jun-25,Exports: Reunion,33
01-Jun-25,Exports: Romania,10.8
01-Jun-25,Exports: Russia,16.9
01-Jun-25,Exports: Saint Vincent and the Grenadines,0.7
01-Jun-25,Exports: Samoa,3.5
01-Jun-25,Exports: Saudi Arabia,129.6
01-Jun-25,Exports: Seychelles,1
01-Jun-25,Exports: Slovak Republic,1.3
01-Jun-25,Exports: Slovenia,4.1
01-Jun-25,Exports: Solomon Islands,11.4
01-Jun-25,Exports: South Africa,32.2
01-Jun-25,Exports: South Korea,2478
01-Jun-25,Exports: Spain,47.3
01-Jun-25,Exports: Sri Lanka,163.6
01-Jun-25,Exports: Sudan,0
01-Jun-25,Exports: Sweden,10.3
01-Jun-25,Exports: Switzerland,171
01-Jun-25,Exports: Syrian Arab Rep,0
01-Jun-25,Exports: Taiwan,4197.3
01-Jun-25,Exports: Tanzania,16.9
01-Jun-25,Exports: Thailand,1826.7
01-Jun-25,Exports: Trinidad & Tobago,1.7
01-Jun-25,Exports: Tunisia,2.8
01-Jun-25,Exports: Turkey,160
01-Jun-25,Exports: USA,4988.4
01-Jun-25,Exports: Ukraine,0.9
01-Jun-25,Exports: United Arab Emirates,541.1
01-Jun-25,Exports: United Kingdom,1689.8
01-Jun-25,Exports: Uruguay,2.3
01-Jun-25,Exports: Vanuatu,3.9
01-Jun-25,Exports: Venezuela,0.7
01-Jun-25,Exports: Vietnam,2257.9
01-Jun-25,Exports: Yemen,0.4
01-Jun-25,Exports: Zambia,0.1
01-Jun-25,Exports: Zimbabwe,0.8
01-Jul-25,Exports: Afghanistan,0
01-Jul-25,Exports: Algeria,4.9
01-Jul-25,Exports: Angola,17.7
01-Jul-25,Exports: Antigua and Barbuda,9.5
01-Jul-25,Exports: Argentina,30.7
01-Jul-25,Exports: Australia,1988.6
01-Jul-25,Exports: Austria,19.3
01-Jul-25,Exports: Bahamas,82.3
01-Jul-25,Exports: Bahrain,20.9
01-Jul-25,Exports: Bangladesh,407.2
01-Jul-25,Exports: Belarus,0
01-Jul-25,Exports: Belgium,1210.5
01-Jul-25,Exports: Benin,0.8
01-Jul-25,Exports: Bermuda,2.1
01-Jul-25,Exports: Brazil,191.4
01-Jul-25,Exports: Brunei,71.8
01-Jul-25,Exports: Bulgaria,6.6
01-Jul-25,Exports: Cambodia,212.4
01-Jul-25,Exports: Cameroon,2.9
01-Jul-25,Exports: Canada,152.7
01-Jul-25,Exports: Chile,71.1
01-Jul-25,Exports: China,7069.2
01-Jul-25,Exports: Christmas Islands,0.1
01-Jul-25,Exports: Colombia,20
01-Jul-25,Exports: Comoros,0.3
01-Jul-25,Exports: Costa Rica,7.1
01-Jul-25,Exports: Cote D'ivoire,2
01-Jul-25,Exports: Croatia,25.5
01-Jul-25,Exports: Cuba,0
01-Jul-25,Exports: Cyprus,47.9
01-Jul-25,"Exports: Czech, Republic",90.3
01-Jul-25,Exports: Denmark,27.4
01-Jul-25,Exports: Djibouti,2.5
01-Jul-25,Exports: Dominican Rep,7.4
01-Jul-25,Exports: Ecuador,23.3
01-Jul-25,Exports: Egypt,54.5
01-Jul-25,Exports: El Salvador,1.6
01-Jul-25,Exports: Estonia,0.9
01-Jul-25,Exports: Eswatini,0.1
01-Jul-25,Exports: Ethiopia,8.8
01-Jul-25,Exports: Fiji,29.5
01-Jul-25,Exports: Finland,42.9
01-Jul-25,Exports: France,343.9
01-Jul-25,Exports: French Polynesia,2.9
01-Jul-25,Exports: Gabon,2.9
01-Jul-25,Exports: Germany,998.8
01-Jul-25,Exports: Ghana,7
01-Jul-25,Exports: Greece,82.4
01-Jul-25,Exports: Guam,29
01-Jul-25,Exports: Guatemala,2.2
01-Jul-25,Exports: Guinea,3.2
01-Jul-25,Exports: Guyana,15.2
01-Jul-25,Exports: Honduras,0.5
01-Jul-25,Exports: Hong Kong SAR (China),6230.1
01-Jul-25,Exports: Hungary,53.5
01-Jul-25,Exports: India,2123.1
01-Jul-25,Exports: Indonesia,3783.7
01-Jul-25,Exports: Iran,0.4
01-Jul-25,Exports: Ireland,177.3
01-Jul-25,Exports: Israel,81.4
01-Jul-25,Exports: Italy,116.2
01-Jul-25,Exports: Jamaica,1.7
01-Jul-25,Exports: Japan,1906.9
01-Jul-25,Exports: Jordan,16.7
01-Jul-25,Exports: Kazakhstan,3.4
01-Jul-25,Exports: Kenya,8.5
01-Jul-25,Exports: Kuwait,26.7
01-Jul-25,Exports: Lao Peo Dem Rep,5.7
01-Jul-25,Exports: Latvia,6.4
01-Jul-25,Exports: Lebanon,2.3
01-Jul-25,Exports: Liberia,625.5
01-Jul-25,Exports: Libyan Arab Jamahiriya,5.9
01-Jul-25,Exports: Lithuania,5
01-Jul-25,Exports: Luxembourg,90.4
01-Jul-25,Exports: Macau SAR (China),35
01-Jul-25,Exports: Madagascar,1.1
01-Jul-25,Exports: Malaysia,6789.1
01-Jul-25,Exports: Maldives Rep of,23
01-Jul-25,Exports: Malta,180
01-Jul-25,Exports: Marshall Islands,401.6
01-Jul-25,Exports: Mauritius,20.3
01-Jul-25,Exports: Mexico,1066.1
01-Jul-25,Exports: Mongolian Peo Rep,23.2
01-Jul-25,Exports: Morocco,35
01-Jul-25,Exports: Mozambique,4.2
01-Jul-25,Exports: Myanmar,294.2
01-Jul-25,Exports: Nepal,23
01-Jul-25,Exports: Netherlands Antilles,0
01-Jul-25,Exports: Netherlands,1024.7
01-Jul-25,Exports: New Caledonia,9.9
01-Jul-25,Exports: New Zealand,335.8
01-Jul-25,Exports: Nigeria,34.2
01-Jul-25,Exports: Northern Mariana Islands,10.3
01-Jul-25,Exports: Norway,57.8
01-Jul-25,Exports: Oman,50.8
01-Jul-25,Exports: Other Countries of Africa,13.5
01-Jul-25,Exports: Other Countries of America,20.4
01-Jul-25,Exports: Other Countries of Asia,29.9
01-Jul-25,Exports: Other Countries of Europe,28.5
01-Jul-25,Exports: Other Countries of Oceania,12.3
01-Jul-25,Exports: Pakistan,225.6
01-Jul-25,Exports: Panama,476.9
01-Jul-25,Exports: Papua New Guinea,91.5
01-Jul-25,Exports: Paraguay,0.4
01-Jul-25,Exports: Peru,14.6
01-Jul-25,Exports: Philippines,1324.7
01-Jul-25,Exports: Poland,47.5
01-Jul-25,Exports: Portugal,116.2
01-Jul-25,Exports: Puerto Rico,74.6
01-Jul-25,Exports: Qatar,99.8
01-Jul-25,Exports: Reunion,57
01-Jul-25,Exports: Romania,12
01-Jul-25,Exports: Russia,14.5
01-Jul-25,Exports: Saint Vincent and the Grenadines,0.8
01-Jul-25,Exports: Samoa,8.9
01-Jul-25,Exports: Saudi Arabia,147.6
01-Jul-25,Exports: Seychelles,2.5
01-Jul-25,Exports: Slovak Republic,3
01-Jul-25,Exports: Slovenia,8.1
01-Jul-25,Exports: Solomon Islands,8.4
01-Jul-25,Exports: South Africa,38.7
01-Jul-25,Exports: South Korea,2362.5
01-Jul-25,Exports: Spain,49.9
01-Jul-25,Exports: Sri Lanka,74.9
01-Jul-25,Exports: Sudan,0
01-Jul-25,Exports: Sweden,12.4
01-Jul-25,Exports: Switzerland,248.3
01-Jul-25,Exports: Syrian Arab Rep,0
01-Jul-25,Exports: Taiwan,6848.4
01-Jul-25,Exports: Tanzania,12
01-Jul-25,Exports: Thailand,2994.6
01-Jul-25,Exports: Trinidad & Tobago,1.3
01-Jul-25,Exports: Tunisia,2.7
01-Jul-25,Exports: Turkey,119.8
01-Jul-25,Exports: USA,5810.4
01-Jul-25,Exports: Ukraine,0.6
01-Jul-25,Exports: United Arab Emirates,598.3
01-Jul-25,Exports: United Kingdom,647.6
01-Jul-25,Exports: Uruguay,1.4
01-Jul-25,Exports: Vanuatu,1.1
01-Jul-25,Exports: Venezuela,0.5
01-Jul-25,Exports: Vietnam,2390.7
01-Jul-25,Exports: Yemen,0.8
01-Jul-25,Exports: Zambia,1.1
01-Jul-25,Exports: Zimbabwe,0.2
01-Aug-25,Exports: Afghanistan,0.1
01-Aug-25,Exports: Algeria,5.2
01-Aug-25,Exports: Angola,8.6
01-Aug-25,Exports: Antigua and Barbuda,10
01-Aug-25,Exports: Argentina,39.3
01-Aug-25,Exports: Australia,2112.9
01-Aug-25,Exports: Austria,30.2
01-Aug-25,Exports: Bahamas,57.8
01-Aug-25,Exports: Bahrain,11.5
01-Aug-25,Exports: Bangladesh,265.3
01-Aug-25,Exports: Belarus,0
01-Aug-25,Exports: Belgium,245.6
01-Aug-25,Exports: Benin,0.3
01-Aug-25,Exports: Bermuda,1.7
01-Aug-25,Exports: Brazil,221
01-Aug-25,Exports: Brunei,63.1
01-Aug-25,Exports: Bulgaria,18.3
01-Aug-25,Exports: Cambodia,217.1
01-Aug-25,Exports: Cameroon,1.9
01-Aug-25,Exports: Canada,160.7
01-Aug-25,Exports: Chile,108.6
01-Aug-25,Exports: China,6805.6
01-Aug-25,Exports: Christmas Islands,0
01-Aug-25,Exports: Colombia,21.6
01-Aug-25,Exports: Comoros,3.1
01-Aug-25,Exports: Costa Rica,8.1
01-Aug-25,Exports: Cote D'ivoire,3.2
01-Aug-25,Exports: Croatia,6.9
01-Aug-25,Exports: Cuba,0.2
01-Aug-25,Exports: Cyprus,61.5
01-Aug-25,"Exports: Czech, Republic",95
01-Aug-25,Exports: Denmark,24.7
01-Aug-25,Exports: Djibouti,5.7
01-Aug-25,Exports: Dominican Rep,3.2
01-Aug-25,Exports: Ecuador,7.5
01-Aug-25,Exports: Egypt,30.8
01-Aug-25,Exports: El Salvador,1.6
01-Aug-25,Exports: Estonia,1
01-Aug-25,Exports: Eswatini,0
01-Aug-25,Exports: Ethiopia,11.3
01-Aug-25,Exports: Fiji,37.3
01-Aug-25,Exports: Finland,19.6
01-Aug-25,Exports: France,552.3
01-Aug-25,Exports: French Polynesia,5.3
01-Aug-25,Exports: Gabon,1.4
01-Aug-25,Exports: Germany,836.1
01-Aug-25,Exports: Ghana,8.1
01-Aug-25,Exports: Greece,66.8
01-Aug-25,Exports: Guam,26.6
01-Aug-25,Exports: Guatemala,2.6
01-Aug-25,Exports: Guinea,23.2
01-Aug-25,Exports: Guyana,7.8
01-Aug-25,Exports: Honduras,1.3
01-Aug-25,Exports: Hong Kong SAR (China),6138.6
01-Aug-25,Exports: Hungary,43.5
01-Aug-25,Exports: India,1908
01-Aug-25,Exports: Indonesia,3336.4
01-Aug-25,Exports: Iran,0.6
01-Aug-25,Exports: Ireland,117
01-Aug-25,Exports: Israel,62.3
01-Aug-25,Exports: Italy,72.4
01-Aug-25,Exports: Jamaica,2
01-Aug-25,Exports: Japan,1798.8
01-Aug-25,Exports: Jordan,12.1
01-Aug-25,Exports: Kazakhstan,2.4
01-Aug-25,Exports: Kenya,11.9
01-Aug-25,Exports: Kuwait,29.2
01-Aug-25,Exports: Lao Peo Dem Rep,5
01-Aug-25,Exports: Latvia,7.5
01-Aug-25,Exports: Lebanon,2.6
01-Aug-25,Exports: Liberia,624
01-Aug-25,Exports: Libyan Arab Jamahiriya,4.7
01-Aug-25,Exports: Lithuania,2.5
01-Aug-25,Exports: Luxembourg,22.1
01-Aug-25,Exports: Macau SAR (China),29.6
01-Aug-25,Exports: Madagascar,0.7
01-Aug-25,Exports: Malaysia,5921.9
01-Aug-25,Exports: Maldives Rep of,36
01-Aug-25,Exports: Malta,186
01-Aug-25,Exports: Marshall Islands,521.3
01-Aug-25,Exports: Mauritius,5
01-Aug-25,Exports: Mexico,845.9
01-Aug-25,Exports: Mongolian Peo Rep,29
01-Aug-25,Exports: Morocco,31.4
01-Aug-25,Exports: Mozambique,2.4
01-Aug-25,Exports: Myanmar,169.2
01-Aug-25,Exports: Nepal,28.3
01-Aug-25,Exports: Netherlands Antilles,0
01-Aug-25,Exports: Netherlands,1065.4
01-Aug-25,Exports: New Caledonia,35.1
01-Aug-25,Exports: New Zealand,396.4
01-Aug-25,Exports: Nigeria,19.2
01-Aug-25,Exports: Northern Mariana Islands,8.3
01-Aug-25,Exports: Norway,74.2
01-Aug-25,Exports: Oman,20.9
01-Aug-25,Exports: Other Countries of Africa,21
01-Aug-25,Exports: Other Countries of America,57.1
01-Aug-25,Exports: Other Countries of Asia,18.4
01-Aug-25,Exports: Other Countries of Europe,32.5
01-Aug-25,Exports: Other Countries of Oceania,13.7
01-Aug-25,Exports: Pakistan,183.1
01-Aug-25,Exports: Panama,530
01-Aug-25,Exports: Papua New Guinea,105.1
01-Aug-25,Exports: Paraguay,0.1
01-Aug-25,Exports: Peru,11.8
01-Aug-25,Exports: Philippines,1273.3
01-Aug-25,Exports: Poland,66.4
01-Aug-25,Exports: Portugal,91.4
01-Aug-25,Exports: Puerto Rico,202.8
01-Aug-25,Exports: Qatar,70.1
01-Aug-25,Exports: Reunion,14.3
01-Aug-25,Exports: Romania,8.3
01-Aug-25,Exports: Russia,9.2
01-Aug-25,Exports: Saint Vincent and the Grenadines,0.5
01-Aug-25,Exports: Samoa,10.8
01-Aug-25,Exports: Saudi Arabia,125.8
01-Aug-25,Exports: Seychelles,1.5
01-Aug-25,Exports: Slovak Republic,1.1
01-Aug-25,Exports: Slovenia,3.5
01-Aug-25,Exports: Solomon Islands,13.3
01-Aug-25,Exports: South Africa,50.5
01-Aug-25,Exports: South Korea,2172.4
01-Aug-25,Exports: Spain,41.5
01-Aug-25,Exports: Sri Lanka,163.2
01-Aug-25,Exports: Sudan,0.1
01-Aug-25,Exports: Sweden,39.9
01-Aug-25,Exports: Switzerland,429.4
01-Aug-25,Exports: Syrian Arab Rep,0
01-Aug-25,Exports: Taiwan,4421.4
01-Aug-25,Exports: Tanzania,23.8
01-Aug-25,Exports: Thailand,3271.5
01-Aug-25,Exports: Trinidad & Tobago,5.2
01-Aug-25,Exports: Tunisia,3.5
01-Aug-25,Exports: Turkey,75
01-Aug-25,Exports: USA,4285.3
01-Aug-25,Exports: Ukraine,0.6
01-Aug-25,Exports: United Arab Emirates,648.5
01-Aug-25,Exports: United Kingdom,399.7
01-Aug-25,Exports: Uruguay,1.3
01-Aug-25,Exports: Vanuatu,2.2
01-Aug-25,Exports: Venezuela,1.9
01-Aug-25,Exports: Vietnam,1949.7
01-Aug-25,Exports: Yemen,0.2
01-Aug-25,Exports: Zambia,0.4
01-Aug-25,Exports: Zimbabwe,0.2
01-Sep-25,Exports: Afghanistan,0.1
01-Sep-25,Exports: Algeria,5.8
01-Sep-25,Exports: Angola,40.5
01-Sep-25,Exports: Antigua and Barbuda,9
01-Sep-25,Exports: Argentina,24.5
01-Sep-25,Exports: Australia,2123.8
01-Sep-25,Exports: Austria,34.1
01-Sep-25,Exports: Bahamas,74.7
01-Sep-25,Exports: Bahrain,5.9
01-Sep-25,Exports: Bangladesh,335.6
01-Sep-25,Exports: Belarus,0.3
01-Sep-25,Exports: Belgium,494.7
01-Sep-25,Exports: Benin,2.3
01-Sep-25,Exports: Bermuda,33.2
01-Sep-25,Exports: Brazil,209.1
01-Sep-25,Exports: Brunei,72.1
01-Sep-25,Exports: Bulgaria,15.8
01-Sep-25,Exports: Cambodia,289.2
01-Sep-25,Exports: Cameroon,2.4
01-Sep-25,Exports: Canada,132.5
01-Sep-25,Exports: Chile,15.6
01-Sep-25,Exports: China,7871.2
01-Sep-25,Exports: Christmas Islands,0.1
01-Sep-25,Exports: Colombia,24.5
01-Sep-25,Exports: Comoros,1.6
01-Sep-25,Exports: Costa Rica,5.4
01-Sep-25,Exports: Cote D'ivoire,4.8
01-Sep-25,Exports: Croatia,2.7
01-Sep-25,Exports: Cuba,0
01-Sep-25,Exports: Cyprus,40.9
01-Sep-25,"Exports: Czech, Republic",58.3
01-Sep-25,Exports: Denmark,37.4
01-Sep-25,Exports: Djibouti,3.4
01-Sep-25,Exports: Dominican Rep,2.1
01-Sep-25,Exports: Ecuador,5.2
01-Sep-25,Exports: Egypt,31.5
01-Sep-25,Exports: El Salvador,0.7
01-Sep-25,Exports: Estonia,2.2
01-Sep-25,Exports: Eswatini,0
01-Sep-25,Exports: Ethiopia,9.5
01-Sep-25,Exports: Fiji,38.6
01-Sep-25,Exports: Finland,49.2
01-Sep-25,Exports: France,310.3
01-Sep-25,Exports: French Polynesia,13.6
01-Sep-25,Exports: Gabon,10.1
01-Sep-25,Exports: Germany,859.9
01-Sep-25,Exports: Ghana,7.9
01-Sep-25,Exports: Greece,71
01-Sep-25,Exports: Guam,2.7
01-Sep-25,Exports: Guatemala,1.9
01-Sep-25,Exports: Guinea,2
01-Sep-25,Exports: Guyana,5.2
01-Sep-25,Exports: Honduras,0.5
01-Sep-25,Exports: Hong Kong SAR (China),7917.7
01-Sep-25,Exports: Hungary,67.5
01-Sep-25,Exports: India,2280.3
01-Sep-25,Exports: Indonesia,3688.4
01-Sep-25,Exports: Iran,0.1
01-Sep-25,Exports: Ireland,114.2
01-Sep-25,Exports: Israel,84.1
01-Sep-25,Exports: Italy,94.9
01-Sep-25,Exports: Jamaica,2.3
01-Sep-25,Exports: Japan,1999
01-Sep-25,Exports: Jordan,12.7
01-Sep-25,Exports: Kazakhstan,2.4
01-Sep-25,Exports: Kenya,8.6
01-Sep-25,Exports: Kuwait,35.7
01-Sep-25,Exports: Lao Peo Dem Rep,7.1
01-Sep-25,Exports: Latvia,6.9
01-Sep-25,Exports: Lebanon,1.9
01-Sep-25,Exports: Liberia,707.5
01-Sep-25,Exports: Libyan Arab Jamahiriya,3.7
01-Sep-25,Exports: Lithuania,3.3
01-Sep-25,Exports: Luxembourg,152.8
01-Sep-25,Exports: Macau SAR (China),45.4
01-Sep-25,Exports: Madagascar,0.6
01-Sep-25,Exports: Malaysia,5838
01-Sep-25,Exports: Maldives Rep of,16.8
01-Sep-25,Exports: Malta,180
01-Sep-25,Exports: Marshall Islands,522.7
01-Sep-25,Exports: Mauritius,9.4
01-Sep-25,Exports: Mexico,599.4
01-Sep-25,Exports: Mongolian Peo Rep,22.1
01-Sep-25,Exports: Morocco,24.6
01-Sep-25,Exports: Mozambique,2.4
01-Sep-25,Exports: Myanmar,212.1
01-Sep-25,Exports: Nepal,27.5
01-Sep-25,Exports: Netherlands Antilles,0
01-Sep-25,Exports: Netherlands,1299.6
01-Sep-25,Exports: New Caledonia,6.8
01-Sep-25,Exports: New Zealand,342
01-Sep-25,Exports: Nigeria,25.9
01-Sep-25,Exports: Northern Mariana Islands,0.3
01-Sep-25,Exports: Norway,53.8
01-Sep-25,Exports: Oman,117.7
01-Sep-25,Exports: Other Countries of Africa,16.1
01-Sep-25,Exports: Other Countries of America,52.7
01-Sep-25,Exports: Other Countries of Asia,21.7
01-Sep-25,Exports: Other Countries of Europe,38
01-Sep-25,Exports: Other Countries of Oceania,16
01-Sep-25,Exports: Pakistan,191.8
01-Sep-25,Exports: Panama,512.4
01-Sep-25,Exports: Papua New Guinea,54.4
01-Sep-25,Exports: Paraguay,35.7
01-Sep-25,Exports: Peru,10.8
01-Sep-25,Exports: Philippines,1101.6
01-Sep-25,Exports: Poland,89.7
01-Sep-25,Exports: Portugal,86.6
01-Sep-25,Exports: Puerto Rico,260.1
01-Sep-25,Exports: Qatar,87.7
01-Sep-25,Exports: Reunion,28.1
01-Sep-25,Exports: Romania,19.7
01-Sep-25,Exports: Russia,11.3
01-Sep-25,Exports: Saint Vincent and the Grenadines,0.3
01-Sep-25,Exports: Samoa,9
01-Sep-25,Exports: Saudi Arabia,120.9
01-Sep-25,Exports: Seychelles,3.2
01-Sep-25,Exports: Slovak Republic,3.1
01-Sep-25,Exports: Slovenia,5.2
01-Sep-25,Exports: Solomon Islands,5.5
01-Sep-25,Exports: South Africa,38
01-Sep-25,Exports: South Korea,2349.6
01-Sep-25,Exports: Spain,50.8
01-Sep-25,Exports: Sri Lanka,193.2
01-Sep-25,Exports: Sudan,0
01-Sep-25,Exports: Sweden,12.9
01-Sep-25,Exports: Switzerland,547.3
01-Sep-25,Exports: Syrian Arab Rep,0.2
01-Sep-25,Exports: Taiwan,3487.7
01-Sep-25,Exports: Tanzania,18.4
01-Sep-25,Exports: Thailand,4335.2
01-Sep-25,Exports: Trinidad & Tobago,4.7
01-Sep-25,Exports: Tunisia,3.5
01-Sep-25,Exports: Turkey,74.5
01-Sep-25,Exports: USA,5173.9
01-Sep-25,Exports: Ukraine,2.8
01-Sep-25,Exports: United Arab Emirates,583.8
01-Sep-25,Exports: United Kingdom,529.8
01-Sep-25,Exports: Uruguay,1.6
01-Sep-25,Exports: Vanuatu,3.9
01-Sep-25,Exports: Venezuela,0.3
01-Sep-25,Exports: Vietnam,2172.9
01-Sep-25,Exports: Yemen,1.1
01-Sep-25,Exports: Zambia,0.4
01-Sep-25,Exports: Zimbabwe,0.8
01-Oct-25,Exports: Afghanistan,0.7
01-Oct-25,Exports: Algeria,3.1
01-Oct-25,Exports: Angola,7.6
01-Oct-25,Exports: Antigua and Barbuda,10.2
01-Oct-25,Exports: Argentina,18.2
01-Oct-25,Exports: Australia,2198.2
01-Oct-25,Exports: Austria,28.1
01-Oct-25,Exports: Bahamas,71.3
01-Oct-25,Exports: Bahrain,36.5
01-Oct-25,Exports: Bangladesh,340.6
01-Oct-25,Exports: Belarus,0.3
01-Oct-25,Exports: Belgium,369.1
01-Oct-25,Exports: Benin,0.4
01-Oct-25,Exports: Bermuda,6.4
01-Oct-25,Exports: Brazil,211.7
01-Oct-25,Exports: Brunei,63.2
01-Oct-25,Exports: Bulgaria,22.3
01-Oct-25,Exports: Cambodia,1259.4
01-Oct-25,Exports: Cameroon,1.2
01-Oct-25,Exports: Canada,139.4
01-Oct-25,Exports: Chile,14.9
01-Oct-25,Exports: China,7493
01-Oct-25,Exports: Christmas Islands,0.8
01-Oct-25,Exports: Colombia,10.5
01-Oct-25,Exports: Comoros,5.9
01-Oct-25,Exports: Costa Rica,6.8
01-Oct-25,Exports: Cote D'ivoire,9.4
01-Oct-25,Exports: Croatia,1.6
01-Oct-25,Exports: Cuba,0
01-Oct-25,Exports: Cyprus,60
01-Oct-25,"Exports: Czech, Republic",84.9
01-Oct-25,Exports: Denmark,37.8
01-Oct-25,Exports: Djibouti,3.1
01-Oct-25,Exports: Dominican Rep,1.9
01-Oct-25,Exports: Ecuador,6.8
01-Oct-25,Exports: Egypt,32.6
01-Oct-25,Exports: El Salvador,0.7
01-Oct-25,Exports: Estonia,25.9
01-Oct-25,Exports: Eswatini,0
01-Oct-25,Exports: Ethiopia,9.9
01-Oct-25,Exports: Fiji,51.8
01-Oct-25,Exports: Finland,175.4
01-Oct-25,Exports: France,303.1
01-Oct-25,Exports: French Polynesia,2.6
01-Oct-25,Exports: Gabon,5.3
01-Oct-25,Exports: Germany,929.2
01-Oct-25,Exports: Ghana,7.2
01-Oct-25,Exports: Greece,72.9
01-Oct-25,Exports: Guam,26.3
01-Oct-25,Exports: Guatemala,1.2
01-Oct-25,Exports: Guinea,2.3
01-Oct-25,Exports: Guyana,9.6
01-Oct-25,Exports: Honduras,1.1
01-Oct-25,Exports: Hong Kong SAR (China),8099.6
01-Oct-25,Exports: Hungary,46.2
01-Oct-25,Exports: India,2860.2
01-Oct-25,Exports: Indonesia,4268.5
01-Oct-25,Exports: Iran,0.3
01-Oct-25,Exports: Ireland,187.1
01-Oct-25,Exports: Israel,73.8
01-Oct-25,Exports: Italy,95.8
01-Oct-25,Exports: Jamaica,1.8
01-Oct-25,Exports: Japan,2064.6
01-Oct-25,Exports: Jordan,12
01-Oct-25,Exports: Kazakhstan,5.7
01-Oct-25,Exports: Kenya,8.3
01-Oct-25,Exports: Kuwait,24.8
01-Oct-25,Exports: Lao Peo Dem Rep,6.8
01-Oct-25,Exports: Latvia,10.6
01-Oct-25,Exports: Lebanon,2.3
01-Oct-25,Exports: Liberia,628.3
01-Oct-25,Exports: Libyan Arab Jamahiriya,4.1
01-Oct-25,Exports: Lithuania,1.9
01-Oct-25,Exports: Luxembourg,24.1
01-Oct-25,Exports: Macau SAR (China),40.4
01-Oct-25,Exports: Madagascar,0.6
01-Oct-25,Exports: Malaysia,6766.2
01-Oct-25,Exports: Maldives Rep of,24.8
01-Oct-25,Exports: Malta,184.4
01-Oct-25,Exports: Marshall Islands,421.6
01-Oct-25,Exports: Mauritius,10.2
01-Oct-25,Exports: Mexico,988.1
01-Oct-25,Exports: Mongolian Peo Rep,28.4
01-Oct-25,Exports: Morocco,31.5
01-Oct-25,Exports: Mozambique,1.6
01-Oct-25,Exports: Myanmar,244
01-Oct-25,Exports: Nepal,28.6
01-Oct-25,Exports: Netherlands Antilles,0
01-Oct-25,Exports: Netherlands,1329.7
01-Oct-25,Exports: New Caledonia,12.7
01-Oct-25,Exports: New Zealand,410.1
01-Oct-25,Exports: Nigeria,18.4
01-Oct-25,Exports: Northern Mariana Islands,11.5
01-Oct-25,Exports: Norway,147.3
01-Oct-25,Exports: Oman,24.1
01-Oct-25,Exports: Other Countries of Africa,25.2
01-Oct-25,Exports: Other Countries of America,25.8
01-Oct-25,Exports: Other Countries of Asia,29.8
01-Oct-25,Exports: Other Countries of Europe,27.6
01-Oct-25,Exports: Other Countries of Oceania,12.5
01-Oct-25,Exports: Pakistan,140.1
01-Oct-25,Exports: Panama,536.8
01-Oct-25,Exports: Papua New Guinea,88.2
01-Oct-25,Exports: Paraguay,0.4
01-Oct-25,Exports: Peru,10
01-Oct-25,Exports: Philippines,1442.9
01-Oct-25,Exports: Poland,73.3
01-Oct-25,Exports: Portugal,80.7
01-Oct-25,Exports: Puerto Rico,155.9
01-Oct-25,Exports: Qatar,102.5
01-Oct-25,Exports: Reunion,64.4
01-Oct-25,Exports: Romania,9.4
01-Oct-25,Exports: Russia,16.4
01-Oct-25,Exports: Saint Vincent and the Grenadines,1.2
01-Oct-25,Exports: Samoa,8.7
01-Oct-25,Exports: Saudi Arabia,115.8
01-Oct-25,Exports: Seychelles,3
01-Oct-25,Exports: Slovak Republic,2.1
01-Oct-25,Exports: Slovenia,4.2
01-Oct-25,Exports: Solomon Islands,15.3
01-Oct-25,Exports: South Africa,254.6
01-Oct-25,Exports: South Korea,2790.5
01-Oct-25,Exports: Spain,47.8
01-Oct-25,Exports: Sri Lanka,205.7
01-Oct-25,Exports: Sudan,0.1
01-Oct-25,Exports: Sweden,103.1
01-Oct-25,Exports: Switzerland,388.6
01-Oct-25,Exports: Syrian Arab Rep,0.1
01-Oct-25,Exports: Taiwan,7120.2
01-Oct-25,Exports: Tanzania,22.6
01-Oct-25,Exports: Thailand,3570
01-Oct-25,Exports: Trinidad & Tobago,2.6
01-Oct-25,Exports: Tunisia,2
01-Oct-25,Exports: Turkey,161.7
01-Oct-25,Exports: USA,5624.8
01-Oct-25,Exports: Ukraine,0.5
01-Oct-25,Exports: United Arab Emirates,689.2
01-Oct-25,Exports: United Kingdom,525.3
01-Oct-25,Exports: Uruguay,1.8
01-Oct-25,Exports: Vanuatu,2.3
01-Oct-25,Exports: Venezuela,0.2
01-Oct-25,Exports: Vietnam,2202
01-Oct-25,Exports: Yemen,2.3
01-Oct-25,Exports: Zambia,0.6
01-Oct-25,Exports: Zimbabwe,1.5
01-Nov-25,Exports: Afghanistan,0
01-Nov-25,Exports: Algeria,5.6
01-Nov-25,Exports: Angola,4
01-Nov-25,Exports: Antigua and Barbuda,9.5
01-Nov-25,Exports: Argentina,21.4
01-Nov-25,Exports: Australia,1779
01-Nov-25,Exports: Austria,35
01-Nov-25,Exports: Bahamas,54.1
01-Nov-25,Exports: Bahrain,22.7
01-Nov-25,Exports: Bangladesh,288.1
01-Nov-25,Exports: Belarus,0.1
01-Nov-25,Exports: Belgium,536.2
01-Nov-25,Exports: Benin,0.3
01-Nov-25,Exports: Bermuda,6
01-Nov-25,Exports: Brazil,178
01-Nov-25,Exports: Brunei,58.8
01-Nov-25,Exports: Bulgaria,1.4
01-Nov-25,Exports: Cambodia,452.5
01-Nov-25,Exports: Cameroon,0.7
01-Nov-25,Exports: Canada,164.2
01-Nov-25,Exports: Chile,8.5
01-Nov-25,Exports: China,6239.9
01-Nov-25,Exports: Christmas Islands,0.1
01-Nov-25,Exports: Colombia,12.4
01-Nov-25,Exports: Comoros,2.1
01-Nov-25,Exports: Costa Rica,7
01-Nov-25,Exports: Cote D'ivoire,3.6
01-Nov-25,Exports: Croatia,1.1
01-Nov-25,Exports: Cuba,0
01-Nov-25,Exports: Cyprus,65.8
01-Nov-25,"Exports: Czech, Republic",60
01-Nov-25,Exports: Denmark,27.6
01-Nov-25,Exports: Djibouti,3.1
01-Nov-25,Exports: Dominican Rep,2.2
01-Nov-25,Exports: Ecuador,7.2
01-Nov-25,Exports: Egypt,22.2
01-Nov-25,Exports: El Salvador,0.5
01-Nov-25,Exports: Estonia,18.3
01-Nov-25,Exports: Eswatini,0
01-Nov-25,Exports: Ethiopia,7.2
01-Nov-25,Exports: Fiji,50.2
01-Nov-25,Exports: Finland,32.4
01-Nov-25,Exports: France,303.5
01-Nov-25,Exports: French Polynesia,3.8
01-Nov-25,Exports: Gabon,2.3
01-Nov-25,Exports: Germany,842.7
01-Nov-25,Exports: Ghana,6.2
01-Nov-25,Exports: Greece,65.3
01-Nov-25,Exports: Guam,2.4
01-Nov-25,Exports: Guatemala,1.5
01-Nov-25,Exports: Guinea,27.3
01-Nov-25,Exports: Guyana,4
01-Nov-25,Exports: Honduras,0.2
01-Nov-25,Exports: Hong Kong SAR (China),6822.5
01-Nov-25,Exports: Hungary,68.2
01-Nov-25,Exports: India,1985
01-Nov-25,Exports: Indonesia,3844.8
01-Nov-25,Exports: Iran,0.3
01-Nov-25,Exports: Ireland,173.4
01-Nov-25,Exports: Israel,85.2
01-Nov-25,Exports: Italy,123.8
01-Nov-25,Exports: Jamaica,1.9
01-Nov-25,Exports: Japan,1947.5
01-Nov-25,Exports: Jordan,10.9
01-Nov-25,Exports: Kazakhstan,4.6
01-Nov-25,Exports: Kenya,12.3
01-Nov-25,Exports: Kuwait,32.3
01-Nov-25,Exports: Lao Peo Dem Rep,3.5
01-Nov-25,Exports: Latvia,7
01-Nov-25,Exports: Lebanon,3.4
01-Nov-25,Exports: Liberia,656.8
01-Nov-25,Exports: Libyan Arab Jamahiriya,1.8
01-Nov-25,Exports: Lithuania,2.2
01-Nov-25,Exports: Luxembourg,34.8
01-Nov-25,Exports: Macau SAR (China),30.7
01-Nov-25,Exports: Madagascar,1.8
01-Nov-25,Exports: Malaysia,5716.1
01-Nov-25,Exports: Maldives Rep of,19.5
01-Nov-25,Exports: Malta,184.6
01-Nov-25,Exports: Marshall Islands,423.4
01-Nov-25,Exports: Mauritius,8.2
01-Nov-25,Exports: Mexico,425
01-Nov-25,Exports: Mongolian Peo Rep,35.1
01-Nov-25,Exports: Morocco,33.5
01-Nov-25,Exports: Mozambique,2.1
01-Nov-25,Exports: Myanmar,248.1
01-Nov-25,Exports: Nepal,28.1
01-Nov-25,Exports: Netherlands Antilles,0
01-Nov-25,Exports: Netherlands,1122.9
01-Nov-25,Exports: New Caledonia,48.3
01-Nov-25,Exports: New Zealand,334.3
01-Nov-25,Exports: Nigeria,21.7
01-Nov-25,Exports: Northern Mariana Islands,0.1
01-Nov-25,Exports: Norway,69.5
01-Nov-25,Exports: Oman,20.5
01-Nov-25,Exports: Other Countries of Africa,20.2
01-Nov-25,Exports: Other Countries of America,22
01-Nov-25,Exports: Other Countries of Asia,16.7
01-Nov-25,Exports: Other Countries of Europe,34.2
01-Nov-25,Exports: Other Countries of Oceania,22.6
01-Nov-25,Exports: Pakistan,209.6
01-Nov-25,Exports: Panama,551.2
01-Nov-25,Exports: Papua New Guinea,54.9
01-Nov-25,Exports: Paraguay,0.9
01-Nov-25,Exports: Peru,14
01-Nov-25,Exports: Philippines,1270.8
01-Nov-25,Exports: Poland,54.9
01-Nov-25,Exports: Portugal,79.6
01-Nov-25,Exports: Puerto Rico,84.2
01-Nov-25,Exports: Qatar,106.6
01-Nov-25,Exports: Reunion,38.4
01-Nov-25,Exports: Romania,21.5
01-Nov-25,Exports: Russia,12.1
01-Nov-25,Exports: Saint Vincent and the Grenadines,1.6
01-Nov-25,Exports: Samoa,8.9
01-Nov-25,Exports: Saudi Arabia,145.2
01-Nov-25,Exports: Seychelles,2
01-Nov-25,Exports: Slovak Republic,5.5
01-Nov-25,Exports: Slovenia,5
01-Nov-25,Exports: Solomon Islands,12.7
01-Nov-25,Exports: South Africa,29.8
01-Nov-25,Exports: South Korea,2402.7
01-Nov-25,Exports: Spain,373.2
01-Nov-25,Exports: Sri Lanka,175
01-Nov-25,Exports: Sudan,0
01-Nov-25,Exports: Sweden,132.3
01-Nov-25,Exports: Switzerland,364.9
01-Nov-25,Exports: Syrian Arab Rep,0.4
01-Nov-25,Exports: Taiwan,5983.7
01-Nov-25,Exports: Tanzania,14.1
01-Nov-25,Exports: Thailand,4520.1
01-Nov-25,Exports: Trinidad & Tobago,8.9
01-Nov-25,Exports: Tunisia,2.2
01-Nov-25,Exports: Turkey,85.5
01-Nov-25,Exports: USA,7839.8
01-Nov-25,Exports: Ukraine,1.5
01-Nov-25,Exports: United Arab Emirates,796.9
01-Nov-25,Exports: United Kingdom,692.5
01-Nov-25,Exports: Uruguay,1.9
01-Nov-25,Exports: Vanuatu,7.2
01-Nov-25,Exports: Venezuela,0.5
01-Nov-25,Exports: Vietnam,1812.6
01-Nov-25,Exports: Yemen,0.7
01-Nov-25,Exports: Zambia,1.2
01-Nov-25,Exports: Zimbabwe,0.1
01-Dec-25,Exports: Afghanistan,0.8
01-Dec-25,Exports: Algeria,3.6
01-Dec-25,Exports: Angola,6.7
01-Dec-25,Exports: Antigua and Barbuda,11.2
01-Dec-25,Exports: Argentina,15
01-Dec-25,Exports: Australia,1917.2
01-Dec-25,Exports: Austria,17.7
01-Dec-25,Exports: Bahamas,66.9
01-Dec-25,Exports: Bahrain,11.7
01-Dec-25,Exports: Bangladesh,217.3
01-Dec-25,Exports: Belarus,0.4
01-Dec-25,Exports: Belgium,163.4
01-Dec-25,Exports: Benin,0.2
01-Dec-25,Exports: Bermuda,3.8
01-Dec-25,Exports: Brazil,266.9
01-Dec-25,Exports: Brunei,72.4
01-Dec-25,Exports: Bulgaria,2.3
01-Dec-25,Exports: Cambodia,244.7
01-Dec-25,Exports: Cameroon,0.9
01-Dec-25,Exports: Canada,181.7
01-Dec-25,Exports: Chile,12.2
01-Dec-25,Exports: China,7833.9
01-Dec-25,Exports: Christmas Islands,0
01-Dec-25,Exports: Colombia,23.7
01-Dec-25,Exports: Comoros,0.3
01-Dec-25,Exports: Costa Rica,4.7
01-Dec-25,Exports: Cote D'ivoire,8.3
01-Dec-25,Exports: Croatia,1.8
01-Dec-25,Exports: Cuba,0
01-Dec-25,Exports: Cyprus,52.9
01-Dec-25,"Exports: Czech, Republic",117.4
01-Dec-25,Exports: Denmark,58.1
01-Dec-25,Exports: Djibouti,0.9
01-Dec-25,Exports: Dominican Rep,3.9
01-Dec-25,Exports: Ecuador,8.7
01-Dec-25,Exports: Egypt,26.2
01-Dec-25,Exports: El Salvador,0.8
01-Dec-25,Exports: Estonia,3
01-Dec-25,Exports: Eswatini,0
01-Dec-25,Exports: Ethiopia,9.8
01-Dec-25,Exports: Fiji,54.1
01-Dec-25,Exports: Finland,61.7
01-Dec-25,Exports: France,390.2
01-Dec-25,Exports: French Polynesia,5.7
01-Dec-25,Exports: Gabon,3.7
01-Dec-25,Exports: Germany,938
01-Dec-25,Exports: Ghana,8.2
01-Dec-25,Exports: Greece,56.2
01-Dec-25,Exports: Guam,4.2
01-Dec-25,Exports: Guatemala,1.5
01-Dec-25,Exports: Guinea,2.4
01-Dec-25,Exports: Guyana,12
01-Dec-25,Exports: Honduras,0.7
01-Dec-25,Exports: Hong Kong SAR (China),7783.5
01-Dec-25,Exports: Hungary,47.7
01-Dec-25,Exports: India,2244.4
01-Dec-25,Exports: Indonesia,4375.4
01-Dec-25,Exports: Iran,0.2
01-Dec-25,Exports: Ireland,169
01-Dec-25,Exports: Israel,114.7
01-Dec-25,Exports: Italy,87.6
01-Dec-25,Exports: Jamaica,1.6
01-Dec-25,Exports: Japan,1847.3
01-Dec-25,Exports: Jordan,11.6
01-Dec-25,Exports: Kazakhstan,20.3
01-Dec-25,Exports: Kenya,10.4
01-Dec-25,Exports: Kuwait,36.1
01-Dec-25,Exports: Lao Peo Dem Rep,6.2
01-Dec-25,Exports: Latvia,8.2
01-Dec-25,Exports: Lebanon,1.5
01-Dec-25,Exports: Liberia,641.1
01-Dec-25,Exports: Libyan Arab Jamahiriya,9
01-Dec-25,Exports: Lithuania,3.1
01-Dec-25,Exports: Luxembourg,9.6
01-Dec-25,Exports: Macau SAR (China),38.1
01-Dec-25,Exports: Madagascar,0.7
01-Dec-25,Exports: Malaysia,6643.8
01-Dec-25,Exports: Maldives Rep of,25.3
01-Dec-25,Exports: Malta,146.1
01-Dec-25,Exports: Marshall Islands,455.7
01-Dec-25,Exports: Mauritius,6.1
01-Dec-25,Exports: Mexico,329.4
01-Dec-25,Exports: Mongolian Peo Rep,42.4
01-Dec-25,Exports: Morocco,31.3
01-Dec-25,Exports: Mozambique,3.1
01-Dec-25,Exports: Myanmar,236.1
01-Dec-25,Exports: Nepal,27.2
01-Dec-25,Exports: Netherlands Antilles,0
01-Dec-25,Exports: Netherlands,1142
01-Dec-25,Exports: New Caledonia,19.6
01-Dec-25,Exports: New Zealand,351.7
01-Dec-25,Exports: Nigeria,21.9
01-Dec-25,Exports: Northern Mariana Islands,0.4
01-Dec-25,Exports: Norway,54.5
01-Dec-25,Exports: Oman,20.5
01-Dec-25,Exports: Other Countries of Africa,17.8
01-Dec-25,Exports: Other Countries of America,25
01-Dec-25,Exports: Other Countries of Asia,18.1
01-Dec-25,Exports: Other Countries of Europe,34.2
01-Dec-25,Exports: Other Countries of Oceania,17.2
01-Dec-25,Exports: Pakistan,255.6
01-Dec-25,Exports: Panama,502.3
01-Dec-25,Exports: Papua New Guinea,90.7
01-Dec-25,Exports: Paraguay,0.6
01-Dec-25,Exports: Peru,8.9
01-Dec-25,Exports: Philippines,1043.4
01-Dec-25,Exports: Poland,122.1
01-Dec-25,Exports: Portugal,94.8
01-Dec-25,Exports: Puerto Rico,68.7
01-Dec-25,Exports: Qatar,62.8
01-Dec-25,Exports: Reunion,66.8
01-Dec-25,Exports: Romania,11.1
01-Dec-25,Exports: Russia,15
01-Dec-25,Exports: Saint Vincent and the Grenadines,1.6
01-Dec-25,Exports: Samoa,3.9
01-Dec-25,Exports: Saudi Arabia,150.4
01-Dec-25,Exports: Seychelles,1.2
01-Dec-25,Exports: Slovak Republic,4.1
01-Dec-25,Exports: Slovenia,3.1
01-Dec-25,Exports: Solomon Islands,11.9
01-Dec-25,Exports: South Africa,92.8
01-Dec-25,Exports: South Korea,2597.9
01-Dec-25,Exports: Spain,68.2
01-Dec-25,Exports: Sri Lanka,136.1
01-Dec-25,Exports: Sudan,0
01-Dec-25,Exports: Sweden,79.3
01-Dec-25,Exports: Switzerland,236.1
01-Dec-25,Exports: Syrian Arab Rep,0.1
01-Dec-25,Exports: Taiwan,6097.3
01-Dec-25,Exports: Tanzania,17.8
01-Dec-25,Exports: Thailand,2725.9
01-Dec-25,Exports: Trinidad & Tobago,7
01-Dec-25,Exports: Tunisia,3.2
01-Dec-25,Exports: Turkey,165
01-Dec-25,Exports: USA,6552.4
01-Dec-25,Exports: Ukraine,0.9
01-Dec-25,Exports: United Arab Emirates,624.1
01-Dec-25,Exports: United Kingdom,2180.8
01-Dec-25,Exports: Uruguay,1.5
01-Dec-25,Exports: Vanuatu,6.1
01-Dec-25,Exports: Venezuela,0
01-Dec-25,Exports: Vietnam,2321
01-Dec-25,Exports: Yemen,1.6
01-Dec-25,Exports: Zambia,0.6
01-Dec-25,Exports: Zimbabwe,0.6
