Month-Year,Pivot Field Names,Pivot Field Values
01-Jan-16,Imports: Afghanistan,0
01-Jan-16,Imports: Angola,0.2
01-Jan-16,Imports: Argentina,16.7
01-Jan-16,Imports: Australia,562.6
01-Jan-16,Imports: Austria,119.2
01-Jan-16,Imports: Bahamas,0
01-Jan-16,Imports: Bahrain,3.2
01-Jan-16,Imports: Bangladesh,18.1
01-Jan-16,Imports: Belarus,0.3
01-Jan-16,Imports: Belgium,111.7
01-Jan-16,Imports: Brazil,111
01-Jan-16,Imports: Brunei,7.9
01-Jan-16,Imports: Bulgaria,21.2
01-Jan-16,Imports: Cambodia,16.2
01-Jan-16,Imports: Cameroon,2.9
01-Jan-16,Imports: Canada,150
01-Jan-16,Imports: Chile,10.9
01-Jan-16,Imports: China,4706.9
01-Jan-16,Imports: Colombia,0.6
01-Jan-16,Imports: Comoros,0.9
01-Jan-16,Imports: Costa Rica,6.1
01-Jan-16,Imports: Cote D'ivoire,1.1
01-Jan-16,Imports: Croatia,1.2
01-Jan-16,Imports: Cuba,2.4
01-Jan-16,Imports: Cyprus,0.7
01-Jan-16,"Imports: Czech, Republic",27.5
01-Jan-16,Imports: Denmark,39.4
01-Jan-16,Imports: Djibouti,0.1
01-Jan-16,Imports: Dominican Rep,2.9
01-Jan-16,Imports: Ecuador,0.6
01-Jan-16,Imports: Egypt,25.3
01-Jan-16,Imports: El Salvador,0.4
01-Jan-16,Imports: Estonia,4.6
01-Jan-16,Imports: Eswatini,0.2
01-Jan-16,Imports: Ethiopia,0
01-Jan-16,Imports: Fiji,0.4
01-Jan-16,Imports: Finland,32.6
01-Jan-16,Imports: France,768.1
01-Jan-16,Imports: French Polynesia,0.2
01-Jan-16,Imports: Gabon,0
01-Jan-16,Imports: Germany,897.5
01-Jan-16,Imports: Ghana,10
01-Jan-16,Imports: Greece,14.1
01-Jan-16,Imports: Guam,0.2
01-Jan-16,Imports: Guatemala,2.1
01-Jan-16,Imports: Hong Kong SAR (China),373.5
01-Jan-16,Imports: Hungary,149.6
01-Jan-16,Imports: India,588.8
01-Jan-16,Imports: Indonesia,1339.5
01-Jan-16,Imports: Iran,1.7
01-Jan-16,Imports: Ireland,85.5
01-Jan-16,Imports: Israel,72
01-Jan-16,Imports: Italy,612.3
01-Jan-16,Imports: Jamaica,0.1
01-Jan-16,Imports: Japan,1724.9
01-Jan-16,Imports: Jordan,3.3
01-Jan-16,Imports: Kazakhstan,0.2
01-Jan-16,Imports: Kenya,1.5
01-Jan-16,Imports: Kuwait,131.8
01-Jan-16,Imports: Lao Peo Dem Rep,0.2
01-Jan-16,Imports: Latvia,2.3
01-Jan-16,Imports: Lebanon,0.4
01-Jan-16,Imports: Liberia,0
01-Jan-16,Imports: Lithuania,3.4
01-Jan-16,Imports: Luxembourg,3.7
01-Jan-16,Imports: Macau SAR (China),0.7
01-Jan-16,Imports: Madagascar,9.6
01-Jan-16,Imports: Malaysia,3277.1
01-Jan-16,Imports: Maldives Rep of,0
01-Jan-16,Imports: Malta,20.4
01-Jan-16,Imports: Mauritius,2.4
01-Jan-16,Imports: Mexico,210.5
01-Jan-16,Imports: Morocco,10.5
01-Jan-16,Imports: Mozambique,0.1
01-Jan-16,Imports: Myanmar,16.6
01-Jan-16,Imports: Nepal,0.9
01-Jan-16,Imports: Netherlands Antilles,1.1
01-Jan-16,Imports: Netherlands,279.3
01-Jan-16,Imports: New Zealand,58
01-Jan-16,Imports: Nigeria,0.2
01-Jan-16,Imports: Northern Mariana Islands,1.4
01-Jan-16,Imports: Norway,102.4
01-Jan-16,Imports: Oman,14.5
01-Jan-16,Imports: Other Countries of Africa,148.8
01-Jan-16,Imports: Other Countries of America,18.1
01-Jan-16,Imports: Other Countries of Asia,1
01-Jan-16,Imports: Other Countries of Europe,5.5
01-Jan-16,Imports: Other Countries of Oceania,0.1
01-Jan-16,Imports: Pakistan,4.8
01-Jan-16,Imports: Panama,0.3
01-Jan-16,Imports: Papua New Guinea,35.6
01-Jan-16,Imports: Peru,3.4
01-Jan-16,Imports: Philippines,546.4
01-Jan-16,Imports: Poland,38.1
01-Jan-16,Imports: Portugal,22.6
01-Jan-16,Imports: Puerto Rico,26.8
01-Jan-16,Imports: Qatar,183.5
01-Jan-16,Imports: Reunion,0
01-Jan-16,Imports: Romania,7.6
01-Jan-16,Imports: Russia,314.7
01-Jan-16,Imports: Saudi Arabia,1042.4
01-Jan-16,Imports: Seychelles,0
01-Jan-16,Imports: Slovak Republic,4.9
01-Jan-16,Imports: Slovenia,5.6
01-Jan-16,Imports: Solomon Islands,0
01-Jan-16,Imports: South Africa,64.1
01-Jan-16,Imports: South Korea,1744.2
01-Jan-16,Imports: Spain,84.4
01-Jan-16,Imports: Sri Lanka,9
01-Jan-16,Imports: Sudan,0.6
01-Jan-16,Imports: Sweden,107
01-Jan-16,Imports: Switzerland,974.6
01-Jan-16,Imports: Taiwan,2541.8
01-Jan-16,Imports: Tanzania,3.6
01-Jan-16,Imports: Thailand,712.6
01-Jan-16,Imports: Tunisia,3.4
01-Jan-16,Imports: Turkey,68.3
01-Jan-16,Imports: USA,3128.8
01-Jan-16,Imports: Ukraine,1.5
01-Jan-16,Imports: United Arab Emirates,666.2
01-Jan-16,Imports: United Kingdom,586.6
01-Jan-16,Imports: Uruguay,2.2
01-Jan-16,Imports: Vanuatu,0
01-Jan-16,Imports: Venezuela,122.6
01-Jan-16,Imports: Vietnam,304.9
01-Jan-16,Imports: Yemen,0.4
01-Jan-16,Imports: Zambia,0
01-Jan-16,Imports: Zimbabwe,1
01-Feb-16,Imports: Afghanistan,0.1
01-Feb-16,Imports: Angola,110.4
01-Feb-16,Imports: Argentina,9.6
01-Feb-16,Imports: Australia,581.5
01-Feb-16,Imports: Austria,110.6
01-Feb-16,Imports: Bahamas,0
01-Feb-16,Imports: Bahrain,1.6
01-Feb-16,Imports: Bangladesh,17.6
01-Feb-16,Imports: Belarus,17.8
01-Feb-16,Imports: Belgium,96.6
01-Feb-16,Imports: Brazil,139
01-Feb-16,Imports: Brunei,1.6
01-Feb-16,Imports: Bulgaria,15.9
01-Feb-16,Imports: Cambodia,159.9
01-Feb-16,Imports: Cameroon,2.6
01-Feb-16,Imports: Canada,153.3
01-Feb-16,Imports: Chile,5.7
01-Feb-16,Imports: China,3541.8
01-Feb-16,Imports: Colombia,64.1
01-Feb-16,Imports: Comoros,0.5
01-Feb-16,Imports: Costa Rica,5.1
01-Feb-16,Imports: Cote D'ivoire,2.6
01-Feb-16,Imports: Croatia,0.7
01-Feb-16,Imports: Cuba,2.1
01-Feb-16,Imports: Cyprus,1.2
01-Feb-16,"Imports: Czech, Republic",28.4
01-Feb-16,Imports: Denmark,39.5
01-Feb-16,Imports: Djibouti,0.3
01-Feb-16,Imports: Dominican Rep,3.6
01-Feb-16,Imports: Ecuador,0.8
01-Feb-16,Imports: Egypt,3.4
01-Feb-16,Imports: El Salvador,0.7
01-Feb-16,Imports: Estonia,0.8
01-Feb-16,Imports: Eswatini,0.2
01-Feb-16,Imports: Ethiopia,1.4
01-Feb-16,Imports: Fiji,0.4
01-Feb-16,Imports: Finland,29.2
01-Feb-16,Imports: France,940.1
01-Feb-16,Imports: French Polynesia,0.7
01-Feb-16,Imports: Gabon,0
01-Feb-16,Imports: Germany,929.7
01-Feb-16,Imports: Ghana,12.8
01-Feb-16,Imports: Greece,22.1
01-Feb-16,Imports: Guam,0.1
01-Feb-16,Imports: Guatemala,1.2
01-Feb-16,Imports: Hong Kong SAR (China),332.1
01-Feb-16,Imports: Hungary,157
01-Feb-16,Imports: India,687.6
01-Feb-16,Imports: Indonesia,1897.2
01-Feb-16,Imports: Iran,20.5
01-Feb-16,Imports: Ireland,88.5
01-Feb-16,Imports: Israel,62.6
01-Feb-16,Imports: Italy,342.3
01-Feb-16,Imports: Jamaica,0
01-Feb-16,Imports: Japan,2045.4
01-Feb-16,Imports: Jordan,6.4
01-Feb-16,Imports: Kazakhstan,0.1
01-Feb-16,Imports: Kenya,0.6
01-Feb-16,Imports: Kuwait,327.6
01-Feb-16,Imports: Lao Peo Dem Rep,0.2
01-Feb-16,Imports: Latvia,2.1
01-Feb-16,Imports: Lebanon,0.1
01-Feb-16,Imports: Liberia,0
01-Feb-16,Imports: Lithuania,1.6
01-Feb-16,Imports: Luxembourg,9.7
01-Feb-16,Imports: Macau SAR (China),0.3
01-Feb-16,Imports: Madagascar,19.8
01-Feb-16,Imports: Malaysia,3091.1
01-Feb-16,Imports: Maldives Rep of,0.1
01-Feb-16,Imports: Malta,25.1
01-Feb-16,Imports: Mauritius,1.1
01-Feb-16,Imports: Mexico,180.4
01-Feb-16,Imports: Morocco,10.4
01-Feb-16,Imports: Mozambique,0.2
01-Feb-16,Imports: Myanmar,12.5
01-Feb-16,Imports: Nepal,1.4
01-Feb-16,Imports: Netherlands Antilles,23.7
01-Feb-16,Imports: Netherlands,283.5
01-Feb-16,Imports: New Zealand,73.1
01-Feb-16,Imports: Nigeria,0.4
01-Feb-16,Imports: Northern Mariana Islands,0
01-Feb-16,Imports: Norway,73.7
01-Feb-16,Imports: Oman,37.4
01-Feb-16,Imports: Other Countries of Africa,99.4
01-Feb-16,Imports: Other Countries of America,31.7
01-Feb-16,Imports: Other Countries of Asia,5.9
01-Feb-16,Imports: Other Countries of Europe,6.8
01-Feb-16,Imports: Other Countries of Oceania,0.1
01-Feb-16,Imports: Pakistan,35.9
01-Feb-16,Imports: Panama,0.4
01-Feb-16,Imports: Papua New Guinea,9
01-Feb-16,Imports: Peru,1
01-Feb-16,Imports: Philippines,532.9
01-Feb-16,Imports: Poland,47
01-Feb-16,Imports: Portugal,25.4
01-Feb-16,Imports: Puerto Rico,15.3
01-Feb-16,Imports: Qatar,177
01-Feb-16,Imports: Reunion,0.1
01-Feb-16,Imports: Romania,10.5
01-Feb-16,Imports: Russia,258.5
01-Feb-16,Imports: Saudi Arabia,744.9
01-Feb-16,Imports: Seychelles,0
01-Feb-16,Imports: Slovak Republic,6.8
01-Feb-16,Imports: Slovenia,4
01-Feb-16,Imports: Solomon Islands,0
01-Feb-16,Imports: South Africa,100.4
01-Feb-16,Imports: South Korea,2333.1
01-Feb-16,Imports: Spain,77.9
01-Feb-16,Imports: Sri Lanka,8.8
01-Feb-16,Imports: Sudan,0
01-Feb-16,Imports: Sweden,128.1
01-Feb-16,Imports: Switzerland,927.3
01-Feb-16,Imports: Taiwan,2405.5
01-Feb-16,Imports: Tanzania,9
01-Feb-16,Imports: Thailand,1248.6
01-Feb-16,Imports: Tunisia,1.4
01-Feb-16,Imports: Turkey,53.6
01-Feb-16,Imports: USA,3094.9
01-Feb-16,Imports: Ukraine,1.8
01-Feb-16,Imports: United Arab Emirates,677.8
01-Feb-16,Imports: United Kingdom,654.9
01-Feb-16,Imports: Uruguay,1.3
01-Feb-16,Imports: Vanuatu,0
01-Feb-16,Imports: Venezuela,79
01-Feb-16,Imports: Vietnam,247.5
01-Feb-16,Imports: Yemen,0
01-Feb-16,Imports: Zambia,0
01-Feb-16,Imports: Zimbabwe,1.5
01-Mar-16,Imports: Afghanistan,0.3
01-Mar-16,Imports: Angola,0
01-Mar-16,Imports: Argentina,6.9
01-Mar-16,Imports: Australia,550.4
01-Mar-16,Imports: Austria,142.5
01-Mar-16,Imports: Bahamas,0.2
01-Mar-16,Imports: Bahrain,0.9
01-Mar-16,Imports: Bangladesh,21.7
01-Mar-16,Imports: Belarus,0.1
01-Mar-16,Imports: Belgium,139.6
01-Mar-16,Imports: Brazil,134.5
01-Mar-16,Imports: Brunei,5.6
01-Mar-16,Imports: Bulgaria,5
01-Mar-16,Imports: Cambodia,237.8
01-Mar-16,Imports: Cameroon,3.8
01-Mar-16,Imports: Canada,159.7
01-Mar-16,Imports: Chile,5.6
01-Mar-16,Imports: China,4702.2
01-Mar-16,Imports: Colombia,16.6
01-Mar-16,Imports: Comoros,0.3
01-Mar-16,Imports: Costa Rica,4.6
01-Mar-16,Imports: Cote D'ivoire,5.1
01-Mar-16,Imports: Croatia,1
01-Mar-16,Imports: Cuba,1
01-Mar-16,Imports: Cyprus,3.6
01-Mar-16,"Imports: Czech, Republic",38.4
01-Mar-16,Imports: Denmark,54.6
01-Mar-16,Imports: Djibouti,0
01-Mar-16,Imports: Dominican Rep,2.8
01-Mar-16,Imports: Ecuador,0.6
01-Mar-16,Imports: Egypt,7.7
01-Mar-16,Imports: El Salvador,0.9
01-Mar-16,Imports: Estonia,3
01-Mar-16,Imports: Eswatini,0.1
01-Mar-16,Imports: Ethiopia,0.1
01-Mar-16,Imports: Fiji,0.3
01-Mar-16,Imports: Finland,39.5
01-Mar-16,Imports: France,1137.5
01-Mar-16,Imports: French Polynesia,0.7
01-Mar-16,Imports: Gabon,0
01-Mar-16,Imports: Germany,1105.3
01-Mar-16,Imports: Ghana,44.4
01-Mar-16,Imports: Greece,20.9
01-Mar-16,Imports: Guam,0
01-Mar-16,Imports: Guatemala,1.4
01-Mar-16,Imports: Hong Kong SAR (China),392.8
01-Mar-16,Imports: Hungary,128.5
01-Mar-16,Imports: India,558.2
01-Mar-16,Imports: Indonesia,1708.3
01-Mar-16,Imports: Iran,37.7
01-Mar-16,Imports: Ireland,94
01-Mar-16,Imports: Israel,74.1
01-Mar-16,Imports: Italy,493.5
01-Mar-16,Imports: Jamaica,0.1
01-Mar-16,Imports: Japan,2462.3
01-Mar-16,Imports: Jordan,1
01-Mar-16,Imports: Kazakhstan,0.1
01-Mar-16,Imports: Kenya,0.5
01-Mar-16,Imports: Kuwait,93.2
01-Mar-16,Imports: Lao Peo Dem Rep,1.2
01-Mar-16,Imports: Latvia,4.6
01-Mar-16,Imports: Lebanon,0.2
01-Mar-16,Imports: Liberia,0.1
01-Mar-16,Imports: Lithuania,1.5
01-Mar-16,Imports: Luxembourg,12.7
01-Mar-16,Imports: Macau SAR (China),0.4
01-Mar-16,Imports: Madagascar,22.9
01-Mar-16,Imports: Malaysia,3442.7
01-Mar-16,Imports: Maldives Rep of,0.1
01-Mar-16,Imports: Malta,32.2
01-Mar-16,Imports: Mauritius,1.1
01-Mar-16,Imports: Mexico,229.9
01-Mar-16,Imports: Morocco,12.8
01-Mar-16,Imports: Mozambique,1.1
01-Mar-16,Imports: Myanmar,14.9
01-Mar-16,Imports: Nepal,1.1
01-Mar-16,Imports: Netherlands Antilles,13.8
01-Mar-16,Imports: Netherlands,543
01-Mar-16,Imports: New Zealand,61.7
01-Mar-16,Imports: Nigeria,0.2
01-Mar-16,Imports: Northern Mariana Islands,0
01-Mar-16,Imports: Norway,164.1
01-Mar-16,Imports: Oman,60.4
01-Mar-16,Imports: Other Countries of Africa,202.6
01-Mar-16,Imports: Other Countries of America,1.2
01-Mar-16,Imports: Other Countries of Asia,1.5
01-Mar-16,Imports: Other Countries of Europe,6.8
01-Mar-16,Imports: Other Countries of Oceania,0.2
01-Mar-16,Imports: Pakistan,6.6
01-Mar-16,Imports: Panama,0.4
01-Mar-16,Imports: Papua New Guinea,28.8
01-Mar-16,Imports: Peru,4.3
01-Mar-16,Imports: Philippines,559.1
01-Mar-16,Imports: Poland,87.8
01-Mar-16,Imports: Portugal,33.7
01-Mar-16,Imports: Puerto Rico,16.7
01-Mar-16,Imports: Qatar,210.3
01-Mar-16,Imports: Reunion,0.4
01-Mar-16,Imports: Romania,10.6
01-Mar-16,Imports: Russia,290.3
01-Mar-16,Imports: Saudi Arabia,992
01-Mar-16,Imports: Seychelles,0.2
01-Mar-16,Imports: Slovak Republic,6.8
01-Mar-16,Imports: Slovenia,4.6
01-Mar-16,Imports: Solomon Islands,0
01-Mar-16,Imports: South Africa,58
01-Mar-16,Imports: South Korea,1901.3
01-Mar-16,Imports: Spain,102.2
01-Mar-16,Imports: Sri Lanka,8.5
01-Mar-16,Imports: Sudan,0
01-Mar-16,Imports: Sweden,118.9
01-Mar-16,Imports: Switzerland,702.7
01-Mar-16,Imports: Taiwan,2656.9
01-Mar-16,Imports: Tanzania,11.2
01-Mar-16,Imports: Thailand,767.7
01-Mar-16,Imports: Tunisia,1.4
01-Mar-16,Imports: Turkey,66.3
01-Mar-16,Imports: USA,3759.6
01-Mar-16,Imports: Ukraine,1.3
01-Mar-16,Imports: United Arab Emirates,498.3
01-Mar-16,Imports: United Kingdom,719.9
01-Mar-16,Imports: Uruguay,1.3
01-Mar-16,Imports: Vanuatu,0
01-Mar-16,Imports: Venezuela,74.4
01-Mar-16,Imports: Vietnam,374.7
01-Mar-16,Imports: Yemen,0
01-Mar-16,Imports: Zambia,12.8
01-Mar-16,Imports: Zimbabwe,4
01-Apr-16,Imports: Afghanistan,0
01-Apr-16,Imports: Angola,0
01-Apr-16,Imports: Argentina,5.4
01-Apr-16,Imports: Australia,442.6
01-Apr-16,Imports: Austria,116.3
01-Apr-16,Imports: Bahamas,0
01-Apr-16,Imports: Bahrain,25.2
01-Apr-16,Imports: Bangladesh,26.7
01-Apr-16,Imports: Belarus,0.1
01-Apr-16,Imports: Belgium,374
01-Apr-16,Imports: Brazil,113.4
01-Apr-16,Imports: Brunei,32.4
01-Apr-16,Imports: Bulgaria,33.7
01-Apr-16,Imports: Cambodia,173.7
01-Apr-16,Imports: Cameroon,4.4
01-Apr-16,Imports: Canada,132.4
01-Apr-16,Imports: Chile,5.9
01-Apr-16,Imports: China,4430.9
01-Apr-16,Imports: Colombia,34.9
01-Apr-16,Imports: Comoros,0.3
01-Apr-16,Imports: Costa Rica,8.6
01-Apr-16,Imports: Cote D'ivoire,2.9
01-Apr-16,Imports: Croatia,5.3
01-Apr-16,Imports: Cuba,0.8
01-Apr-16,Imports: Cyprus,0.9
01-Apr-16,"Imports: Czech, Republic",32.1
01-Apr-16,Imports: Denmark,40.2
01-Apr-16,Imports: Djibouti,0.1
01-Apr-16,Imports: Dominican Rep,3.8
01-Apr-16,Imports: Ecuador,1.4
01-Apr-16,Imports: Egypt,4.9
01-Apr-16,Imports: El Salvador,0.8
01-Apr-16,Imports: Estonia,14.2
01-Apr-16,Imports: Eswatini,0.4
01-Apr-16,Imports: Ethiopia,2.5
01-Apr-16,Imports: Fiji,0.5
01-Apr-16,Imports: Finland,32.2
01-Apr-16,Imports: France,1288.7
01-Apr-16,Imports: French Polynesia,0.2
01-Apr-16,Imports: Gabon,0.2
01-Apr-16,Imports: Germany,1013.9
01-Apr-16,Imports: Ghana,24.5
01-Apr-16,Imports: Greece,18.4
01-Apr-16,Imports: Guam,0.1
01-Apr-16,Imports: Guatemala,0.5
01-Apr-16,Imports: Hong Kong SAR (China),333.8
01-Apr-16,Imports: Hungary,56.6
01-Apr-16,Imports: India,502.8
01-Apr-16,Imports: Indonesia,1560.8
01-Apr-16,Imports: Iran,59.5
01-Apr-16,Imports: Ireland,89.1
01-Apr-16,Imports: Israel,88.2
01-Apr-16,Imports: Italy,443.3
01-Apr-16,Imports: Jamaica,0
01-Apr-16,Imports: Japan,2486.4
01-Apr-16,Imports: Jordan,2.4
01-Apr-16,Imports: Kazakhstan,0.1
01-Apr-16,Imports: Kenya,0.8
01-Apr-16,Imports: Kuwait,180.9
01-Apr-16,Imports: Lao Peo Dem Rep,0.2
01-Apr-16,Imports: Latvia,1.6
01-Apr-16,Imports: Lebanon,0.1
01-Apr-16,Imports: Liberia,0
01-Apr-16,Imports: Lithuania,19.2
01-Apr-16,Imports: Luxembourg,7.3
01-Apr-16,Imports: Macau SAR (China),1
01-Apr-16,Imports: Madagascar,27.5
01-Apr-16,Imports: Malaysia,3257.8
01-Apr-16,Imports: Maldives Rep of,0.1
01-Apr-16,Imports: Malta,37.9
01-Apr-16,Imports: Mauritius,1.4
01-Apr-16,Imports: Mexico,196.4
01-Apr-16,Imports: Morocco,13.5
01-Apr-16,Imports: Mozambique,0.2
01-Apr-16,Imports: Myanmar,8.9
01-Apr-16,Imports: Nepal,0.5
01-Apr-16,Imports: Netherlands Antilles,12.4
01-Apr-16,Imports: Netherlands,356.3
01-Apr-16,Imports: New Zealand,62.1
01-Apr-16,Imports: Nigeria,0.4
01-Apr-16,Imports: Northern Mariana Islands,0
01-Apr-16,Imports: Norway,103.4
01-Apr-16,Imports: Oman,22.4
01-Apr-16,Imports: Other Countries of Africa,17.7
01-Apr-16,Imports: Other Countries of America,16.1
01-Apr-16,Imports: Other Countries of Asia,2.1
01-Apr-16,Imports: Other Countries of Europe,5.1
01-Apr-16,Imports: Other Countries of Oceania,0.4
01-Apr-16,Imports: Pakistan,6.6
01-Apr-16,Imports: Panama,0
01-Apr-16,Imports: Papua New Guinea,39.2
01-Apr-16,Imports: Peru,0.8
01-Apr-16,Imports: Philippines,464.2
01-Apr-16,Imports: Poland,39.5
01-Apr-16,Imports: Portugal,33.5
01-Apr-16,Imports: Puerto Rico,15.5
01-Apr-16,Imports: Qatar,210.3
01-Apr-16,Imports: Reunion,0.5
01-Apr-16,Imports: Romania,7.2
01-Apr-16,Imports: Russia,301.3
01-Apr-16,Imports: Saudi Arabia,718
01-Apr-16,Imports: Seychelles,0.1
01-Apr-16,Imports: Slovak Republic,6.7
01-Apr-16,Imports: Slovenia,7.2
01-Apr-16,Imports: Solomon Islands,0
01-Apr-16,Imports: South Africa,43
01-Apr-16,Imports: South Korea,2186.1
01-Apr-16,Imports: Spain,83
01-Apr-16,Imports: Sri Lanka,12.4
01-Apr-16,Imports: Sudan,0
01-Apr-16,Imports: Sweden,102.9
01-Apr-16,Imports: Switzerland,619.1
01-Apr-16,Imports: Taiwan,2300.8
01-Apr-16,Imports: Tanzania,4.7
01-Apr-16,Imports: Thailand,629.3
01-Apr-16,Imports: Tunisia,1.2
01-Apr-16,Imports: Turkey,49.4
01-Apr-16,Imports: USA,3679.5
01-Apr-16,Imports: Ukraine,0.5
01-Apr-16,Imports: United Arab Emirates,862.3
01-Apr-16,Imports: United Kingdom,760.3
01-Apr-16,Imports: Uruguay,0.4
01-Apr-16,Imports: Vanuatu,0.1
01-Apr-16,Imports: Venezuela,15.7
01-Apr-16,Imports: Vietnam,367.4
01-Apr-16,Imports: Yemen,0
01-Apr-16,Imports: Zambia,56.4
01-Apr-16,Imports: Zimbabwe,36.9
01-May-16,Imports: Afghanistan,0
01-May-16,Imports: Angola,0.1
01-May-16,Imports: Argentina,10.6
01-May-16,Imports: Australia,388.8
01-May-16,Imports: Austria,123.2
01-May-16,Imports: Bahamas,0.1
01-May-16,Imports: Bahrain,46.9
01-May-16,Imports: Bangladesh,21.8
01-May-16,Imports: Belarus,0.1
01-May-16,Imports: Belgium,179.9
01-May-16,Imports: Brazil,182.5
01-May-16,Imports: Brunei,4
01-May-16,Imports: Bulgaria,7.8
01-May-16,Imports: Cambodia,347.5
01-May-16,Imports: Cameroon,6.8
01-May-16,Imports: Canada,137.3
01-May-16,Imports: Chile,54.8
01-May-16,Imports: China,4605.8
01-May-16,Imports: Colombia,16
01-May-16,Imports: Comoros,1.1
01-May-16,Imports: Costa Rica,7.3
01-May-16,Imports: Cote D'ivoire,0.9
01-May-16,Imports: Croatia,9.1
01-May-16,Imports: Cuba,0.9
01-May-16,Imports: Cyprus,2.5
01-May-16,"Imports: Czech, Republic",32.5
01-May-16,Imports: Denmark,47.2
01-May-16,Imports: Djibouti,0.1
01-May-16,Imports: Dominican Rep,7.3
01-May-16,Imports: Ecuador,1.3
01-May-16,Imports: Egypt,4.8
01-May-16,Imports: El Salvador,0.7
01-May-16,Imports: Estonia,6.1
01-May-16,Imports: Eswatini,0.1
01-May-16,Imports: Ethiopia,2.7
01-May-16,Imports: Fiji,0.5
01-May-16,Imports: Finland,32.1
01-May-16,Imports: France,953
01-May-16,Imports: French Polynesia,0.1
01-May-16,Imports: Gabon,0
01-May-16,Imports: Germany,1014.7
01-May-16,Imports: Ghana,13.6
01-May-16,Imports: Greece,7.5
01-May-16,Imports: Guam,0
01-May-16,Imports: Guatemala,0.3
01-May-16,Imports: Hong Kong SAR (China),296.3
01-May-16,Imports: Hungary,30.3
01-May-16,Imports: India,696.7
01-May-16,Imports: Indonesia,1686.9
01-May-16,Imports: Iran,74.2
01-May-16,Imports: Ireland,100.1
01-May-16,Imports: Israel,45.2
01-May-16,Imports: Italy,485.8
01-May-16,Imports: Jamaica,0
01-May-16,Imports: Japan,2381.2
01-May-16,Imports: Jordan,2.7
01-May-16,Imports: Kazakhstan,0.1
01-May-16,Imports: Kenya,0.8
01-May-16,Imports: Kuwait,358.5
01-May-16,Imports: Lao Peo Dem Rep,1.7
01-May-16,Imports: Latvia,2.9
01-May-16,Imports: Lebanon,0.2
01-May-16,Imports: Liberia,0
01-May-16,Imports: Lithuania,51.2
01-May-16,Imports: Luxembourg,10.7
01-May-16,Imports: Macau SAR (China),3.7
01-May-16,Imports: Madagascar,13.5
01-May-16,Imports: Malaysia,3755.9
01-May-16,Imports: Maldives Rep of,0.4
01-May-16,Imports: Malta,24.1
01-May-16,Imports: Mauritius,1.1
01-May-16,Imports: Mexico,222.2
01-May-16,Imports: Morocco,12.1
01-May-16,Imports: Mozambique,0.2
01-May-16,Imports: Myanmar,5.6
01-May-16,Imports: Nepal,0.4
01-May-16,Imports: Netherlands Antilles,0.9
01-May-16,Imports: Netherlands,473.6
01-May-16,Imports: New Zealand,70.8
01-May-16,Imports: Nigeria,1.5
01-May-16,Imports: Northern Mariana Islands,0
01-May-16,Imports: Norway,83
01-May-16,Imports: Oman,25.3
01-May-16,Imports: Other Countries of Africa,93.1
01-May-16,Imports: Other Countries of America,1.4
01-May-16,Imports: Other Countries of Asia,1.9
01-May-16,Imports: Other Countries of Europe,4.2
01-May-16,Imports: Other Countries of Oceania,0.1
01-May-16,Imports: Pakistan,5.9
01-May-16,Imports: Panama,0.7
01-May-16,Imports: Papua New Guinea,38.3
01-May-16,Imports: Peru,12
01-May-16,Imports: Philippines,507.1
01-May-16,Imports: Poland,46.5
01-May-16,Imports: Portugal,33.7
01-May-16,Imports: Puerto Rico,44.9
01-May-16,Imports: Qatar,305.8
01-May-16,Imports: Reunion,0.1
01-May-16,Imports: Romania,8.8
01-May-16,Imports: Russia,321.3
01-May-16,Imports: Saudi Arabia,819.3
01-May-16,Imports: Seychelles,0.1
01-May-16,Imports: Slovak Republic,6.7
01-May-16,Imports: Slovenia,5.6
01-May-16,Imports: Solomon Islands,0
01-May-16,Imports: South Africa,56
01-May-16,Imports: South Korea,1899.6
01-May-16,Imports: Spain,90.7
01-May-16,Imports: Sri Lanka,6.8
01-May-16,Imports: Sudan,0
01-May-16,Imports: Sweden,134.3
01-May-16,Imports: Switzerland,657.2
01-May-16,Imports: Taiwan,2386.8
01-May-16,Imports: Tanzania,2
01-May-16,Imports: Thailand,741.5
01-May-16,Imports: Tunisia,1.9
01-May-16,Imports: Turkey,126.1
01-May-16,Imports: USA,3557.1
01-May-16,Imports: Ukraine,18.9
01-May-16,Imports: United Arab Emirates,716.6
01-May-16,Imports: United Kingdom,619.6
01-May-16,Imports: Uruguay,0.7
01-May-16,Imports: Vanuatu,0
01-May-16,Imports: Venezuela,24.7
01-May-16,Imports: Vietnam,382.8
01-May-16,Imports: Yemen,0.2
01-May-16,Imports: Zambia,7.7
01-May-16,Imports: Zimbabwe,0.3
01-Jun-16,Imports: Afghanistan,0.1
01-Jun-16,Imports: Angola,1.1
01-Jun-16,Imports: Argentina,6.3
01-Jun-16,Imports: Australia,451.5
01-Jun-16,Imports: Austria,126.3
01-Jun-16,Imports: Bahamas,0
01-Jun-16,Imports: Bahrain,2.7
01-Jun-16,Imports: Bangladesh,22
01-Jun-16,Imports: Belarus,0.3
01-Jun-16,Imports: Belgium,106.3
01-Jun-16,Imports: Brazil,119.9
01-Jun-16,Imports: Brunei,2.9
01-Jun-16,Imports: Bulgaria,2.6
01-Jun-16,Imports: Cambodia,463.8
01-Jun-16,Imports: Cameroon,1.9
01-Jun-16,Imports: Canada,131.4
01-Jun-16,Imports: Chile,7.4
01-Jun-16,Imports: China,4539.3
01-Jun-16,Imports: Colombia,34.7
01-Jun-16,Imports: Comoros,0.3
01-Jun-16,Imports: Costa Rica,7
01-Jun-16,Imports: Cote D'ivoire,1.7
01-Jun-16,Imports: Croatia,0.8
01-Jun-16,Imports: Cuba,0.6
01-Jun-16,Imports: Cyprus,0.7
01-Jun-16,"Imports: Czech, Republic",36.4
01-Jun-16,Imports: Denmark,45.7
01-Jun-16,Imports: Djibouti,0.1
01-Jun-16,Imports: Dominican Rep,6.2
01-Jun-16,Imports: Ecuador,31.4
01-Jun-16,Imports: Egypt,20.2
01-Jun-16,Imports: El Salvador,0.5
01-Jun-16,Imports: Estonia,2.5
01-Jun-16,Imports: Eswatini,0.3
01-Jun-16,Imports: Ethiopia,1.3
01-Jun-16,Imports: Fiji,0.3
01-Jun-16,Imports: Finland,40.4
01-Jun-16,Imports: France,923
01-Jun-16,Imports: French Polynesia,0
01-Jun-16,Imports: Gabon,0.1
01-Jun-16,Imports: Germany,1040.9
01-Jun-16,Imports: Ghana,21.6
01-Jun-16,Imports: Greece,21.3
01-Jun-16,Imports: Guam,0
01-Jun-16,Imports: Guatemala,0.8
01-Jun-16,Imports: Hong Kong SAR (China),288.5
01-Jun-16,Imports: Hungary,35.3
01-Jun-16,Imports: India,686.3
01-Jun-16,Imports: Indonesia,1679.1
01-Jun-16,Imports: Iran,61.2
01-Jun-16,Imports: Ireland,95.5
01-Jun-16,Imports: Israel,75.4
01-Jun-16,Imports: Italy,375.7
01-Jun-16,Imports: Jamaica,0
01-Jun-16,Imports: Japan,2749.5
01-Jun-16,Imports: Jordan,1.4
01-Jun-16,Imports: Kazakhstan,0.1
01-Jun-16,Imports: Kenya,0.6
01-Jun-16,Imports: Kuwait,292.5
01-Jun-16,Imports: Lao Peo Dem Rep,1.7
01-Jun-16,Imports: Latvia,3
01-Jun-16,Imports: Lebanon,0.2
01-Jun-16,Imports: Liberia,0.1
01-Jun-16,Imports: Lithuania,2.3
01-Jun-16,Imports: Luxembourg,10.6
01-Jun-16,Imports: Macau SAR (China),0.6
01-Jun-16,Imports: Madagascar,8.6
01-Jun-16,Imports: Malaysia,3965.1
01-Jun-16,Imports: Maldives Rep of,0.1
01-Jun-16,Imports: Malta,25.3
01-Jun-16,Imports: Mauritius,1.4
01-Jun-16,Imports: Mexico,203.9
01-Jun-16,Imports: Morocco,14.9
01-Jun-16,Imports: Mozambique,1.2
01-Jun-16,Imports: Myanmar,17.6
01-Jun-16,Imports: Nepal,0.7
01-Jun-16,Imports: Netherlands Antilles,0.3
01-Jun-16,Imports: Netherlands,657.2
01-Jun-16,Imports: New Zealand,77.9
01-Jun-16,Imports: Nigeria,2.5
01-Jun-16,Imports: Northern Mariana Islands,0
01-Jun-16,Imports: Norway,80.4
01-Jun-16,Imports: Oman,1.6
01-Jun-16,Imports: Other Countries of Africa,94.1
01-Jun-16,Imports: Other Countries of America,17.7
01-Jun-16,Imports: Other Countries of Asia,1.7
01-Jun-16,Imports: Other Countries of Europe,7.6
01-Jun-16,Imports: Other Countries of Oceania,0.1
01-Jun-16,Imports: Pakistan,5.9
01-Jun-16,Imports: Panama,0.1
01-Jun-16,Imports: Papua New Guinea,58.5
01-Jun-16,Imports: Peru,34.1
01-Jun-16,Imports: Philippines,546
01-Jun-16,Imports: Poland,45.3
01-Jun-16,Imports: Portugal,27
01-Jun-16,Imports: Puerto Rico,28.7
01-Jun-16,Imports: Qatar,630.2
01-Jun-16,Imports: Reunion,0.2
01-Jun-16,Imports: Romania,13.2
01-Jun-16,Imports: Russia,150.8
01-Jun-16,Imports: Saudi Arabia,1057.9
01-Jun-16,Imports: Seychelles,0.4
01-Jun-16,Imports: Slovak Republic,6.8
01-Jun-16,Imports: Slovenia,5
01-Jun-16,Imports: Solomon Islands,0
01-Jun-16,Imports: South Africa,72.5
01-Jun-16,Imports: South Korea,1772.8
01-Jun-16,Imports: Spain,128.9
01-Jun-16,Imports: Sri Lanka,8.2
01-Jun-16,Imports: Sudan,0
01-Jun-16,Imports: Sweden,130.1
01-Jun-16,Imports: Switzerland,618.1
01-Jun-16,Imports: Taiwan,2585.5
01-Jun-16,Imports: Tanzania,0.9
01-Jun-16,Imports: Thailand,817.5
01-Jun-16,Imports: Tunisia,1.5
01-Jun-16,Imports: Turkey,45.5
01-Jun-16,Imports: USA,3444.9
01-Jun-16,Imports: Ukraine,5.1
01-Jun-16,Imports: United Arab Emirates,806.3
01-Jun-16,Imports: United Kingdom,531.9
01-Jun-16,Imports: Uruguay,0.9
01-Jun-16,Imports: Vanuatu,0
01-Jun-16,Imports: Venezuela,319.4
01-Jun-16,Imports: Vietnam,344
01-Jun-16,Imports: Yemen,0
01-Jun-16,Imports: Zambia,26.3
01-Jun-16,Imports: Zimbabwe,1.7
01-Jul-16,Imports: Afghanistan,0.2
01-Jul-16,Imports: Angola,0.1
01-Jul-16,Imports: Argentina,5.8
01-Jul-16,Imports: Australia,315.5
01-Jul-16,Imports: Austria,119.4
01-Jul-16,Imports: Bahamas,0
01-Jul-16,Imports: Bahrain,14.1
01-Jul-16,Imports: Bangladesh,20.2
01-Jul-16,Imports: Belarus,0.2
01-Jul-16,Imports: Belgium,114.8
01-Jul-16,Imports: Brazil,97.4
01-Jul-16,Imports: Brunei,6.8
01-Jul-16,Imports: Bulgaria,29
01-Jul-16,Imports: Cambodia,266.3
01-Jul-16,Imports: Cameroon,2.4
01-Jul-16,Imports: Canada,122.4
01-Jul-16,Imports: Chile,15.6
01-Jul-16,Imports: China,4482.8
01-Jul-16,Imports: Colombia,71.6
01-Jul-16,Imports: Comoros,0.5
01-Jul-16,Imports: Costa Rica,7.4
01-Jul-16,Imports: Cote D'ivoire,1.4
01-Jul-16,Imports: Croatia,9.3
01-Jul-16,Imports: Cuba,0.6
01-Jul-16,Imports: Cyprus,1.2
01-Jul-16,"Imports: Czech, Republic",31.6
01-Jul-16,Imports: Denmark,40.1
01-Jul-16,Imports: Djibouti,0
01-Jul-16,Imports: Dominican Rep,9.6
01-Jul-16,Imports: Ecuador,0.8
01-Jul-16,Imports: Egypt,2.7
01-Jul-16,Imports: El Salvador,1.1
01-Jul-16,Imports: Estonia,6
01-Jul-16,Imports: Eswatini,0.1
01-Jul-16,Imports: Ethiopia,2
01-Jul-16,Imports: Fiji,0.4
01-Jul-16,Imports: Finland,25.2
01-Jul-16,Imports: France,996.4
01-Jul-16,Imports: French Polynesia,0.1
01-Jul-16,Imports: Gabon,0.1
01-Jul-16,Imports: Germany,1023.4
01-Jul-16,Imports: Ghana,13.7
01-Jul-16,Imports: Greece,7.7
01-Jul-16,Imports: Guam,0
01-Jul-16,Imports: Guatemala,0.9
01-Jul-16,Imports: Hong Kong SAR (China),279.4
01-Jul-16,Imports: Hungary,39.5
01-Jul-16,Imports: India,718.8
01-Jul-16,Imports: Indonesia,1454.6
01-Jul-16,Imports: Iran,67.4
01-Jul-16,Imports: Ireland,80.5
01-Jul-16,Imports: Israel,73.2
01-Jul-16,Imports: Italy,387.3
01-Jul-16,Imports: Jamaica,0
01-Jul-16,Imports: Japan,2225.6
01-Jul-16,Imports: Jordan,2.2
01-Jul-16,Imports: Kazakhstan,0
01-Jul-16,Imports: Kenya,0.7
01-Jul-16,Imports: Kuwait,396.3
01-Jul-16,Imports: Lao Peo Dem Rep,0.4
01-Jul-16,Imports: Latvia,1.7
01-Jul-16,Imports: Lebanon,1.8
01-Jul-16,Imports: Liberia,0.1
01-Jul-16,Imports: Lithuania,1.4
01-Jul-16,Imports: Luxembourg,5.3
01-Jul-16,Imports: Macau SAR (China),0.7
01-Jul-16,Imports: Madagascar,3.1
01-Jul-16,Imports: Malaysia,3576
01-Jul-16,Imports: Maldives Rep of,0.1
01-Jul-16,Imports: Malta,20.6
01-Jul-16,Imports: Mauritius,1
01-Jul-16,Imports: Mexico,227.7
01-Jul-16,Imports: Morocco,12.8
01-Jul-16,Imports: Mozambique,0.4
01-Jul-16,Imports: Myanmar,40.1
01-Jul-16,Imports: Nepal,1
01-Jul-16,Imports: Netherlands Antilles,29.8
01-Jul-16,Imports: Netherlands,370
01-Jul-16,Imports: New Zealand,57.9
01-Jul-16,Imports: Nigeria,1.2
01-Jul-16,Imports: Northern Mariana Islands,0
01-Jul-16,Imports: Norway,181.7
01-Jul-16,Imports: Oman,9.2
01-Jul-16,Imports: Other Countries of Africa,53.7
01-Jul-16,Imports: Other Countries of America,3.4
01-Jul-16,Imports: Other Countries of Asia,0.9
01-Jul-16,Imports: Other Countries of Europe,7.3
01-Jul-16,Imports: Other Countries of Oceania,0.5
01-Jul-16,Imports: Pakistan,4.9
01-Jul-16,Imports: Panama,0.9
01-Jul-16,Imports: Papua New Guinea,20.2
01-Jul-16,Imports: Peru,8.2
01-Jul-16,Imports: Philippines,584.2
01-Jul-16,Imports: Poland,61.3
01-Jul-16,Imports: Portugal,25
01-Jul-16,Imports: Puerto Rico,15
01-Jul-16,Imports: Qatar,302.4
01-Jul-16,Imports: Reunion,1
01-Jul-16,Imports: Romania,7.5
01-Jul-16,Imports: Russia,172
01-Jul-16,Imports: Saudi Arabia,817.8
01-Jul-16,Imports: Seychelles,0.1
01-Jul-16,Imports: Slovak Republic,7.5
01-Jul-16,Imports: Slovenia,7
01-Jul-16,Imports: Solomon Islands,0
01-Jul-16,Imports: South Africa,53.6
01-Jul-16,Imports: South Korea,2070.1
01-Jul-16,Imports: Spain,96.7
01-Jul-16,Imports: Sri Lanka,15.8
01-Jul-16,Imports: Sudan,0
01-Jul-16,Imports: Sweden,100.4
01-Jul-16,Imports: Switzerland,581
01-Jul-16,Imports: Taiwan,2568.8
01-Jul-16,Imports: Tanzania,0.5
01-Jul-16,Imports: Thailand,767.8
01-Jul-16,Imports: Tunisia,1.5
01-Jul-16,Imports: Turkey,34.2
01-Jul-16,Imports: USA,3377.7
01-Jul-16,Imports: Ukraine,0.8
01-Jul-16,Imports: United Arab Emirates,880.2
01-Jul-16,Imports: United Kingdom,595.5
01-Jul-16,Imports: Uruguay,1.7
01-Jul-16,Imports: Vanuatu,0
01-Jul-16,Imports: Venezuela,108.9
01-Jul-16,Imports: Vietnam,354.5
01-Jul-16,Imports: Yemen,0
01-Jul-16,Imports: Zambia,11.2
01-Jul-16,Imports: Zimbabwe,3.6
01-Aug-16,Imports: Afghanistan,0
01-Aug-16,Imports: Angola,0
01-Aug-16,Imports: Argentina,4
01-Aug-16,Imports: Australia,340.4
01-Aug-16,Imports: Austria,117.7
01-Aug-16,Imports: Bahamas,0
01-Aug-16,Imports: Bahrain,30.3
01-Aug-16,Imports: Bangladesh,21.2
01-Aug-16,Imports: Belarus,0.2
01-Aug-16,Imports: Belgium,147.8
01-Aug-16,Imports: Brazil,139.5
01-Aug-16,Imports: Brunei,20.7
01-Aug-16,Imports: Bulgaria,16.5
01-Aug-16,Imports: Cambodia,113.1
01-Aug-16,Imports: Cameroon,2.3
01-Aug-16,Imports: Canada,273.7
01-Aug-16,Imports: Chile,16.2
01-Aug-16,Imports: China,4415.7
01-Aug-16,Imports: Colombia,11.4
01-Aug-16,Imports: Comoros,0.3
01-Aug-16,Imports: Costa Rica,5.2
01-Aug-16,Imports: Cote D'ivoire,1.8
01-Aug-16,Imports: Croatia,10.3
01-Aug-16,Imports: Cuba,0.6
01-Aug-16,Imports: Cyprus,1.4
01-Aug-16,"Imports: Czech, Republic",36.4
01-Aug-16,Imports: Denmark,55.2
01-Aug-16,Imports: Djibouti,0.1
01-Aug-16,Imports: Dominican Rep,6.8
01-Aug-16,Imports: Ecuador,0.9
01-Aug-16,Imports: Egypt,3.2
01-Aug-16,Imports: El Salvador,0.7
01-Aug-16,Imports: Estonia,0.8
01-Aug-16,Imports: Eswatini,0.2
01-Aug-16,Imports: Ethiopia,1.1
01-Aug-16,Imports: Fiji,0.5
01-Aug-16,Imports: Finland,40.4
01-Aug-16,Imports: France,794.6
01-Aug-16,Imports: French Polynesia,0
01-Aug-16,Imports: Gabon,0.7
01-Aug-16,Imports: Germany,1069.6
01-Aug-16,Imports: Ghana,13.9
01-Aug-16,Imports: Greece,36.8
01-Aug-16,Imports: Guam,0.1
01-Aug-16,Imports: Guatemala,1
01-Aug-16,Imports: Hong Kong SAR (China),260.4
01-Aug-16,Imports: Hungary,25.8
01-Aug-16,Imports: India,605.4
01-Aug-16,Imports: Indonesia,1566.2
01-Aug-16,Imports: Iran,151.1
01-Aug-16,Imports: Ireland,97.9
01-Aug-16,Imports: Israel,52
01-Aug-16,Imports: Italy,490.2
01-Aug-16,Imports: Jamaica,0
01-Aug-16,Imports: Japan,2669.1
01-Aug-16,Imports: Jordan,1.2
01-Aug-16,Imports: Kazakhstan,0.1
01-Aug-16,Imports: Kenya,0.7
01-Aug-16,Imports: Kuwait,283.2
01-Aug-16,Imports: Lao Peo Dem Rep,0.5
01-Aug-16,Imports: Latvia,3.8
01-Aug-16,Imports: Lebanon,0.1
01-Aug-16,Imports: Liberia,0.1
01-Aug-16,Imports: Lithuania,1.6
01-Aug-16,Imports: Luxembourg,3.6
01-Aug-16,Imports: Macau SAR (China),0.6
01-Aug-16,Imports: Madagascar,0.7
01-Aug-16,Imports: Malaysia,4075.1
01-Aug-16,Imports: Maldives Rep of,0.3
01-Aug-16,Imports: Malta,23.3
01-Aug-16,Imports: Mauritius,1.3
01-Aug-16,Imports: Mexico,253.9
01-Aug-16,Imports: Morocco,13.8
01-Aug-16,Imports: Mozambique,0.4
01-Aug-16,Imports: Myanmar,9.2
01-Aug-16,Imports: Nepal,0.2
01-Aug-16,Imports: Netherlands Antilles,36.4
01-Aug-16,Imports: Netherlands,308.3
01-Aug-16,Imports: New Zealand,85.6
01-Aug-16,Imports: Nigeria,0.5
01-Aug-16,Imports: Northern Mariana Islands,0
01-Aug-16,Imports: Norway,66.8
01-Aug-16,Imports: Oman,9.9
01-Aug-16,Imports: Other Countries of Africa,52.2
01-Aug-16,Imports: Other Countries of America,2.1
01-Aug-16,Imports: Other Countries of Asia,1.3
01-Aug-16,Imports: Other Countries of Europe,9.3
01-Aug-16,Imports: Other Countries of Oceania,0.6
01-Aug-16,Imports: Pakistan,6.9
01-Aug-16,Imports: Panama,1.6
01-Aug-16,Imports: Papua New Guinea,6.4
01-Aug-16,Imports: Peru,1.9
01-Aug-16,Imports: Philippines,593.4
01-Aug-16,Imports: Poland,39.5
01-Aug-16,Imports: Portugal,35.9
01-Aug-16,Imports: Puerto Rico,33.8
01-Aug-16,Imports: Qatar,399.2
01-Aug-16,Imports: Reunion,0.1
01-Aug-16,Imports: Romania,9.2
01-Aug-16,Imports: Russia,178.5
01-Aug-16,Imports: Saudi Arabia,797.4
01-Aug-16,Imports: Seychelles,0.8
01-Aug-16,Imports: Slovak Republic,5.1
01-Aug-16,Imports: Slovenia,5.6
01-Aug-16,Imports: Solomon Islands,0
01-Aug-16,Imports: South Africa,127.9
01-Aug-16,Imports: South Korea,1838.3
01-Aug-16,Imports: Spain,98.5
01-Aug-16,Imports: Sri Lanka,23
01-Aug-16,Imports: Sudan,0.1
01-Aug-16,Imports: Sweden,100.7
01-Aug-16,Imports: Switzerland,532.4
01-Aug-16,Imports: Taiwan,3004.3
01-Aug-16,Imports: Tanzania,3.7
01-Aug-16,Imports: Thailand,842.8
01-Aug-16,Imports: Tunisia,1.3
01-Aug-16,Imports: Turkey,42.6
01-Aug-16,Imports: USA,3664.3
01-Aug-16,Imports: Ukraine,0.6
01-Aug-16,Imports: United Arab Emirates,885.7
01-Aug-16,Imports: United Kingdom,555.9
01-Aug-16,Imports: Uruguay,0.7
01-Aug-16,Imports: Vanuatu,0.1
01-Aug-16,Imports: Venezuela,298.9
01-Aug-16,Imports: Vietnam,393.5
01-Aug-16,Imports: Yemen,0.3
01-Aug-16,Imports: Zambia,0
01-Aug-16,Imports: Zimbabwe,1.1
01-Sep-16,Imports: Afghanistan,0
01-Sep-16,Imports: Angola,0
01-Sep-16,Imports: Argentina,9.3
01-Sep-16,Imports: Australia,326.6
01-Sep-16,Imports: Austria,81.7
01-Sep-16,Imports: Bahamas,0
01-Sep-16,Imports: Bahrain,6.3
01-Sep-16,Imports: Bangladesh,47.3
01-Sep-16,Imports: Belarus,0.2
01-Sep-16,Imports: Belgium,151.3
01-Sep-16,Imports: Brazil,105.7
01-Sep-16,Imports: Brunei,2.9
01-Sep-16,Imports: Bulgaria,34.8
01-Sep-16,Imports: Cambodia,17.3
01-Sep-16,Imports: Cameroon,4.2
01-Sep-16,Imports: Canada,120.2
01-Sep-16,Imports: Chile,19.2
01-Sep-16,Imports: China,4592.2
01-Sep-16,Imports: Colombia,11.5
01-Sep-16,Imports: Comoros,0.2
01-Sep-16,Imports: Costa Rica,3.7
01-Sep-16,Imports: Cote D'ivoire,0.3
01-Sep-16,Imports: Croatia,1
01-Sep-16,Imports: Cuba,0.5
01-Sep-16,Imports: Cyprus,1.5
01-Sep-16,"Imports: Czech, Republic",32.2
01-Sep-16,Imports: Denmark,39.5
01-Sep-16,Imports: Djibouti,0.1
01-Sep-16,Imports: Dominican Rep,6.9
01-Sep-16,Imports: Ecuador,1.1
01-Sep-16,Imports: Egypt,2.4
01-Sep-16,Imports: El Salvador,0.8
01-Sep-16,Imports: Estonia,1.3
01-Sep-16,Imports: Eswatini,0.3
01-Sep-16,Imports: Ethiopia,0.8
01-Sep-16,Imports: Fiji,0.5
01-Sep-16,Imports: Finland,30.2
01-Sep-16,Imports: France,763.5
01-Sep-16,Imports: French Polynesia,0
01-Sep-16,Imports: Gabon,3.3
01-Sep-16,Imports: Germany,900.2
01-Sep-16,Imports: Ghana,13.4
01-Sep-16,Imports: Greece,11
01-Sep-16,Imports: Guam,0
01-Sep-16,Imports: Guatemala,1.6
01-Sep-16,Imports: Hong Kong SAR (China),343.6
01-Sep-16,Imports: Hungary,23.3
01-Sep-16,Imports: India,620.2
01-Sep-16,Imports: Indonesia,1583
01-Sep-16,Imports: Iran,101.3
01-Sep-16,Imports: Ireland,100.2
01-Sep-16,Imports: Israel,78.8
01-Sep-16,Imports: Italy,294.4
01-Sep-16,Imports: Jamaica,0.3
01-Sep-16,Imports: Japan,2465.2
01-Sep-16,Imports: Jordan,0.3
01-Sep-16,Imports: Kazakhstan,0
01-Sep-16,Imports: Kenya,1.5
01-Sep-16,Imports: Kuwait,351.8
01-Sep-16,Imports: Lao Peo Dem Rep,0.3
01-Sep-16,Imports: Latvia,2.1
01-Sep-16,Imports: Lebanon,0.1
01-Sep-16,Imports: Liberia,0.1
01-Sep-16,Imports: Lithuania,2.1
01-Sep-16,Imports: Luxembourg,2.3
01-Sep-16,Imports: Macau SAR (China),1.4
01-Sep-16,Imports: Madagascar,0.1
01-Sep-16,Imports: Malaysia,3917.8
01-Sep-16,Imports: Maldives Rep of,0.2
01-Sep-16,Imports: Malta,25.6
01-Sep-16,Imports: Mauritius,1
01-Sep-16,Imports: Mexico,234.4
01-Sep-16,Imports: Morocco,13.3
01-Sep-16,Imports: Mozambique,0.4
01-Sep-16,Imports: Myanmar,19.9
01-Sep-16,Imports: Nepal,0.2
01-Sep-16,Imports: Netherlands Antilles,0
01-Sep-16,Imports: Netherlands,275.2
01-Sep-16,Imports: New Zealand,53.8
01-Sep-16,Imports: Nigeria,0.3
01-Sep-16,Imports: Northern Mariana Islands,0
01-Sep-16,Imports: Norway,59.1
01-Sep-16,Imports: Oman,7.9
01-Sep-16,Imports: Other Countries of Africa,47
01-Sep-16,Imports: Other Countries of America,10.4
01-Sep-16,Imports: Other Countries of Asia,0.7
01-Sep-16,Imports: Other Countries of Europe,8.5
01-Sep-16,Imports: Other Countries of Oceania,0
01-Sep-16,Imports: Pakistan,5.4
01-Sep-16,Imports: Panama,0.1
01-Sep-16,Imports: Papua New Guinea,53.1
01-Sep-16,Imports: Peru,1.3
01-Sep-16,Imports: Philippines,579.8
01-Sep-16,Imports: Poland,56.2
01-Sep-16,Imports: Portugal,32.9
01-Sep-16,Imports: Puerto Rico,13.2
01-Sep-16,Imports: Qatar,448.7
01-Sep-16,Imports: Reunion,0.9
01-Sep-16,Imports: Romania,13
01-Sep-16,Imports: Russia,406
01-Sep-16,Imports: Saudi Arabia,766.9
01-Sep-16,Imports: Seychelles,0
01-Sep-16,Imports: Slovak Republic,4.6
01-Sep-16,Imports: Slovenia,4.4
01-Sep-16,Imports: Solomon Islands,0
01-Sep-16,Imports: South Africa,63.9
01-Sep-16,Imports: South Korea,2117.7
01-Sep-16,Imports: Spain,73
01-Sep-16,Imports: Sri Lanka,8.5
01-Sep-16,Imports: Sudan,0
01-Sep-16,Imports: Sweden,97.4
01-Sep-16,Imports: Switzerland,697.3
01-Sep-16,Imports: Taiwan,2714.9
01-Sep-16,Imports: Tanzania,1.5
01-Sep-16,Imports: Thailand,764.1
01-Sep-16,Imports: Tunisia,2
01-Sep-16,Imports: Turkey,79.5
01-Sep-16,Imports: USA,3515.2
01-Sep-16,Imports: Ukraine,1.6
01-Sep-16,Imports: United Arab Emirates,1133.2
01-Sep-16,Imports: United Kingdom,582.1
01-Sep-16,Imports: Uruguay,1.6
01-Sep-16,Imports: Vanuatu,0.4
01-Sep-16,Imports: Venezuela,63.6
01-Sep-16,Imports: Vietnam,366.9
01-Sep-16,Imports: Yemen,0.6
01-Sep-16,Imports: Zambia,0
01-Sep-16,Imports: Zimbabwe,0.9
01-Oct-16,Imports: Afghanistan,0
01-Oct-16,Imports: Angola,0.4
01-Oct-16,Imports: Argentina,8.9
01-Oct-16,Imports: Australia,404.9
01-Oct-16,Imports: Austria,85.2
01-Oct-16,Imports: Bahamas,0.1
01-Oct-16,Imports: Bahrain,23.8
01-Oct-16,Imports: Bangladesh,26.9
01-Oct-16,Imports: Belarus,0.3
01-Oct-16,Imports: Belgium,155.6
01-Oct-16,Imports: Brazil,93.2
01-Oct-16,Imports: Brunei,22.3
01-Oct-16,Imports: Bulgaria,25.4
01-Oct-16,Imports: Cambodia,11.8
01-Oct-16,Imports: Cameroon,5.7
01-Oct-16,Imports: Canada,116.2
01-Oct-16,Imports: Chile,7.4
01-Oct-16,Imports: China,4892.6
01-Oct-16,Imports: Colombia,22.4
01-Oct-16,Imports: Comoros,0.8
01-Oct-16,Imports: Costa Rica,7.3
01-Oct-16,Imports: Cote D'ivoire,1
01-Oct-16,Imports: Croatia,0.7
01-Oct-16,Imports: Cuba,2.4
01-Oct-16,Imports: Cyprus,1.6
01-Oct-16,"Imports: Czech, Republic",40.8
01-Oct-16,Imports: Denmark,43.4
01-Oct-16,Imports: Djibouti,0.1
01-Oct-16,Imports: Dominican Rep,5.9
01-Oct-16,Imports: Ecuador,1.5
01-Oct-16,Imports: Egypt,2.5
01-Oct-16,Imports: El Salvador,1.1
01-Oct-16,Imports: Estonia,1.8
01-Oct-16,Imports: Eswatini,0.3
01-Oct-16,Imports: Ethiopia,1.2
01-Oct-16,Imports: Fiji,1
01-Oct-16,Imports: Finland,28.5
01-Oct-16,Imports: France,938.1
01-Oct-16,Imports: French Polynesia,0
01-Oct-16,Imports: Gabon,0.3
01-Oct-16,Imports: Germany,983.1
01-Oct-16,Imports: Ghana,4
01-Oct-16,Imports: Greece,36.3
01-Oct-16,Imports: Guam,0.1
01-Oct-16,Imports: Guatemala,1.4
01-Oct-16,Imports: Hong Kong SAR (China),362.5
01-Oct-16,Imports: Hungary,38.2
01-Oct-16,Imports: India,874.2
01-Oct-16,Imports: Indonesia,1723.5
01-Oct-16,Imports: Iran,119.3
01-Oct-16,Imports: Ireland,83.3
01-Oct-16,Imports: Israel,75
01-Oct-16,Imports: Italy,400.4
01-Oct-16,Imports: Jamaica,0.1
01-Oct-16,Imports: Japan,2622.2
01-Oct-16,Imports: Jordan,2.1
01-Oct-16,Imports: Kazakhstan,0
01-Oct-16,Imports: Kenya,0.7
01-Oct-16,Imports: Kuwait,138.3
01-Oct-16,Imports: Lao Peo Dem Rep,0.3
01-Oct-16,Imports: Latvia,2.2
01-Oct-16,Imports: Lebanon,0.1
01-Oct-16,Imports: Liberia,0.1
01-Oct-16,Imports: Lithuania,2.4
01-Oct-16,Imports: Luxembourg,11.4
01-Oct-16,Imports: Macau SAR (China),0.9
01-Oct-16,Imports: Madagascar,1.3
01-Oct-16,Imports: Malaysia,3932.4
01-Oct-16,Imports: Maldives Rep of,0.1
01-Oct-16,Imports: Malta,21.3
01-Oct-16,Imports: Mauritius,1.2
01-Oct-16,Imports: Mexico,242.1
01-Oct-16,Imports: Morocco,12.8
01-Oct-16,Imports: Mozambique,1.5
01-Oct-16,Imports: Myanmar,10.7
01-Oct-16,Imports: Nepal,0.5
01-Oct-16,Imports: Netherlands Antilles,0.3
01-Oct-16,Imports: Netherlands,342.6
01-Oct-16,Imports: New Zealand,60.3
01-Oct-16,Imports: Nigeria,4.8
01-Oct-16,Imports: Northern Mariana Islands,0.1
01-Oct-16,Imports: Norway,119.5
01-Oct-16,Imports: Oman,11
01-Oct-16,Imports: Other Countries of Africa,3.2
01-Oct-16,Imports: Other Countries of America,1.5
01-Oct-16,Imports: Other Countries of Asia,1.5
01-Oct-16,Imports: Other Countries of Europe,11
01-Oct-16,Imports: Other Countries of Oceania,0.2
01-Oct-16,Imports: Pakistan,8
01-Oct-16,Imports: Panama,0.4
01-Oct-16,Imports: Papua New Guinea,5.3
01-Oct-16,Imports: Peru,1
01-Oct-16,Imports: Philippines,525.5
01-Oct-16,Imports: Poland,37
01-Oct-16,Imports: Portugal,39.6
01-Oct-16,Imports: Puerto Rico,19.5
01-Oct-16,Imports: Qatar,399.9
01-Oct-16,Imports: Reunion,0
01-Oct-16,Imports: Romania,10.4
01-Oct-16,Imports: Russia,432
01-Oct-16,Imports: Saudi Arabia,983.3
01-Oct-16,Imports: Seychelles,0.2
01-Oct-16,Imports: Slovak Republic,5.7
01-Oct-16,Imports: Slovenia,4.6
01-Oct-16,Imports: Solomon Islands,0
01-Oct-16,Imports: South Africa,68.2
01-Oct-16,Imports: South Korea,1867
01-Oct-16,Imports: Spain,103.6
01-Oct-16,Imports: Sri Lanka,9.6
01-Oct-16,Imports: Sudan,0
01-Oct-16,Imports: Sweden,116.2
01-Oct-16,Imports: Switzerland,963.6
01-Oct-16,Imports: Taiwan,2804.2
01-Oct-16,Imports: Tanzania,0.8
01-Oct-16,Imports: Thailand,851.9
01-Oct-16,Imports: Tunisia,1.3
01-Oct-16,Imports: Turkey,59
01-Oct-16,Imports: USA,3448.6
01-Oct-16,Imports: Ukraine,2.1
01-Oct-16,Imports: United Arab Emirates,798.8
01-Oct-16,Imports: United Kingdom,579.1
01-Oct-16,Imports: Uruguay,1
01-Oct-16,Imports: Vanuatu,0
01-Oct-16,Imports: Venezuela,163.3
01-Oct-16,Imports: Vietnam,299.8
01-Oct-16,Imports: Yemen,0
01-Oct-16,Imports: Zambia,0.3
01-Oct-16,Imports: Zimbabwe,5.2
01-Nov-16,Imports: Afghanistan,0
01-Nov-16,Imports: Angola,0
01-Nov-16,Imports: Argentina,10.2
01-Nov-16,Imports: Australia,450.8
01-Nov-16,Imports: Austria,80.7
01-Nov-16,Imports: Bahamas,0
01-Nov-16,Imports: Bahrain,14.7
01-Nov-16,Imports: Bangladesh,27.4
01-Nov-16,Imports: Belarus,0.6
01-Nov-16,Imports: Belgium,117.8
01-Nov-16,Imports: Brazil,127.7
01-Nov-16,Imports: Brunei,3.2
01-Nov-16,Imports: Bulgaria,12.5
01-Nov-16,Imports: Cambodia,19.1
01-Nov-16,Imports: Cameroon,5.2
01-Nov-16,Imports: Canada,272.1
01-Nov-16,Imports: Chile,9.9
01-Nov-16,Imports: China,5189.2
01-Nov-16,Imports: Colombia,60.7
01-Nov-16,Imports: Comoros,0.3
01-Nov-16,Imports: Costa Rica,5.6
01-Nov-16,Imports: Cote D'ivoire,3.5
01-Nov-16,Imports: Croatia,0.8
01-Nov-16,Imports: Cuba,2.3
01-Nov-16,Imports: Cyprus,20.8
01-Nov-16,"Imports: Czech, Republic",44.2
01-Nov-16,Imports: Denmark,62.5
01-Nov-16,Imports: Djibouti,0.1
01-Nov-16,Imports: Dominican Rep,4.5
01-Nov-16,Imports: Ecuador,1.1
01-Nov-16,Imports: Egypt,42.7
01-Nov-16,Imports: El Salvador,1.1
01-Nov-16,Imports: Estonia,1.9
01-Nov-16,Imports: Eswatini,0.1
01-Nov-16,Imports: Ethiopia,1
01-Nov-16,Imports: Fiji,0.5
01-Nov-16,Imports: Finland,31
01-Nov-16,Imports: France,882.3
01-Nov-16,Imports: French Polynesia,0.2
01-Nov-16,Imports: Gabon,0.2
01-Nov-16,Imports: Germany,1054.2
01-Nov-16,Imports: Ghana,10.3
01-Nov-16,Imports: Greece,89.7
01-Nov-16,Imports: Guam,0.1
01-Nov-16,Imports: Guatemala,0.8
01-Nov-16,Imports: Hong Kong SAR (China),652.1
01-Nov-16,Imports: Hungary,31.8
01-Nov-16,Imports: India,1010.1
01-Nov-16,Imports: Indonesia,1581.2
01-Nov-16,Imports: Iran,82.1
01-Nov-16,Imports: Ireland,108.8
01-Nov-16,Imports: Israel,92.4
01-Nov-16,Imports: Italy,378.1
01-Nov-16,Imports: Jamaica,0
01-Nov-16,Imports: Japan,2609.3
01-Nov-16,Imports: Jordan,1.4
01-Nov-16,Imports: Kazakhstan,4.1
01-Nov-16,Imports: Kenya,0.4
01-Nov-16,Imports: Kuwait,214.4
01-Nov-16,Imports: Lao Peo Dem Rep,0.4
01-Nov-16,Imports: Latvia,2.6
01-Nov-16,Imports: Lebanon,0.2
01-Nov-16,Imports: Liberia,0.1
01-Nov-16,Imports: Lithuania,4.7
01-Nov-16,Imports: Luxembourg,8.6
01-Nov-16,Imports: Macau SAR (China),1.1
01-Nov-16,Imports: Madagascar,2.3
01-Nov-16,Imports: Malaysia,4132.2
01-Nov-16,Imports: Maldives Rep of,0
01-Nov-16,Imports: Malta,21.9
01-Nov-16,Imports: Mauritius,1.4
01-Nov-16,Imports: Mexico,261.4
01-Nov-16,Imports: Morocco,12.8
01-Nov-16,Imports: Mozambique,1.8
01-Nov-16,Imports: Myanmar,8.4
01-Nov-16,Imports: Nepal,1.1
01-Nov-16,Imports: Netherlands Antilles,0.3
01-Nov-16,Imports: Netherlands,766.4
01-Nov-16,Imports: New Zealand,87.6
01-Nov-16,Imports: Nigeria,0.8
01-Nov-16,Imports: Northern Mariana Islands,0
01-Nov-16,Imports: Norway,80.8
01-Nov-16,Imports: Oman,2.9
01-Nov-16,Imports: Other Countries of Africa,54.1
01-Nov-16,Imports: Other Countries of America,1.9
01-Nov-16,Imports: Other Countries of Asia,1.6
01-Nov-16,Imports: Other Countries of Europe,10.8
01-Nov-16,Imports: Other Countries of Oceania,0
01-Nov-16,Imports: Pakistan,7
01-Nov-16,Imports: Panama,0.5
01-Nov-16,Imports: Papua New Guinea,36.7
01-Nov-16,Imports: Peru,2.3
01-Nov-16,Imports: Philippines,529.4
01-Nov-16,Imports: Poland,63.9
01-Nov-16,Imports: Portugal,45.4
01-Nov-16,Imports: Puerto Rico,10.4
01-Nov-16,Imports: Qatar,481.6
01-Nov-16,Imports: Reunion,0.1
01-Nov-16,Imports: Romania,11.2
01-Nov-16,Imports: Russia,340.3
01-Nov-16,Imports: Saudi Arabia,1338
01-Nov-16,Imports: Seychelles,0
01-Nov-16,Imports: Slovak Republic,5.7
01-Nov-16,Imports: Slovenia,6.9
01-Nov-16,Imports: Solomon Islands,0.3
01-Nov-16,Imports: South Africa,116.9
01-Nov-16,Imports: South Korea,1666.6
01-Nov-16,Imports: Spain,100.6
01-Nov-16,Imports: Sri Lanka,10.1
01-Nov-16,Imports: Sudan,0
01-Nov-16,Imports: Sweden,115.3
01-Nov-16,Imports: Switzerland,1406.7
01-Nov-16,Imports: Taiwan,3030.4
01-Nov-16,Imports: Tanzania,1.8
01-Nov-16,Imports: Thailand,861.2
01-Nov-16,Imports: Tunisia,1.4
01-Nov-16,Imports: Turkey,60
01-Nov-16,Imports: USA,3989.9
01-Nov-16,Imports: Ukraine,0.9
01-Nov-16,Imports: United Arab Emirates,909.7
01-Nov-16,Imports: United Kingdom,625.3
01-Nov-16,Imports: Uruguay,1.5
01-Nov-16,Imports: Vanuatu,0.2
01-Nov-16,Imports: Venezuela,143.9
01-Nov-16,Imports: Vietnam,370.2
01-Nov-16,Imports: Yemen,0.7
01-Nov-16,Imports: Zambia,8.4
01-Nov-16,Imports: Zimbabwe,1.1
01-Dec-16,Imports: Afghanistan,0
01-Dec-16,Imports: Angola,0
01-Dec-16,Imports: Argentina,13.3
01-Dec-16,Imports: Australia,425.3
01-Dec-16,Imports: Austria,81.6
01-Dec-16,Imports: Bahamas,0.1
01-Dec-16,Imports: Bahrain,27.7
01-Dec-16,Imports: Bangladesh,29.4
01-Dec-16,Imports: Belarus,0.4
01-Dec-16,Imports: Belgium,176.1
01-Dec-16,Imports: Brazil,175.7
01-Dec-16,Imports: Brunei,4.1
01-Dec-16,Imports: Bulgaria,29.3
01-Dec-16,Imports: Cambodia,14.3
01-Dec-16,Imports: Cameroon,4.2
01-Dec-16,Imports: Canada,126.7
01-Dec-16,Imports: Chile,9.1
01-Dec-16,Imports: China,5846.4
01-Dec-16,Imports: Colombia,5.8
01-Dec-16,Imports: Comoros,0.3
01-Dec-16,Imports: Costa Rica,6.3
01-Dec-16,Imports: Cote D'ivoire,1.2
01-Dec-16,Imports: Croatia,2.4
01-Dec-16,Imports: Cuba,0.5
01-Dec-16,Imports: Cyprus,2.3
01-Dec-16,"Imports: Czech, Republic",39.5
01-Dec-16,Imports: Denmark,44.2
01-Dec-16,Imports: Djibouti,0.3
01-Dec-16,Imports: Dominican Rep,3.3
01-Dec-16,Imports: Ecuador,1.2
01-Dec-16,Imports: Egypt,25.6
01-Dec-16,Imports: El Salvador,1.5
01-Dec-16,Imports: Estonia,1.6
01-Dec-16,Imports: Eswatini,0.1
01-Dec-16,Imports: Ethiopia,0
01-Dec-16,Imports: Fiji,0.4
01-Dec-16,Imports: Finland,34.7
01-Dec-16,Imports: France,1424.3
01-Dec-16,Imports: French Polynesia,0.1
01-Dec-16,Imports: Gabon,0
01-Dec-16,Imports: Germany,1021.9
01-Dec-16,Imports: Ghana,6.5
01-Dec-16,Imports: Greece,11.2
01-Dec-16,Imports: Guam,0.1
01-Dec-16,Imports: Guatemala,1
01-Dec-16,Imports: Hong Kong SAR (China),531.5
01-Dec-16,Imports: Hungary,37.6
01-Dec-16,Imports: India,602
01-Dec-16,Imports: Indonesia,1554.5
01-Dec-16,Imports: Iran,29.7
01-Dec-16,Imports: Ireland,102.6
01-Dec-16,Imports: Israel,112.7
01-Dec-16,Imports: Italy,397.7
01-Dec-16,Imports: Jamaica,0
01-Dec-16,Imports: Japan,2975.4
01-Dec-16,Imports: Jordan,1.7
01-Dec-16,Imports: Kazakhstan,0.1
01-Dec-16,Imports: Kenya,0.5
01-Dec-16,Imports: Kuwait,558.1
01-Dec-16,Imports: Lao Peo Dem Rep,0.2
01-Dec-16,Imports: Latvia,4.1
01-Dec-16,Imports: Lebanon,0.1
01-Dec-16,Imports: Liberia,0.1
01-Dec-16,Imports: Lithuania,2.1
01-Dec-16,Imports: Luxembourg,2.5
01-Dec-16,Imports: Macau SAR (China),1.5
01-Dec-16,Imports: Madagascar,2.6
01-Dec-16,Imports: Malaysia,4113.6
01-Dec-16,Imports: Maldives Rep of,0.1
01-Dec-16,Imports: Malta,87.3
01-Dec-16,Imports: Mauritius,2.4
01-Dec-16,Imports: Mexico,205.7
01-Dec-16,Imports: Morocco,16.9
01-Dec-16,Imports: Mozambique,1.1
01-Dec-16,Imports: Myanmar,10
01-Dec-16,Imports: Nepal,0.2
01-Dec-16,Imports: Netherlands Antilles,0
01-Dec-16,Imports: Netherlands,563.8
01-Dec-16,Imports: New Zealand,76.1
01-Dec-16,Imports: Nigeria,6.8
01-Dec-16,Imports: Northern Mariana Islands,0
01-Dec-16,Imports: Norway,90.4
01-Dec-16,Imports: Oman,9.1
01-Dec-16,Imports: Other Countries of Africa,145.3
01-Dec-16,Imports: Other Countries of America,3
01-Dec-16,Imports: Other Countries of Asia,1.1
01-Dec-16,Imports: Other Countries of Europe,8.5
01-Dec-16,Imports: Other Countries of Oceania,0.6
01-Dec-16,Imports: Pakistan,8.4
01-Dec-16,Imports: Panama,0.6
01-Dec-16,Imports: Papua New Guinea,22
01-Dec-16,Imports: Peru,1.6
01-Dec-16,Imports: Philippines,516.1
01-Dec-16,Imports: Poland,85.5
01-Dec-16,Imports: Portugal,44.8
01-Dec-16,Imports: Puerto Rico,7.7
01-Dec-16,Imports: Qatar,383.2
01-Dec-16,Imports: Reunion,0.1
01-Dec-16,Imports: Romania,11.4
01-Dec-16,Imports: Russia,445.6
01-Dec-16,Imports: Saudi Arabia,1150.6
01-Dec-16,Imports: Seychelles,0.1
01-Dec-16,Imports: Slovak Republic,6.8
01-Dec-16,Imports: Slovenia,4.6
01-Dec-16,Imports: Solomon Islands,0
01-Dec-16,Imports: South Africa,61.2
01-Dec-16,Imports: South Korea,2113.5
01-Dec-16,Imports: Spain,90.5
01-Dec-16,Imports: Sri Lanka,11.3
01-Dec-16,Imports: Sudan,0.1
01-Dec-16,Imports: Sweden,101
01-Dec-16,Imports: Switzerland,2084.7
01-Dec-16,Imports: Taiwan,3184.5
01-Dec-16,Imports: Tanzania,2.2
01-Dec-16,Imports: Thailand,956.8
01-Dec-16,Imports: Tunisia,1.5
01-Dec-16,Imports: Turkey,91.7
01-Dec-16,Imports: USA,3920.1
01-Dec-16,Imports: Ukraine,1.3
01-Dec-16,Imports: United Arab Emirates,1064.3
01-Dec-16,Imports: United Kingdom,615.7
01-Dec-16,Imports: Uruguay,1.6
01-Dec-16,Imports: Vanuatu,0
01-Dec-16,Imports: Venezuela,159.5
01-Dec-16,Imports: Vietnam,341.9
01-Dec-16,Imports: Yemen,0.4
01-Dec-16,Imports: Zambia,2.6
01-Dec-16,Imports: Zimbabwe,0.6
01-Jan-17,Imports: Afghanistan,0
01-Jan-17,Imports: Angola,45.5
01-Jan-17,Imports: Argentina,7
01-Jan-17,Imports: Australia,348.6
01-Jan-17,Imports: Austria,76.4
01-Jan-17,Imports: Bahamas,0
01-Jan-17,Imports: Bahrain,2.3
01-Jan-17,Imports: Bangladesh,23.6
01-Jan-17,Imports: Belarus,0
01-Jan-17,Imports: Belgium,150.3
01-Jan-17,Imports: Brazil,228.1
01-Jan-17,Imports: Brunei,32.3
01-Jan-17,Imports: Bulgaria,55.3
01-Jan-17,Imports: Cambodia,10.9
01-Jan-17,Imports: Cameroon,3.8
01-Jan-17,Imports: Canada,134.4
01-Jan-17,Imports: Chile,8
01-Jan-17,Imports: China,5487.3
01-Jan-17,Imports: Colombia,125.9
01-Jan-17,Imports: Comoros,0.3
01-Jan-17,Imports: Costa Rica,4.5
01-Jan-17,Imports: Cote D'ivoire,0.1
01-Jan-17,Imports: Croatia,6.4
01-Jan-17,Imports: Cuba,45.8
01-Jan-17,Imports: Cyprus,21
01-Jan-17,"Imports: Czech, Republic",33.8
01-Jan-17,Imports: Denmark,39.2
01-Jan-17,Imports: Djibouti,0.5
01-Jan-17,Imports: Dominican Rep,5.7
01-Jan-17,Imports: Ecuador,1.2
01-Jan-17,Imports: Egypt,49.1
01-Jan-17,Imports: El Salvador,1.2
01-Jan-17,Imports: Estonia,0.8
01-Jan-17,Imports: Eswatini,0
01-Jan-17,Imports: Ethiopia,1.3
01-Jan-17,Imports: Fiji,0.3
01-Jan-17,Imports: Finland,23.6
01-Jan-17,Imports: France,766.6
01-Jan-17,Imports: French Polynesia,0.1
01-Jan-17,Imports: Gabon,0.2
01-Jan-17,Imports: Germany,923.3
01-Jan-17,Imports: Ghana,8.8
01-Jan-17,Imports: Greece,114.4
01-Jan-17,Imports: Guam,0.1
01-Jan-17,Imports: Guatemala,2.1
01-Jan-17,Imports: Hong Kong SAR (China),317.4
01-Jan-17,Imports: Hungary,38.8
01-Jan-17,Imports: India,904.6
01-Jan-17,Imports: Indonesia,1522.8
01-Jan-17,Imports: Iran,103.8
01-Jan-17,Imports: Ireland,100.7
01-Jan-17,Imports: Israel,50.1
01-Jan-17,Imports: Italy,387.5
01-Jan-17,Imports: Jamaica,0.1
01-Jan-17,Imports: Japan,2472
01-Jan-17,Imports: Jordan,1.1
01-Jan-17,Imports: Kazakhstan,1.9
01-Jan-17,Imports: Kenya,0.6
01-Jan-17,Imports: Kuwait,473.6
01-Jan-17,Imports: Lao Peo Dem Rep,0.2
01-Jan-17,Imports: Latvia,2.7
01-Jan-17,Imports: Lebanon,0.2
01-Jan-17,Imports: Liberia,0
01-Jan-17,Imports: Lithuania,2.3
01-Jan-17,Imports: Luxembourg,17.7
01-Jan-17,Imports: Macau SAR (China),1
01-Jan-17,Imports: Madagascar,7.3
01-Jan-17,Imports: Malaysia,4201.2
01-Jan-17,Imports: Maldives Rep of,0.2
01-Jan-17,Imports: Malta,16.2
01-Jan-17,Imports: Mauritius,0.7
01-Jan-17,Imports: Mexico,201
01-Jan-17,Imports: Morocco,11
01-Jan-17,Imports: Mozambique,0.4
01-Jan-17,Imports: Myanmar,5.4
01-Jan-17,Imports: Nepal,0.3
01-Jan-17,Imports: Netherlands Antilles,31.6
01-Jan-17,Imports: Netherlands,411.3
01-Jan-17,Imports: New Zealand,94.2
01-Jan-17,Imports: Nigeria,1.8
01-Jan-17,Imports: Northern Mariana Islands,1.3
01-Jan-17,Imports: Norway,66.7
01-Jan-17,Imports: Oman,2.1
01-Jan-17,Imports: Other Countries of Africa,67.3
01-Jan-17,Imports: Other Countries of America,25.9
01-Jan-17,Imports: Other Countries of Asia,0.6
01-Jan-17,Imports: Other Countries of Europe,10.4
01-Jan-17,Imports: Other Countries of Oceania,0.1
01-Jan-17,Imports: Pakistan,6.3
01-Jan-17,Imports: Panama,0.3
01-Jan-17,Imports: Papua New Guinea,10.9
01-Jan-17,Imports: Peru,4.4
01-Jan-17,Imports: Philippines,504.8
01-Jan-17,Imports: Poland,143.9
01-Jan-17,Imports: Portugal,40.9
01-Jan-17,Imports: Puerto Rico,10.5
01-Jan-17,Imports: Qatar,409.8
01-Jan-17,Imports: Reunion,0.2
01-Jan-17,Imports: Romania,9.9
01-Jan-17,Imports: Russia,578.9
01-Jan-17,Imports: Saudi Arabia,1074.1
01-Jan-17,Imports: Seychelles,0.4
01-Jan-17,Imports: Slovak Republic,7.3
01-Jan-17,Imports: Slovenia,4.1
01-Jan-17,Imports: Solomon Islands,0
01-Jan-17,Imports: South Africa,101.6
01-Jan-17,Imports: South Korea,2142
01-Jan-17,Imports: Spain,97.1
01-Jan-17,Imports: Sri Lanka,10.7
01-Jan-17,Imports: Sudan,0.1
01-Jan-17,Imports: Sweden,109.7
01-Jan-17,Imports: Switzerland,1390.8
01-Jan-17,Imports: Taiwan,3011.6
01-Jan-17,Imports: Tanzania,1.2
01-Jan-17,Imports: Thailand,750.8
01-Jan-17,Imports: Tunisia,1.9
01-Jan-17,Imports: Turkey,69.1
01-Jan-17,Imports: USA,3903.9
01-Jan-17,Imports: Ukraine,1.7
01-Jan-17,Imports: United Arab Emirates,899.6
01-Jan-17,Imports: United Kingdom,455.4
01-Jan-17,Imports: Uruguay,1.6
01-Jan-17,Imports: Vanuatu,0.4
01-Jan-17,Imports: Venezuela,0
01-Jan-17,Imports: Vietnam,372.6
01-Jan-17,Imports: Yemen,0.1
01-Jan-17,Imports: Zambia,0.1
01-Jan-17,Imports: Zimbabwe,2
01-Feb-17,Imports: Afghanistan,0
01-Feb-17,Imports: Angola,0.2
01-Feb-17,Imports: Argentina,4.2
01-Feb-17,Imports: Australia,335.4
01-Feb-17,Imports: Austria,70.3
01-Feb-17,Imports: Bahamas,0
01-Feb-17,Imports: Bahrain,30.5
01-Feb-17,Imports: Bangladesh,29.5
01-Feb-17,Imports: Belarus,0.2
01-Feb-17,Imports: Belgium,171.7
01-Feb-17,Imports: Brazil,187.7
01-Feb-17,Imports: Brunei,32.2
01-Feb-17,Imports: Bulgaria,2.8
01-Feb-17,Imports: Cambodia,11.5
01-Feb-17,Imports: Cameroon,2.3
01-Feb-17,Imports: Canada,118.8
01-Feb-17,Imports: Chile,6.8
01-Feb-17,Imports: China,3868.5
01-Feb-17,Imports: Colombia,56.4
01-Feb-17,Imports: Comoros,0.3
01-Feb-17,Imports: Costa Rica,3.7
01-Feb-17,Imports: Cote D'ivoire,2.5
01-Feb-17,Imports: Croatia,6.5
01-Feb-17,Imports: Cuba,1
01-Feb-17,Imports: Cyprus,1.2
01-Feb-17,"Imports: Czech, Republic",30.6
01-Feb-17,Imports: Denmark,43.5
01-Feb-17,Imports: Djibouti,0
01-Feb-17,Imports: Dominican Rep,5.1
01-Feb-17,Imports: Ecuador,0.9
01-Feb-17,Imports: Egypt,4.4
01-Feb-17,Imports: El Salvador,1.1
01-Feb-17,Imports: Estonia,1.1
01-Feb-17,Imports: Eswatini,0.2
01-Feb-17,Imports: Ethiopia,0.6
01-Feb-17,Imports: Fiji,0.3
01-Feb-17,Imports: Finland,28.3
01-Feb-17,Imports: France,923.8
01-Feb-17,Imports: French Polynesia,0.1
01-Feb-17,Imports: Gabon,0.3
01-Feb-17,Imports: Germany,984.6
01-Feb-17,Imports: Ghana,11.7
01-Feb-17,Imports: Greece,36.8
01-Feb-17,Imports: Guam,0.1
01-Feb-17,Imports: Guatemala,2.1
01-Feb-17,Imports: Hong Kong SAR (China),321.7
01-Feb-17,Imports: Hungary,29.8
01-Feb-17,Imports: India,758.3
01-Feb-17,Imports: Indonesia,1592.7
01-Feb-17,Imports: Iran,58
01-Feb-17,Imports: Ireland,83.8
01-Feb-17,Imports: Israel,50.5
01-Feb-17,Imports: Italy,332.5
01-Feb-17,Imports: Jamaica,0
01-Feb-17,Imports: Japan,2379.5
01-Feb-17,Imports: Jordan,1.4
01-Feb-17,Imports: Kazakhstan,0
01-Feb-17,Imports: Kenya,0.4
01-Feb-17,Imports: Kuwait,347.6
01-Feb-17,Imports: Lao Peo Dem Rep,0.2
01-Feb-17,Imports: Latvia,2.7
01-Feb-17,Imports: Lebanon,0
01-Feb-17,Imports: Liberia,0.1
01-Feb-17,Imports: Lithuania,46.5
01-Feb-17,Imports: Luxembourg,3.3
01-Feb-17,Imports: Macau SAR (China),0.9
01-Feb-17,Imports: Madagascar,6.1
01-Feb-17,Imports: Malaysia,4151.4
01-Feb-17,Imports: Maldives Rep of,0.1
01-Feb-17,Imports: Malta,17.1
01-Feb-17,Imports: Mauritius,0.6
01-Feb-17,Imports: Mexico,228.4
01-Feb-17,Imports: Morocco,11.4
01-Feb-17,Imports: Mozambique,0.4
01-Feb-17,Imports: Myanmar,10.3
01-Feb-17,Imports: Nepal,0.1
01-Feb-17,Imports: Netherlands Antilles,17.2
01-Feb-17,Imports: Netherlands,519.1
01-Feb-17,Imports: New Zealand,65.6
01-Feb-17,Imports: Nigeria,1.9
01-Feb-17,Imports: Northern Mariana Islands,0
01-Feb-17,Imports: Norway,123.1
01-Feb-17,Imports: Oman,65
01-Feb-17,Imports: Other Countries of Africa,144.7
01-Feb-17,Imports: Other Countries of America,27
01-Feb-17,Imports: Other Countries of Asia,3
01-Feb-17,Imports: Other Countries of Europe,10.5
01-Feb-17,Imports: Other Countries of Oceania,0.1
01-Feb-17,Imports: Pakistan,14.4
01-Feb-17,Imports: Panama,0.3
01-Feb-17,Imports: Papua New Guinea,0.4
01-Feb-17,Imports: Peru,2.6
01-Feb-17,Imports: Philippines,539.1
01-Feb-17,Imports: Poland,51.1
01-Feb-17,Imports: Portugal,42.6
01-Feb-17,Imports: Puerto Rico,11.6
01-Feb-17,Imports: Qatar,446.7
01-Feb-17,Imports: Reunion,0.1
01-Feb-17,Imports: Romania,11
01-Feb-17,Imports: Russia,794.4
01-Feb-17,Imports: Saudi Arabia,971.8
01-Feb-17,Imports: Seychelles,0.7
01-Feb-17,Imports: Slovak Republic,5.8
01-Feb-17,Imports: Slovenia,3.7
01-Feb-17,Imports: Solomon Islands,0.2
01-Feb-17,Imports: South Africa,55.1
01-Feb-17,Imports: South Korea,1581.9
01-Feb-17,Imports: Spain,83.5
01-Feb-17,Imports: Sri Lanka,10.2
01-Feb-17,Imports: Sudan,0
01-Feb-17,Imports: Sweden,84.8
01-Feb-17,Imports: Switzerland,1001.5
01-Feb-17,Imports: Taiwan,2549.9
01-Feb-17,Imports: Tanzania,0.3
01-Feb-17,Imports: Thailand,730.7
01-Feb-17,Imports: Tunisia,2.4
01-Feb-17,Imports: Turkey,51.4
01-Feb-17,Imports: USA,3281.6
01-Feb-17,Imports: Ukraine,1.4
01-Feb-17,Imports: United Arab Emirates,1042.6
01-Feb-17,Imports: United Kingdom,517.6
01-Feb-17,Imports: Uruguay,1.3
01-Feb-17,Imports: Vanuatu,0.8
01-Feb-17,Imports: Venezuela,139.1
01-Feb-17,Imports: Vietnam,286.2
01-Feb-17,Imports: Yemen,0.5
01-Feb-17,Imports: Zambia,31.9
01-Feb-17,Imports: Zimbabwe,0.1
01-Mar-17,Imports: Afghanistan,0.4
01-Mar-17,Imports: Angola,6.5
01-Mar-17,Imports: Argentina,8.1
01-Mar-17,Imports: Australia,633.6
01-Mar-17,Imports: Austria,78.7
01-Mar-17,Imports: Bahamas,0.1
01-Mar-17,Imports: Bahrain,9.4
01-Mar-17,Imports: Bangladesh,45.5
01-Mar-17,Imports: Belarus,0.1
01-Mar-17,Imports: Belgium,143.4
01-Mar-17,Imports: Brazil,223.6
01-Mar-17,Imports: Brunei,29.4
01-Mar-17,Imports: Bulgaria,2.7
01-Mar-17,Imports: Cambodia,10.9
01-Mar-17,Imports: Cameroon,3.1
01-Mar-17,Imports: Canada,176.2
01-Mar-17,Imports: Chile,8.9
01-Mar-17,Imports: China,5654.5
01-Mar-17,Imports: Colombia,110.5
01-Mar-17,Imports: Comoros,0.1
01-Mar-17,Imports: Costa Rica,4.3
01-Mar-17,Imports: Cote D'ivoire,0.6
01-Mar-17,Imports: Croatia,9
01-Mar-17,Imports: Cuba,1.1
01-Mar-17,Imports: Cyprus,0.7
01-Mar-17,"Imports: Czech, Republic",39.5
01-Mar-17,Imports: Denmark,44.5
01-Mar-17,Imports: Djibouti,0.1
01-Mar-17,Imports: Dominican Rep,3.3
01-Mar-17,Imports: Ecuador,1.4
01-Mar-17,Imports: Egypt,4.3
01-Mar-17,Imports: El Salvador,3.6
01-Mar-17,Imports: Estonia,2
01-Mar-17,Imports: Eswatini,0.6
01-Mar-17,Imports: Ethiopia,0.1
01-Mar-17,Imports: Fiji,0.5
01-Mar-17,Imports: Finland,30.9
01-Mar-17,Imports: France,1035.1
01-Mar-17,Imports: French Polynesia,0.1
01-Mar-17,Imports: Gabon,0.4
01-Mar-17,Imports: Germany,1066.1
01-Mar-17,Imports: Ghana,12
01-Mar-17,Imports: Greece,9.2
01-Mar-17,Imports: Guam,0
01-Mar-17,Imports: Guatemala,5.3
01-Mar-17,Imports: Hong Kong SAR (China),740.8
01-Mar-17,Imports: Hungary,36.3
01-Mar-17,Imports: India,1034.8
01-Mar-17,Imports: Indonesia,1714.2
01-Mar-17,Imports: Iran,42.8
01-Mar-17,Imports: Ireland,123
01-Mar-17,Imports: Israel,67.6
01-Mar-17,Imports: Italy,487.6
01-Mar-17,Imports: Jamaica,0
01-Mar-17,Imports: Japan,2672.8
01-Mar-17,Imports: Jordan,1.5
01-Mar-17,Imports: Kazakhstan,0
01-Mar-17,Imports: Kenya,6
01-Mar-17,Imports: Kuwait,421.5
01-Mar-17,Imports: Lao Peo Dem Rep,0.6
01-Mar-17,Imports: Latvia,4.9
01-Mar-17,Imports: Lebanon,0.1
01-Mar-17,Imports: Liberia,0
01-Mar-17,Imports: Lithuania,2.6
01-Mar-17,Imports: Luxembourg,7.4
01-Mar-17,Imports: Macau SAR (China),1.3
01-Mar-17,Imports: Madagascar,12.6
01-Mar-17,Imports: Malaysia,4639.7
01-Mar-17,Imports: Maldives Rep of,0.1
01-Mar-17,Imports: Malta,88.6
01-Mar-17,Imports: Mauritius,2.3
01-Mar-17,Imports: Mexico,213.8
01-Mar-17,Imports: Morocco,16.6
01-Mar-17,Imports: Mozambique,0.6
01-Mar-17,Imports: Myanmar,10.4
01-Mar-17,Imports: Nepal,0.3
01-Mar-17,Imports: Netherlands Antilles,0
01-Mar-17,Imports: Netherlands,566.6
01-Mar-17,Imports: New Zealand,60.9
01-Mar-17,Imports: Nigeria,1.4
01-Mar-17,Imports: Northern Mariana Islands,0
01-Mar-17,Imports: Norway,123.5
01-Mar-17,Imports: Oman,12.9
01-Mar-17,Imports: Other Countries of Africa,79.5
01-Mar-17,Imports: Other Countries of America,3.1
01-Mar-17,Imports: Other Countries of Asia,1.7
01-Mar-17,Imports: Other Countries of Europe,9.1
01-Mar-17,Imports: Other Countries of Oceania,0.2
01-Mar-17,Imports: Pakistan,9.2
01-Mar-17,Imports: Panama,58.3
01-Mar-17,Imports: Papua New Guinea,4.8
01-Mar-17,Imports: Peru,1.6
01-Mar-17,Imports: Philippines,626.7
01-Mar-17,Imports: Poland,50.5
01-Mar-17,Imports: Portugal,41
01-Mar-17,Imports: Puerto Rico,20.8
01-Mar-17,Imports: Qatar,510.2
01-Mar-17,Imports: Reunion,0
01-Mar-17,Imports: Romania,11.1
01-Mar-17,Imports: Russia,477.9
01-Mar-17,Imports: Saudi Arabia,1237.4
01-Mar-17,Imports: Seychelles,0
01-Mar-17,Imports: Slovak Republic,6.4
01-Mar-17,Imports: Slovenia,5.2
01-Mar-17,Imports: Solomon Islands,0
01-Mar-17,Imports: South Africa,75.3
01-Mar-17,Imports: South Korea,1792.9
01-Mar-17,Imports: Spain,158.9
01-Mar-17,Imports: Sri Lanka,11.5
01-Mar-17,Imports: Sudan,0
01-Mar-17,Imports: Sweden,210
01-Mar-17,Imports: Switzerland,1125.6
01-Mar-17,Imports: Taiwan,2973.9
01-Mar-17,Imports: Tanzania,2.6
01-Mar-17,Imports: Thailand,837.5
01-Mar-17,Imports: Tunisia,2.5
01-Mar-17,Imports: Turkey,61.6
01-Mar-17,Imports: USA,4107.9
01-Mar-17,Imports: Ukraine,2.7
01-Mar-17,Imports: United Arab Emirates,1279
01-Mar-17,Imports: United Kingdom,569.9
01-Mar-17,Imports: Uruguay,3.7
01-Mar-17,Imports: Vanuatu,0
01-Mar-17,Imports: Venezuela,306.6
01-Mar-17,Imports: Vietnam,421.5
01-Mar-17,Imports: Yemen,0.6
01-Mar-17,Imports: Zambia,0.1
01-Mar-17,Imports: Zimbabwe,2
01-Apr-17,Imports: Afghanistan,0
01-Apr-17,Imports: Angola,0.1
01-Apr-17,Imports: Argentina,5.3
01-Apr-17,Imports: Australia,306.8
01-Apr-17,Imports: Austria,62.3
01-Apr-17,Imports: Bahamas,0.1
01-Apr-17,Imports: Bahrain,2.2
01-Apr-17,Imports: Bangladesh,20.9
01-Apr-17,Imports: Belarus,0.1
01-Apr-17,Imports: Belgium,100.8
01-Apr-17,Imports: Brazil,141.5
01-Apr-17,Imports: Brunei,43.6
01-Apr-17,Imports: Bulgaria,14.4
01-Apr-17,Imports: Cambodia,25
01-Apr-17,Imports: Cameroon,2.1
01-Apr-17,Imports: Canada,108.6
01-Apr-17,Imports: Chile,5.3
01-Apr-17,Imports: China,4724.4
01-Apr-17,Imports: Colombia,15.2
01-Apr-17,Imports: Comoros,0
01-Apr-17,Imports: Costa Rica,4.2
01-Apr-17,Imports: Cote D'ivoire,1.4
01-Apr-17,Imports: Croatia,1.1
01-Apr-17,Imports: Cuba,0.7
01-Apr-17,Imports: Cyprus,1.6
01-Apr-17,"Imports: Czech, Republic",49.8
01-Apr-17,Imports: Denmark,45.3
01-Apr-17,Imports: Djibouti,0.1
01-Apr-17,Imports: Dominican Rep,5.1
01-Apr-17,Imports: Ecuador,1.3
01-Apr-17,Imports: Egypt,3.7
01-Apr-17,Imports: El Salvador,0.7
01-Apr-17,Imports: Estonia,1.6
01-Apr-17,Imports: Eswatini,0.3
01-Apr-17,Imports: Ethiopia,0.6
01-Apr-17,Imports: Fiji,0.3
01-Apr-17,Imports: Finland,30.5
01-Apr-17,Imports: France,956.3
01-Apr-17,Imports: French Polynesia,0.1
01-Apr-17,Imports: Gabon,4.8
01-Apr-17,Imports: Germany,1126.5
01-Apr-17,Imports: Ghana,9.8
01-Apr-17,Imports: Greece,33.3
01-Apr-17,Imports: Guam,0.1
01-Apr-17,Imports: Guatemala,1
01-Apr-17,Imports: Hong Kong SAR (China),308.2
01-Apr-17,Imports: Hungary,50.5
01-Apr-17,Imports: India,596.2
01-Apr-17,Imports: Indonesia,1808.8
01-Apr-17,Imports: Iran,48.5
01-Apr-17,Imports: Ireland,100.8
01-Apr-17,Imports: Israel,74
01-Apr-17,Imports: Italy,502.8
01-Apr-17,Imports: Jamaica,0
01-Apr-17,Imports: Japan,2137.1
01-Apr-17,Imports: Jordan,2
01-Apr-17,Imports: Kazakhstan,0.1
01-Apr-17,Imports: Kenya,0.6
01-Apr-17,Imports: Kuwait,504.3
01-Apr-17,Imports: Lao Peo Dem Rep,0.9
01-Apr-17,Imports: Latvia,25.4
01-Apr-17,Imports: Lebanon,0.1
01-Apr-17,Imports: Liberia,0.2
01-Apr-17,Imports: Lithuania,2.4
01-Apr-17,Imports: Luxembourg,4.2
01-Apr-17,Imports: Macau SAR (China),0.7
01-Apr-17,Imports: Madagascar,23.2
01-Apr-17,Imports: Malaysia,4248.2
01-Apr-17,Imports: Maldives Rep of,0.1
01-Apr-17,Imports: Malta,15.1
01-Apr-17,Imports: Mauritius,1.3
01-Apr-17,Imports: Mexico,255.2
01-Apr-17,Imports: Morocco,15.3
01-Apr-17,Imports: Mozambique,0.4
01-Apr-17,Imports: Myanmar,14.2
01-Apr-17,Imports: Nepal,0.2
01-Apr-17,Imports: Netherlands Antilles,0.2
01-Apr-17,Imports: Netherlands,517.5
01-Apr-17,Imports: New Zealand,88
01-Apr-17,Imports: Nigeria,0.8
01-Apr-17,Imports: Northern Mariana Islands,0
01-Apr-17,Imports: Norway,79
01-Apr-17,Imports: Oman,5.8
01-Apr-17,Imports: Other Countries of Africa,19.8
01-Apr-17,Imports: Other Countries of America,5.1
01-Apr-17,Imports: Other Countries of Asia,0.5
01-Apr-17,Imports: Other Countries of Europe,8.9
01-Apr-17,Imports: Other Countries of Oceania,0.5
01-Apr-17,Imports: Pakistan,12.1
01-Apr-17,Imports: Panama,0.4
01-Apr-17,Imports: Papua New Guinea,13.2
01-Apr-17,Imports: Peru,0.6
01-Apr-17,Imports: Philippines,532.8
01-Apr-17,Imports: Poland,35.2
01-Apr-17,Imports: Portugal,40.9
01-Apr-17,Imports: Puerto Rico,17.9
01-Apr-17,Imports: Qatar,444.9
01-Apr-17,Imports: Reunion,1.1
01-Apr-17,Imports: Romania,8.7
01-Apr-17,Imports: Russia,561.3
01-Apr-17,Imports: Saudi Arabia,942.3
01-Apr-17,Imports: Seychelles,0
01-Apr-17,Imports: Slovak Republic,6.4
01-Apr-17,Imports: Slovenia,6.5
01-Apr-17,Imports: Solomon Islands,0
01-Apr-17,Imports: South Africa,63.6
01-Apr-17,Imports: South Korea,2025.6
01-Apr-17,Imports: Spain,94.9
01-Apr-17,Imports: Sri Lanka,10.3
01-Apr-17,Imports: Sudan,0
01-Apr-17,Imports: Sweden,114.2
01-Apr-17,Imports: Switzerland,844.7
01-Apr-17,Imports: Taiwan,2472.3
01-Apr-17,Imports: Tanzania,0.6
01-Apr-17,Imports: Thailand,773.5
01-Apr-17,Imports: Tunisia,2
01-Apr-17,Imports: Turkey,177.9
01-Apr-17,Imports: USA,3870.7
01-Apr-17,Imports: Ukraine,42.2
01-Apr-17,Imports: United Arab Emirates,896.3
01-Apr-17,Imports: United Kingdom,500.3
01-Apr-17,Imports: Uruguay,0.9
01-Apr-17,Imports: Vanuatu,0
01-Apr-17,Imports: Venezuela,41.1
01-Apr-17,Imports: Vietnam,419.3
01-Apr-17,Imports: Yemen,0.4
01-Apr-17,Imports: Zambia,0.7
01-Apr-17,Imports: Zimbabwe,2.4
01-May-17,Imports: Afghanistan,0.2
01-May-17,Imports: Angola,0
01-May-17,Imports: Argentina,8.2
01-May-17,Imports: Australia,504.5
01-May-17,Imports: Austria,80.2
01-May-17,Imports: Bahamas,0
01-May-17,Imports: Bahrain,135.9
01-May-17,Imports: Bangladesh,43.4
01-May-17,Imports: Belarus,1.1
01-May-17,Imports: Belgium,187.5
01-May-17,Imports: Brazil,160.5
01-May-17,Imports: Brunei,47.3
01-May-17,Imports: Bulgaria,35.1
01-May-17,Imports: Cambodia,10.9
01-May-17,Imports: Cameroon,3.6
01-May-17,Imports: Canada,197.3
01-May-17,Imports: Chile,6.2
01-May-17,Imports: China,5481.2
01-May-17,Imports: Colombia,0.8
01-May-17,Imports: Comoros,0
01-May-17,Imports: Costa Rica,6.3
01-May-17,Imports: Cote D'ivoire,2.6
01-May-17,Imports: Croatia,1.3
01-May-17,Imports: Cuba,25.5
01-May-17,Imports: Cyprus,1.5
01-May-17,"Imports: Czech, Republic",43.9
01-May-17,Imports: Denmark,48.5
01-May-17,Imports: Djibouti,1.3
01-May-17,Imports: Dominican Rep,4.2
01-May-17,Imports: Ecuador,1.5
01-May-17,Imports: Egypt,4.2
01-May-17,Imports: El Salvador,1.2
01-May-17,Imports: Estonia,1.7
01-May-17,Imports: Eswatini,0.1
01-May-17,Imports: Ethiopia,0.2
01-May-17,Imports: Fiji,0.3
01-May-17,Imports: Finland,47.3
01-May-17,Imports: France,1007.9
01-May-17,Imports: French Polynesia,0.6
01-May-17,Imports: Gabon,0.6
01-May-17,Imports: Germany,1192.5
01-May-17,Imports: Ghana,12.5
01-May-17,Imports: Greece,127.2
01-May-17,Imports: Guam,0
01-May-17,Imports: Guatemala,1.7
01-May-17,Imports: Hong Kong SAR (China),1010
01-May-17,Imports: Hungary,31.1
01-May-17,Imports: India,766.8
01-May-17,Imports: Indonesia,1720.2
01-May-17,Imports: Iran,26.2
01-May-17,Imports: Ireland,125.5
01-May-17,Imports: Israel,67.5
01-May-17,Imports: Italy,396.4
01-May-17,Imports: Jamaica,0
01-May-17,Imports: Japan,2089.2
01-May-17,Imports: Jordan,2.8
01-May-17,Imports: Kazakhstan,0
01-May-17,Imports: Kenya,0.9
01-May-17,Imports: Kuwait,163.8
01-May-17,Imports: Lao Peo Dem Rep,0.5
01-May-17,Imports: Latvia,4.5
01-May-17,Imports: Lebanon,0.2
01-May-17,Imports: Liberia,0
01-May-17,Imports: Lithuania,2.5
01-May-17,Imports: Luxembourg,9.6
01-May-17,Imports: Macau SAR (China),0.8
01-May-17,Imports: Madagascar,26.1
01-May-17,Imports: Malaysia,4789
01-May-17,Imports: Maldives Rep of,0
01-May-17,Imports: Malta,48.7
01-May-17,Imports: Mauritius,1
01-May-17,Imports: Mexico,269.3
01-May-17,Imports: Morocco,15.6
01-May-17,Imports: Mozambique,0.7
01-May-17,Imports: Myanmar,29.4
01-May-17,Imports: Nepal,0.4
01-May-17,Imports: Netherlands Antilles,30.8
01-May-17,Imports: Netherlands,301.6
01-May-17,Imports: New Zealand,115.5
01-May-17,Imports: Nigeria,0.9
01-May-17,Imports: Northern Mariana Islands,0
01-May-17,Imports: Norway,105.8
01-May-17,Imports: Oman,1.8
01-May-17,Imports: Other Countries of Africa,78.8
01-May-17,Imports: Other Countries of America,1.5
01-May-17,Imports: Other Countries of Asia,1.2
01-May-17,Imports: Other Countries of Europe,8.1
01-May-17,Imports: Other Countries of Oceania,3.7
01-May-17,Imports: Pakistan,7
01-May-17,Imports: Panama,0.4
01-May-17,Imports: Papua New Guinea,50.2
01-May-17,Imports: Peru,1.7
01-May-17,Imports: Philippines,636.2
01-May-17,Imports: Poland,36.2
01-May-17,Imports: Portugal,39.3
01-May-17,Imports: Puerto Rico,44.1
01-May-17,Imports: Qatar,747.3
01-May-17,Imports: Reunion,0.1
01-May-17,Imports: Romania,9.8
01-May-17,Imports: Russia,437.7
01-May-17,Imports: Saudi Arabia,967.4
01-May-17,Imports: Seychelles,0
01-May-17,Imports: Slovak Republic,6
01-May-17,Imports: Slovenia,8.8
01-May-17,Imports: Solomon Islands,0
01-May-17,Imports: South Africa,55.5
01-May-17,Imports: South Korea,1840.2
01-May-17,Imports: Spain,104.9
01-May-17,Imports: Sri Lanka,13
01-May-17,Imports: Sudan,0
01-May-17,Imports: Sweden,119
01-May-17,Imports: Switzerland,1206.3
01-May-17,Imports: Taiwan,3062.7
01-May-17,Imports: Tanzania,0.3
01-May-17,Imports: Thailand,905.8
01-May-17,Imports: Tunisia,2.2
01-May-17,Imports: Turkey,75.3
01-May-17,Imports: USA,4561.7
01-May-17,Imports: Ukraine,17.5
01-May-17,Imports: United Arab Emirates,1204.8
01-May-17,Imports: United Kingdom,638.7
01-May-17,Imports: Uruguay,1.9
01-May-17,Imports: Vanuatu,0
01-May-17,Imports: Venezuela,46.6
01-May-17,Imports: Vietnam,417.6
01-May-17,Imports: Yemen,0
01-May-17,Imports: Zambia,2.5
01-May-17,Imports: Zimbabwe,1.3
01-Jun-17,Imports: Afghanistan,0
01-Jun-17,Imports: Angola,0
01-Jun-17,Imports: Argentina,10.2
01-Jun-17,Imports: Australia,320.9
01-Jun-17,Imports: Austria,79.2
01-Jun-17,Imports: Bahamas,0.1
01-Jun-17,Imports: Bahrain,4
01-Jun-17,Imports: Bangladesh,29.2
01-Jun-17,Imports: Belarus,1.7
01-Jun-17,Imports: Belgium,176.7
01-Jun-17,Imports: Brazil,171.6
01-Jun-17,Imports: Brunei,2.7
01-Jun-17,Imports: Bulgaria,5.5
01-Jun-17,Imports: Cambodia,49.6
01-Jun-17,Imports: Cameroon,2.9
01-Jun-17,Imports: Canada,319.7
01-Jun-17,Imports: Chile,7.4
01-Jun-17,Imports: China,4986.2
01-Jun-17,Imports: Colombia,11.7
01-Jun-17,Imports: Comoros,0
01-Jun-17,Imports: Costa Rica,6.5
01-Jun-17,Imports: Cote D'ivoire,0.3
01-Jun-17,Imports: Croatia,0.6
01-Jun-17,Imports: Cuba,0.6
01-Jun-17,Imports: Cyprus,1
01-Jun-17,"Imports: Czech, Republic",35.6
01-Jun-17,Imports: Denmark,39.5
01-Jun-17,Imports: Djibouti,0.2
01-Jun-17,Imports: Dominican Rep,4.1
01-Jun-17,Imports: Ecuador,1.2
01-Jun-17,Imports: Egypt,4.2
01-Jun-17,Imports: El Salvador,1.2
01-Jun-17,Imports: Estonia,1.9
01-Jun-17,Imports: Eswatini,0
01-Jun-17,Imports: Ethiopia,0
01-Jun-17,Imports: Fiji,0.2
01-Jun-17,Imports: Finland,45.5
01-Jun-17,Imports: France,1062.9
01-Jun-17,Imports: French Polynesia,0.6
01-Jun-17,Imports: Gabon,0.5
01-Jun-17,Imports: Germany,1093.2
01-Jun-17,Imports: Ghana,14.2
01-Jun-17,Imports: Greece,94.1
01-Jun-17,Imports: Guam,0.1
01-Jun-17,Imports: Guatemala,0.7
01-Jun-17,Imports: Hong Kong SAR (China),424.5
01-Jun-17,Imports: Hungary,28
01-Jun-17,Imports: India,516.2
01-Jun-17,Imports: Indonesia,1675.1
01-Jun-17,Imports: Iran,71.4
01-Jun-17,Imports: Ireland,102.9
01-Jun-17,Imports: Israel,56.2
01-Jun-17,Imports: Italy,492.9
01-Jun-17,Imports: Jamaica,0.1
01-Jun-17,Imports: Japan,2362.2
01-Jun-17,Imports: Jordan,0.8
01-Jun-17,Imports: Kazakhstan,0
01-Jun-17,Imports: Kenya,0.9
01-Jun-17,Imports: Kuwait,239.7
01-Jun-17,Imports: Lao Peo Dem Rep,0.5
01-Jun-17,Imports: Latvia,3.3
01-Jun-17,Imports: Lebanon,0.1
01-Jun-17,Imports: Liberia,0.1
01-Jun-17,Imports: Lithuania,2.6
01-Jun-17,Imports: Luxembourg,5.2
01-Jun-17,Imports: Macau SAR (China),1.5
01-Jun-17,Imports: Madagascar,19.7
01-Jun-17,Imports: Malaysia,4070.9
01-Jun-17,Imports: Maldives Rep of,0.4
01-Jun-17,Imports: Malta,176.7
01-Jun-17,Imports: Mauritius,2.2
01-Jun-17,Imports: Mexico,302.5
01-Jun-17,Imports: Morocco,14.7
01-Jun-17,Imports: Mozambique,0.4
01-Jun-17,Imports: Myanmar,9.2
01-Jun-17,Imports: Nepal,0.6
01-Jun-17,Imports: Netherlands Antilles,31
01-Jun-17,Imports: Netherlands,466.5
01-Jun-17,Imports: New Zealand,78.3
01-Jun-17,Imports: Nigeria,1.3
01-Jun-17,Imports: Northern Mariana Islands,0
01-Jun-17,Imports: Norway,58.9
01-Jun-17,Imports: Oman,6.4
01-Jun-17,Imports: Other Countries of Africa,165.8
01-Jun-17,Imports: Other Countries of America,1.2
01-Jun-17,Imports: Other Countries of Asia,2.8
01-Jun-17,Imports: Other Countries of Europe,12.1
01-Jun-17,Imports: Other Countries of Oceania,0.1
01-Jun-17,Imports: Pakistan,7.7
01-Jun-17,Imports: Panama,0.1
01-Jun-17,Imports: Papua New Guinea,85.5
01-Jun-17,Imports: Peru,22.2
01-Jun-17,Imports: Philippines,592
01-Jun-17,Imports: Poland,41.1
01-Jun-17,Imports: Portugal,44.2
01-Jun-17,Imports: Puerto Rico,31.6
01-Jun-17,Imports: Qatar,602.6
01-Jun-17,Imports: Reunion,0
01-Jun-17,Imports: Romania,12.3
01-Jun-17,Imports: Russia,610.5
01-Jun-17,Imports: Saudi Arabia,881.8
01-Jun-17,Imports: Seychelles,0.1
01-Jun-17,Imports: Slovak Republic,5.2
01-Jun-17,Imports: Slovenia,5.6
01-Jun-17,Imports: Solomon Islands,0.3
01-Jun-17,Imports: South Africa,47.7
01-Jun-17,Imports: South Korea,1688.9
01-Jun-17,Imports: Spain,81.3
01-Jun-17,Imports: Sri Lanka,9.4
01-Jun-17,Imports: Sudan,0.3
01-Jun-17,Imports: Sweden,104.2
01-Jun-17,Imports: Switzerland,730.3
01-Jun-17,Imports: Taiwan,3344
01-Jun-17,Imports: Tanzania,0.1
01-Jun-17,Imports: Thailand,791.2
01-Jun-17,Imports: Tunisia,1.6
01-Jun-17,Imports: Turkey,92.9
01-Jun-17,Imports: USA,4129.1
01-Jun-17,Imports: Ukraine,1.6
01-Jun-17,Imports: United Arab Emirates,1031.3
01-Jun-17,Imports: United Kingdom,806.1
01-Jun-17,Imports: Uruguay,1.2
01-Jun-17,Imports: Vanuatu,0
01-Jun-17,Imports: Venezuela,92.8
01-Jun-17,Imports: Vietnam,379.8
01-Jun-17,Imports: Yemen,0.6
01-Jun-17,Imports: Zambia,2.3
01-Jun-17,Imports: Zimbabwe,2.4
01-Jul-17,Imports: Afghanistan,0.1
01-Jul-17,Imports: Angola,10.4
01-Jul-17,Imports: Argentina,6.3
01-Jul-17,Imports: Australia,686.5
01-Jul-17,Imports: Austria,87.2
01-Jul-17,Imports: Bahamas,0.1
01-Jul-17,Imports: Bahrain,1.5
01-Jul-17,Imports: Bangladesh,36.6
01-Jul-17,Imports: Belarus,0.8
01-Jul-17,Imports: Belgium,147.2
01-Jul-17,Imports: Brazil,124.3
01-Jul-17,Imports: Brunei,44.9
01-Jul-17,Imports: Bulgaria,3.6
01-Jul-17,Imports: Cambodia,16.7
01-Jul-17,Imports: Cameroon,2.2
01-Jul-17,Imports: Canada,157.6
01-Jul-17,Imports: Chile,8.3
01-Jul-17,Imports: China,5054.8
01-Jul-17,Imports: Colombia,57.4
01-Jul-17,Imports: Comoros,0.3
01-Jul-17,Imports: Costa Rica,7.1
01-Jul-17,Imports: Cote D'ivoire,3
01-Jul-17,Imports: Croatia,2.9
01-Jul-17,Imports: Cuba,0.5
01-Jul-17,Imports: Cyprus,0.6
01-Jul-17,"Imports: Czech, Republic",38.7
01-Jul-17,Imports: Denmark,43.8
01-Jul-17,Imports: Djibouti,0
01-Jul-17,Imports: Dominican Rep,3.1
01-Jul-17,Imports: Ecuador,1
01-Jul-17,Imports: Egypt,4.7
01-Jul-17,Imports: El Salvador,1.9
01-Jul-17,Imports: Estonia,2.7
01-Jul-17,Imports: Eswatini,0.2
01-Jul-17,Imports: Ethiopia,0
01-Jul-17,Imports: Fiji,0.5
01-Jul-17,Imports: Finland,29
01-Jul-17,Imports: France,1085.9
01-Jul-17,Imports: French Polynesia,0.1
01-Jul-17,Imports: Gabon,0.5
01-Jul-17,Imports: Germany,1051
01-Jul-17,Imports: Ghana,12.3
01-Jul-17,Imports: Greece,10.3
01-Jul-17,Imports: Guam,0
01-Jul-17,Imports: Guatemala,0.4
01-Jul-17,Imports: Hong Kong SAR (China),667.6
01-Jul-17,Imports: Hungary,29.6
01-Jul-17,Imports: India,811.2
01-Jul-17,Imports: Indonesia,1610.8
01-Jul-17,Imports: Iran,133
01-Jul-17,Imports: Ireland,108.5
01-Jul-17,Imports: Israel,55.6
01-Jul-17,Imports: Italy,557.6
01-Jul-17,Imports: Jamaica,0
01-Jul-17,Imports: Japan,2180.9
01-Jul-17,Imports: Jordan,0.9
01-Jul-17,Imports: Kazakhstan,0
01-Jul-17,Imports: Kenya,0.7
01-Jul-17,Imports: Kuwait,462.8
01-Jul-17,Imports: Lao Peo Dem Rep,0.5
01-Jul-17,Imports: Latvia,39.9
01-Jul-17,Imports: Lebanon,0.1
01-Jul-17,Imports: Liberia,0.1
01-Jul-17,Imports: Lithuania,18.5
01-Jul-17,Imports: Luxembourg,1.5
01-Jul-17,Imports: Macau SAR (China),3.7
01-Jul-17,Imports: Madagascar,11.5
01-Jul-17,Imports: Malaysia,4377.5
01-Jul-17,Imports: Maldives Rep of,0.1
01-Jul-17,Imports: Malta,127.6
01-Jul-17,Imports: Mauritius,0.8
01-Jul-17,Imports: Mexico,230
01-Jul-17,Imports: Morocco,13.6
01-Jul-17,Imports: Mozambique,0
01-Jul-17,Imports: Myanmar,11.7
01-Jul-17,Imports: Nepal,0.2
01-Jul-17,Imports: Netherlands Antilles,152.5
01-Jul-17,Imports: Netherlands,250.2
01-Jul-17,Imports: New Zealand,290
01-Jul-17,Imports: Nigeria,2.5
01-Jul-17,Imports: Northern Mariana Islands,0
01-Jul-17,Imports: Norway,110.9
01-Jul-17,Imports: Oman,2.7
01-Jul-17,Imports: Other Countries of Africa,65.7
01-Jul-17,Imports: Other Countries of America,2
01-Jul-17,Imports: Other Countries of Asia,1.3
01-Jul-17,Imports: Other Countries of Europe,7.2
01-Jul-17,Imports: Other Countries of Oceania,0.2
01-Jul-17,Imports: Pakistan,5.6
01-Jul-17,Imports: Panama,0.1
01-Jul-17,Imports: Papua New Guinea,36.7
01-Jul-17,Imports: Peru,20
01-Jul-17,Imports: Philippines,576.2
01-Jul-17,Imports: Poland,52.3
01-Jul-17,Imports: Portugal,52.2
01-Jul-17,Imports: Puerto Rico,20.2
01-Jul-17,Imports: Qatar,500.9
01-Jul-17,Imports: Reunion,0.1
01-Jul-17,Imports: Romania,11.8
01-Jul-17,Imports: Russia,233.4
01-Jul-17,Imports: Saudi Arabia,809.4
01-Jul-17,Imports: Seychelles,1.3
01-Jul-17,Imports: Slovak Republic,8.3
01-Jul-17,Imports: Slovenia,6
01-Jul-17,Imports: Solomon Islands,0.4
01-Jul-17,Imports: South Africa,57.5
01-Jul-17,Imports: South Korea,1933.9
01-Jul-17,Imports: Spain,77
01-Jul-17,Imports: Sri Lanka,10.9
01-Jul-17,Imports: Sudan,0.5
01-Jul-17,Imports: Sweden,148.3
01-Jul-17,Imports: Switzerland,1302.6
01-Jul-17,Imports: Taiwan,3256.8
01-Jul-17,Imports: Tanzania,0.1
01-Jul-17,Imports: Thailand,738.4
01-Jul-17,Imports: Tunisia,1.8
01-Jul-17,Imports: Turkey,134.3
01-Jul-17,Imports: USA,3775.7
01-Jul-17,Imports: Ukraine,3
01-Jul-17,Imports: United Arab Emirates,699.1
01-Jul-17,Imports: United Kingdom,519.1
01-Jul-17,Imports: Uruguay,1.1
01-Jul-17,Imports: Vanuatu,0
01-Jul-17,Imports: Venezuela,114.1
01-Jul-17,Imports: Vietnam,405.6
01-Jul-17,Imports: Yemen,0.2
01-Jul-17,Imports: Zambia,3.3
01-Jul-17,Imports: Zimbabwe,3.2
01-Aug-17,Imports: Afghanistan,0
01-Aug-17,Imports: Angola,0
01-Aug-17,Imports: Argentina,6.8
01-Aug-17,Imports: Australia,348.3
01-Aug-17,Imports: Austria,87
01-Aug-17,Imports: Bahamas,0
01-Aug-17,Imports: Bahrain,36.4
01-Aug-17,Imports: Bangladesh,38.1
01-Aug-17,Imports: Belarus,0.5
01-Aug-17,Imports: Belgium,122.7
01-Aug-17,Imports: Brazil,154.3
01-Aug-17,Imports: Brunei,24.8
01-Aug-17,Imports: Bulgaria,3.1
01-Aug-17,Imports: Cambodia,53.7
01-Aug-17,Imports: Cameroon,2.4
01-Aug-17,Imports: Canada,132.7
01-Aug-17,Imports: Chile,7.3
01-Aug-17,Imports: China,5001.8
01-Aug-17,Imports: Colombia,82.2
01-Aug-17,Imports: Comoros,0
01-Aug-17,Imports: Costa Rica,6.8
01-Aug-17,Imports: Cote D'ivoire,0.4
01-Aug-17,Imports: Croatia,3.2
01-Aug-17,Imports: Cuba,0.5
01-Aug-17,Imports: Cyprus,11.7
01-Aug-17,"Imports: Czech, Republic",38.4
01-Aug-17,Imports: Denmark,42.2
01-Aug-17,Imports: Djibouti,0.1
01-Aug-17,Imports: Dominican Rep,6
01-Aug-17,Imports: Ecuador,1.1
01-Aug-17,Imports: Egypt,3.9
01-Aug-17,Imports: El Salvador,0.8
01-Aug-17,Imports: Estonia,1.6
01-Aug-17,Imports: Eswatini,0.2
01-Aug-17,Imports: Ethiopia,0
01-Aug-17,Imports: Fiji,0.3
01-Aug-17,Imports: Finland,29.1
01-Aug-17,Imports: France,1170
01-Aug-17,Imports: French Polynesia,0.1
01-Aug-17,Imports: Gabon,0
01-Aug-17,Imports: Germany,1179.5
01-Aug-17,Imports: Ghana,16.6
01-Aug-17,Imports: Greece,70.8
01-Aug-17,Imports: Guam,0
01-Aug-17,Imports: Guatemala,1.3
01-Aug-17,Imports: Hong Kong SAR (China),317.4
01-Aug-17,Imports: Hungary,44.9
01-Aug-17,Imports: India,882.9
01-Aug-17,Imports: Indonesia,1902.3
01-Aug-17,Imports: Iran,114
01-Aug-17,Imports: Ireland,100.6
01-Aug-17,Imports: Israel,98.9
01-Aug-17,Imports: Italy,387.3
01-Aug-17,Imports: Jamaica,0.2
01-Aug-17,Imports: Japan,2319.5
01-Aug-17,Imports: Jordan,2.5
01-Aug-17,Imports: Kazakhstan,37.5
01-Aug-17,Imports: Kenya,1.8
01-Aug-17,Imports: Kuwait,353
01-Aug-17,Imports: Lao Peo Dem Rep,1.6
01-Aug-17,Imports: Latvia,28.1
01-Aug-17,Imports: Lebanon,0.2
01-Aug-17,Imports: Liberia,0.1
01-Aug-17,Imports: Lithuania,2.6
01-Aug-17,Imports: Luxembourg,4.6
01-Aug-17,Imports: Macau SAR (China),2.9
01-Aug-17,Imports: Madagascar,2
01-Aug-17,Imports: Malaysia,4795.2
01-Aug-17,Imports: Maldives Rep of,0.3
01-Aug-17,Imports: Malta,19.4
01-Aug-17,Imports: Mauritius,2.7
01-Aug-17,Imports: Mexico,213.8
01-Aug-17,Imports: Morocco,14.9
01-Aug-17,Imports: Mozambique,0.2
01-Aug-17,Imports: Myanmar,12.7
01-Aug-17,Imports: Nepal,0.2
01-Aug-17,Imports: Netherlands Antilles,24.6
01-Aug-17,Imports: Netherlands,494.4
01-Aug-17,Imports: New Zealand,68.3
01-Aug-17,Imports: Nigeria,3.6
01-Aug-17,Imports: Northern Mariana Islands,0
01-Aug-17,Imports: Norway,50.9
01-Aug-17,Imports: Oman,5.7
01-Aug-17,Imports: Other Countries of Africa,136.1
01-Aug-17,Imports: Other Countries of America,1.3
01-Aug-17,Imports: Other Countries of Asia,1.7
01-Aug-17,Imports: Other Countries of Europe,14.7
01-Aug-17,Imports: Other Countries of Oceania,0.5
01-Aug-17,Imports: Pakistan,6.1
01-Aug-17,Imports: Panama,0.6
01-Aug-17,Imports: Papua New Guinea,18.2
01-Aug-17,Imports: Peru,1.3
01-Aug-17,Imports: Philippines,650.4
01-Aug-17,Imports: Poland,53.4
01-Aug-17,Imports: Portugal,50.6
01-Aug-17,Imports: Puerto Rico,16.4
01-Aug-17,Imports: Qatar,797.6
01-Aug-17,Imports: Reunion,0.5
01-Aug-17,Imports: Romania,10.8
01-Aug-17,Imports: Russia,592.9
01-Aug-17,Imports: Saudi Arabia,885.6
01-Aug-17,Imports: Seychelles,0
01-Aug-17,Imports: Slovak Republic,6.8
01-Aug-17,Imports: Slovenia,8.7
01-Aug-17,Imports: Solomon Islands,0.5
01-Aug-17,Imports: South Africa,91.4
01-Aug-17,Imports: South Korea,1983.5
01-Aug-17,Imports: Spain,104.1
01-Aug-17,Imports: Sri Lanka,25.9
01-Aug-17,Imports: Sudan,0.1
01-Aug-17,Imports: Sweden,127.8
01-Aug-17,Imports: Switzerland,808.8
01-Aug-17,Imports: Taiwan,3641.4
01-Aug-17,Imports: Tanzania,0
01-Aug-17,Imports: Thailand,850.4
01-Aug-17,Imports: Tunisia,2.4
01-Aug-17,Imports: Turkey,54.1
01-Aug-17,Imports: USA,4152.3
01-Aug-17,Imports: Ukraine,11.3
01-Aug-17,Imports: United Arab Emirates,1065.3
01-Aug-17,Imports: United Kingdom,808.9
01-Aug-17,Imports: Uruguay,1.8
01-Aug-17,Imports: Vanuatu,0.2
01-Aug-17,Imports: Venezuela,70
01-Aug-17,Imports: Vietnam,377
01-Aug-17,Imports: Yemen,0.8
01-Aug-17,Imports: Zambia,5
01-Aug-17,Imports: Zimbabwe,2
01-Sep-17,Imports: Afghanistan,0
01-Sep-17,Imports: Angola,0
01-Sep-17,Imports: Argentina,6.4
01-Sep-17,Imports: Australia,377.5
01-Sep-17,Imports: Austria,73.2
01-Sep-17,Imports: Bahamas,2.6
01-Sep-17,Imports: Bahrain,3.8
01-Sep-17,Imports: Bangladesh,30.4
01-Sep-17,Imports: Belarus,0.4
01-Sep-17,Imports: Belgium,98.1
01-Sep-17,Imports: Brazil,107.4
01-Sep-17,Imports: Brunei,25.1
01-Sep-17,Imports: Bulgaria,36.4
01-Sep-17,Imports: Cambodia,122.2
01-Sep-17,Imports: Cameroon,1.9
01-Sep-17,Imports: Canada,107.4
01-Sep-17,Imports: Chile,4.3
01-Sep-17,Imports: China,5041.5
01-Sep-17,Imports: Colombia,31.6
01-Sep-17,Imports: Comoros,0
01-Sep-17,Imports: Costa Rica,6.2
01-Sep-17,Imports: Cote D'ivoire,1
01-Sep-17,Imports: Croatia,4
01-Sep-17,Imports: Cuba,0.4
01-Sep-17,Imports: Cyprus,0.9
01-Sep-17,"Imports: Czech, Republic",35.5
01-Sep-17,Imports: Denmark,47.8
01-Sep-17,Imports: Djibouti,0.1
01-Sep-17,Imports: Dominican Rep,5.9
01-Sep-17,Imports: Ecuador,0.9
01-Sep-17,Imports: Egypt,2.9
01-Sep-17,Imports: El Salvador,1.2
01-Sep-17,Imports: Estonia,1.4
01-Sep-17,Imports: Eswatini,0.1
01-Sep-17,Imports: Ethiopia,0.2
01-Sep-17,Imports: Fiji,0.5
01-Sep-17,Imports: Finland,29.7
01-Sep-17,Imports: France,1027.8
01-Sep-17,Imports: French Polynesia,0.2
01-Sep-17,Imports: Gabon,0
01-Sep-17,Imports: Germany,1055.4
01-Sep-17,Imports: Ghana,12.6
01-Sep-17,Imports: Greece,6.1
01-Sep-17,Imports: Guam,0.2
01-Sep-17,Imports: Guatemala,1.6
01-Sep-17,Imports: Hong Kong SAR (China),357.3
01-Sep-17,Imports: Hungary,32.2
01-Sep-17,Imports: India,856.6
01-Sep-17,Imports: Indonesia,1753.2
01-Sep-17,Imports: Iran,81.2
01-Sep-17,Imports: Ireland,95.9
01-Sep-17,Imports: Israel,64.1
01-Sep-17,Imports: Italy,308.9
01-Sep-17,Imports: Jamaica,0
01-Sep-17,Imports: Japan,2201.1
01-Sep-17,Imports: Jordan,2
01-Sep-17,Imports: Kazakhstan,26.7
01-Sep-17,Imports: Kenya,0.5
01-Sep-17,Imports: Kuwait,180.5
01-Sep-17,Imports: Lao Peo Dem Rep,0.9
01-Sep-17,Imports: Latvia,51
01-Sep-17,Imports: Lebanon,0.2
01-Sep-17,Imports: Liberia,0
01-Sep-17,Imports: Lithuania,3.1
01-Sep-17,Imports: Luxembourg,3.4
01-Sep-17,Imports: Macau SAR (China),1.5
01-Sep-17,Imports: Madagascar,0.2
01-Sep-17,Imports: Malaysia,4180.7
01-Sep-17,Imports: Maldives Rep of,0.1
01-Sep-17,Imports: Malta,23.2
01-Sep-17,Imports: Mauritius,1.7
01-Sep-17,Imports: Mexico,174.8
01-Sep-17,Imports: Morocco,12.5
01-Sep-17,Imports: Mozambique,0.4
01-Sep-17,Imports: Myanmar,16.4
01-Sep-17,Imports: Nepal,1.2
01-Sep-17,Imports: Netherlands Antilles,63.7
01-Sep-17,Imports: Netherlands,270.4
01-Sep-17,Imports: New Zealand,63.5
01-Sep-17,Imports: Nigeria,43.9
01-Sep-17,Imports: Northern Mariana Islands,0
01-Sep-17,Imports: Norway,52.5
01-Sep-17,Imports: Oman,41.1
01-Sep-17,Imports: Other Countries of Africa,42
01-Sep-17,Imports: Other Countries of America,5.7
01-Sep-17,Imports: Other Countries of Asia,1.6
01-Sep-17,Imports: Other Countries of Europe,9.9
01-Sep-17,Imports: Other Countries of Oceania,0.2
01-Sep-17,Imports: Pakistan,6.2
01-Sep-17,Imports: Panama,1.1
01-Sep-17,Imports: Papua New Guinea,19.8
01-Sep-17,Imports: Peru,1.1
01-Sep-17,Imports: Philippines,606.8
01-Sep-17,Imports: Poland,30.2
01-Sep-17,Imports: Portugal,58.4
01-Sep-17,Imports: Puerto Rico,8.1
01-Sep-17,Imports: Qatar,601.4
01-Sep-17,Imports: Reunion,0.1
01-Sep-17,Imports: Romania,9.3
01-Sep-17,Imports: Russia,510.9
01-Sep-17,Imports: Saudi Arabia,1052.3
01-Sep-17,Imports: Seychelles,0.3
01-Sep-17,Imports: Slovak Republic,6.6
01-Sep-17,Imports: Slovenia,6.1
01-Sep-17,Imports: Solomon Islands,0.4
01-Sep-17,Imports: South Africa,51.6
01-Sep-17,Imports: South Korea,1992.2
01-Sep-17,Imports: Spain,90.6
01-Sep-17,Imports: Sri Lanka,8.4
01-Sep-17,Imports: Sudan,0
01-Sep-17,Imports: Sweden,116
01-Sep-17,Imports: Switzerland,762.6
01-Sep-17,Imports: Taiwan,3322.7
01-Sep-17,Imports: Tanzania,0.1
01-Sep-17,Imports: Thailand,953.6
01-Sep-17,Imports: Tunisia,1.2
01-Sep-17,Imports: Turkey,49.8
01-Sep-17,Imports: USA,3647.5
01-Sep-17,Imports: Ukraine,30.7
01-Sep-17,Imports: United Arab Emirates,953.2
01-Sep-17,Imports: United Kingdom,596.1
01-Sep-17,Imports: Uruguay,3.8
01-Sep-17,Imports: Vanuatu,0
01-Sep-17,Imports: Venezuela,253.1
01-Sep-17,Imports: Vietnam,376.5
01-Sep-17,Imports: Yemen,0.5
01-Sep-17,Imports: Zambia,0.3
01-Sep-17,Imports: Zimbabwe,4.9
01-Oct-17,Imports: Afghanistan,0.1
01-Oct-17,Imports: Angola,0
01-Oct-17,Imports: Argentina,4.6
01-Oct-17,Imports: Australia,464.9
01-Oct-17,Imports: Austria,88.4
01-Oct-17,Imports: Bahamas,0.5
01-Oct-17,Imports: Bahrain,47.4
01-Oct-17,Imports: Bangladesh,28.7
01-Oct-17,Imports: Belarus,0.4
01-Oct-17,Imports: Belgium,206.3
01-Oct-17,Imports: Brazil,176.7
01-Oct-17,Imports: Brunei,2.1
01-Oct-17,Imports: Bulgaria,2.7
01-Oct-17,Imports: Cambodia,14.7
01-Oct-17,Imports: Cameroon,1
01-Oct-17,Imports: Canada,135.3
01-Oct-17,Imports: Chile,9.4
01-Oct-17,Imports: China,4988.5
01-Oct-17,Imports: Colombia,1.9
01-Oct-17,Imports: Comoros,0
01-Oct-17,Imports: Costa Rica,7.4
01-Oct-17,Imports: Cote D'ivoire,1
01-Oct-17,Imports: Croatia,9.1
01-Oct-17,Imports: Cuba,1.1
01-Oct-17,Imports: Cyprus,0.8
01-Oct-17,"Imports: Czech, Republic",42
01-Oct-17,Imports: Denmark,43.9
01-Oct-17,Imports: Djibouti,0.1
01-Oct-17,Imports: Dominican Rep,4.4
01-Oct-17,Imports: Ecuador,1.4
01-Oct-17,Imports: Egypt,3.3
01-Oct-17,Imports: El Salvador,1.2
01-Oct-17,Imports: Estonia,3.8
01-Oct-17,Imports: Eswatini,0.2
01-Oct-17,Imports: Ethiopia,0.3
01-Oct-17,Imports: Fiji,0.2
01-Oct-17,Imports: Finland,62.6
01-Oct-17,Imports: France,960.6
01-Oct-17,Imports: French Polynesia,0.1
01-Oct-17,Imports: Gabon,0
01-Oct-17,Imports: Germany,1167.7
01-Oct-17,Imports: Ghana,15.4
01-Oct-17,Imports: Greece,79.8
01-Oct-17,Imports: Guam,0
01-Oct-17,Imports: Guatemala,1.3
01-Oct-17,Imports: Hong Kong SAR (China),910.5
01-Oct-17,Imports: Hungary,30.9
01-Oct-17,Imports: India,1160.1
01-Oct-17,Imports: Indonesia,2098.7
01-Oct-17,Imports: Iran,148.4
01-Oct-17,Imports: Ireland,100.5
01-Oct-17,Imports: Israel,87.5
01-Oct-17,Imports: Italy,409.1
01-Oct-17,Imports: Jamaica,0
01-Oct-17,Imports: Japan,2285.1
01-Oct-17,Imports: Jordan,2.2
01-Oct-17,Imports: Kazakhstan,0
01-Oct-17,Imports: Kenya,0.5
01-Oct-17,Imports: Kuwait,317.2
01-Oct-17,Imports: Lao Peo Dem Rep,0.2
01-Oct-17,Imports: Latvia,56.2
01-Oct-17,Imports: Lebanon,0.2
01-Oct-17,Imports: Liberia,0
01-Oct-17,Imports: Lithuania,9
01-Oct-17,Imports: Luxembourg,5.9
01-Oct-17,Imports: Macau SAR (China),2.3
01-Oct-17,Imports: Madagascar,0.2
01-Oct-17,Imports: Malaysia,4764.2
01-Oct-17,Imports: Maldives Rep of,0
01-Oct-17,Imports: Malta,21.1
01-Oct-17,Imports: Mauritius,1.2
01-Oct-17,Imports: Mexico,266.2
01-Oct-17,Imports: Morocco,15.7
01-Oct-17,Imports: Mozambique,0.5
01-Oct-17,Imports: Myanmar,10.6
01-Oct-17,Imports: Nepal,0.1
01-Oct-17,Imports: Netherlands Antilles,63
01-Oct-17,Imports: Netherlands,355.6
01-Oct-17,Imports: New Zealand,75.8
01-Oct-17,Imports: Nigeria,4.7
01-Oct-17,Imports: Northern Mariana Islands,0
01-Oct-17,Imports: Norway,86.5
01-Oct-17,Imports: Oman,0.5
01-Oct-17,Imports: Other Countries of Africa,69.4
01-Oct-17,Imports: Other Countries of America,1.3
01-Oct-17,Imports: Other Countries of Asia,51.1
01-Oct-17,Imports: Other Countries of Europe,10.8
01-Oct-17,Imports: Other Countries of Oceania,1.5
01-Oct-17,Imports: Pakistan,6
01-Oct-17,Imports: Panama,0.7
01-Oct-17,Imports: Papua New Guinea,26.9
01-Oct-17,Imports: Peru,2.2
01-Oct-17,Imports: Philippines,719.2
01-Oct-17,Imports: Poland,43.6
01-Oct-17,Imports: Portugal,45.8
01-Oct-17,Imports: Puerto Rico,9.1
01-Oct-17,Imports: Qatar,714.9
01-Oct-17,Imports: Reunion,0.2
01-Oct-17,Imports: Romania,9.8
01-Oct-17,Imports: Russia,467.7
01-Oct-17,Imports: Saudi Arabia,1188.6
01-Oct-17,Imports: Seychelles,0
01-Oct-17,Imports: Slovak Republic,7.4
01-Oct-17,Imports: Slovenia,12.4
01-Oct-17,Imports: Solomon Islands,0.3
01-Oct-17,Imports: South Africa,58.1
01-Oct-17,Imports: South Korea,1860.1
01-Oct-17,Imports: Spain,89.2
01-Oct-17,Imports: Sri Lanka,15.6
01-Oct-17,Imports: Sudan,0
01-Oct-17,Imports: Sweden,151
01-Oct-17,Imports: Switzerland,944.2
01-Oct-17,Imports: Taiwan,3360.1
01-Oct-17,Imports: Tanzania,2.4
01-Oct-17,Imports: Thailand,808.6
01-Oct-17,Imports: Tunisia,2.2
01-Oct-17,Imports: Turkey,90.3
01-Oct-17,Imports: USA,4039.3
01-Oct-17,Imports: Ukraine,17.1
01-Oct-17,Imports: United Arab Emirates,1044.9
01-Oct-17,Imports: United Kingdom,750.8
01-Oct-17,Imports: Uruguay,3.4
01-Oct-17,Imports: Vanuatu,0.4
01-Oct-17,Imports: Venezuela,252.2
01-Oct-17,Imports: Vietnam,418.6
01-Oct-17,Imports: Yemen,0.3
01-Oct-17,Imports: Zambia,33.6
01-Oct-17,Imports: Zimbabwe,6.3
01-Nov-17,Imports: Afghanistan,0.1
01-Nov-17,Imports: Angola,1.3
01-Nov-17,Imports: Argentina,5.4
01-Nov-17,Imports: Australia,859.5
01-Nov-17,Imports: Austria,88.2
01-Nov-17,Imports: Bahamas,0.4
01-Nov-17,Imports: Bahrain,82.7
01-Nov-17,Imports: Bangladesh,28.2
01-Nov-17,Imports: Belarus,2
01-Nov-17,Imports: Belgium,137.4
01-Nov-17,Imports: Brazil,187.3
01-Nov-17,Imports: Brunei,78.1
01-Nov-17,Imports: Bulgaria,3.4
01-Nov-17,Imports: Cambodia,14.8
01-Nov-17,Imports: Cameroon,2.6
01-Nov-17,Imports: Canada,130.4
01-Nov-17,Imports: Chile,6.4
01-Nov-17,Imports: China,6067.8
01-Nov-17,Imports: Colombia,44.9
01-Nov-17,Imports: Comoros,0.9
01-Nov-17,Imports: Costa Rica,7.4
01-Nov-17,Imports: Cote D'ivoire,1
01-Nov-17,Imports: Croatia,1.7
01-Nov-17,Imports: Cuba,0.9
01-Nov-17,Imports: Cyprus,1.1
01-Nov-17,"Imports: Czech, Republic",44.5
01-Nov-17,Imports: Denmark,43.6
01-Nov-17,Imports: Djibouti,0.3
01-Nov-17,Imports: Dominican Rep,4.9
01-Nov-17,Imports: Ecuador,1.2
01-Nov-17,Imports: Egypt,3.7
01-Nov-17,Imports: El Salvador,0.8
01-Nov-17,Imports: Estonia,2.4
01-Nov-17,Imports: Eswatini,0.2
01-Nov-17,Imports: Ethiopia,0.1
01-Nov-17,Imports: Fiji,0.5
01-Nov-17,Imports: Finland,35.7
01-Nov-17,Imports: France,1172.9
01-Nov-17,Imports: French Polynesia,0.1
01-Nov-17,Imports: Gabon,0
01-Nov-17,Imports: Germany,1136
01-Nov-17,Imports: Ghana,14.7
01-Nov-17,Imports: Greece,8.3
01-Nov-17,Imports: Guam,0.2
01-Nov-17,Imports: Guatemala,2.4
01-Nov-17,Imports: Hong Kong SAR (China),373.9
01-Nov-17,Imports: Hungary,34.3
01-Nov-17,Imports: India,964.1
01-Nov-17,Imports: Indonesia,1942.1
01-Nov-17,Imports: Iran,161
01-Nov-17,Imports: Ireland,121.1
01-Nov-17,Imports: Israel,120
01-Nov-17,Imports: Italy,415.9
01-Nov-17,Imports: Jamaica,0.1
01-Nov-17,Imports: Japan,2457.4
01-Nov-17,Imports: Jordan,4.6
01-Nov-17,Imports: Kazakhstan,0
01-Nov-17,Imports: Kenya,0.7
01-Nov-17,Imports: Kuwait,610.9
01-Nov-17,Imports: Lao Peo Dem Rep,1.5
01-Nov-17,Imports: Latvia,46.1
01-Nov-17,Imports: Lebanon,0.1
01-Nov-17,Imports: Liberia,0.3
01-Nov-17,Imports: Lithuania,2.4
01-Nov-17,Imports: Luxembourg,2.3
01-Nov-17,Imports: Macau SAR (China),2.5
01-Nov-17,Imports: Madagascar,2.6
01-Nov-17,Imports: Malaysia,4832.6
01-Nov-17,Imports: Maldives Rep of,0.1
01-Nov-17,Imports: Malta,48.3
01-Nov-17,Imports: Mauritius,0.6
01-Nov-17,Imports: Mexico,200.1
01-Nov-17,Imports: Morocco,12.9
01-Nov-17,Imports: Mozambique,0.3
01-Nov-17,Imports: Myanmar,11.6
01-Nov-17,Imports: Nepal,0.7
01-Nov-17,Imports: Netherlands Antilles,0.5
01-Nov-17,Imports: Netherlands,364.9
01-Nov-17,Imports: New Zealand,130
01-Nov-17,Imports: Nigeria,11.3
01-Nov-17,Imports: Northern Mariana Islands,0
01-Nov-17,Imports: Norway,67.2
01-Nov-17,Imports: Oman,40.8
01-Nov-17,Imports: Other Countries of Africa,45.1
01-Nov-17,Imports: Other Countries of America,41.6
01-Nov-17,Imports: Other Countries of Asia,22.5
01-Nov-17,Imports: Other Countries of Europe,9
01-Nov-17,Imports: Other Countries of Oceania,0.2
01-Nov-17,Imports: Pakistan,6
01-Nov-17,Imports: Panama,0.3
01-Nov-17,Imports: Papua New Guinea,1
01-Nov-17,Imports: Peru,0.9
01-Nov-17,Imports: Philippines,920.3
01-Nov-17,Imports: Poland,41.1
01-Nov-17,Imports: Portugal,58.9
01-Nov-17,Imports: Puerto Rico,7.3
01-Nov-17,Imports: Qatar,720.7
01-Nov-17,Imports: Reunion,0
01-Nov-17,Imports: Romania,11.3
01-Nov-17,Imports: Russia,551.1
01-Nov-17,Imports: Saudi Arabia,1238.4
01-Nov-17,Imports: Seychelles,0.2
01-Nov-17,Imports: Slovak Republic,13.6
01-Nov-17,Imports: Slovenia,9.6
01-Nov-17,Imports: Solomon Islands,0.4
01-Nov-17,Imports: South Africa,80.4
01-Nov-17,Imports: South Korea,1932.3
01-Nov-17,Imports: Spain,122.1
01-Nov-17,Imports: Sri Lanka,10.9
01-Nov-17,Imports: Sudan,0
01-Nov-17,Imports: Sweden,134.9
01-Nov-17,Imports: Switzerland,1349.3
01-Nov-17,Imports: Taiwan,3203.4
01-Nov-17,Imports: Tanzania,1.1
01-Nov-17,Imports: Thailand,862.8
01-Nov-17,Imports: Tunisia,26.1
01-Nov-17,Imports: Turkey,90.8
01-Nov-17,Imports: USA,3916.7
01-Nov-17,Imports: Ukraine,3.5
01-Nov-17,Imports: United Arab Emirates,1156.8
01-Nov-17,Imports: United Kingdom,791.8
01-Nov-17,Imports: Uruguay,2.5
01-Nov-17,Imports: Vanuatu,0.3
01-Nov-17,Imports: Venezuela,332.9
01-Nov-17,Imports: Vietnam,372.9
01-Nov-17,Imports: Yemen,0.9
01-Nov-17,Imports: Zambia,7.1
01-Nov-17,Imports: Zimbabwe,0.8
01-Dec-17,Imports: Afghanistan,0.1
01-Dec-17,Imports: Angola,80.1
01-Dec-17,Imports: Argentina,4.9
01-Dec-17,Imports: Australia,450.2
01-Dec-17,Imports: Austria,86.3
01-Dec-17,Imports: Bahamas,0
01-Dec-17,Imports: Bahrain,2.6
01-Dec-17,Imports: Bangladesh,22.6
01-Dec-17,Imports: Belarus,1.3
01-Dec-17,Imports: Belgium,148.1
01-Dec-17,Imports: Brazil,138.1
01-Dec-17,Imports: Brunei,58.2
01-Dec-17,Imports: Bulgaria,37
01-Dec-17,Imports: Cambodia,12.3
01-Dec-17,Imports: Cameroon,3.1
01-Dec-17,Imports: Canada,137.7
01-Dec-17,Imports: Chile,9.4
01-Dec-17,Imports: China,6198.4
01-Dec-17,Imports: Colombia,17.6
01-Dec-17,Imports: Comoros,0.9
01-Dec-17,Imports: Costa Rica,13.4
01-Dec-17,Imports: Cote D'ivoire,0.2
01-Dec-17,Imports: Croatia,3.5
01-Dec-17,Imports: Cuba,1.8
01-Dec-17,Imports: Cyprus,0.7
01-Dec-17,"Imports: Czech, Republic",54.3
01-Dec-17,Imports: Denmark,46
01-Dec-17,Imports: Djibouti,0.1
01-Dec-17,Imports: Dominican Rep,5.3
01-Dec-17,Imports: Ecuador,0.7
01-Dec-17,Imports: Egypt,3
01-Dec-17,Imports: El Salvador,0.9
01-Dec-17,Imports: Estonia,3.5
01-Dec-17,Imports: Eswatini,0.9
01-Dec-17,Imports: Ethiopia,0.2
01-Dec-17,Imports: Fiji,0.5
01-Dec-17,Imports: Finland,33.4
01-Dec-17,Imports: France,1165
01-Dec-17,Imports: French Polynesia,0.1
01-Dec-17,Imports: Gabon,0
01-Dec-17,Imports: Germany,1117.2
01-Dec-17,Imports: Ghana,8.4
01-Dec-17,Imports: Greece,94.8
01-Dec-17,Imports: Guam,0.1
01-Dec-17,Imports: Guatemala,1.4
01-Dec-17,Imports: Hong Kong SAR (China),373.2
01-Dec-17,Imports: Hungary,29.8
01-Dec-17,Imports: India,782
01-Dec-17,Imports: Indonesia,1534.2
01-Dec-17,Imports: Iran,47.9
01-Dec-17,Imports: Ireland,102.6
01-Dec-17,Imports: Israel,61.3
01-Dec-17,Imports: Italy,528.7
01-Dec-17,Imports: Jamaica,0.5
01-Dec-17,Imports: Japan,2703.4
01-Dec-17,Imports: Jordan,1.1
01-Dec-17,Imports: Kazakhstan,44.4
01-Dec-17,Imports: Kenya,0.4
01-Dec-17,Imports: Kuwait,378.5
01-Dec-17,Imports: Lao Peo Dem Rep,1.5
01-Dec-17,Imports: Latvia,1.1
01-Dec-17,Imports: Lebanon,0.1
01-Dec-17,Imports: Liberia,0
01-Dec-17,Imports: Lithuania,3.7
01-Dec-17,Imports: Luxembourg,6.9
01-Dec-17,Imports: Macau SAR (China),2.1
01-Dec-17,Imports: Madagascar,11.6
01-Dec-17,Imports: Malaysia,4559.3
01-Dec-17,Imports: Maldives Rep of,0
01-Dec-17,Imports: Malta,20.3
01-Dec-17,Imports: Mauritius,0.8
01-Dec-17,Imports: Mexico,187.4
01-Dec-17,Imports: Morocco,12.5
01-Dec-17,Imports: Mozambique,0.5
01-Dec-17,Imports: Myanmar,11.3
01-Dec-17,Imports: Nepal,0.7
01-Dec-17,Imports: Netherlands Antilles,9.3
01-Dec-17,Imports: Netherlands,323.3
01-Dec-17,Imports: New Zealand,70.8
01-Dec-17,Imports: Nigeria,5.8
01-Dec-17,Imports: Northern Mariana Islands,0.1
01-Dec-17,Imports: Norway,82.9
01-Dec-17,Imports: Oman,3.1
01-Dec-17,Imports: Other Countries of Africa,129.8
01-Dec-17,Imports: Other Countries of America,29
01-Dec-17,Imports: Other Countries of Asia,28.9
01-Dec-17,Imports: Other Countries of Europe,7.6
01-Dec-17,Imports: Other Countries of Oceania,0.2
01-Dec-17,Imports: Pakistan,8.8
01-Dec-17,Imports: Panama,30.8
01-Dec-17,Imports: Papua New Guinea,54.8
01-Dec-17,Imports: Peru,1.3
01-Dec-17,Imports: Philippines,1014.9
01-Dec-17,Imports: Poland,73.6
01-Dec-17,Imports: Portugal,53.2
01-Dec-17,Imports: Puerto Rico,6
01-Dec-17,Imports: Qatar,628.8
01-Dec-17,Imports: Reunion,0.1
01-Dec-17,Imports: Romania,12.3
01-Dec-17,Imports: Russia,651.9
01-Dec-17,Imports: Saudi Arabia,1380.5
01-Dec-17,Imports: Seychelles,0
01-Dec-17,Imports: Slovak Republic,10
01-Dec-17,Imports: Slovenia,6.1
01-Dec-17,Imports: Solomon Islands,0
01-Dec-17,Imports: South Africa,61.6
01-Dec-17,Imports: South Korea,1548.8
01-Dec-17,Imports: Spain,137.4
01-Dec-17,Imports: Sri Lanka,40.6
01-Dec-17,Imports: Sudan,0
01-Dec-17,Imports: Sweden,135.3
01-Dec-17,Imports: Switzerland,1140.3
01-Dec-17,Imports: Taiwan,3242.2
01-Dec-17,Imports: Tanzania,8
01-Dec-17,Imports: Thailand,890.8
01-Dec-17,Imports: Tunisia,2.4
01-Dec-17,Imports: Turkey,82
01-Dec-17,Imports: USA,4169.5
01-Dec-17,Imports: Ukraine,5.7
01-Dec-17,Imports: United Arab Emirates,914.5
01-Dec-17,Imports: United Kingdom,685.9
01-Dec-17,Imports: Uruguay,3.6
01-Dec-17,Imports: Vanuatu,0
01-Dec-17,Imports: Venezuela,229
01-Dec-17,Imports: Vietnam,385.2
01-Dec-17,Imports: Yemen,0.6
01-Dec-17,Imports: Zambia,22.8
01-Dec-17,Imports: Zimbabwe,0.3
01-Jan-18,Imports: Afghanistan,0.9
01-Jan-18,Imports: Angola,45.9
01-Jan-18,Imports: Argentina,15
01-Jan-18,Imports: Australia,474.6
01-Jan-18,Imports: Austria,96.9
01-Jan-18,Imports: Bahamas,0.1
01-Jan-18,Imports: Bahrain,16.1
01-Jan-18,Imports: Bangladesh,26
01-Jan-18,Imports: Belarus,1.5
01-Jan-18,Imports: Belgium,177.1
01-Jan-18,Imports: Brazil,196.9
01-Jan-18,Imports: Brunei,59.3
01-Jan-18,Imports: Bulgaria,3.2
01-Jan-18,Imports: Cambodia,15.6
01-Jan-18,Imports: Cameroon,2.3
01-Jan-18,Imports: Canada,145.8
01-Jan-18,Imports: Chile,15.8
01-Jan-18,Imports: China,5650.7
01-Jan-18,Imports: Colombia,55.2
01-Jan-18,Imports: Comoros,0.4
01-Jan-18,Imports: Costa Rica,6.6
01-Jan-18,Imports: Cote D'ivoire,1.2
01-Jan-18,Imports: Croatia,5.4
01-Jan-18,Imports: Cuba,0.6
01-Jan-18,Imports: Cyprus,1.9
01-Jan-18,"Imports: Czech, Republic",40.3
01-Jan-18,Imports: Denmark,44.8
01-Jan-18,Imports: Djibouti,0.4
01-Jan-18,Imports: Dominican Rep,5
01-Jan-18,Imports: Ecuador,1.2
01-Jan-18,Imports: Egypt,5.2
01-Jan-18,Imports: El Salvador,1.1
01-Jan-18,Imports: Estonia,2.2
01-Jan-18,Imports: Eswatini,0.1
01-Jan-18,Imports: Ethiopia,0.1
01-Jan-18,Imports: Fiji,1.3
01-Jan-18,Imports: Finland,28.5
01-Jan-18,Imports: France,1245.9
01-Jan-18,Imports: French Polynesia,0.2
01-Jan-18,Imports: Gabon,19.5
01-Jan-18,Imports: Germany,1152.6
01-Jan-18,Imports: Ghana,13.2
01-Jan-18,Imports: Greece,107.8
01-Jan-18,Imports: Guam,0
01-Jan-18,Imports: Guatemala,1.7
01-Jan-18,Imports: Hong Kong SAR (China),295.2
01-Jan-18,Imports: Hungary,34.4
01-Jan-18,Imports: India,776.8
01-Jan-18,Imports: Indonesia,1701.2
01-Jan-18,Imports: Iran,1.3
01-Jan-18,Imports: Ireland,97.9
01-Jan-18,Imports: Israel,83.2
01-Jan-18,Imports: Italy,389.8
01-Jan-18,Imports: Jamaica,0.3
01-Jan-18,Imports: Japan,2141.3
01-Jan-18,Imports: Jordan,2
01-Jan-18,Imports: Kazakhstan,0
01-Jan-18,Imports: Kenya,0.3
01-Jan-18,Imports: Kuwait,542
01-Jan-18,Imports: Lao Peo Dem Rep,0.5
01-Jan-18,Imports: Latvia,1.9
01-Jan-18,Imports: Lebanon,0.1
01-Jan-18,Imports: Liberia,0
01-Jan-18,Imports: Lithuania,76.6
01-Jan-18,Imports: Luxembourg,7.6
01-Jan-18,Imports: Macau SAR (China),1.3
01-Jan-18,Imports: Madagascar,8.7
01-Jan-18,Imports: Malaysia,4645.8
01-Jan-18,Imports: Maldives Rep of,0.1
01-Jan-18,Imports: Malta,16.9
01-Jan-18,Imports: Mauritius,1.6
01-Jan-18,Imports: Mexico,268.8
01-Jan-18,Imports: Morocco,14.3
01-Jan-18,Imports: Mozambique,0.3
01-Jan-18,Imports: Myanmar,48.3
01-Jan-18,Imports: Nepal,0.2
01-Jan-18,Imports: Netherlands Antilles,0.2
01-Jan-18,Imports: Netherlands,447.2
01-Jan-18,Imports: New Zealand,87.7
01-Jan-18,Imports: Nigeria,2.9
01-Jan-18,Imports: Northern Mariana Islands,0
01-Jan-18,Imports: Norway,98.3
01-Jan-18,Imports: Oman,104.5
01-Jan-18,Imports: Other Countries of Africa,153.8
01-Jan-18,Imports: Other Countries of America,0.8
01-Jan-18,Imports: Other Countries of Asia,2.1
01-Jan-18,Imports: Other Countries of Europe,10.8
01-Jan-18,Imports: Other Countries of Oceania,0.2
01-Jan-18,Imports: Pakistan,8.6
01-Jan-18,Imports: Panama,0.3
01-Jan-18,Imports: Papua New Guinea,27.6
01-Jan-18,Imports: Peru,1.4
01-Jan-18,Imports: Philippines,805.5
01-Jan-18,Imports: Poland,51.4
01-Jan-18,Imports: Portugal,51.3
01-Jan-18,Imports: Puerto Rico,5
01-Jan-18,Imports: Qatar,761.5
01-Jan-18,Imports: Reunion,0.1
01-Jan-18,Imports: Romania,12.1
01-Jan-18,Imports: Russia,426.8
01-Jan-18,Imports: Saudi Arabia,1186.2
01-Jan-18,Imports: Seychelles,0.1
01-Jan-18,Imports: Slovak Republic,7.7
01-Jan-18,Imports: Slovenia,9.8
01-Jan-18,Imports: Solomon Islands,0.1
01-Jan-18,Imports: South Africa,65.4
01-Jan-18,Imports: South Korea,1558
01-Jan-18,Imports: Spain,113.9
01-Jan-18,Imports: Sri Lanka,13.3
01-Jan-18,Imports: Sudan,0
01-Jan-18,Imports: Sweden,124.7
01-Jan-18,Imports: Switzerland,758.3
01-Jan-18,Imports: Taiwan,3226.4
01-Jan-18,Imports: Tanzania,1.9
01-Jan-18,Imports: Thailand,908.2
01-Jan-18,Imports: Tunisia,1.9
01-Jan-18,Imports: Turkey,85.3
01-Jan-18,Imports: USA,3792.7
01-Jan-18,Imports: Ukraine,36.4
01-Jan-18,Imports: United Arab Emirates,1046.9
01-Jan-18,Imports: United Kingdom,636
01-Jan-18,Imports: Uruguay,2.4
01-Jan-18,Imports: Vanuatu,0
01-Jan-18,Imports: Venezuela,189.1
01-Jan-18,Imports: Vietnam,393.8
01-Jan-18,Imports: Yemen,0.2
01-Jan-18,Imports: Zambia,9.5
01-Jan-18,Imports: Zimbabwe,2.4
01-Feb-18,Imports: Afghanistan,0
01-Feb-18,Imports: Angola,1.8
01-Feb-18,Imports: Argentina,6.6
01-Feb-18,Imports: Australia,517.3
01-Feb-18,Imports: Austria,75.6
01-Feb-18,Imports: Bahamas,0.2
01-Feb-18,Imports: Bahrain,1.8
01-Feb-18,Imports: Bangladesh,27
01-Feb-18,Imports: Belarus,1.8
01-Feb-18,Imports: Belgium,95
01-Feb-18,Imports: Brazil,150.6
01-Feb-18,Imports: Brunei,29.3
01-Feb-18,Imports: Bulgaria,26.3
01-Feb-18,Imports: Cambodia,11.9
01-Feb-18,Imports: Cameroon,3
01-Feb-18,Imports: Canada,100.8
01-Feb-18,Imports: Chile,7.3
01-Feb-18,Imports: China,4746.6
01-Feb-18,Imports: Colombia,105.6
01-Feb-18,Imports: Comoros,0
01-Feb-18,Imports: Costa Rica,8.4
01-Feb-18,Imports: Cote D'ivoire,0.4
01-Feb-18,Imports: Croatia,16
01-Feb-18,Imports: Cuba,0.7
01-Feb-18,Imports: Cyprus,1.2
01-Feb-18,"Imports: Czech, Republic",37.4
01-Feb-18,Imports: Denmark,44.9
01-Feb-18,Imports: Djibouti,0.1
01-Feb-18,Imports: Dominican Rep,4.9
01-Feb-18,Imports: Ecuador,0.9
01-Feb-18,Imports: Egypt,5.1
01-Feb-18,Imports: El Salvador,0.9
01-Feb-18,Imports: Estonia,2.2
01-Feb-18,Imports: Eswatini,0.1
01-Feb-18,Imports: Ethiopia,0.2
01-Feb-18,Imports: Fiji,0.2
01-Feb-18,Imports: Finland,26.3
01-Feb-18,Imports: France,964.5
01-Feb-18,Imports: French Polynesia,0.4
01-Feb-18,Imports: Gabon,0
01-Feb-18,Imports: Germany,963.9
01-Feb-18,Imports: Ghana,10.6
01-Feb-18,Imports: Greece,75.1
01-Feb-18,Imports: Guam,0
01-Feb-18,Imports: Guatemala,1.5
01-Feb-18,Imports: Hong Kong SAR (China),285
01-Feb-18,Imports: Hungary,36.4
01-Feb-18,Imports: India,642.6
01-Feb-18,Imports: Indonesia,1675.6
01-Feb-18,Imports: Iran,0.4
01-Feb-18,Imports: Ireland,91.3
01-Feb-18,Imports: Israel,73.3
01-Feb-18,Imports: Italy,442.4
01-Feb-18,Imports: Jamaica,0.2
01-Feb-18,Imports: Japan,2471.4
01-Feb-18,Imports: Jordan,1.6
01-Feb-18,Imports: Kazakhstan,0.1
01-Feb-18,Imports: Kenya,0.8
01-Feb-18,Imports: Kuwait,152.9
01-Feb-18,Imports: Lao Peo Dem Rep,1.6
01-Feb-18,Imports: Latvia,0.7
01-Feb-18,Imports: Lebanon,0.2
01-Feb-18,Imports: Liberia,0
01-Feb-18,Imports: Lithuania,33.5
01-Feb-18,Imports: Luxembourg,10.9
01-Feb-18,Imports: Macau SAR (China),1.4
01-Feb-18,Imports: Madagascar,9.5
01-Feb-18,Imports: Malaysia,3943.5
01-Feb-18,Imports: Maldives Rep of,0.2
01-Feb-18,Imports: Malta,18.7
01-Feb-18,Imports: Mauritius,1
01-Feb-18,Imports: Mexico,257.5
01-Feb-18,Imports: Morocco,12.4
01-Feb-18,Imports: Mozambique,0.4
01-Feb-18,Imports: Myanmar,7
01-Feb-18,Imports: Nepal,0.4
01-Feb-18,Imports: Netherlands Antilles,12.5
01-Feb-18,Imports: Netherlands,480.1
01-Feb-18,Imports: New Zealand,79
01-Feb-18,Imports: Nigeria,2.2
01-Feb-18,Imports: Northern Mariana Islands,0
01-Feb-18,Imports: Norway,58.1
01-Feb-18,Imports: Oman,2.5
01-Feb-18,Imports: Other Countries of Africa,256
01-Feb-18,Imports: Other Countries of America,1.4
01-Feb-18,Imports: Other Countries of Asia,0.8
01-Feb-18,Imports: Other Countries of Europe,10.1
01-Feb-18,Imports: Other Countries of Oceania,0.1
01-Feb-18,Imports: Pakistan,7.7
01-Feb-18,Imports: Panama,0.4
01-Feb-18,Imports: Papua New Guinea,2.7
01-Feb-18,Imports: Peru,0.7
01-Feb-18,Imports: Philippines,770.8
01-Feb-18,Imports: Poland,41.5
01-Feb-18,Imports: Portugal,41.3
01-Feb-18,Imports: Puerto Rico,6.9
01-Feb-18,Imports: Qatar,787.4
01-Feb-18,Imports: Reunion,0
01-Feb-18,Imports: Romania,9.3
01-Feb-18,Imports: Russia,738.9
01-Feb-18,Imports: Saudi Arabia,1144.7
01-Feb-18,Imports: Seychelles,0.1
01-Feb-18,Imports: Slovak Republic,6
01-Feb-18,Imports: Slovenia,5.6
01-Feb-18,Imports: Solomon Islands,0.3
01-Feb-18,Imports: South Africa,63.2
01-Feb-18,Imports: South Korea,1350.9
01-Feb-18,Imports: Spain,101.1
01-Feb-18,Imports: Sri Lanka,8.8
01-Feb-18,Imports: Sudan,0
01-Feb-18,Imports: Sweden,110.4
01-Feb-18,Imports: Switzerland,814.5
01-Feb-18,Imports: Taiwan,2510.7
01-Feb-18,Imports: Tanzania,0
01-Feb-18,Imports: Thailand,825.8
01-Feb-18,Imports: Tunisia,29.7
01-Feb-18,Imports: Turkey,65.4
01-Feb-18,Imports: USA,3297
01-Feb-18,Imports: Ukraine,75.1
01-Feb-18,Imports: United Arab Emirates,1301
01-Feb-18,Imports: United Kingdom,606.1
01-Feb-18,Imports: Uruguay,1.3
01-Feb-18,Imports: Vanuatu,0.1
01-Feb-18,Imports: Venezuela,146.4
01-Feb-18,Imports: Vietnam,269.5
01-Feb-18,Imports: Yemen,0.2
01-Feb-18,Imports: Zambia,0
01-Feb-18,Imports: Zimbabwe,3.2
01-Mar-18,Imports: Afghanistan,0.1
01-Mar-18,Imports: Angola,1.3
01-Mar-18,Imports: Argentina,10
01-Mar-18,Imports: Australia,511.5
01-Mar-18,Imports: Austria,89.2
01-Mar-18,Imports: Bahamas,2
01-Mar-18,Imports: Bahrain,2.5
01-Mar-18,Imports: Bangladesh,29.6
01-Mar-18,Imports: Belarus,2.1
01-Mar-18,Imports: Belgium,101.6
01-Mar-18,Imports: Brazil,137
01-Mar-18,Imports: Brunei,30.8
01-Mar-18,Imports: Bulgaria,22.3
01-Mar-18,Imports: Cambodia,21.7
01-Mar-18,Imports: Cameroon,3.6
01-Mar-18,Imports: Canada,138.1
01-Mar-18,Imports: Chile,6
01-Mar-18,Imports: China,5140.1
01-Mar-18,Imports: Colombia,0.9
01-Mar-18,Imports: Comoros,0.3
01-Mar-18,Imports: Costa Rica,8.9
01-Mar-18,Imports: Cote D'ivoire,0.4
01-Mar-18,Imports: Croatia,23.6
01-Mar-18,Imports: Cuba,1.1
01-Mar-18,Imports: Cyprus,1.2
01-Mar-18,"Imports: Czech, Republic",49.3
01-Mar-18,Imports: Denmark,48.2
01-Mar-18,Imports: Djibouti,0
01-Mar-18,Imports: Dominican Rep,4.3
01-Mar-18,Imports: Ecuador,0.9
01-Mar-18,Imports: Egypt,6.2
01-Mar-18,Imports: El Salvador,1.3
01-Mar-18,Imports: Estonia,2
01-Mar-18,Imports: Eswatini,0.5
01-Mar-18,Imports: Ethiopia,0.4
01-Mar-18,Imports: Fiji,0.8
01-Mar-18,Imports: Finland,31.7
01-Mar-18,Imports: France,1036
01-Mar-18,Imports: French Polynesia,0.1
01-Mar-18,Imports: Gabon,0
01-Mar-18,Imports: Germany,1182.3
01-Mar-18,Imports: Ghana,9.9
01-Mar-18,Imports: Greece,33.4
01-Mar-18,Imports: Guam,0.1
01-Mar-18,Imports: Guatemala,3.1
01-Mar-18,Imports: Hong Kong SAR (China),470.2
01-Mar-18,Imports: Hungary,31.1
01-Mar-18,Imports: India,850.2
01-Mar-18,Imports: Indonesia,1781.6
01-Mar-18,Imports: Iran,1.1
01-Mar-18,Imports: Ireland,106.5
01-Mar-18,Imports: Israel,88.5
01-Mar-18,Imports: Italy,488.6
01-Mar-18,Imports: Jamaica,0.1
01-Mar-18,Imports: Japan,2570.3
01-Mar-18,Imports: Jordan,2.9
01-Mar-18,Imports: Kazakhstan,0
01-Mar-18,Imports: Kenya,1.2
01-Mar-18,Imports: Kuwait,670.6
01-Mar-18,Imports: Lao Peo Dem Rep,1.2
01-Mar-18,Imports: Latvia,1.9
01-Mar-18,Imports: Lebanon,0.1
01-Mar-18,Imports: Liberia,0
01-Mar-18,Imports: Lithuania,47
01-Mar-18,Imports: Luxembourg,6.8
01-Mar-18,Imports: Macau SAR (China),1.1
01-Mar-18,Imports: Madagascar,13.6
01-Mar-18,Imports: Malaysia,4710.6
01-Mar-18,Imports: Maldives Rep of,0.1
01-Mar-18,Imports: Malta,44.5
01-Mar-18,Imports: Mauritius,1.3
01-Mar-18,Imports: Mexico,267.3
01-Mar-18,Imports: Morocco,13.8
01-Mar-18,Imports: Mozambique,0.2
01-Mar-18,Imports: Myanmar,33.4
01-Mar-18,Imports: Nepal,0.1
01-Mar-18,Imports: Netherlands Antilles,0.5
01-Mar-18,Imports: Netherlands,615.1
01-Mar-18,Imports: New Zealand,126.7
01-Mar-18,Imports: Nigeria,38.2
01-Mar-18,Imports: Northern Mariana Islands,0
01-Mar-18,Imports: Norway,50.1
01-Mar-18,Imports: Oman,4.4
01-Mar-18,Imports: Other Countries of Africa,82.3
01-Mar-18,Imports: Other Countries of America,2
01-Mar-18,Imports: Other Countries of Asia,33.4
01-Mar-18,Imports: Other Countries of Europe,11.7
01-Mar-18,Imports: Other Countries of Oceania,1.2
01-Mar-18,Imports: Pakistan,5.4
01-Mar-18,Imports: Panama,0.2
01-Mar-18,Imports: Papua New Guinea,10.8
01-Mar-18,Imports: Peru,0.8
01-Mar-18,Imports: Philippines,812.3
01-Mar-18,Imports: Poland,45.1
01-Mar-18,Imports: Portugal,50.8
01-Mar-18,Imports: Puerto Rico,12.8
01-Mar-18,Imports: Qatar,515.8
01-Mar-18,Imports: Reunion,0
01-Mar-18,Imports: Romania,10.5
01-Mar-18,Imports: Russia,612.4
01-Mar-18,Imports: Saudi Arabia,1144.3
01-Mar-18,Imports: Seychelles,0.1
01-Mar-18,Imports: Slovak Republic,6.4
01-Mar-18,Imports: Slovenia,5.5
01-Mar-18,Imports: Solomon Islands,0.1
01-Mar-18,Imports: South Africa,76.8
01-Mar-18,Imports: South Korea,1590.3
01-Mar-18,Imports: Spain,140.1
01-Mar-18,Imports: Sri Lanka,11.4
01-Mar-18,Imports: Sudan,0.5
01-Mar-18,Imports: Sweden,123.8
01-Mar-18,Imports: Switzerland,1167.4
01-Mar-18,Imports: Taiwan,3112.8
01-Mar-18,Imports: Tanzania,0.1
01-Mar-18,Imports: Thailand,949.3
01-Mar-18,Imports: Tunisia,2.5
01-Mar-18,Imports: Turkey,53.5
01-Mar-18,Imports: USA,4669.1
01-Mar-18,Imports: Ukraine,12.7
01-Mar-18,Imports: United Arab Emirates,914.2
01-Mar-18,Imports: United Kingdom,762.1
01-Mar-18,Imports: Uruguay,1.2
01-Mar-18,Imports: Vanuatu,0.1
01-Mar-18,Imports: Venezuela,0.1
01-Mar-18,Imports: Vietnam,413.8
01-Mar-18,Imports: Yemen,0.3
01-Mar-18,Imports: Zambia,10.7
01-Mar-18,Imports: Zimbabwe,0.7
01-Apr-18,Imports: Afghanistan,0
01-Apr-18,Imports: Angola,0
01-Apr-18,Imports: Argentina,8.3
01-Apr-18,Imports: Australia,422.4
01-Apr-18,Imports: Austria,92.5
01-Apr-18,Imports: Bahamas,0
01-Apr-18,Imports: Bahrain,3.9
01-Apr-18,Imports: Bangladesh,23.1
01-Apr-18,Imports: Belarus,2.3
01-Apr-18,Imports: Belgium,137.9
01-Apr-18,Imports: Brazil,191.9
01-Apr-18,Imports: Brunei,42.8
01-Apr-18,Imports: Bulgaria,2.5
01-Apr-18,Imports: Cambodia,8
01-Apr-18,Imports: Cameroon,2.7
01-Apr-18,Imports: Canada,128.8
01-Apr-18,Imports: Chile,6.4
01-Apr-18,Imports: China,5552
01-Apr-18,Imports: Colombia,1.4
01-Apr-18,Imports: Comoros,0
01-Apr-18,Imports: Costa Rica,9.4
01-Apr-18,Imports: Cote D'ivoire,1.1
01-Apr-18,Imports: Croatia,1.2
01-Apr-18,Imports: Cuba,0.5
01-Apr-18,Imports: Cyprus,1.5
01-Apr-18,"Imports: Czech, Republic",55.9
01-Apr-18,Imports: Denmark,50.7
01-Apr-18,Imports: Djibouti,0.1
01-Apr-18,Imports: Dominican Rep,4.5
01-Apr-18,Imports: Ecuador,0.7
01-Apr-18,Imports: Egypt,5.8
01-Apr-18,Imports: El Salvador,0.9
01-Apr-18,Imports: Estonia,1.6
01-Apr-18,Imports: Eswatini,0
01-Apr-18,Imports: Ethiopia,0.1
01-Apr-18,Imports: Fiji,0.3
01-Apr-18,Imports: Finland,31.1
01-Apr-18,Imports: France,1001.7
01-Apr-18,Imports: French Polynesia,0.5
01-Apr-18,Imports: Gabon,5
01-Apr-18,Imports: Germany,1117.4
01-Apr-18,Imports: Ghana,11.3
01-Apr-18,Imports: Greece,9.3
01-Apr-18,Imports: Guam,0
01-Apr-18,Imports: Guatemala,1.9
01-Apr-18,Imports: Hong Kong SAR (China),354.8
01-Apr-18,Imports: Hungary,30.8
01-Apr-18,Imports: India,623.1
01-Apr-18,Imports: Indonesia,1579.8
01-Apr-18,Imports: Iran,0.9
01-Apr-18,Imports: Ireland,94
01-Apr-18,Imports: Israel,71.6
01-Apr-18,Imports: Italy,444.2
01-Apr-18,Imports: Jamaica,0.1
01-Apr-18,Imports: Japan,2518.8
01-Apr-18,Imports: Jordan,0.8
01-Apr-18,Imports: Kazakhstan,23.8
01-Apr-18,Imports: Kenya,1.2
01-Apr-18,Imports: Kuwait,433.2
01-Apr-18,Imports: Lao Peo Dem Rep,1.3
01-Apr-18,Imports: Latvia,1.1
01-Apr-18,Imports: Lebanon,0.2
01-Apr-18,Imports: Liberia,0
01-Apr-18,Imports: Lithuania,6.2
01-Apr-18,Imports: Luxembourg,2.2
01-Apr-18,Imports: Macau SAR (China),1.6
01-Apr-18,Imports: Madagascar,14.4
01-Apr-18,Imports: Malaysia,4823.9
01-Apr-18,Imports: Maldives Rep of,0
01-Apr-18,Imports: Malta,16.2
01-Apr-18,Imports: Mauritius,1.6
01-Apr-18,Imports: Mexico,221
01-Apr-18,Imports: Morocco,14.7
01-Apr-18,Imports: Mozambique,2
01-Apr-18,Imports: Myanmar,7.8
01-Apr-18,Imports: Nepal,0.3
01-Apr-18,Imports: Netherlands Antilles,26.7
01-Apr-18,Imports: Netherlands,410.9
01-Apr-18,Imports: New Zealand,54.4
01-Apr-18,Imports: Nigeria,0.2
01-Apr-18,Imports: Northern Mariana Islands,0
01-Apr-18,Imports: Norway,72.3
01-Apr-18,Imports: Oman,11.6
01-Apr-18,Imports: Other Countries of Africa,139.7
01-Apr-18,Imports: Other Countries of America,0.6
01-Apr-18,Imports: Other Countries of Asia,30.3
01-Apr-18,Imports: Other Countries of Europe,9.4
01-Apr-18,Imports: Other Countries of Oceania,0.5
01-Apr-18,Imports: Pakistan,5.9
01-Apr-18,Imports: Panama,0.7
01-Apr-18,Imports: Papua New Guinea,12
01-Apr-18,Imports: Peru,1.6
01-Apr-18,Imports: Philippines,778.3
01-Apr-18,Imports: Poland,49.8
01-Apr-18,Imports: Portugal,52.7
01-Apr-18,Imports: Puerto Rico,58.8
01-Apr-18,Imports: Qatar,596.8
01-Apr-18,Imports: Reunion,0.4
01-Apr-18,Imports: Romania,10.7
01-Apr-18,Imports: Russia,646.1
01-Apr-18,Imports: Saudi Arabia,1712.8
01-Apr-18,Imports: Seychelles,0.1
01-Apr-18,Imports: Slovak Republic,9.6
01-Apr-18,Imports: Slovenia,6.5
01-Apr-18,Imports: Solomon Islands,0
01-Apr-18,Imports: South Africa,68.3
01-Apr-18,Imports: South Korea,1509.5
01-Apr-18,Imports: Spain,176.8
01-Apr-18,Imports: Sri Lanka,13.4
01-Apr-18,Imports: Sudan,0
01-Apr-18,Imports: Sweden,143.4
01-Apr-18,Imports: Switzerland,1010.7
01-Apr-18,Imports: Taiwan,3200.5
01-Apr-18,Imports: Tanzania,0.2
01-Apr-18,Imports: Thailand,853.6
01-Apr-18,Imports: Tunisia,2.5
01-Apr-18,Imports: Turkey,42
01-Apr-18,Imports: USA,4440
01-Apr-18,Imports: Ukraine,1.8
01-Apr-18,Imports: United Arab Emirates,787.7
01-Apr-18,Imports: United Kingdom,536.3
01-Apr-18,Imports: Uruguay,2.3
01-Apr-18,Imports: Vanuatu,0
01-Apr-18,Imports: Venezuela,11
01-Apr-18,Imports: Vietnam,378.5
01-Apr-18,Imports: Yemen,0.3
01-Apr-18,Imports: Zambia,0
01-Apr-18,Imports: Zimbabwe,1
01-May-18,Imports: Afghanistan,0
01-May-18,Imports: Angola,37.3
01-May-18,Imports: Argentina,4.2
01-May-18,Imports: Australia,700.2
01-May-18,Imports: Austria,90.5
01-May-18,Imports: Bahamas,0.4
01-May-18,Imports: Bahrain,3.1
01-May-18,Imports: Bangladesh,28.7
01-May-18,Imports: Belarus,0.5
01-May-18,Imports: Belgium,146.7
01-May-18,Imports: Brazil,88.6
01-May-18,Imports: Brunei,66.5
01-May-18,Imports: Bulgaria,3.3
01-May-18,Imports: Cambodia,10.1
01-May-18,Imports: Cameroon,4.7
01-May-18,Imports: Canada,109.1
01-May-18,Imports: Chile,4.8
01-May-18,Imports: China,5899.3
01-May-18,Imports: Colombia,59.5
01-May-18,Imports: Comoros,0
01-May-18,Imports: Costa Rica,11.5
01-May-18,Imports: Cote D'ivoire,2.3
01-May-18,Imports: Croatia,1.6
01-May-18,Imports: Cuba,0.8
01-May-18,Imports: Cyprus,1.5
01-May-18,"Imports: Czech, Republic",71
01-May-18,Imports: Denmark,147.8
01-May-18,Imports: Djibouti,1
01-May-18,Imports: Dominican Rep,4.8
01-May-18,Imports: Ecuador,1.3
01-May-18,Imports: Egypt,4.3
01-May-18,Imports: El Salvador,1.5
01-May-18,Imports: Estonia,1.5
01-May-18,Imports: Eswatini,0.1
01-May-18,Imports: Ethiopia,0.3
01-May-18,Imports: Fiji,0.7
01-May-18,Imports: Finland,31.8
01-May-18,Imports: France,950
01-May-18,Imports: French Polynesia,0.2
01-May-18,Imports: Gabon,0
01-May-18,Imports: Germany,1125
01-May-18,Imports: Ghana,15.2
01-May-18,Imports: Greece,303.7
01-May-18,Imports: Guam,0.1
01-May-18,Imports: Guatemala,2
01-May-18,Imports: Hong Kong SAR (China),505.2
01-May-18,Imports: Hungary,35.1
01-May-18,Imports: India,779.4
01-May-18,Imports: Indonesia,1741.9
01-May-18,Imports: Iran,2.8
01-May-18,Imports: Ireland,102.8
01-May-18,Imports: Israel,56.8
01-May-18,Imports: Italy,640
01-May-18,Imports: Jamaica,0.1
01-May-18,Imports: Japan,2579.9
01-May-18,Imports: Jordan,2.1
01-May-18,Imports: Kazakhstan,5.4
01-May-18,Imports: Kenya,0.8
01-May-18,Imports: Kuwait,680.8
01-May-18,Imports: Lao Peo Dem Rep,0.7
01-May-18,Imports: Latvia,2.8
01-May-18,Imports: Lebanon,0
01-May-18,Imports: Liberia,0
01-May-18,Imports: Lithuania,67.6
01-May-18,Imports: Luxembourg,4.8
01-May-18,Imports: Macau SAR (China),1.2
01-May-18,Imports: Madagascar,18
01-May-18,Imports: Malaysia,5219
01-May-18,Imports: Maldives Rep of,0.1
01-May-18,Imports: Malta,61.3
01-May-18,Imports: Mauritius,1.2
01-May-18,Imports: Mexico,255.5
01-May-18,Imports: Morocco,15.9
01-May-18,Imports: Mozambique,0.6
01-May-18,Imports: Myanmar,38.4
01-May-18,Imports: Nepal,0.2
01-May-18,Imports: Netherlands Antilles,0.1
01-May-18,Imports: Netherlands,561.2
01-May-18,Imports: New Zealand,80.1
01-May-18,Imports: Nigeria,0.3
01-May-18,Imports: Northern Mariana Islands,0
01-May-18,Imports: Norway,112.2
01-May-18,Imports: Oman,0.6
01-May-18,Imports: Other Countries of Africa,245.1
01-May-18,Imports: Other Countries of America,1.3
01-May-18,Imports: Other Countries of Asia,2.1
01-May-18,Imports: Other Countries of Europe,9.2
01-May-18,Imports: Other Countries of Oceania,2.3
01-May-18,Imports: Pakistan,6.5
01-May-18,Imports: Panama,0.4
01-May-18,Imports: Papua New Guinea,9
01-May-18,Imports: Peru,0.9
01-May-18,Imports: Philippines,909.3
01-May-18,Imports: Poland,65.2
01-May-18,Imports: Portugal,50.4
01-May-18,Imports: Puerto Rico,9.8
01-May-18,Imports: Qatar,608.3
01-May-18,Imports: Reunion,0.1
01-May-18,Imports: Romania,10.9
01-May-18,Imports: Russia,733.3
01-May-18,Imports: Saudi Arabia,1208.5
01-May-18,Imports: Seychelles,0.1
01-May-18,Imports: Slovak Republic,10
01-May-18,Imports: Slovenia,12.6
01-May-18,Imports: Solomon Islands,0.4
01-May-18,Imports: South Africa,56.3
01-May-18,Imports: South Korea,1501.2
01-May-18,Imports: Spain,157.6
01-May-18,Imports: Sri Lanka,8.3
01-May-18,Imports: Sudan,0.2
01-May-18,Imports: Sweden,138.1
01-May-18,Imports: Switzerland,911.9
01-May-18,Imports: Taiwan,3687.4
01-May-18,Imports: Tanzania,8.8
01-May-18,Imports: Thailand,1010
01-May-18,Imports: Tunisia,45.9
01-May-18,Imports: Turkey,45.4
01-May-18,Imports: USA,5017.2
01-May-18,Imports: Ukraine,2.1
01-May-18,Imports: United Arab Emirates,1043.9
01-May-18,Imports: United Kingdom,617.6
01-May-18,Imports: Uruguay,0.3
01-May-18,Imports: Vanuatu,0
01-May-18,Imports: Venezuela,86.8
01-May-18,Imports: Vietnam,380
01-May-18,Imports: Yemen,0.2
01-May-18,Imports: Zambia,14.7
01-May-18,Imports: Zimbabwe,1
01-Jun-18,Imports: Afghanistan,0.4
01-Jun-18,Imports: Angola,0
01-Jun-18,Imports: Argentina,4.6
01-Jun-18,Imports: Australia,710.2
01-Jun-18,Imports: Austria,83.7
01-Jun-18,Imports: Bahamas,0
01-Jun-18,Imports: Bahrain,1.4
01-Jun-18,Imports: Bangladesh,29
01-Jun-18,Imports: Belarus,0.5
01-Jun-18,Imports: Belgium,109.9
01-Jun-18,Imports: Brazil,140.2
01-Jun-18,Imports: Brunei,35.4
01-Jun-18,Imports: Bulgaria,24.6
01-Jun-18,Imports: Cambodia,13.9
01-Jun-18,Imports: Cameroon,3.4
01-Jun-18,Imports: Canada,145.5
01-Jun-18,Imports: Chile,6.1
01-Jun-18,Imports: China,5560.8
01-Jun-18,Imports: Colombia,1.3
01-Jun-18,Imports: Comoros,0
01-Jun-18,Imports: Costa Rica,9.6
01-Jun-18,Imports: Cote D'ivoire,1
01-Jun-18,Imports: Croatia,6
01-Jun-18,Imports: Cuba,1
01-Jun-18,Imports: Cyprus,1.5
01-Jun-18,"Imports: Czech, Republic",56.6
01-Jun-18,Imports: Denmark,50
01-Jun-18,Imports: Djibouti,0
01-Jun-18,Imports: Dominican Rep,5.6
01-Jun-18,Imports: Ecuador,2.2
01-Jun-18,Imports: Egypt,4.8
01-Jun-18,Imports: El Salvador,2.3
01-Jun-18,Imports: Estonia,68.5
01-Jun-18,Imports: Eswatini,1.5
01-Jun-18,Imports: Ethiopia,0.7
01-Jun-18,Imports: Fiji,0.5
01-Jun-18,Imports: Finland,39.1
01-Jun-18,Imports: France,1092.9
01-Jun-18,Imports: French Polynesia,0.1
01-Jun-18,Imports: Gabon,0
01-Jun-18,Imports: Germany,1063.3
01-Jun-18,Imports: Ghana,15.7
01-Jun-18,Imports: Greece,11.1
01-Jun-18,Imports: Guam,0.4
01-Jun-18,Imports: Guatemala,1.6
01-Jun-18,Imports: Hong Kong SAR (China),539.2
01-Jun-18,Imports: Hungary,33.3
01-Jun-18,Imports: India,719.3
01-Jun-18,Imports: Indonesia,1408.7
01-Jun-18,Imports: Iran,1
01-Jun-18,Imports: Ireland,106.3
01-Jun-18,Imports: Israel,78.4
01-Jun-18,Imports: Italy,441.9
01-Jun-18,Imports: Jamaica,0.1
01-Jun-18,Imports: Japan,2341.4
01-Jun-18,Imports: Jordan,1.4
01-Jun-18,Imports: Kazakhstan,35.3
01-Jun-18,Imports: Kenya,0.8
01-Jun-18,Imports: Kuwait,705.5
01-Jun-18,Imports: Lao Peo Dem Rep,1.2
01-Jun-18,Imports: Latvia,68.7
01-Jun-18,Imports: Lebanon,0.5
01-Jun-18,Imports: Liberia,0
01-Jun-18,Imports: Lithuania,134.2
01-Jun-18,Imports: Luxembourg,5.1
01-Jun-18,Imports: Macau SAR (China),1.3
01-Jun-18,Imports: Madagascar,6.8
01-Jun-18,Imports: Malaysia,4611.3
01-Jun-18,Imports: Maldives Rep of,0
01-Jun-18,Imports: Malta,52.7
01-Jun-18,Imports: Mauritius,0.6
01-Jun-18,Imports: Mexico,243.7
01-Jun-18,Imports: Morocco,16.1
01-Jun-18,Imports: Mozambique,0.2
01-Jun-18,Imports: Myanmar,15.2
01-Jun-18,Imports: Nepal,0.3
01-Jun-18,Imports: Netherlands Antilles,0.1
01-Jun-18,Imports: Netherlands,419.5
01-Jun-18,Imports: New Zealand,66.8
01-Jun-18,Imports: Nigeria,2.3
01-Jun-18,Imports: Northern Mariana Islands,0
01-Jun-18,Imports: Norway,53.9
01-Jun-18,Imports: Oman,36.2
01-Jun-18,Imports: Other Countries of Africa,150.6
01-Jun-18,Imports: Other Countries of America,1.8
01-Jun-18,Imports: Other Countries of Asia,0.9
01-Jun-18,Imports: Other Countries of Europe,6.2
01-Jun-18,Imports: Other Countries of Oceania,0.1
01-Jun-18,Imports: Pakistan,8.6
01-Jun-18,Imports: Panama,0.6
01-Jun-18,Imports: Papua New Guinea,49.8
01-Jun-18,Imports: Peru,1.4
01-Jun-18,Imports: Philippines,846.8
01-Jun-18,Imports: Poland,73.4
01-Jun-18,Imports: Portugal,38.6
01-Jun-18,Imports: Puerto Rico,55.6
01-Jun-18,Imports: Qatar,568.5
01-Jun-18,Imports: Reunion,0.1
01-Jun-18,Imports: Romania,9.9
01-Jun-18,Imports: Russia,687.7
01-Jun-18,Imports: Saudi Arabia,1266.7
01-Jun-18,Imports: Seychelles,0
01-Jun-18,Imports: Slovak Republic,9.4
01-Jun-18,Imports: Slovenia,5.4
01-Jun-18,Imports: Solomon Islands,0.3
01-Jun-18,Imports: South Africa,78.5
01-Jun-18,Imports: South Korea,1436.6
01-Jun-18,Imports: Spain,147.5
01-Jun-18,Imports: Sri Lanka,8.2
01-Jun-18,Imports: Sudan,0
01-Jun-18,Imports: Sweden,102.6
01-Jun-18,Imports: Switzerland,1287.4
01-Jun-18,Imports: Taiwan,3644.1
01-Jun-18,Imports: Tanzania,0.1
01-Jun-18,Imports: Thailand,957.3
01-Jun-18,Imports: Tunisia,3.2
01-Jun-18,Imports: Turkey,31
01-Jun-18,Imports: USA,5173
01-Jun-18,Imports: Ukraine,2.3
01-Jun-18,Imports: United Arab Emirates,969
01-Jun-18,Imports: United Kingdom,832.5
01-Jun-18,Imports: Uruguay,1.5
01-Jun-18,Imports: Vanuatu,0
01-Jun-18,Imports: Venezuela,160.6
01-Jun-18,Imports: Vietnam,389.3
01-Jun-18,Imports: Yemen,0.4
01-Jun-18,Imports: Zambia,1.6
01-Jun-18,Imports: Zimbabwe,0.8
01-Jul-18,Imports: Afghanistan,0.1
01-Jul-18,Imports: Angola,0.9
01-Jul-18,Imports: Argentina,6.4
01-Jul-18,Imports: Australia,662.1
01-Jul-18,Imports: Austria,86.1
01-Jul-18,Imports: Bahamas,0
01-Jul-18,Imports: Bahrain,1.4
01-Jul-18,Imports: Bangladesh,30.1
01-Jul-18,Imports: Belarus,0.6
01-Jul-18,Imports: Belgium,134.3
01-Jul-18,Imports: Brazil,167.5
01-Jul-18,Imports: Brunei,34
01-Jul-18,Imports: Bulgaria,3.6
01-Jul-18,Imports: Cambodia,17.1
01-Jul-18,Imports: Cameroon,1.9
01-Jul-18,Imports: Canada,225.6
01-Jul-18,Imports: Chile,6
01-Jul-18,Imports: China,5842.3
01-Jul-18,Imports: Colombia,93
01-Jul-18,Imports: Comoros,0
01-Jul-18,Imports: Costa Rica,11.8
01-Jul-18,Imports: Cote D'ivoire,1.9
01-Jul-18,Imports: Croatia,1.3
01-Jul-18,Imports: Cuba,0.7
01-Jul-18,Imports: Cyprus,2.1
01-Jul-18,"Imports: Czech, Republic",51.1
01-Jul-18,Imports: Denmark,49.7
01-Jul-18,Imports: Djibouti,0.4
01-Jul-18,Imports: Dominican Rep,5.4
01-Jul-18,Imports: Ecuador,3.7
01-Jul-18,Imports: Egypt,50.7
01-Jul-18,Imports: El Salvador,1.7
01-Jul-18,Imports: Estonia,1.3
01-Jul-18,Imports: Eswatini,0.1
01-Jul-18,Imports: Ethiopia,2.6
01-Jul-18,Imports: Fiji,0.3
01-Jul-18,Imports: Finland,26.6
01-Jul-18,Imports: France,1618.8
01-Jul-18,Imports: French Polynesia,0.2
01-Jul-18,Imports: Gabon,0
01-Jul-18,Imports: Germany,1175.8
01-Jul-18,Imports: Ghana,17.1
01-Jul-18,Imports: Greece,10.1
01-Jul-18,Imports: Guam,0
01-Jul-18,Imports: Guatemala,2.7
01-Jul-18,Imports: Hong Kong SAR (China),451.9
01-Jul-18,Imports: Hungary,39.7
01-Jul-18,Imports: India,960.4
01-Jul-18,Imports: Indonesia,1844.1
01-Jul-18,Imports: Iran,0.6
01-Jul-18,Imports: Ireland,106.3
01-Jul-18,Imports: Israel,84
01-Jul-18,Imports: Italy,560.9
01-Jul-18,Imports: Jamaica,0
01-Jul-18,Imports: Japan,2471.7
01-Jul-18,Imports: Jordan,3.2
01-Jul-18,Imports: Kazakhstan,12.8
01-Jul-18,Imports: Kenya,0.6
01-Jul-18,Imports: Kuwait,180.5
01-Jul-18,Imports: Lao Peo Dem Rep,0.9
01-Jul-18,Imports: Latvia,3.3
01-Jul-18,Imports: Lebanon,0.1
01-Jul-18,Imports: Liberia,0
01-Jul-18,Imports: Lithuania,39.1
01-Jul-18,Imports: Luxembourg,6.8
01-Jul-18,Imports: Macau SAR (China),2
01-Jul-18,Imports: Madagascar,2.4
01-Jul-18,Imports: Malaysia,4984.8
01-Jul-18,Imports: Maldives Rep of,1.1
01-Jul-18,Imports: Malta,44.6
01-Jul-18,Imports: Mauritius,1.2
01-Jul-18,Imports: Mexico,262.1
01-Jul-18,Imports: Morocco,16.1
01-Jul-18,Imports: Mozambique,0.1
01-Jul-18,Imports: Myanmar,26.7
01-Jul-18,Imports: Nepal,0.7
01-Jul-18,Imports: Netherlands Antilles,0.1
01-Jul-18,Imports: Netherlands,638.4
01-Jul-18,Imports: New Zealand,107.9
01-Jul-18,Imports: Nigeria,0
01-Jul-18,Imports: Northern Mariana Islands,0
01-Jul-18,Imports: Norway,114.9
01-Jul-18,Imports: Oman,13
01-Jul-18,Imports: Other Countries of Africa,111.9
01-Jul-18,Imports: Other Countries of America,0.6
01-Jul-18,Imports: Other Countries of Asia,1.6
01-Jul-18,Imports: Other Countries of Europe,6.5
01-Jul-18,Imports: Other Countries of Oceania,1.6
01-Jul-18,Imports: Pakistan,6.5
01-Jul-18,Imports: Panama,0.3
01-Jul-18,Imports: Papua New Guinea,0.8
01-Jul-18,Imports: Peru,1.3
01-Jul-18,Imports: Philippines,907.3
01-Jul-18,Imports: Poland,45.3
01-Jul-18,Imports: Portugal,39.5
01-Jul-18,Imports: Puerto Rico,14.8
01-Jul-18,Imports: Qatar,921.6
01-Jul-18,Imports: Reunion,0.1
01-Jul-18,Imports: Romania,12.2
01-Jul-18,Imports: Russia,643.4
01-Jul-18,Imports: Saudi Arabia,1621.8
01-Jul-18,Imports: Seychelles,0.2
01-Jul-18,Imports: Slovak Republic,14.4
01-Jul-18,Imports: Slovenia,7.5
01-Jul-18,Imports: Solomon Islands,0
01-Jul-18,Imports: South Africa,79.7
01-Jul-18,Imports: South Korea,1696
01-Jul-18,Imports: Spain,182.8
01-Jul-18,Imports: Sri Lanka,12.8
01-Jul-18,Imports: Sudan,0
01-Jul-18,Imports: Sweden,136.4
01-Jul-18,Imports: Switzerland,1632.1
01-Jul-18,Imports: Taiwan,4119
01-Jul-18,Imports: Tanzania,0.2
01-Jul-18,Imports: Thailand,962.3
01-Jul-18,Imports: Tunisia,1.5
01-Jul-18,Imports: Turkey,37.3
01-Jul-18,Imports: USA,4782.8
01-Jul-18,Imports: Ukraine,35.7
01-Jul-18,Imports: United Arab Emirates,1265.4
01-Jul-18,Imports: United Kingdom,1223.3
01-Jul-18,Imports: Uruguay,3.5
01-Jul-18,Imports: Vanuatu,0.1
01-Jul-18,Imports: Venezuela,0
01-Jul-18,Imports: Vietnam,442
01-Jul-18,Imports: Yemen,0.3
01-Jul-18,Imports: Zambia,0.7
01-Jul-18,Imports: Zimbabwe,2.5
01-Aug-18,Imports: Afghanistan,0.1
01-Aug-18,Imports: Angola,0.4
01-Aug-18,Imports: Argentina,4.8
01-Aug-18,Imports: Australia,673.3
01-Aug-18,Imports: Austria,88.5
01-Aug-18,Imports: Bahamas,12.9
01-Aug-18,Imports: Bahrain,54.8
01-Aug-18,Imports: Bangladesh,45.9
01-Aug-18,Imports: Belarus,1.7
01-Aug-18,Imports: Belgium,209.9
01-Aug-18,Imports: Brazil,222.7
01-Aug-18,Imports: Brunei,37.3
01-Aug-18,Imports: Bulgaria,3.3
01-Aug-18,Imports: Cambodia,17.8
01-Aug-18,Imports: Cameroon,1.5
01-Aug-18,Imports: Canada,265.9
01-Aug-18,Imports: Chile,5.1
01-Aug-18,Imports: China,5730
01-Aug-18,Imports: Colombia,23.4
01-Aug-18,Imports: Comoros,0
01-Aug-18,Imports: Costa Rica,7.9
01-Aug-18,Imports: Cote D'ivoire,2.6
01-Aug-18,Imports: Croatia,1.8
01-Aug-18,Imports: Cuba,0.5
01-Aug-18,Imports: Cyprus,12.1
01-Aug-18,"Imports: Czech, Republic",47.8
01-Aug-18,Imports: Denmark,53.4
01-Aug-18,Imports: Djibouti,0
01-Aug-18,Imports: Dominican Rep,4
01-Aug-18,Imports: Ecuador,2.4
01-Aug-18,Imports: Egypt,32.6
01-Aug-18,Imports: El Salvador,1.2
01-Aug-18,Imports: Estonia,5.5
01-Aug-18,Imports: Eswatini,0
01-Aug-18,Imports: Ethiopia,0.7
01-Aug-18,Imports: Fiji,0.5
01-Aug-18,Imports: Finland,31.8
01-Aug-18,Imports: France,1232.3
01-Aug-18,Imports: French Polynesia,0.1
01-Aug-18,Imports: Gabon,0
01-Aug-18,Imports: Germany,1198.1
01-Aug-18,Imports: Ghana,17.5
01-Aug-18,Imports: Greece,9.6
01-Aug-18,Imports: Guam,0
01-Aug-18,Imports: Guatemala,1.9
01-Aug-18,Imports: Hong Kong SAR (China),398.6
01-Aug-18,Imports: Hungary,30.5
01-Aug-18,Imports: India,861.5
01-Aug-18,Imports: Indonesia,1792.1
01-Aug-18,Imports: Iran,0.9
01-Aug-18,Imports: Ireland,132.1
01-Aug-18,Imports: Israel,64.8
01-Aug-18,Imports: Italy,559.9
01-Aug-18,Imports: Jamaica,0
01-Aug-18,Imports: Japan,2276.1
01-Aug-18,Imports: Jordan,3
01-Aug-18,Imports: Kazakhstan,2.1
01-Aug-18,Imports: Kenya,0.5
01-Aug-18,Imports: Kuwait,452.8
01-Aug-18,Imports: Lao Peo Dem Rep,0.4
01-Aug-18,Imports: Latvia,75.9
01-Aug-18,Imports: Lebanon,0.2
01-Aug-18,Imports: Liberia,0
01-Aug-18,Imports: Lithuania,43.2
01-Aug-18,Imports: Luxembourg,3.2
01-Aug-18,Imports: Macau SAR (China),1.8
01-Aug-18,Imports: Madagascar,0.6
01-Aug-18,Imports: Malaysia,4849.4
01-Aug-18,Imports: Maldives Rep of,0.1
01-Aug-18,Imports: Malta,57
01-Aug-18,Imports: Mauritius,1.3
01-Aug-18,Imports: Mexico,289.1
01-Aug-18,Imports: Morocco,13.7
01-Aug-18,Imports: Mozambique,0.2
01-Aug-18,Imports: Myanmar,30.5
01-Aug-18,Imports: Nepal,0.6
01-Aug-18,Imports: Netherlands Antilles,0.2
01-Aug-18,Imports: Netherlands,466
01-Aug-18,Imports: New Zealand,101.8
01-Aug-18,Imports: Nigeria,9.1
01-Aug-18,Imports: Northern Mariana Islands,0
01-Aug-18,Imports: Norway,104.3
01-Aug-18,Imports: Oman,22.4
01-Aug-18,Imports: Other Countries of Africa,37
01-Aug-18,Imports: Other Countries of America,1.7
01-Aug-18,Imports: Other Countries of Asia,1.1
01-Aug-18,Imports: Other Countries of Europe,10.9
01-Aug-18,Imports: Other Countries of Oceania,0.8
01-Aug-18,Imports: Pakistan,7.8
01-Aug-18,Imports: Panama,64.3
01-Aug-18,Imports: Papua New Guinea,50.7
01-Aug-18,Imports: Peru,1.3
01-Aug-18,Imports: Philippines,904.6
01-Aug-18,Imports: Poland,62
01-Aug-18,Imports: Portugal,52.3
01-Aug-18,Imports: Puerto Rico,15
01-Aug-18,Imports: Qatar,887.3
01-Aug-18,Imports: Reunion,0
01-Aug-18,Imports: Romania,11.7
01-Aug-18,Imports: Russia,648.7
01-Aug-18,Imports: Saudi Arabia,1258.9
01-Aug-18,Imports: Seychelles,0.1
01-Aug-18,Imports: Slovak Republic,14
01-Aug-18,Imports: Slovenia,7.8
01-Aug-18,Imports: Solomon Islands,0
01-Aug-18,Imports: South Africa,180.6
01-Aug-18,Imports: South Korea,1742.9
01-Aug-18,Imports: Spain,168.7
01-Aug-18,Imports: Sri Lanka,11.5
01-Aug-18,Imports: Sudan,0
01-Aug-18,Imports: Sweden,138.3
01-Aug-18,Imports: Switzerland,1451.6
01-Aug-18,Imports: Taiwan,3790.2
01-Aug-18,Imports: Tanzania,0.5
01-Aug-18,Imports: Thailand,1053.7
01-Aug-18,Imports: Tunisia,5.5
01-Aug-18,Imports: Turkey,39.8
01-Aug-18,Imports: USA,5016.8
01-Aug-18,Imports: Ukraine,24.5
01-Aug-18,Imports: United Arab Emirates,1224.3
01-Aug-18,Imports: United Kingdom,1260.3
01-Aug-18,Imports: Uruguay,3.2
01-Aug-18,Imports: Vanuatu,0
01-Aug-18,Imports: Venezuela,85.8
01-Aug-18,Imports: Vietnam,418.7
01-Aug-18,Imports: Yemen,0.4
01-Aug-18,Imports: Zambia,24.7
01-Aug-18,Imports: Zimbabwe,1.2
01-Sep-18,Imports: Afghanistan,0.5
01-Sep-18,Imports: Angola,0
01-Sep-18,Imports: Argentina,6.4
01-Sep-18,Imports: Australia,550.6
01-Sep-18,Imports: Austria,108.5
01-Sep-18,Imports: Bahamas,0
01-Sep-18,Imports: Bahrain,1.7
01-Sep-18,Imports: Bangladesh,31.2
01-Sep-18,Imports: Belarus,1.7
01-Sep-18,Imports: Belgium,206
01-Sep-18,Imports: Brazil,194.3
01-Sep-18,Imports: Brunei,45.8
01-Sep-18,Imports: Bulgaria,8.1
01-Sep-18,Imports: Cambodia,8.1
01-Sep-18,Imports: Cameroon,1.2
01-Sep-18,Imports: Canada,211.4
01-Sep-18,Imports: Chile,4.6
01-Sep-18,Imports: China,5370.5
01-Sep-18,Imports: Colombia,64
01-Sep-18,Imports: Comoros,0
01-Sep-18,Imports: Costa Rica,8.3
01-Sep-18,Imports: Cote D'ivoire,0.4
01-Sep-18,Imports: Croatia,2.4
01-Sep-18,Imports: Cuba,0.8
01-Sep-18,Imports: Cyprus,10.2
01-Sep-18,"Imports: Czech, Republic",58.7
01-Sep-18,Imports: Denmark,98.3
01-Sep-18,Imports: Djibouti,0.3
01-Sep-18,Imports: Dominican Rep,4.4
01-Sep-18,Imports: Ecuador,2.4
01-Sep-18,Imports: Egypt,42.2
01-Sep-18,Imports: El Salvador,0.8
01-Sep-18,Imports: Estonia,2.5
01-Sep-18,Imports: Eswatini,0
01-Sep-18,Imports: Ethiopia,0.6
01-Sep-18,Imports: Fiji,0.5
01-Sep-18,Imports: Finland,32.6
01-Sep-18,Imports: France,1526.1
01-Sep-18,Imports: French Polynesia,0.2
01-Sep-18,Imports: Gabon,0
01-Sep-18,Imports: Germany,1171.8
01-Sep-18,Imports: Ghana,10
01-Sep-18,Imports: Greece,82.7
01-Sep-18,Imports: Guam,0.1
01-Sep-18,Imports: Guatemala,2.5
01-Sep-18,Imports: Hong Kong SAR (China),467.7
01-Sep-18,Imports: Hungary,27.4
01-Sep-18,Imports: India,821.9
01-Sep-18,Imports: Indonesia,1621.9
01-Sep-18,Imports: Iran,1.2
01-Sep-18,Imports: Ireland,117.4
01-Sep-18,Imports: Israel,56.5
01-Sep-18,Imports: Italy,323
01-Sep-18,Imports: Jamaica,0
01-Sep-18,Imports: Japan,2491.9
01-Sep-18,Imports: Jordan,2.5
01-Sep-18,Imports: Kazakhstan,111
01-Sep-18,Imports: Kenya,0.7
01-Sep-18,Imports: Kuwait,448.6
01-Sep-18,Imports: Lao Peo Dem Rep,0.6
01-Sep-18,Imports: Latvia,154.4
01-Sep-18,Imports: Lebanon,0.1
01-Sep-18,Imports: Liberia,0
01-Sep-18,Imports: Lithuania,52.2
01-Sep-18,Imports: Luxembourg,4.3
01-Sep-18,Imports: Macau SAR (China),1.8
01-Sep-18,Imports: Madagascar,2.3
01-Sep-18,Imports: Malaysia,4591.9
01-Sep-18,Imports: Maldives Rep of,0.1
01-Sep-18,Imports: Malta,43.2
01-Sep-18,Imports: Mauritius,1.1
01-Sep-18,Imports: Mexico,241.6
01-Sep-18,Imports: Morocco,14.5
01-Sep-18,Imports: Mozambique,0.4
01-Sep-18,Imports: Myanmar,10.1
01-Sep-18,Imports: Nepal,0.1
01-Sep-18,Imports: Netherlands Antilles,0.1
01-Sep-18,Imports: Netherlands,504.7
01-Sep-18,Imports: New Zealand,101.7
01-Sep-18,Imports: Nigeria,9.5
01-Sep-18,Imports: Northern Mariana Islands,0
01-Sep-18,Imports: Norway,45.2
01-Sep-18,Imports: Oman,13.3
01-Sep-18,Imports: Other Countries of Africa,132.3
01-Sep-18,Imports: Other Countries of America,1
01-Sep-18,Imports: Other Countries of Asia,5
01-Sep-18,Imports: Other Countries of Europe,12.4
01-Sep-18,Imports: Other Countries of Oceania,0.1
01-Sep-18,Imports: Pakistan,7
01-Sep-18,Imports: Panama,0.1
01-Sep-18,Imports: Papua New Guinea,33
01-Sep-18,Imports: Peru,1.4
01-Sep-18,Imports: Philippines,1021.4
01-Sep-18,Imports: Poland,48
01-Sep-18,Imports: Portugal,35.8
01-Sep-18,Imports: Puerto Rico,42.8
01-Sep-18,Imports: Qatar,791.1
01-Sep-18,Imports: Reunion,1.4
01-Sep-18,Imports: Romania,10.3
01-Sep-18,Imports: Russia,538.8
01-Sep-18,Imports: Saudi Arabia,1461
01-Sep-18,Imports: Seychelles,0
01-Sep-18,Imports: Slovak Republic,10.6
01-Sep-18,Imports: Slovenia,6.4
01-Sep-18,Imports: Solomon Islands,0
01-Sep-18,Imports: South Africa,43.1
01-Sep-18,Imports: South Korea,1719
01-Sep-18,Imports: Spain,145.4
01-Sep-18,Imports: Sri Lanka,9.8
01-Sep-18,Imports: Sudan,0.1
01-Sep-18,Imports: Sweden,91.4
01-Sep-18,Imports: Switzerland,1123.6
01-Sep-18,Imports: Taiwan,3590.9
01-Sep-18,Imports: Tanzania,2
01-Sep-18,Imports: Thailand,867
01-Sep-18,Imports: Tunisia,1.8
01-Sep-18,Imports: Turkey,126.3
01-Sep-18,Imports: USA,4583.3
01-Sep-18,Imports: Ukraine,21.6
01-Sep-18,Imports: United Arab Emirates,1044.9
01-Sep-18,Imports: United Kingdom,916.7
01-Sep-18,Imports: Uruguay,2.6
01-Sep-18,Imports: Vanuatu,0
01-Sep-18,Imports: Venezuela,93.4
01-Sep-18,Imports: Vietnam,421.6
01-Sep-18,Imports: Yemen,0.3
01-Sep-18,Imports: Zambia,0
01-Sep-18,Imports: Zimbabwe,1.9
01-Oct-18,Imports: Afghanistan,0.1
01-Oct-18,Imports: Angola,0.1
01-Oct-18,Imports: Argentina,8
01-Oct-18,Imports: Australia,635.2
01-Oct-18,Imports: Austria,97
01-Oct-18,Imports: Bahamas,6.6
01-Oct-18,Imports: Bahrain,33.3
01-Oct-18,Imports: Bangladesh,37.2
01-Oct-18,Imports: Belarus,1
01-Oct-18,Imports: Belgium,156.3
01-Oct-18,Imports: Brazil,203.6
01-Oct-18,Imports: Brunei,153.5
01-Oct-18,Imports: Bulgaria,3.2
01-Oct-18,Imports: Cambodia,10.6
01-Oct-18,Imports: Cameroon,1.1
01-Oct-18,Imports: Canada,176
01-Oct-18,Imports: Chile,8.7
01-Oct-18,Imports: China,5974.4
01-Oct-18,Imports: Colombia,1.6
01-Oct-18,Imports: Comoros,0.1
01-Oct-18,Imports: Costa Rica,10
01-Oct-18,Imports: Cote D'ivoire,0.7
01-Oct-18,Imports: Croatia,2.2
01-Oct-18,Imports: Cuba,0.6
01-Oct-18,Imports: Cyprus,1.1
01-Oct-18,"Imports: Czech, Republic",61.3
01-Oct-18,Imports: Denmark,52.7
01-Oct-18,Imports: Djibouti,0.1
01-Oct-18,Imports: Dominican Rep,3.8
01-Oct-18,Imports: Ecuador,1.4
01-Oct-18,Imports: Egypt,24.7
01-Oct-18,Imports: El Salvador,1.4
01-Oct-18,Imports: Estonia,2.7
01-Oct-18,Imports: Eswatini,0.4
01-Oct-18,Imports: Ethiopia,1.3
01-Oct-18,Imports: Fiji,0.6
01-Oct-18,Imports: Finland,40.2
01-Oct-18,Imports: France,1500
01-Oct-18,Imports: French Polynesia,0.2
01-Oct-18,Imports: Gabon,0
01-Oct-18,Imports: Germany,1222
01-Oct-18,Imports: Ghana,13.8
01-Oct-18,Imports: Greece,10.3
01-Oct-18,Imports: Guam,0
01-Oct-18,Imports: Guatemala,0.4
01-Oct-18,Imports: Hong Kong SAR (China),442.8
01-Oct-18,Imports: Hungary,37.7
01-Oct-18,Imports: India,1054.9
01-Oct-18,Imports: Indonesia,2001.4
01-Oct-18,Imports: Iran,0.4
01-Oct-18,Imports: Ireland,112.7
01-Oct-18,Imports: Israel,53.1
01-Oct-18,Imports: Italy,499.4
01-Oct-18,Imports: Jamaica,0
01-Oct-18,Imports: Japan,2830.2
01-Oct-18,Imports: Jordan,0.8
01-Oct-18,Imports: Kazakhstan,0
01-Oct-18,Imports: Kenya,5.7
01-Oct-18,Imports: Kuwait,430.5
01-Oct-18,Imports: Lao Peo Dem Rep,0.3
01-Oct-18,Imports: Latvia,3.2
01-Oct-18,Imports: Lebanon,0
01-Oct-18,Imports: Liberia,0
01-Oct-18,Imports: Lithuania,12.9
01-Oct-18,Imports: Luxembourg,37.3
01-Oct-18,Imports: Macau SAR (China),2
01-Oct-18,Imports: Madagascar,1.1
01-Oct-18,Imports: Malaysia,5612.9
01-Oct-18,Imports: Maldives Rep of,0
01-Oct-18,Imports: Malta,37.6
01-Oct-18,Imports: Mauritius,1.5
01-Oct-18,Imports: Mexico,243
01-Oct-18,Imports: Morocco,16.6
01-Oct-18,Imports: Mozambique,0.7
01-Oct-18,Imports: Myanmar,13.7
01-Oct-18,Imports: Nepal,0.3
01-Oct-18,Imports: Netherlands Antilles,0
01-Oct-18,Imports: Netherlands,374.2
01-Oct-18,Imports: New Zealand,93.9
01-Oct-18,Imports: Nigeria,71.9
01-Oct-18,Imports: Northern Mariana Islands,0
01-Oct-18,Imports: Norway,57.9
01-Oct-18,Imports: Oman,69.4
01-Oct-18,Imports: Other Countries of Africa,54.2
01-Oct-18,Imports: Other Countries of America,1.2
01-Oct-18,Imports: Other Countries of Asia,1.3
01-Oct-18,Imports: Other Countries of Europe,14.1
01-Oct-18,Imports: Other Countries of Oceania,0.1
01-Oct-18,Imports: Pakistan,6.5
01-Oct-18,Imports: Panama,0.1
01-Oct-18,Imports: Papua New Guinea,70.8
01-Oct-18,Imports: Peru,3
01-Oct-18,Imports: Philippines,944.5
01-Oct-18,Imports: Poland,44.2
01-Oct-18,Imports: Portugal,39.4
01-Oct-18,Imports: Puerto Rico,25
01-Oct-18,Imports: Qatar,1019
01-Oct-18,Imports: Reunion,0.1
01-Oct-18,Imports: Romania,15.8
01-Oct-18,Imports: Russia,688
01-Oct-18,Imports: Saudi Arabia,1944.4
01-Oct-18,Imports: Seychelles,0
01-Oct-18,Imports: Slovak Republic,15
01-Oct-18,Imports: Slovenia,9.6
01-Oct-18,Imports: Solomon Islands,0.7
01-Oct-18,Imports: South Africa,66.4
01-Oct-18,Imports: South Korea,2007.8
01-Oct-18,Imports: Spain,112.9
01-Oct-18,Imports: Sri Lanka,11.5
01-Oct-18,Imports: Sudan,0
01-Oct-18,Imports: Sweden,180.4
01-Oct-18,Imports: Switzerland,1304.7
01-Oct-18,Imports: Taiwan,3923.5
01-Oct-18,Imports: Tanzania,1.7
01-Oct-18,Imports: Thailand,1030
01-Oct-18,Imports: Tunisia,2.2
01-Oct-18,Imports: Turkey,60.4
01-Oct-18,Imports: USA,5659.7
01-Oct-18,Imports: Ukraine,28.1
01-Oct-18,Imports: United Arab Emirates,1238.3
01-Oct-18,Imports: United Kingdom,1031
01-Oct-18,Imports: Uruguay,3.2
01-Oct-18,Imports: Vanuatu,0.1
01-Oct-18,Imports: Venezuela,51.4
01-Oct-18,Imports: Vietnam,387.7
01-Oct-18,Imports: Yemen,0.3
01-Oct-18,Imports: Zambia,5.2
01-Oct-18,Imports: Zimbabwe,3.7
01-Nov-18,Imports: Afghanistan,0
01-Nov-18,Imports: Angola,0.4
01-Nov-18,Imports: Argentina,6.6
01-Nov-18,Imports: Australia,765.6
01-Nov-18,Imports: Austria,87.9
01-Nov-18,Imports: Bahamas,0
01-Nov-18,Imports: Bahrain,0.9
01-Nov-18,Imports: Bangladesh,31.9
01-Nov-18,Imports: Belarus,2.1
01-Nov-18,Imports: Belgium,124.4
01-Nov-18,Imports: Brazil,199.9
01-Nov-18,Imports: Brunei,90.1
01-Nov-18,Imports: Bulgaria,30.7
01-Nov-18,Imports: Cambodia,14.4
01-Nov-18,Imports: Cameroon,1.1
01-Nov-18,Imports: Canada,230.3
01-Nov-18,Imports: Chile,8.1
01-Nov-18,Imports: China,5832.5
01-Nov-18,Imports: Colombia,92.7
01-Nov-18,Imports: Comoros,0
01-Nov-18,Imports: Costa Rica,10.5
01-Nov-18,Imports: Cote D'ivoire,0.6
01-Nov-18,Imports: Croatia,2
01-Nov-18,Imports: Cuba,1.8
01-Nov-18,Imports: Cyprus,1.2
01-Nov-18,"Imports: Czech, Republic",47
01-Nov-18,Imports: Denmark,45
01-Nov-18,Imports: Djibouti,0.2
01-Nov-18,Imports: Dominican Rep,3.8
01-Nov-18,Imports: Ecuador,1.1
01-Nov-18,Imports: Egypt,34
01-Nov-18,Imports: El Salvador,1.4
01-Nov-18,Imports: Estonia,39.8
01-Nov-18,Imports: Eswatini,0
01-Nov-18,Imports: Ethiopia,0.8
01-Nov-18,Imports: Fiji,0.8
01-Nov-18,Imports: Finland,34.6
01-Nov-18,Imports: France,1673
01-Nov-18,Imports: French Polynesia,0.2
01-Nov-18,Imports: Gabon,0.1
01-Nov-18,Imports: Germany,1144.1
01-Nov-18,Imports: Ghana,12
01-Nov-18,Imports: Greece,9.2
01-Nov-18,Imports: Guam,0.1
01-Nov-18,Imports: Guatemala,0.3
01-Nov-18,Imports: Hong Kong SAR (China),354.9
01-Nov-18,Imports: Hungary,32.8
01-Nov-18,Imports: India,951.8
01-Nov-18,Imports: Indonesia,1563.3
01-Nov-18,Imports: Iran,0.4
01-Nov-18,Imports: Ireland,114.5
01-Nov-18,Imports: Israel,63.2
01-Nov-18,Imports: Italy,518.8
01-Nov-18,Imports: Jamaica,0
01-Nov-18,Imports: Japan,2615
01-Nov-18,Imports: Jordan,3.2
01-Nov-18,Imports: Kazakhstan,117.5
01-Nov-18,Imports: Kenya,0.5
01-Nov-18,Imports: Kuwait,411.8
01-Nov-18,Imports: Lao Peo Dem Rep,1
01-Nov-18,Imports: Latvia,76.5
01-Nov-18,Imports: Lebanon,0.2
01-Nov-18,Imports: Liberia,0
01-Nov-18,Imports: Lithuania,14.2
01-Nov-18,Imports: Luxembourg,1.4
01-Nov-18,Imports: Macau SAR (China),1.8
01-Nov-18,Imports: Madagascar,0.7
01-Nov-18,Imports: Malaysia,4880
01-Nov-18,Imports: Maldives Rep of,0
01-Nov-18,Imports: Malta,138.9
01-Nov-18,Imports: Mauritius,1.6
01-Nov-18,Imports: Mexico,290.5
01-Nov-18,Imports: Morocco,21.4
01-Nov-18,Imports: Mozambique,3
01-Nov-18,Imports: Myanmar,20.9
01-Nov-18,Imports: Nepal,0.2
01-Nov-18,Imports: Netherlands Antilles,28.3
01-Nov-18,Imports: Netherlands,401.2
01-Nov-18,Imports: New Zealand,103.3
01-Nov-18,Imports: Nigeria,0.2
01-Nov-18,Imports: Northern Mariana Islands,0
01-Nov-18,Imports: Norway,127.5
01-Nov-18,Imports: Oman,230.4
01-Nov-18,Imports: Other Countries of Africa,125
01-Nov-18,Imports: Other Countries of America,1.1
01-Nov-18,Imports: Other Countries of Asia,4.5
01-Nov-18,Imports: Other Countries of Europe,8
01-Nov-18,Imports: Other Countries of Oceania,0.8
01-Nov-18,Imports: Pakistan,7.1
01-Nov-18,Imports: Panama,0.7
01-Nov-18,Imports: Papua New Guinea,3.6
01-Nov-18,Imports: Peru,2.9
01-Nov-18,Imports: Philippines,1013.6
01-Nov-18,Imports: Poland,74.3
01-Nov-18,Imports: Portugal,53.8
01-Nov-18,Imports: Puerto Rico,9.2
01-Nov-18,Imports: Qatar,938.2
01-Nov-18,Imports: Reunion,0.1
01-Nov-18,Imports: Romania,16.9
01-Nov-18,Imports: Russia,698.8
01-Nov-18,Imports: Saudi Arabia,1843.6
01-Nov-18,Imports: Seychelles,0
01-Nov-18,Imports: Slovak Republic,12.8
01-Nov-18,Imports: Slovenia,6.1
01-Nov-18,Imports: Solomon Islands,0.8
01-Nov-18,Imports: South Africa,59.9
01-Nov-18,Imports: South Korea,1550.8
01-Nov-18,Imports: Spain,119.4
01-Nov-18,Imports: Sri Lanka,8.9
01-Nov-18,Imports: Sudan,0
01-Nov-18,Imports: Sweden,134.5
01-Nov-18,Imports: Switzerland,1242.9
01-Nov-18,Imports: Taiwan,4020.5
01-Nov-18,Imports: Tanzania,1.4
01-Nov-18,Imports: Thailand,912.4
01-Nov-18,Imports: Tunisia,2.4
01-Nov-18,Imports: Turkey,149.3
01-Nov-18,Imports: USA,5055
01-Nov-18,Imports: Ukraine,14.5
01-Nov-18,Imports: United Arab Emirates,1171.6
01-Nov-18,Imports: United Kingdom,984
01-Nov-18,Imports: Uruguay,1.6
01-Nov-18,Imports: Vanuatu,0
01-Nov-18,Imports: Venezuela,67.7
01-Nov-18,Imports: Vietnam,400.8
01-Nov-18,Imports: Yemen,0.2
01-Nov-18,Imports: Zambia,40.2
01-Nov-18,Imports: Zimbabwe,0.4
01-Dec-18,Imports: Afghanistan,0.1
01-Dec-18,Imports: Angola,10.9
01-Dec-18,Imports: Argentina,5.9
01-Dec-18,Imports: Australia,744.8
01-Dec-18,Imports: Austria,86.5
01-Dec-18,Imports: Bahamas,34.2
01-Dec-18,Imports: Bahrain,47
01-Dec-18,Imports: Bangladesh,23.3
01-Dec-18,Imports: Belarus,0.9
01-Dec-18,Imports: Belgium,208.4
01-Dec-18,Imports: Brazil,205.9
01-Dec-18,Imports: Brunei,83.3
01-Dec-18,Imports: Bulgaria,44.4
01-Dec-18,Imports: Cambodia,12.8
01-Dec-18,Imports: Cameroon,37.5
01-Dec-18,Imports: Canada,205
01-Dec-18,Imports: Chile,43.4
01-Dec-18,Imports: China,5709
01-Dec-18,Imports: Colombia,119.1
01-Dec-18,Imports: Comoros,0.5
01-Dec-18,Imports: Costa Rica,9.2
01-Dec-18,Imports: Cote D'ivoire,0.1
01-Dec-18,Imports: Croatia,1
01-Dec-18,Imports: Cuba,0.5
01-Dec-18,Imports: Cyprus,20.6
01-Dec-18,"Imports: Czech, Republic",60.7
01-Dec-18,Imports: Denmark,54.2
01-Dec-18,Imports: Djibouti,0.1
01-Dec-18,Imports: Dominican Rep,5.3
01-Dec-18,Imports: Ecuador,1.3
01-Dec-18,Imports: Egypt,24.6
01-Dec-18,Imports: El Salvador,1.4
01-Dec-18,Imports: Estonia,5.9
01-Dec-18,Imports: Eswatini,0
01-Dec-18,Imports: Ethiopia,0.5
01-Dec-18,Imports: Fiji,0.2
01-Dec-18,Imports: Finland,48
01-Dec-18,Imports: France,1578.8
01-Dec-18,Imports: French Polynesia,0.2
01-Dec-18,Imports: Gabon,26.9
01-Dec-18,Imports: Germany,1141.4
01-Dec-18,Imports: Ghana,11.4
01-Dec-18,Imports: Greece,60.5
01-Dec-18,Imports: Guam,0
01-Dec-18,Imports: Guatemala,2.4
01-Dec-18,Imports: Hong Kong SAR (China),346.4
01-Dec-18,Imports: Hungary,30.4
01-Dec-18,Imports: India,761.9
01-Dec-18,Imports: Indonesia,1824.9
01-Dec-18,Imports: Iran,0.9
01-Dec-18,Imports: Ireland,134.4
01-Dec-18,Imports: Israel,73
01-Dec-18,Imports: Italy,554.9
01-Dec-18,Imports: Jamaica,0
01-Dec-18,Imports: Japan,2594.3
01-Dec-18,Imports: Jordan,2
01-Dec-18,Imports: Kazakhstan,0
01-Dec-18,Imports: Kenya,0.8
01-Dec-18,Imports: Kuwait,390
01-Dec-18,Imports: Lao Peo Dem Rep,1.7
01-Dec-18,Imports: Latvia,3.5
01-Dec-18,Imports: Lebanon,0.1
01-Dec-18,Imports: Liberia,0
01-Dec-18,Imports: Lithuania,21.8
01-Dec-18,Imports: Luxembourg,43.7
01-Dec-18,Imports: Macau SAR (China),2.2
01-Dec-18,Imports: Madagascar,0.7
01-Dec-18,Imports: Malaysia,4874.2
01-Dec-18,Imports: Maldives Rep of,0
01-Dec-18,Imports: Malta,20.5
01-Dec-18,Imports: Mauritius,2.9
01-Dec-18,Imports: Mexico,326.8
01-Dec-18,Imports: Morocco,24.2
01-Dec-18,Imports: Mozambique,0.5
01-Dec-18,Imports: Myanmar,14.3
01-Dec-18,Imports: Nepal,0.2
01-Dec-18,Imports: Netherlands Antilles,0
01-Dec-18,Imports: Netherlands,482.5
01-Dec-18,Imports: New Zealand,88
01-Dec-18,Imports: Nigeria,8
01-Dec-18,Imports: Northern Mariana Islands,0
01-Dec-18,Imports: Norway,48.8
01-Dec-18,Imports: Oman,2.7
01-Dec-18,Imports: Other Countries of Africa,52.6
01-Dec-18,Imports: Other Countries of America,0.5
01-Dec-18,Imports: Other Countries of Asia,5.8
01-Dec-18,Imports: Other Countries of Europe,5.9
01-Dec-18,Imports: Other Countries of Oceania,0.6
01-Dec-18,Imports: Pakistan,9.4
01-Dec-18,Imports: Panama,0.4
01-Dec-18,Imports: Papua New Guinea,61
01-Dec-18,Imports: Peru,1.2
01-Dec-18,Imports: Philippines,836.3
01-Dec-18,Imports: Poland,44.4
01-Dec-18,Imports: Portugal,41.9
01-Dec-18,Imports: Puerto Rico,20.7
01-Dec-18,Imports: Qatar,763.4
01-Dec-18,Imports: Reunion,0.1
01-Dec-18,Imports: Romania,14.9
01-Dec-18,Imports: Russia,714.4
01-Dec-18,Imports: Saudi Arabia,1259.9
01-Dec-18,Imports: Seychelles,0
01-Dec-18,Imports: Slovak Republic,15
01-Dec-18,Imports: Slovenia,9.6
01-Dec-18,Imports: Solomon Islands,0
01-Dec-18,Imports: South Africa,60.1
01-Dec-18,Imports: South Korea,1497.8
01-Dec-18,Imports: Spain,114.8
01-Dec-18,Imports: Sri Lanka,9.7
01-Dec-18,Imports: Sudan,0
01-Dec-18,Imports: Sweden,113.5
01-Dec-18,Imports: Switzerland,958.9
01-Dec-18,Imports: Taiwan,3589.3
01-Dec-18,Imports: Tanzania,4.7
01-Dec-18,Imports: Thailand,864.1
01-Dec-18,Imports: Tunisia,6.8
01-Dec-18,Imports: Turkey,115.8
01-Dec-18,Imports: USA,5077.3
01-Dec-18,Imports: Ukraine,37.1
01-Dec-18,Imports: United Arab Emirates,1081
01-Dec-18,Imports: United Kingdom,1020.6
01-Dec-18,Imports: Uruguay,1.1
01-Dec-18,Imports: Vanuatu,0.3
01-Dec-18,Imports: Venezuela,119.3
01-Dec-18,Imports: Vietnam,384.3
01-Dec-18,Imports: Yemen,0.2
01-Dec-18,Imports: Zambia,6
01-Dec-18,Imports: Zimbabwe,2.6
01-Jan-19,Imports: Afghanistan,0
01-Jan-19,Imports: Angola,0.2
01-Jan-19,Imports: Argentina,13.2
01-Jan-19,Imports: Australia,533.9
01-Jan-19,Imports: Austria,89
01-Jan-19,Imports: Bahamas,0.1
01-Jan-19,Imports: Bahrain,66.4
01-Jan-19,Imports: Bangladesh,34.5
01-Jan-19,Imports: Belarus,2.4
01-Jan-19,Imports: Belgium,142.7
01-Jan-19,Imports: Brazil,95.2
01-Jan-19,Imports: Brunei,56.7
01-Jan-19,Imports: Bulgaria,2.9
01-Jan-19,Imports: Cambodia,15.6
01-Jan-19,Imports: Cameroon,2.2
01-Jan-19,Imports: Canada,207.5
01-Jan-19,Imports: Chile,13.1
01-Jan-19,Imports: China,6216.6
01-Jan-19,Imports: Colombia,52.3
01-Jan-19,Imports: Comoros,0
01-Jan-19,Imports: Costa Rica,11.3
01-Jan-19,Imports: Cote D'ivoire,1.5
01-Jan-19,Imports: Croatia,11.4
01-Jan-19,Imports: Cuba,2.7
01-Jan-19,Imports: Cyprus,1.5
01-Jan-19,"Imports: Czech, Republic",55.6
01-Jan-19,Imports: Denmark,53.1
01-Jan-19,Imports: Djibouti,0
01-Jan-19,Imports: Dominican Rep,3.5
01-Jan-19,Imports: Ecuador,2.4
01-Jan-19,Imports: Egypt,76.6
01-Jan-19,Imports: El Salvador,0.8
01-Jan-19,Imports: Estonia,54.6
01-Jan-19,Imports: Eswatini,0
01-Jan-19,Imports: Ethiopia,0.1
01-Jan-19,Imports: Fiji,0.5
01-Jan-19,Imports: Finland,37.3
01-Jan-19,Imports: France,1314.6
01-Jan-19,Imports: French Polynesia,0.3
01-Jan-19,Imports: Gabon,0.1
01-Jan-19,Imports: Germany,1102.6
01-Jan-19,Imports: Ghana,15.6
01-Jan-19,Imports: Greece,92.1
01-Jan-19,Imports: Guam,0
01-Jan-19,Imports: Guatemala,5.6
01-Jan-19,Imports: Hong Kong SAR (China),302.4
01-Jan-19,Imports: Hungary,30.3
01-Jan-19,Imports: India,594.3
01-Jan-19,Imports: Indonesia,1747.2
01-Jan-19,Imports: Iran,0.9
01-Jan-19,Imports: Ireland,82
01-Jan-19,Imports: Israel,56.4
01-Jan-19,Imports: Italy,501.5
01-Jan-19,Imports: Jamaica,0.1
01-Jan-19,Imports: Japan,2228.2
01-Jan-19,Imports: Jordan,30
01-Jan-19,Imports: Kazakhstan,87.4
01-Jan-19,Imports: Kenya,0.5
01-Jan-19,Imports: Kuwait,235.1
01-Jan-19,Imports: Lao Peo Dem Rep,1.4
01-Jan-19,Imports: Latvia,2.8
01-Jan-19,Imports: Lebanon,0.1
01-Jan-19,Imports: Liberia,0
01-Jan-19,Imports: Lithuania,13.7
01-Jan-19,Imports: Luxembourg,13.1
01-Jan-19,Imports: Macau SAR (China),6.2
01-Jan-19,Imports: Madagascar,5.6
01-Jan-19,Imports: Malaysia,4608.9
01-Jan-19,Imports: Maldives Rep of,0.1
01-Jan-19,Imports: Malta,85.3
01-Jan-19,Imports: Mauritius,1.1
01-Jan-19,Imports: Mexico,247.4
01-Jan-19,Imports: Morocco,21.1
01-Jan-19,Imports: Mozambique,0.2
01-Jan-19,Imports: Myanmar,13.5
01-Jan-19,Imports: Nepal,0.2
01-Jan-19,Imports: Netherlands Antilles,0.9
01-Jan-19,Imports: Netherlands,356.2
01-Jan-19,Imports: New Zealand,77.2
01-Jan-19,Imports: Nigeria,0.6
01-Jan-19,Imports: Northern Mariana Islands,0
01-Jan-19,Imports: Norway,113.9
01-Jan-19,Imports: Oman,6.7
01-Jan-19,Imports: Other Countries of Africa,89.1
01-Jan-19,Imports: Other Countries of America,2.3
01-Jan-19,Imports: Other Countries of Asia,1.7
01-Jan-19,Imports: Other Countries of Europe,7.5
01-Jan-19,Imports: Other Countries of Oceania,1.4
01-Jan-19,Imports: Pakistan,8.9
01-Jan-19,Imports: Panama,0.3
01-Jan-19,Imports: Papua New Guinea,1.1
01-Jan-19,Imports: Peru,0.9
01-Jan-19,Imports: Philippines,892.2
01-Jan-19,Imports: Poland,34.9
01-Jan-19,Imports: Portugal,48
01-Jan-19,Imports: Puerto Rico,9
01-Jan-19,Imports: Qatar,743.7
01-Jan-19,Imports: Reunion,0
01-Jan-19,Imports: Romania,12.4
01-Jan-19,Imports: Russia,1058.1
01-Jan-19,Imports: Saudi Arabia,1351.4
01-Jan-19,Imports: Seychelles,0
01-Jan-19,Imports: Slovak Republic,10.5
01-Jan-19,Imports: Slovenia,7.2
01-Jan-19,Imports: Solomon Islands,0
01-Jan-19,Imports: South Africa,41.6
01-Jan-19,Imports: South Korea,1596.7
01-Jan-19,Imports: Spain,104.1
01-Jan-19,Imports: Sri Lanka,10.1
01-Jan-19,Imports: Sudan,0
01-Jan-19,Imports: Sweden,159.3
01-Jan-19,Imports: Switzerland,769.6
01-Jan-19,Imports: Taiwan,3612
01-Jan-19,Imports: Tanzania,0.3
01-Jan-19,Imports: Thailand,766.6
01-Jan-19,Imports: Tunisia,2.2
01-Jan-19,Imports: Turkey,97.5
01-Jan-19,Imports: USA,4791.4
01-Jan-19,Imports: Ukraine,23.4
01-Jan-19,Imports: United Arab Emirates,1308.8
01-Jan-19,Imports: United Kingdom,1095.5
01-Jan-19,Imports: Uruguay,2
01-Jan-19,Imports: Vanuatu,0
01-Jan-19,Imports: Venezuela,80.4
01-Jan-19,Imports: Vietnam,420.4
01-Jan-19,Imports: Yemen,0.4
01-Jan-19,Imports: Zambia,0.7
01-Jan-19,Imports: Zimbabwe,1.9
01-Feb-19,Imports: Afghanistan,0
01-Feb-19,Imports: Angola,43.8
01-Feb-19,Imports: Argentina,8.5
01-Feb-19,Imports: Australia,716.8
01-Feb-19,Imports: Austria,79.8
01-Feb-19,Imports: Bahamas,6.7
01-Feb-19,Imports: Bahrain,54.4
01-Feb-19,Imports: Bangladesh,26.5
01-Feb-19,Imports: Belarus,2.1
01-Feb-19,Imports: Belgium,104.3
01-Feb-19,Imports: Brazil,125.9
01-Feb-19,Imports: Brunei,9.4
01-Feb-19,Imports: Bulgaria,3.2
01-Feb-19,Imports: Cambodia,14.1
01-Feb-19,Imports: Cameroon,2.3
01-Feb-19,Imports: Canada,179.1
01-Feb-19,Imports: Chile,9.2
01-Feb-19,Imports: China,4037
01-Feb-19,Imports: Colombia,62.1
01-Feb-19,Imports: Comoros,0
01-Feb-19,Imports: Costa Rica,7.8
01-Feb-19,Imports: Cote D'ivoire,1.4
01-Feb-19,Imports: Croatia,1
01-Feb-19,Imports: Cuba,1.7
01-Feb-19,Imports: Cyprus,17.7
01-Feb-19,"Imports: Czech, Republic",42
01-Feb-19,Imports: Denmark,47.7
01-Feb-19,Imports: Djibouti,0
01-Feb-19,Imports: Dominican Rep,4.1
01-Feb-19,Imports: Ecuador,2.5
01-Feb-19,Imports: Egypt,54.3
01-Feb-19,Imports: El Salvador,1.4
01-Feb-19,Imports: Estonia,4.4
01-Feb-19,Imports: Eswatini,0.2
01-Feb-19,Imports: Ethiopia,0.3
01-Feb-19,Imports: Fiji,0.1
01-Feb-19,Imports: Finland,37.1
01-Feb-19,Imports: France,1152.2
01-Feb-19,Imports: French Polynesia,0.2
01-Feb-19,Imports: Gabon,36.2
01-Feb-19,Imports: Germany,1042.8
01-Feb-19,Imports: Ghana,13.9
01-Feb-19,Imports: Greece,8.4
01-Feb-19,Imports: Guam,0
01-Feb-19,Imports: Guatemala,1.4
01-Feb-19,Imports: Hong Kong SAR (China),196.8
01-Feb-19,Imports: Hungary,26.5
01-Feb-19,Imports: India,670.2
01-Feb-19,Imports: Indonesia,1704.5
01-Feb-19,Imports: Iran,0.4
01-Feb-19,Imports: Ireland,67.5
01-Feb-19,Imports: Israel,55.3
01-Feb-19,Imports: Italy,356.5
01-Feb-19,Imports: Jamaica,0
01-Feb-19,Imports: Japan,2111
01-Feb-19,Imports: Jordan,2.7
01-Feb-19,Imports: Kazakhstan,0
01-Feb-19,Imports: Kenya,0.7
01-Feb-19,Imports: Kuwait,165.2
01-Feb-19,Imports: Lao Peo Dem Rep,0.3
01-Feb-19,Imports: Latvia,2.2
01-Feb-19,Imports: Lebanon,0.2
01-Feb-19,Imports: Liberia,0
01-Feb-19,Imports: Lithuania,10.5
01-Feb-19,Imports: Luxembourg,3.7
01-Feb-19,Imports: Macau SAR (China),1.5
01-Feb-19,Imports: Madagascar,0.5
01-Feb-19,Imports: Malaysia,3825.7
01-Feb-19,Imports: Maldives Rep of,0.1
01-Feb-19,Imports: Malta,21.1
01-Feb-19,Imports: Mauritius,1.6
01-Feb-19,Imports: Mexico,245.7
01-Feb-19,Imports: Morocco,20.3
01-Feb-19,Imports: Mozambique,0.5
01-Feb-19,Imports: Myanmar,32.6
01-Feb-19,Imports: Nepal,0.1
01-Feb-19,Imports: Netherlands Antilles,0
01-Feb-19,Imports: Netherlands,301.9
01-Feb-19,Imports: New Zealand,68.9
01-Feb-19,Imports: Nigeria,0
01-Feb-19,Imports: Northern Mariana Islands,0
01-Feb-19,Imports: Norway,511.1
01-Feb-19,Imports: Oman,16.1
01-Feb-19,Imports: Other Countries of Africa,36.8
01-Feb-19,Imports: Other Countries of America,0.8
01-Feb-19,Imports: Other Countries of Asia,1.8
01-Feb-19,Imports: Other Countries of Europe,5.4
01-Feb-19,Imports: Other Countries of Oceania,0.2
01-Feb-19,Imports: Pakistan,9
01-Feb-19,Imports: Panama,0.2
01-Feb-19,Imports: Papua New Guinea,1
01-Feb-19,Imports: Peru,0.8
01-Feb-19,Imports: Philippines,874.6
01-Feb-19,Imports: Poland,39.2
01-Feb-19,Imports: Portugal,38.9
01-Feb-19,Imports: Puerto Rico,6.1
01-Feb-19,Imports: Qatar,710.8
01-Feb-19,Imports: Reunion,0
01-Feb-19,Imports: Romania,11.2
01-Feb-19,Imports: Russia,794.9
01-Feb-19,Imports: Saudi Arabia,1102.3
01-Feb-19,Imports: Seychelles,0.1
01-Feb-19,Imports: Slovak Republic,8.8
01-Feb-19,Imports: Slovenia,6.8
01-Feb-19,Imports: Solomon Islands,0
01-Feb-19,Imports: South Africa,44.7
01-Feb-19,Imports: South Korea,1615.7
01-Feb-19,Imports: Spain,103.2
01-Feb-19,Imports: Sri Lanka,8.3
01-Feb-19,Imports: Sudan,0.1
01-Feb-19,Imports: Sweden,118.4
01-Feb-19,Imports: Switzerland,676.4
01-Feb-19,Imports: Taiwan,2801.4
01-Feb-19,Imports: Tanzania,0
01-Feb-19,Imports: Thailand,760.1
01-Feb-19,Imports: Tunisia,2.2
01-Feb-19,Imports: Turkey,117.4
01-Feb-19,Imports: USA,4506.7
01-Feb-19,Imports: Ukraine,9.2
01-Feb-19,Imports: United Arab Emirates,753.9
01-Feb-19,Imports: United Kingdom,1074.2
01-Feb-19,Imports: Uruguay,1.4
01-Feb-19,Imports: Vanuatu,0
01-Feb-19,Imports: Venezuela,208.3
01-Feb-19,Imports: Vietnam,281.5
01-Feb-19,Imports: Yemen,0
01-Feb-19,Imports: Zambia,0
01-Feb-19,Imports: Zimbabwe,3.6
01-Mar-19,Imports: Afghanistan,0
01-Mar-19,Imports: Angola,0
01-Mar-19,Imports: Argentina,6.1
01-Mar-19,Imports: Australia,355.7
01-Mar-19,Imports: Austria,92.3
01-Mar-19,Imports: Bahamas,0
01-Mar-19,Imports: Bahrain,59.7
01-Mar-19,Imports: Bangladesh,30.8
01-Mar-19,Imports: Belarus,2
01-Mar-19,Imports: Belgium,222.4
01-Mar-19,Imports: Brazil,79.4
01-Mar-19,Imports: Brunei,6.1
01-Mar-19,Imports: Bulgaria,3.2
01-Mar-19,Imports: Cambodia,10
01-Mar-19,Imports: Cameroon,4.7
01-Mar-19,Imports: Canada,205.1
01-Mar-19,Imports: Chile,5.5
01-Mar-19,Imports: China,5584.7
01-Mar-19,Imports: Colombia,1.3
01-Mar-19,Imports: Comoros,0
01-Mar-19,Imports: Costa Rica,11.2
01-Mar-19,Imports: Cote D'ivoire,1.1
01-Mar-19,Imports: Croatia,1.2
01-Mar-19,Imports: Cuba,1
01-Mar-19,Imports: Cyprus,1.1
01-Mar-19,"Imports: Czech, Republic",58.2
01-Mar-19,Imports: Denmark,47.3
01-Mar-19,Imports: Djibouti,0
01-Mar-19,Imports: Dominican Rep,4.1
01-Mar-19,Imports: Ecuador,1.3
01-Mar-19,Imports: Egypt,41.3
01-Mar-19,Imports: El Salvador,1.1
01-Mar-19,Imports: Estonia,5.2
01-Mar-19,Imports: Eswatini,0.1
01-Mar-19,Imports: Ethiopia,0.1
01-Mar-19,Imports: Fiji,0.7
01-Mar-19,Imports: Finland,45.1
01-Mar-19,Imports: France,1309.2
01-Mar-19,Imports: French Polynesia,0.1
01-Mar-19,Imports: Gabon,0
01-Mar-19,Imports: Germany,1235.6
01-Mar-19,Imports: Ghana,14
01-Mar-19,Imports: Greece,11.5
01-Mar-19,Imports: Guam,0.1
01-Mar-19,Imports: Guatemala,2
01-Mar-19,Imports: Hong Kong SAR (China),539.1
01-Mar-19,Imports: Hungary,31.3
01-Mar-19,Imports: India,627.3
01-Mar-19,Imports: Indonesia,1823.9
01-Mar-19,Imports: Iran,0.6
01-Mar-19,Imports: Ireland,87
01-Mar-19,Imports: Israel,50.9
01-Mar-19,Imports: Italy,534.3
01-Mar-19,Imports: Jamaica,0.1
01-Mar-19,Imports: Japan,2456.8
01-Mar-19,Imports: Jordan,1.4
01-Mar-19,Imports: Kazakhstan,0.1
01-Mar-19,Imports: Kenya,0.3
01-Mar-19,Imports: Kuwait,240.3
01-Mar-19,Imports: Lao Peo Dem Rep,0.8
01-Mar-19,Imports: Latvia,2
01-Mar-19,Imports: Lebanon,0.1
01-Mar-19,Imports: Liberia,0
01-Mar-19,Imports: Lithuania,21.2
01-Mar-19,Imports: Luxembourg,7.7
01-Mar-19,Imports: Macau SAR (China),1.3
01-Mar-19,Imports: Madagascar,2.5
01-Mar-19,Imports: Malaysia,4774.1
01-Mar-19,Imports: Maldives Rep of,0.1
01-Mar-19,Imports: Malta,20.2
01-Mar-19,Imports: Mauritius,3.7
01-Mar-19,Imports: Mexico,271.7
01-Mar-19,Imports: Morocco,17.5
01-Mar-19,Imports: Mozambique,7.8
01-Mar-19,Imports: Myanmar,21.7
01-Mar-19,Imports: Nepal,0.1
01-Mar-19,Imports: Netherlands Antilles,0.2
01-Mar-19,Imports: Netherlands,356.1
01-Mar-19,Imports: New Zealand,137.7
01-Mar-19,Imports: Nigeria,37.7
01-Mar-19,Imports: Northern Mariana Islands,0
01-Mar-19,Imports: Norway,147.1
01-Mar-19,Imports: Oman,67.2
01-Mar-19,Imports: Other Countries of Africa,59.5
01-Mar-19,Imports: Other Countries of America,1.5
01-Mar-19,Imports: Other Countries of Asia,1.6
01-Mar-19,Imports: Other Countries of Europe,5
01-Mar-19,Imports: Other Countries of Oceania,0.1
01-Mar-19,Imports: Pakistan,9.4
01-Mar-19,Imports: Panama,0.4
01-Mar-19,Imports: Papua New Guinea,24.4
01-Mar-19,Imports: Peru,1.5
01-Mar-19,Imports: Philippines,946.2
01-Mar-19,Imports: Poland,60.3
01-Mar-19,Imports: Portugal,48.8
01-Mar-19,Imports: Puerto Rico,7.2
01-Mar-19,Imports: Qatar,544.5
01-Mar-19,Imports: Reunion,0.1
01-Mar-19,Imports: Romania,18.1
01-Mar-19,Imports: Russia,374.4
01-Mar-19,Imports: Saudi Arabia,905.5
01-Mar-19,Imports: Seychelles,0
01-Mar-19,Imports: Slovak Republic,9.5
01-Mar-19,Imports: Slovenia,7.9
01-Mar-19,Imports: Solomon Islands,0
01-Mar-19,Imports: South Africa,44.4
01-Mar-19,Imports: South Korea,1848.6
01-Mar-19,Imports: Spain,136.9
01-Mar-19,Imports: Sri Lanka,9.7
01-Mar-19,Imports: Sudan,0
01-Mar-19,Imports: Sweden,139.4
01-Mar-19,Imports: Switzerland,970.8
01-Mar-19,Imports: Taiwan,3336.4
01-Mar-19,Imports: Tanzania,0
01-Mar-19,Imports: Thailand,847.6
01-Mar-19,Imports: Tunisia,2.7
01-Mar-19,Imports: Turkey,67.1
01-Mar-19,Imports: USA,4925.9
01-Mar-19,Imports: Ukraine,35.6
01-Mar-19,Imports: United Arab Emirates,952.3
01-Mar-19,Imports: United Kingdom,1081
01-Mar-19,Imports: Uruguay,1.7
01-Mar-19,Imports: Vanuatu,0
01-Mar-19,Imports: Venezuela,0.2
01-Mar-19,Imports: Vietnam,460.5
01-Mar-19,Imports: Yemen,0.6
01-Mar-19,Imports: Zambia,12.7
01-Mar-19,Imports: Zimbabwe,1.5
01-Apr-19,Imports: Afghanistan,0
01-Apr-19,Imports: Angola,0
01-Apr-19,Imports: Argentina,14.9
01-Apr-19,Imports: Australia,663.2
01-Apr-19,Imports: Austria,83.6
01-Apr-19,Imports: Bahamas,0
01-Apr-19,Imports: Bahrain,12
01-Apr-19,Imports: Bangladesh,23.6
01-Apr-19,Imports: Belarus,2.7
01-Apr-19,Imports: Belgium,134.3
01-Apr-19,Imports: Brazil,159.3
01-Apr-19,Imports: Brunei,3.8
01-Apr-19,Imports: Bulgaria,3.5
01-Apr-19,Imports: Cambodia,12.8
01-Apr-19,Imports: Cameroon,5.3
01-Apr-19,Imports: Canada,380.7
01-Apr-19,Imports: Chile,5.6
01-Apr-19,Imports: China,5580
01-Apr-19,Imports: Colombia,1.3
01-Apr-19,Imports: Comoros,0
01-Apr-19,Imports: Costa Rica,14.3
01-Apr-19,Imports: Cote D'ivoire,1.1
01-Apr-19,Imports: Croatia,1.4
01-Apr-19,Imports: Cuba,0.7
01-Apr-19,Imports: Cyprus,18.2
01-Apr-19,"Imports: Czech, Republic",56.2
01-Apr-19,Imports: Denmark,41.7
01-Apr-19,Imports: Djibouti,0.2
01-Apr-19,Imports: Dominican Rep,5.1
01-Apr-19,Imports: Ecuador,2.7
01-Apr-19,Imports: Egypt,55.6
01-Apr-19,Imports: El Salvador,0.7
01-Apr-19,Imports: Estonia,4.4
01-Apr-19,Imports: Eswatini,0.5
01-Apr-19,Imports: Ethiopia,0.3
01-Apr-19,Imports: Fiji,0
01-Apr-19,Imports: Finland,40.2
01-Apr-19,Imports: France,1109.3
01-Apr-19,Imports: French Polynesia,0.1
01-Apr-19,Imports: Gabon,61.6
01-Apr-19,Imports: Germany,1238.4
01-Apr-19,Imports: Ghana,14.2
01-Apr-19,Imports: Greece,11.6
01-Apr-19,Imports: Guam,0
01-Apr-19,Imports: Guatemala,1.7
01-Apr-19,Imports: Hong Kong SAR (China),649.9
01-Apr-19,Imports: Hungary,29.6
01-Apr-19,Imports: India,672.9
01-Apr-19,Imports: Indonesia,1394.2
01-Apr-19,Imports: Iran,0.5
01-Apr-19,Imports: Ireland,67.1
01-Apr-19,Imports: Israel,63.8
01-Apr-19,Imports: Italy,485.2
01-Apr-19,Imports: Jamaica,0.2
01-Apr-19,Imports: Japan,2369.4
01-Apr-19,Imports: Jordan,47.3
01-Apr-19,Imports: Kazakhstan,0
01-Apr-19,Imports: Kenya,0.7
01-Apr-19,Imports: Kuwait,101.5
01-Apr-19,Imports: Lao Peo Dem Rep,1.5
01-Apr-19,Imports: Latvia,3.2
01-Apr-19,Imports: Lebanon,0.3
01-Apr-19,Imports: Liberia,0
01-Apr-19,Imports: Lithuania,10
01-Apr-19,Imports: Luxembourg,3.6
01-Apr-19,Imports: Macau SAR (China),0.8
01-Apr-19,Imports: Madagascar,4.3
01-Apr-19,Imports: Malaysia,4770.8
01-Apr-19,Imports: Maldives Rep of,0.2
01-Apr-19,Imports: Malta,17.3
01-Apr-19,Imports: Mauritius,1.3
01-Apr-19,Imports: Mexico,242.8
01-Apr-19,Imports: Morocco,21.5
01-Apr-19,Imports: Mozambique,5.5
01-Apr-19,Imports: Myanmar,37.7
01-Apr-19,Imports: Nepal,1.5
01-Apr-19,Imports: Netherlands Antilles,0.2
01-Apr-19,Imports: Netherlands,541.2
01-Apr-19,Imports: New Zealand,81.1
01-Apr-19,Imports: Nigeria,68.4
01-Apr-19,Imports: Northern Mariana Islands,0
01-Apr-19,Imports: Norway,109.9
01-Apr-19,Imports: Oman,5.2
01-Apr-19,Imports: Other Countries of Africa,30.4
01-Apr-19,Imports: Other Countries of America,1.5
01-Apr-19,Imports: Other Countries of Asia,1
01-Apr-19,Imports: Other Countries of Europe,6.3
01-Apr-19,Imports: Other Countries of Oceania,0.2
01-Apr-19,Imports: Pakistan,8.6
01-Apr-19,Imports: Panama,0.1
01-Apr-19,Imports: Papua New Guinea,74.6
01-Apr-19,Imports: Peru,1.7
01-Apr-19,Imports: Philippines,989
01-Apr-19,Imports: Poland,39.6
01-Apr-19,Imports: Portugal,50.9
01-Apr-19,Imports: Puerto Rico,8.4
01-Apr-19,Imports: Qatar,684.6
01-Apr-19,Imports: Reunion,0.1
01-Apr-19,Imports: Romania,13.8
01-Apr-19,Imports: Russia,967.7
01-Apr-19,Imports: Saudi Arabia,1325.9
01-Apr-19,Imports: Seychelles,0.1
01-Apr-19,Imports: Slovak Republic,12.9
01-Apr-19,Imports: Slovenia,9.2
01-Apr-19,Imports: Solomon Islands,0.8
01-Apr-19,Imports: South Africa,48.8
01-Apr-19,Imports: South Korea,1545.6
01-Apr-19,Imports: Spain,126.2
01-Apr-19,Imports: Sri Lanka,9.5
01-Apr-19,Imports: Sudan,0
01-Apr-19,Imports: Sweden,139.4
01-Apr-19,Imports: Switzerland,852.4
01-Apr-19,Imports: Taiwan,3603.9
01-Apr-19,Imports: Tanzania,2.8
01-Apr-19,Imports: Thailand,715.7
01-Apr-19,Imports: Tunisia,2.4
01-Apr-19,Imports: Turkey,33
01-Apr-19,Imports: USA,5275
01-Apr-19,Imports: Ukraine,30.6
01-Apr-19,Imports: United Arab Emirates,1366.9
01-Apr-19,Imports: United Kingdom,895.4
01-Apr-19,Imports: Uruguay,10
01-Apr-19,Imports: Vanuatu,0
01-Apr-19,Imports: Venezuela,0
01-Apr-19,Imports: Vietnam,408.5
01-Apr-19,Imports: Yemen,0.5
01-Apr-19,Imports: Zambia,29.1
01-Apr-19,Imports: Zimbabwe,0.6
01-May-19,Imports: Afghanistan,0
01-May-19,Imports: Angola,56.2
01-May-19,Imports: Argentina,5.6
01-May-19,Imports: Australia,717.1
01-May-19,Imports: Austria,85.5
01-May-19,Imports: Bahamas,0
01-May-19,Imports: Bahrain,1.7
01-May-19,Imports: Bangladesh,31.7
01-May-19,Imports: Belarus,3.1
01-May-19,Imports: Belgium,220.4
01-May-19,Imports: Brazil,143.1
01-May-19,Imports: Brunei,4.9
01-May-19,Imports: Bulgaria,3.9
01-May-19,Imports: Cambodia,11.2
01-May-19,Imports: Cameroon,6.2
01-May-19,Imports: Canada,213.3
01-May-19,Imports: Chile,6.4
01-May-19,Imports: China,5635
01-May-19,Imports: Colombia,1.5
01-May-19,Imports: Comoros,0
01-May-19,Imports: Costa Rica,10
01-May-19,Imports: Cote D'ivoire,2
01-May-19,Imports: Croatia,2.1
01-May-19,Imports: Cuba,1
01-May-19,Imports: Cyprus,0.5
01-May-19,"Imports: Czech, Republic",51
01-May-19,Imports: Denmark,89.8
01-May-19,Imports: Djibouti,0
01-May-19,Imports: Dominican Rep,4.2
01-May-19,Imports: Ecuador,2.2
01-May-19,Imports: Egypt,5.6
01-May-19,Imports: El Salvador,0.6
01-May-19,Imports: Estonia,3.8
01-May-19,Imports: Eswatini,0.1
01-May-19,Imports: Ethiopia,0.5
01-May-19,Imports: Fiji,0.4
01-May-19,Imports: Finland,41.8
01-May-19,Imports: France,1692.4
01-May-19,Imports: French Polynesia,0.2
01-May-19,Imports: Gabon,0.1
01-May-19,Imports: Germany,1201.6
01-May-19,Imports: Ghana,13.6
01-May-19,Imports: Greece,13
01-May-19,Imports: Guam,0.1
01-May-19,Imports: Guatemala,2.7
01-May-19,Imports: Hong Kong SAR (China),249.6
01-May-19,Imports: Hungary,31.4
01-May-19,Imports: India,938.9
01-May-19,Imports: Indonesia,1768.7
01-May-19,Imports: Iran,0.4
01-May-19,Imports: Ireland,79.2
01-May-19,Imports: Israel,52.9
01-May-19,Imports: Italy,479.8
01-May-19,Imports: Jamaica,0.1
01-May-19,Imports: Japan,1981.3
01-May-19,Imports: Jordan,3.6
01-May-19,Imports: Kazakhstan,0
01-May-19,Imports: Kenya,2.1
01-May-19,Imports: Kuwait,448.7
01-May-19,Imports: Lao Peo Dem Rep,0.9
01-May-19,Imports: Latvia,3.1
01-May-19,Imports: Lebanon,0
01-May-19,Imports: Liberia,0
01-May-19,Imports: Lithuania,7.5
01-May-19,Imports: Luxembourg,5.3
01-May-19,Imports: Macau SAR (China),0.9
01-May-19,Imports: Madagascar,1.3
01-May-19,Imports: Malaysia,5260.8
01-May-19,Imports: Maldives Rep of,0.1
01-May-19,Imports: Malta,19.9
01-May-19,Imports: Mauritius,1.5
01-May-19,Imports: Mexico,323.6
01-May-19,Imports: Morocco,18.3
01-May-19,Imports: Mozambique,8.9
01-May-19,Imports: Myanmar,13.8
01-May-19,Imports: Nepal,0.2
01-May-19,Imports: Netherlands Antilles,0
01-May-19,Imports: Netherlands,510.8
01-May-19,Imports: New Zealand,147.8
01-May-19,Imports: Nigeria,58.2
01-May-19,Imports: Northern Mariana Islands,0
01-May-19,Imports: Norway,174.7
01-May-19,Imports: Oman,5.6
01-May-19,Imports: Other Countries of Africa,108.3
01-May-19,Imports: Other Countries of America,0.8
01-May-19,Imports: Other Countries of Asia,1.2
01-May-19,Imports: Other Countries of Europe,6.2
01-May-19,Imports: Other Countries of Oceania,0.3
01-May-19,Imports: Pakistan,8
01-May-19,Imports: Panama,0.3
01-May-19,Imports: Papua New Guinea,23.4
01-May-19,Imports: Peru,1.2
01-May-19,Imports: Philippines,759.5
01-May-19,Imports: Poland,98.6
01-May-19,Imports: Portugal,36.2
01-May-19,Imports: Puerto Rico,101.2
01-May-19,Imports: Qatar,819.6
01-May-19,Imports: Reunion,0.1
01-May-19,Imports: Romania,17.2
01-May-19,Imports: Russia,812.3
01-May-19,Imports: Saudi Arabia,900.3
01-May-19,Imports: Seychelles,0.1
01-May-19,Imports: Slovak Republic,9.1
01-May-19,Imports: Slovenia,9.7
01-May-19,Imports: Solomon Islands,0.2
01-May-19,Imports: South Africa,51.8
01-May-19,Imports: South Korea,1639.4
01-May-19,Imports: Spain,142.4
01-May-19,Imports: Sri Lanka,8.3
01-May-19,Imports: Sudan,0.1
01-May-19,Imports: Sweden,171
01-May-19,Imports: Switzerland,944.1
01-May-19,Imports: Taiwan,3909.6
01-May-19,Imports: Tanzania,0.2
01-May-19,Imports: Thailand,835.5
01-May-19,Imports: Tunisia,2.4
01-May-19,Imports: Turkey,46.6
01-May-19,Imports: USA,4969.2
01-May-19,Imports: Ukraine,42.9
01-May-19,Imports: United Arab Emirates,1390.4
01-May-19,Imports: United Kingdom,977.2
01-May-19,Imports: Uruguay,9.5
01-May-19,Imports: Vanuatu,0
01-May-19,Imports: Venezuela,0.3
01-May-19,Imports: Vietnam,492
01-May-19,Imports: Yemen,0.4
01-May-19,Imports: Zambia,32
01-May-19,Imports: Zimbabwe,0.3
01-Jun-19,Imports: Afghanistan,0
01-Jun-19,Imports: Angola,0
01-Jun-19,Imports: Argentina,7
01-Jun-19,Imports: Australia,441.9
01-Jun-19,Imports: Austria,69.3
01-Jun-19,Imports: Bahamas,0
01-Jun-19,Imports: Bahrain,40.9
01-Jun-19,Imports: Bangladesh,24.1
01-Jun-19,Imports: Belarus,1.4
01-Jun-19,Imports: Belgium,154.6
01-Jun-19,Imports: Brazil,157.8
01-Jun-19,Imports: Brunei,97.7
01-Jun-19,Imports: Bulgaria,4.2
01-Jun-19,Imports: Cambodia,645.6
01-Jun-19,Imports: Cameroon,2.9
01-Jun-19,Imports: Canada,191.5
01-Jun-19,Imports: Chile,7
01-Jun-19,Imports: China,5061.6
01-Jun-19,Imports: Colombia,0.9
01-Jun-19,Imports: Comoros,0
01-Jun-19,Imports: Costa Rica,9.4
01-Jun-19,Imports: Cote D'ivoire,0.3
01-Jun-19,Imports: Croatia,1.4
01-Jun-19,Imports: Cuba,0.7
01-Jun-19,Imports: Cyprus,1.1
01-Jun-19,"Imports: Czech, Republic",43.9
01-Jun-19,Imports: Denmark,41.8
01-Jun-19,Imports: Djibouti,0.1
01-Jun-19,Imports: Dominican Rep,6.7
01-Jun-19,Imports: Ecuador,1
01-Jun-19,Imports: Egypt,4.5
01-Jun-19,Imports: El Salvador,1
01-Jun-19,Imports: Estonia,1.5
01-Jun-19,Imports: Eswatini,0.1
01-Jun-19,Imports: Ethiopia,0.4
01-Jun-19,Imports: Fiji,0.1
01-Jun-19,Imports: Finland,33.8
01-Jun-19,Imports: France,1247.6
01-Jun-19,Imports: French Polynesia,0.2
01-Jun-19,Imports: Gabon,82.9
01-Jun-19,Imports: Germany,1016.8
01-Jun-19,Imports: Ghana,8.8
01-Jun-19,Imports: Greece,27
01-Jun-19,Imports: Guam,0
01-Jun-19,Imports: Guatemala,5
01-Jun-19,Imports: Hong Kong SAR (China),362.3
01-Jun-19,Imports: Hungary,31.7
01-Jun-19,Imports: India,509.6
01-Jun-19,Imports: Indonesia,1713.9
01-Jun-19,Imports: Iran,0.5
01-Jun-19,Imports: Ireland,75.4
01-Jun-19,Imports: Israel,47.5
01-Jun-19,Imports: Italy,420.6
01-Jun-19,Imports: Jamaica,0
01-Jun-19,Imports: Japan,2054.4
01-Jun-19,Imports: Jordan,2.6
01-Jun-19,Imports: Kazakhstan,0
01-Jun-19,Imports: Kenya,1.1
01-Jun-19,Imports: Kuwait,235.8
01-Jun-19,Imports: Lao Peo Dem Rep,0.4
01-Jun-19,Imports: Latvia,4.6
01-Jun-19,Imports: Lebanon,0.1
01-Jun-19,Imports: Liberia,0
01-Jun-19,Imports: Lithuania,11.4
01-Jun-19,Imports: Luxembourg,9.8
01-Jun-19,Imports: Macau SAR (China),0.9
01-Jun-19,Imports: Madagascar,1.5
01-Jun-19,Imports: Malaysia,4233.8
01-Jun-19,Imports: Maldives Rep of,0
01-Jun-19,Imports: Malta,18.7
01-Jun-19,Imports: Mauritius,1.6
01-Jun-19,Imports: Mexico,241.9
01-Jun-19,Imports: Morocco,19.6
01-Jun-19,Imports: Mozambique,0.1
01-Jun-19,Imports: Myanmar,12.4
01-Jun-19,Imports: Nepal,0.1
01-Jun-19,Imports: Netherlands Antilles,0
01-Jun-19,Imports: Netherlands,270.9
01-Jun-19,Imports: New Zealand,59.8
01-Jun-19,Imports: Nigeria,76.8
01-Jun-19,Imports: Northern Mariana Islands,0
01-Jun-19,Imports: Norway,73.3
01-Jun-19,Imports: Oman,20.4
01-Jun-19,Imports: Other Countries of Africa,119.2
01-Jun-19,Imports: Other Countries of America,1.4
01-Jun-19,Imports: Other Countries of Asia,0.6
01-Jun-19,Imports: Other Countries of Europe,6
01-Jun-19,Imports: Other Countries of Oceania,0.2
01-Jun-19,Imports: Pakistan,6.9
01-Jun-19,Imports: Panama,0
01-Jun-19,Imports: Papua New Guinea,1.4
01-Jun-19,Imports: Peru,1
01-Jun-19,Imports: Philippines,747.7
01-Jun-19,Imports: Poland,55.7
01-Jun-19,Imports: Portugal,41.6
01-Jun-19,Imports: Puerto Rico,36.7
01-Jun-19,Imports: Qatar,634.6
01-Jun-19,Imports: Reunion,0.4
01-Jun-19,Imports: Romania,11.9
01-Jun-19,Imports: Russia,581
01-Jun-19,Imports: Saudi Arabia,980.5
01-Jun-19,Imports: Seychelles,0.6
01-Jun-19,Imports: Slovak Republic,9.6
01-Jun-19,Imports: Slovenia,7.1
01-Jun-19,Imports: Solomon Islands,0
01-Jun-19,Imports: South Africa,60.5
01-Jun-19,Imports: South Korea,1470.3
01-Jun-19,Imports: Spain,112.8
01-Jun-19,Imports: Sri Lanka,8.4
01-Jun-19,Imports: Sudan,0.3
01-Jun-19,Imports: Sweden,123.6
01-Jun-19,Imports: Switzerland,668.8
01-Jun-19,Imports: Taiwan,3577.3
01-Jun-19,Imports: Tanzania,0.1
01-Jun-19,Imports: Thailand,1225.5
01-Jun-19,Imports: Tunisia,2
01-Jun-19,Imports: Turkey,128.6
01-Jun-19,Imports: USA,5125.4
01-Jun-19,Imports: Ukraine,23.1
01-Jun-19,Imports: United Arab Emirates,1208.7
01-Jun-19,Imports: United Kingdom,852.7
01-Jun-19,Imports: Uruguay,9.8
01-Jun-19,Imports: Vanuatu,0
01-Jun-19,Imports: Venezuela,0
01-Jun-19,Imports: Vietnam,391.1
01-Jun-19,Imports: Yemen,0.1
01-Jun-19,Imports: Zambia,1.1
01-Jun-19,Imports: Zimbabwe,2.1
01-Jul-19,Imports: Afghanistan,0
01-Jul-19,Imports: Angola,0
01-Jul-19,Imports: Argentina,8.8
01-Jul-19,Imports: Australia,665.9
01-Jul-19,Imports: Austria,85
01-Jul-19,Imports: Bahamas,0
01-Jul-19,Imports: Bahrain,2.3
01-Jul-19,Imports: Bangladesh,25.2
01-Jul-19,Imports: Belarus,2.7
01-Jul-19,Imports: Belgium,140.2
01-Jul-19,Imports: Brazil,193.8
01-Jul-19,Imports: Brunei,60.6
01-Jul-19,Imports: Bulgaria,3.5
01-Jul-19,Imports: Cambodia,710.6
01-Jul-19,Imports: Cameroon,2.5
01-Jul-19,Imports: Canada,163.9
01-Jul-19,Imports: Chile,7.3
01-Jul-19,Imports: China,5612.2
01-Jul-19,Imports: Colombia,31.6
01-Jul-19,Imports: Comoros,0
01-Jul-19,Imports: Costa Rica,11.2
01-Jul-19,Imports: Cote D'ivoire,1.8
01-Jul-19,Imports: Croatia,2.1
01-Jul-19,Imports: Cuba,1.2
01-Jul-19,Imports: Cyprus,1.7
01-Jul-19,"Imports: Czech, Republic",57.9
01-Jul-19,Imports: Denmark,53.5
01-Jul-19,Imports: Djibouti,0.2
01-Jul-19,Imports: Dominican Rep,4.8
01-Jul-19,Imports: Ecuador,1.2
01-Jul-19,Imports: Egypt,57.4
01-Jul-19,Imports: El Salvador,0.7
01-Jul-19,Imports: Estonia,2
01-Jul-19,Imports: Eswatini,0.2
01-Jul-19,Imports: Ethiopia,0.4
01-Jul-19,Imports: Fiji,0.6
01-Jul-19,Imports: Finland,41.8
01-Jul-19,Imports: France,1377.2
01-Jul-19,Imports: French Polynesia,0.3
01-Jul-19,Imports: Gabon,70.7
01-Jul-19,Imports: Germany,1194.5
01-Jul-19,Imports: Ghana,12.9
01-Jul-19,Imports: Greece,12.1
01-Jul-19,Imports: Guam,0.1
01-Jul-19,Imports: Guatemala,4.6
01-Jul-19,Imports: Hong Kong SAR (China),246.8
01-Jul-19,Imports: Hungary,33.1
01-Jul-19,Imports: India,782.7
01-Jul-19,Imports: Indonesia,1946.3
01-Jul-19,Imports: Iran,0.1
01-Jul-19,Imports: Ireland,94
01-Jul-19,Imports: Israel,85.6
01-Jul-19,Imports: Italy,486
01-Jul-19,Imports: Jamaica,0
01-Jul-19,Imports: Japan,2149.5
01-Jul-19,Imports: Jordan,5.4
01-Jul-19,Imports: Kazakhstan,1.2
01-Jul-19,Imports: Kenya,0.6
01-Jul-19,Imports: Kuwait,95.2
01-Jul-19,Imports: Lao Peo Dem Rep,1.3
01-Jul-19,Imports: Latvia,3.1
01-Jul-19,Imports: Lebanon,0.1
01-Jul-19,Imports: Liberia,0
01-Jul-19,Imports: Lithuania,110.6
01-Jul-19,Imports: Luxembourg,7.2
01-Jul-19,Imports: Macau SAR (China),0.9
01-Jul-19,Imports: Madagascar,2.3
01-Jul-19,Imports: Malaysia,4899
01-Jul-19,Imports: Maldives Rep of,0.1
01-Jul-19,Imports: Malta,16.6
01-Jul-19,Imports: Mauritius,1.7
01-Jul-19,Imports: Mexico,288.1
01-Jul-19,Imports: Morocco,18.7
01-Jul-19,Imports: Mozambique,0.3
01-Jul-19,Imports: Myanmar,11.9
01-Jul-19,Imports: Nepal,0.3
01-Jul-19,Imports: Netherlands Antilles,0.8
01-Jul-19,Imports: Netherlands,298.6
01-Jul-19,Imports: New Zealand,107.4
01-Jul-19,Imports: Nigeria,1
01-Jul-19,Imports: Northern Mariana Islands,0
01-Jul-19,Imports: Norway,48.1
01-Jul-19,Imports: Oman,7.3
01-Jul-19,Imports: Other Countries of Africa,112.3
01-Jul-19,Imports: Other Countries of America,2.4
01-Jul-19,Imports: Other Countries of Asia,1.2
01-Jul-19,Imports: Other Countries of Europe,7.6
01-Jul-19,Imports: Other Countries of Oceania,0.2
01-Jul-19,Imports: Pakistan,12.2
01-Jul-19,Imports: Panama,54.2
01-Jul-19,Imports: Papua New Guinea,39.8
01-Jul-19,Imports: Peru,1.9
01-Jul-19,Imports: Philippines,755.7
01-Jul-19,Imports: Poland,46.8
01-Jul-19,Imports: Portugal,36.2
01-Jul-19,Imports: Puerto Rico,8
01-Jul-19,Imports: Qatar,560.6
01-Jul-19,Imports: Reunion,0
01-Jul-19,Imports: Romania,17.6
01-Jul-19,Imports: Russia,256.1
01-Jul-19,Imports: Saudi Arabia,1010.7
01-Jul-19,Imports: Seychelles,1.8
01-Jul-19,Imports: Slovak Republic,9.9
01-Jul-19,Imports: Slovenia,7.3
01-Jul-19,Imports: Solomon Islands,0.7
01-Jul-19,Imports: South Africa,46.1
01-Jul-19,Imports: South Korea,1438.3
01-Jul-19,Imports: Spain,153.3
01-Jul-19,Imports: Sri Lanka,7.9
01-Jul-19,Imports: Sudan,0
01-Jul-19,Imports: Sweden,124.5
01-Jul-19,Imports: Switzerland,657.3
01-Jul-19,Imports: Taiwan,3918
01-Jul-19,Imports: Tanzania,2.2
01-Jul-19,Imports: Thailand,1081.5
01-Jul-19,Imports: Tunisia,2.8
01-Jul-19,Imports: Turkey,107.2
01-Jul-19,Imports: USA,5126.3
01-Jul-19,Imports: Ukraine,55.4
01-Jul-19,Imports: United Arab Emirates,2074
01-Jul-19,Imports: United Kingdom,881.7
01-Jul-19,Imports: Uruguay,1.8
01-Jul-19,Imports: Vanuatu,0.2
01-Jul-19,Imports: Venezuela,73.1
01-Jul-19,Imports: Vietnam,498
01-Jul-19,Imports: Yemen,0.3
01-Jul-19,Imports: Zambia,1
01-Jul-19,Imports: Zimbabwe,1.3
01-Aug-19,Imports: Afghanistan,0
01-Aug-19,Imports: Angola,62.5
01-Aug-19,Imports: Argentina,7.4
01-Aug-19,Imports: Australia,912.4
01-Aug-19,Imports: Austria,83.1
01-Aug-19,Imports: Bahamas,0
01-Aug-19,Imports: Bahrain,39.3
01-Aug-19,Imports: Bangladesh,23.1
01-Aug-19,Imports: Belarus,1.2
01-Aug-19,Imports: Belgium,110.5
01-Aug-19,Imports: Brazil,178
01-Aug-19,Imports: Brunei,61.3
01-Aug-19,Imports: Bulgaria,4.1
01-Aug-19,Imports: Cambodia,818.1
01-Aug-19,Imports: Cameroon,37.9
01-Aug-19,Imports: Canada,201.9
01-Aug-19,Imports: Chile,5.1
01-Aug-19,Imports: China,5045
01-Aug-19,Imports: Colombia,1.3
01-Aug-19,Imports: Comoros,0
01-Aug-19,Imports: Costa Rica,15.7
01-Aug-19,Imports: Cote D'ivoire,1.3
01-Aug-19,Imports: Croatia,2.3
01-Aug-19,Imports: Cuba,0.9
01-Aug-19,Imports: Cyprus,1.3
01-Aug-19,"Imports: Czech, Republic",55.2
01-Aug-19,Imports: Denmark,57
01-Aug-19,Imports: Djibouti,0
01-Aug-19,Imports: Dominican Rep,4.8
01-Aug-19,Imports: Ecuador,1
01-Aug-19,Imports: Egypt,4.2
01-Aug-19,Imports: El Salvador,0.7
01-Aug-19,Imports: Estonia,3.8
01-Aug-19,Imports: Eswatini,0
01-Aug-19,Imports: Ethiopia,0.3
01-Aug-19,Imports: Fiji,0.3
01-Aug-19,Imports: Finland,40
01-Aug-19,Imports: France,1384.5
01-Aug-19,Imports: French Polynesia,0.4
01-Aug-19,Imports: Gabon,0
01-Aug-19,Imports: Germany,1141.9
01-Aug-19,Imports: Ghana,14.4
01-Aug-19,Imports: Greece,11.9
01-Aug-19,Imports: Guam,0
01-Aug-19,Imports: Guatemala,3.8
01-Aug-19,Imports: Hong Kong SAR (China),354.8
01-Aug-19,Imports: Hungary,32.5
01-Aug-19,Imports: India,960
01-Aug-19,Imports: Indonesia,2047.7
01-Aug-19,Imports: Iran,0.4
01-Aug-19,Imports: Ireland,76.2
01-Aug-19,Imports: Israel,55.9
01-Aug-19,Imports: Italy,451.5
01-Aug-19,Imports: Jamaica,0.1
01-Aug-19,Imports: Japan,2057.2
01-Aug-19,Imports: Jordan,2
01-Aug-19,Imports: Kazakhstan,1.2
01-Aug-19,Imports: Kenya,1.8
01-Aug-19,Imports: Kuwait,160.6
01-Aug-19,Imports: Lao Peo Dem Rep,0.7
01-Aug-19,Imports: Latvia,3.4
01-Aug-19,Imports: Lebanon,0.3
01-Aug-19,Imports: Liberia,0.2
01-Aug-19,Imports: Lithuania,7.2
01-Aug-19,Imports: Luxembourg,3.4
01-Aug-19,Imports: Macau SAR (China),0.6
01-Aug-19,Imports: Madagascar,0.3
01-Aug-19,Imports: Malaysia,4647.1
01-Aug-19,Imports: Maldives Rep of,0.1
01-Aug-19,Imports: Malta,21.8
01-Aug-19,Imports: Mauritius,2
01-Aug-19,Imports: Mexico,327.7
01-Aug-19,Imports: Morocco,16.4
01-Aug-19,Imports: Mozambique,0.6
01-Aug-19,Imports: Myanmar,37.3
01-Aug-19,Imports: Nepal,0.2
01-Aug-19,Imports: Netherlands Antilles,0
01-Aug-19,Imports: Netherlands,497
01-Aug-19,Imports: New Zealand,72.5
01-Aug-19,Imports: Nigeria,71.8
01-Aug-19,Imports: Northern Mariana Islands,0
01-Aug-19,Imports: Norway,48.2
01-Aug-19,Imports: Oman,3.8
01-Aug-19,Imports: Other Countries of Africa,80.5
01-Aug-19,Imports: Other Countries of America,1.1
01-Aug-19,Imports: Other Countries of Asia,1.7
01-Aug-19,Imports: Other Countries of Europe,9.5
01-Aug-19,Imports: Other Countries of Oceania,0.3
01-Aug-19,Imports: Pakistan,11.8
01-Aug-19,Imports: Panama,1
01-Aug-19,Imports: Papua New Guinea,28.3
01-Aug-19,Imports: Peru,2.3
01-Aug-19,Imports: Philippines,789.5
01-Aug-19,Imports: Poland,52.4
01-Aug-19,Imports: Portugal,26.1
01-Aug-19,Imports: Puerto Rico,9.2
01-Aug-19,Imports: Qatar,356.9
01-Aug-19,Imports: Reunion,0.3
01-Aug-19,Imports: Romania,14.4
01-Aug-19,Imports: Russia,354.7
01-Aug-19,Imports: Saudi Arabia,758.2
01-Aug-19,Imports: Seychelles,0
01-Aug-19,Imports: Slovak Republic,7.9
01-Aug-19,Imports: Slovenia,7.6
01-Aug-19,Imports: Solomon Islands,0.1
01-Aug-19,Imports: South Africa,43.6
01-Aug-19,Imports: South Korea,1223
01-Aug-19,Imports: Spain,140.9
01-Aug-19,Imports: Sri Lanka,9.1
01-Aug-19,Imports: Sudan,0
01-Aug-19,Imports: Sweden,118.9
01-Aug-19,Imports: Switzerland,713.7
01-Aug-19,Imports: Taiwan,3945.6
01-Aug-19,Imports: Tanzania,1.4
01-Aug-19,Imports: Thailand,902.3
01-Aug-19,Imports: Tunisia,1.9
01-Aug-19,Imports: Turkey,131.4
01-Aug-19,Imports: USA,5362.1
01-Aug-19,Imports: Ukraine,5.2
01-Aug-19,Imports: United Arab Emirates,1229.3
01-Aug-19,Imports: United Kingdom,1044.7
01-Aug-19,Imports: Uruguay,3
01-Aug-19,Imports: Vanuatu,0.6
01-Aug-19,Imports: Venezuela,1.6
01-Aug-19,Imports: Vietnam,549.6
01-Aug-19,Imports: Yemen,0
01-Aug-19,Imports: Zambia,51.5
01-Aug-19,Imports: Zimbabwe,3
01-Sep-19,Imports: Afghanistan,0.1
01-Sep-19,Imports: Angola,1.5
01-Sep-19,Imports: Argentina,3.7
01-Sep-19,Imports: Australia,753.4
01-Sep-19,Imports: Austria,73.7
01-Sep-19,Imports: Bahamas,7.5
01-Sep-19,Imports: Bahrain,41.8
01-Sep-19,Imports: Bangladesh,25.7
01-Sep-19,Imports: Belarus,1.7
01-Sep-19,Imports: Belgium,109.3
01-Sep-19,Imports: Brazil,197.2
01-Sep-19,Imports: Brunei,31.9
01-Sep-19,Imports: Bulgaria,4.1
01-Sep-19,Imports: Cambodia,362.4
01-Sep-19,Imports: Cameroon,2.8
01-Sep-19,Imports: Canada,210
01-Sep-19,Imports: Chile,6.8
01-Sep-19,Imports: China,5610.9
01-Sep-19,Imports: Colombia,1.4
01-Sep-19,Imports: Comoros,0
01-Sep-19,Imports: Costa Rica,24.5
01-Sep-19,Imports: Cote D'ivoire,1.5
01-Sep-19,Imports: Croatia,1.3
01-Sep-19,Imports: Cuba,0.5
01-Sep-19,Imports: Cyprus,0.7
01-Sep-19,"Imports: Czech, Republic",63
01-Sep-19,Imports: Denmark,59.1
01-Sep-19,Imports: Djibouti,0
01-Sep-19,Imports: Dominican Rep,4.3
01-Sep-19,Imports: Ecuador,0.8
01-Sep-19,Imports: Egypt,2
01-Sep-19,Imports: El Salvador,0.7
01-Sep-19,Imports: Estonia,2.5
01-Sep-19,Imports: Eswatini,0.3
01-Sep-19,Imports: Ethiopia,1.2
01-Sep-19,Imports: Fiji,0.4
01-Sep-19,Imports: Finland,35.9
01-Sep-19,Imports: France,1553.2
01-Sep-19,Imports: French Polynesia,0
01-Sep-19,Imports: Gabon,134.5
01-Sep-19,Imports: Germany,1084.8
01-Sep-19,Imports: Ghana,10.4
01-Sep-19,Imports: Greece,12
01-Sep-19,Imports: Guam,0
01-Sep-19,Imports: Guatemala,2.9
01-Sep-19,Imports: Hong Kong SAR (China),304.6
01-Sep-19,Imports: Hungary,33.9
01-Sep-19,Imports: India,869.6
01-Sep-19,Imports: Indonesia,2041
01-Sep-19,Imports: Iran,0.1
01-Sep-19,Imports: Ireland,72.5
01-Sep-19,Imports: Israel,83.8
01-Sep-19,Imports: Italy,350.2
01-Sep-19,Imports: Jamaica,0.2
01-Sep-19,Imports: Japan,2093.9
01-Sep-19,Imports: Jordan,4.1
01-Sep-19,Imports: Kazakhstan,89.5
01-Sep-19,Imports: Kenya,0.9
01-Sep-19,Imports: Kuwait,123.8
01-Sep-19,Imports: Lao Peo Dem Rep,1
01-Sep-19,Imports: Latvia,3.6
01-Sep-19,Imports: Lebanon,1.2
01-Sep-19,Imports: Liberia,0.1
01-Sep-19,Imports: Lithuania,12.5
01-Sep-19,Imports: Luxembourg,3.5
01-Sep-19,Imports: Macau SAR (China),0.8
01-Sep-19,Imports: Madagascar,0.6
01-Sep-19,Imports: Malaysia,4714.7
01-Sep-19,Imports: Maldives Rep of,0
01-Sep-19,Imports: Malta,20.1
01-Sep-19,Imports: Mauritius,2
01-Sep-19,Imports: Mexico,265.3
01-Sep-19,Imports: Morocco,20.9
01-Sep-19,Imports: Mozambique,0.6
01-Sep-19,Imports: Myanmar,15.6
01-Sep-19,Imports: Nepal,1
01-Sep-19,Imports: Netherlands Antilles,0
01-Sep-19,Imports: Netherlands,262.8
01-Sep-19,Imports: New Zealand,79.1
01-Sep-19,Imports: Nigeria,0.8
01-Sep-19,Imports: Northern Mariana Islands,0
01-Sep-19,Imports: Norway,50
01-Sep-19,Imports: Oman,101.9
01-Sep-19,Imports: Other Countries of Africa,22.3
01-Sep-19,Imports: Other Countries of America,1.7
01-Sep-19,Imports: Other Countries of Asia,0.8
01-Sep-19,Imports: Other Countries of Europe,7.5
01-Sep-19,Imports: Other Countries of Oceania,0.6
01-Sep-19,Imports: Pakistan,6.9
01-Sep-19,Imports: Panama,1.2
01-Sep-19,Imports: Papua New Guinea,33.3
01-Sep-19,Imports: Peru,1.3
01-Sep-19,Imports: Philippines,734
01-Sep-19,Imports: Poland,47.3
01-Sep-19,Imports: Portugal,28.6
01-Sep-19,Imports: Puerto Rico,11.9
01-Sep-19,Imports: Qatar,416.1
01-Sep-19,Imports: Reunion,0.1
01-Sep-19,Imports: Romania,16.5
01-Sep-19,Imports: Russia,420.4
01-Sep-19,Imports: Saudi Arabia,547.3
01-Sep-19,Imports: Seychelles,0
01-Sep-19,Imports: Slovak Republic,9.2
01-Sep-19,Imports: Slovenia,9.8
01-Sep-19,Imports: Solomon Islands,0
01-Sep-19,Imports: South Africa,42.2
01-Sep-19,Imports: South Korea,1534.5
01-Sep-19,Imports: Spain,130.2
01-Sep-19,Imports: Sri Lanka,7.9
01-Sep-19,Imports: Sudan,0.1
01-Sep-19,Imports: Sweden,104.3
01-Sep-19,Imports: Switzerland,753.2
01-Sep-19,Imports: Taiwan,3766.9
01-Sep-19,Imports: Tanzania,4.1
01-Sep-19,Imports: Thailand,863.3
01-Sep-19,Imports: Tunisia,1.6
01-Sep-19,Imports: Turkey,100.3
01-Sep-19,Imports: USA,4726.8
01-Sep-19,Imports: Ukraine,10.9
01-Sep-19,Imports: United Arab Emirates,1202
01-Sep-19,Imports: United Kingdom,961.6
01-Sep-19,Imports: Uruguay,0.4
01-Sep-19,Imports: Vanuatu,0
01-Sep-19,Imports: Venezuela,163.5
01-Sep-19,Imports: Vietnam,371.8
01-Sep-19,Imports: Yemen,0.5
01-Sep-19,Imports: Zambia,0
01-Sep-19,Imports: Zimbabwe,1.6
01-Oct-19,Imports: Afghanistan,0.7
01-Oct-19,Imports: Angola,83.2
01-Oct-19,Imports: Argentina,6.2
01-Oct-19,Imports: Australia,797.5
01-Oct-19,Imports: Austria,76
01-Oct-19,Imports: Bahamas,0
01-Oct-19,Imports: Bahrain,0.8
01-Oct-19,Imports: Bangladesh,23.7
01-Oct-19,Imports: Belarus,0.8
01-Oct-19,Imports: Belgium,148.9
01-Oct-19,Imports: Brazil,273.2
01-Oct-19,Imports: Brunei,5.5
01-Oct-19,Imports: Bulgaria,31.4
01-Oct-19,Imports: Cambodia,176.3
01-Oct-19,Imports: Cameroon,4.8
01-Oct-19,Imports: Canada,235.6
01-Oct-19,Imports: Chile,7.2
01-Oct-19,Imports: China,6125.5
01-Oct-19,Imports: Colombia,1.5
01-Oct-19,Imports: Comoros,0.1
01-Oct-19,Imports: Costa Rica,27.8
01-Oct-19,Imports: Cote D'ivoire,1.6
01-Oct-19,Imports: Croatia,2.4
01-Oct-19,Imports: Cuba,1.2
01-Oct-19,Imports: Cyprus,0.8
01-Oct-19,"Imports: Czech, Republic",68.8
01-Oct-19,Imports: Denmark,112.6
01-Oct-19,Imports: Djibouti,0.1
01-Oct-19,Imports: Dominican Rep,4.9
01-Oct-19,Imports: Ecuador,1
01-Oct-19,Imports: Egypt,2.7
01-Oct-19,Imports: El Salvador,0.7
01-Oct-19,Imports: Estonia,6.5
01-Oct-19,Imports: Eswatini,0
01-Oct-19,Imports: Ethiopia,41
01-Oct-19,Imports: Fiji,7.2
01-Oct-19,Imports: Finland,47.4
01-Oct-19,Imports: France,1539.9
01-Oct-19,Imports: French Polynesia,0
01-Oct-19,Imports: Gabon,0
01-Oct-19,Imports: Germany,1090.6
01-Oct-19,Imports: Ghana,16.5
01-Oct-19,Imports: Greece,9.4
01-Oct-19,Imports: Guam,0.1
01-Oct-19,Imports: Guatemala,2.3
01-Oct-19,Imports: Hong Kong SAR (China),350.7
01-Oct-19,Imports: Hungary,31.5
01-Oct-19,Imports: India,802.5
01-Oct-19,Imports: Indonesia,1836.5
01-Oct-19,Imports: Iran,0.2
01-Oct-19,Imports: Ireland,91.2
01-Oct-19,Imports: Israel,57.4
01-Oct-19,Imports: Italy,499.7
01-Oct-19,Imports: Jamaica,0.1
01-Oct-19,Imports: Japan,2377.5
01-Oct-19,Imports: Jordan,2.2
01-Oct-19,Imports: Kazakhstan,92
01-Oct-19,Imports: Kenya,1.6
01-Oct-19,Imports: Kuwait,363
01-Oct-19,Imports: Lao Peo Dem Rep,0.7
01-Oct-19,Imports: Latvia,2.5
01-Oct-19,Imports: Lebanon,0.1
01-Oct-19,Imports: Liberia,0
01-Oct-19,Imports: Lithuania,7.5
01-Oct-19,Imports: Luxembourg,4.5
01-Oct-19,Imports: Macau SAR (China),2.9
01-Oct-19,Imports: Madagascar,0.7
01-Oct-19,Imports: Malaysia,4982
01-Oct-19,Imports: Maldives Rep of,0.1
01-Oct-19,Imports: Malta,25.1
01-Oct-19,Imports: Mauritius,0.8
01-Oct-19,Imports: Mexico,279.2
01-Oct-19,Imports: Morocco,21.5
01-Oct-19,Imports: Mozambique,9.5
01-Oct-19,Imports: Myanmar,31.5
01-Oct-19,Imports: Nepal,0.5
01-Oct-19,Imports: Netherlands Antilles,0
01-Oct-19,Imports: Netherlands,248.6
01-Oct-19,Imports: New Zealand,127.6
01-Oct-19,Imports: Nigeria,60.1
01-Oct-19,Imports: Northern Mariana Islands,0
01-Oct-19,Imports: Norway,127.7
01-Oct-19,Imports: Oman,28.3
01-Oct-19,Imports: Other Countries of Africa,67.9
01-Oct-19,Imports: Other Countries of America,1.4
01-Oct-19,Imports: Other Countries of Asia,82.7
01-Oct-19,Imports: Other Countries of Europe,6.6
01-Oct-19,Imports: Other Countries of Oceania,6
01-Oct-19,Imports: Pakistan,9.5
01-Oct-19,Imports: Panama,0.9
01-Oct-19,Imports: Papua New Guinea,3
01-Oct-19,Imports: Peru,3
01-Oct-19,Imports: Philippines,715.2
01-Oct-19,Imports: Poland,52.4
01-Oct-19,Imports: Portugal,33.6
01-Oct-19,Imports: Puerto Rico,11.6
01-Oct-19,Imports: Qatar,504
01-Oct-19,Imports: Reunion,0.1
01-Oct-19,Imports: Romania,19.7
01-Oct-19,Imports: Russia,323.8
01-Oct-19,Imports: Saudi Arabia,844.1
01-Oct-19,Imports: Seychelles,0.1
01-Oct-19,Imports: Slovak Republic,9.5
01-Oct-19,Imports: Slovenia,6.1
01-Oct-19,Imports: Solomon Islands,0
01-Oct-19,Imports: South Africa,50
01-Oct-19,Imports: South Korea,1688.8
01-Oct-19,Imports: Spain,144.8
01-Oct-19,Imports: Sri Lanka,8.2
01-Oct-19,Imports: Sudan,0.2
01-Oct-19,Imports: Sweden,129.3
01-Oct-19,Imports: Switzerland,680.4
01-Oct-19,Imports: Taiwan,4397
01-Oct-19,Imports: Tanzania,0.1
01-Oct-19,Imports: Thailand,872.6
01-Oct-19,Imports: Tunisia,28.6
01-Oct-19,Imports: Turkey,99.9
01-Oct-19,Imports: USA,4850.1
01-Oct-19,Imports: Ukraine,15.9
01-Oct-19,Imports: United Arab Emirates,1264.3
01-Oct-19,Imports: United Kingdom,1028.9
01-Oct-19,Imports: Uruguay,5.4
01-Oct-19,Imports: Vanuatu,0.4
01-Oct-19,Imports: Venezuela,0.1
01-Oct-19,Imports: Vietnam,361.4
01-Oct-19,Imports: Yemen,0.8
01-Oct-19,Imports: Zambia,21.5
01-Oct-19,Imports: Zimbabwe,0.7
01-Nov-19,Imports: Afghanistan,0.1
01-Nov-19,Imports: Angola,123.8
01-Nov-19,Imports: Argentina,5.5
01-Nov-19,Imports: Australia,729.7
01-Nov-19,Imports: Austria,73.5
01-Nov-19,Imports: Bahamas,0
01-Nov-19,Imports: Bahrain,36.9
01-Nov-19,Imports: Bangladesh,23.4
01-Nov-19,Imports: Belarus,0.3
01-Nov-19,Imports: Belgium,112.2
01-Nov-19,Imports: Brazil,240.5
01-Nov-19,Imports: Brunei,89.5
01-Nov-19,Imports: Bulgaria,5
01-Nov-19,Imports: Cambodia,61.9
01-Nov-19,Imports: Cameroon,3
01-Nov-19,Imports: Canada,275.4
01-Nov-19,Imports: Chile,3.9
01-Nov-19,Imports: China,6389.4
01-Nov-19,Imports: Colombia,1.4
01-Nov-19,Imports: Comoros,0.1
01-Nov-19,Imports: Costa Rica,26
01-Nov-19,Imports: Cote D'ivoire,1.1
01-Nov-19,Imports: Croatia,3.4
01-Nov-19,Imports: Cuba,0.6
01-Nov-19,Imports: Cyprus,1.4
01-Nov-19,"Imports: Czech, Republic",68.9
01-Nov-19,Imports: Denmark,53.7
01-Nov-19,Imports: Djibouti,0.2
01-Nov-19,Imports: Dominican Rep,5
01-Nov-19,Imports: Ecuador,2.5
01-Nov-19,Imports: Egypt,96.7
01-Nov-19,Imports: El Salvador,0.4
01-Nov-19,Imports: Estonia,24.3
01-Nov-19,Imports: Eswatini,0.1
01-Nov-19,Imports: Ethiopia,0.4
01-Nov-19,Imports: Fiji,0.3
01-Nov-19,Imports: Finland,31.8
01-Nov-19,Imports: France,1607
01-Nov-19,Imports: French Polynesia,0.1
01-Nov-19,Imports: Gabon,61.6
01-Nov-19,Imports: Germany,1076
01-Nov-19,Imports: Ghana,13.9
01-Nov-19,Imports: Greece,14.5
01-Nov-19,Imports: Guam,0.1
01-Nov-19,Imports: Guatemala,0.5
01-Nov-19,Imports: Hong Kong SAR (China),501.7
01-Nov-19,Imports: Hungary,32.9
01-Nov-19,Imports: India,552.5
01-Nov-19,Imports: Indonesia,1708.4
01-Nov-19,Imports: Iran,0.4
01-Nov-19,Imports: Ireland,111.9
01-Nov-19,Imports: Israel,102.3
01-Nov-19,Imports: Italy,544.1
01-Nov-19,Imports: Jamaica,0
01-Nov-19,Imports: Japan,2220.7
01-Nov-19,Imports: Jordan,1.5
01-Nov-19,Imports: Kazakhstan,0
01-Nov-19,Imports: Kenya,0.9
01-Nov-19,Imports: Kuwait,439.1
01-Nov-19,Imports: Lao Peo Dem Rep,1.4
01-Nov-19,Imports: Latvia,2.4
01-Nov-19,Imports: Lebanon,0.4
01-Nov-19,Imports: Liberia,0
01-Nov-19,Imports: Lithuania,10.1
01-Nov-19,Imports: Luxembourg,70.7
01-Nov-19,Imports: Macau SAR (China),1.1
01-Nov-19,Imports: Madagascar,5.2
01-Nov-19,Imports: Malaysia,4764.9
01-Nov-19,Imports: Maldives Rep of,0.1
01-Nov-19,Imports: Malta,20.6
01-Nov-19,Imports: Mauritius,0.6
01-Nov-19,Imports: Mexico,267.1
01-Nov-19,Imports: Morocco,21
01-Nov-19,Imports: Mozambique,1
01-Nov-19,Imports: Myanmar,11.6
01-Nov-19,Imports: Nepal,0.3
01-Nov-19,Imports: Netherlands Antilles,0.1
01-Nov-19,Imports: Netherlands,382
01-Nov-19,Imports: New Zealand,107.8
01-Nov-19,Imports: Nigeria,25.8
01-Nov-19,Imports: Northern Mariana Islands,0
01-Nov-19,Imports: Norway,71.8
01-Nov-19,Imports: Oman,3.8
01-Nov-19,Imports: Other Countries of Africa,67.6
01-Nov-19,Imports: Other Countries of America,1.3
01-Nov-19,Imports: Other Countries of Asia,17.8
01-Nov-19,Imports: Other Countries of Europe,7.1
01-Nov-19,Imports: Other Countries of Oceania,0.4
01-Nov-19,Imports: Pakistan,8.6
01-Nov-19,Imports: Panama,0.4
01-Nov-19,Imports: Papua New Guinea,2
01-Nov-19,Imports: Peru,4.1
01-Nov-19,Imports: Philippines,747.7
01-Nov-19,Imports: Poland,53.6
01-Nov-19,Imports: Portugal,40.7
01-Nov-19,Imports: Puerto Rico,7.6
01-Nov-19,Imports: Qatar,722
01-Nov-19,Imports: Reunion,0
01-Nov-19,Imports: Romania,18.1
01-Nov-19,Imports: Russia,244.3
01-Nov-19,Imports: Saudi Arabia,1128.6
01-Nov-19,Imports: Seychelles,0.1
01-Nov-19,Imports: Slovak Republic,8.3
01-Nov-19,Imports: Slovenia,4.4
01-Nov-19,Imports: Solomon Islands,0.1
01-Nov-19,Imports: South Africa,66.9
01-Nov-19,Imports: South Korea,1445.3
01-Nov-19,Imports: Spain,146.3
01-Nov-19,Imports: Sri Lanka,9
01-Nov-19,Imports: Sudan,0
01-Nov-19,Imports: Sweden,100.7
01-Nov-19,Imports: Switzerland,793.8
01-Nov-19,Imports: Taiwan,3674.2
01-Nov-19,Imports: Tanzania,0
01-Nov-19,Imports: Thailand,743
01-Nov-19,Imports: Tunisia,2.3
01-Nov-19,Imports: Turkey,66.1
01-Nov-19,Imports: USA,5428.5
01-Nov-19,Imports: Ukraine,33.8
01-Nov-19,Imports: United Arab Emirates,1714.6
01-Nov-19,Imports: United Kingdom,1057.5
01-Nov-19,Imports: Uruguay,2.9
01-Nov-19,Imports: Vanuatu,0.7
01-Nov-19,Imports: Venezuela,0.1
01-Nov-19,Imports: Vietnam,385
01-Nov-19,Imports: Yemen,0.4
01-Nov-19,Imports: Zambia,26.7
01-Nov-19,Imports: Zimbabwe,2.5
01-Dec-19,Imports: Afghanistan,0
01-Dec-19,Imports: Angola,0
01-Dec-19,Imports: Argentina,3.8
01-Dec-19,Imports: Australia,1248.1
01-Dec-19,Imports: Austria,79.9
01-Dec-19,Imports: Bahamas,0
01-Dec-19,Imports: Bahrain,32.8
01-Dec-19,Imports: Bangladesh,24.1
01-Dec-19,Imports: Belarus,0.2
01-Dec-19,Imports: Belgium,148.6
01-Dec-19,Imports: Brazil,164.2
01-Dec-19,Imports: Brunei,147.8
01-Dec-19,Imports: Bulgaria,4.3
01-Dec-19,Imports: Cambodia,25
01-Dec-19,Imports: Cameroon,8.3
01-Dec-19,Imports: Canada,234.1
01-Dec-19,Imports: Chile,5.4
01-Dec-19,Imports: China,5992.6
01-Dec-19,Imports: Colombia,61.2
01-Dec-19,Imports: Comoros,0
01-Dec-19,Imports: Costa Rica,21.6
01-Dec-19,Imports: Cote D'ivoire,1.3
01-Dec-19,Imports: Croatia,5.1
01-Dec-19,Imports: Cuba,0.8
01-Dec-19,Imports: Cyprus,1.2
01-Dec-19,"Imports: Czech, Republic",71.9
01-Dec-19,Imports: Denmark,44.1
01-Dec-19,Imports: Djibouti,0.1
01-Dec-19,Imports: Dominican Rep,5.2
01-Dec-19,Imports: Ecuador,3
01-Dec-19,Imports: Egypt,81
01-Dec-19,Imports: El Salvador,0.5
01-Dec-19,Imports: Estonia,12
01-Dec-19,Imports: Eswatini,0
01-Dec-19,Imports: Ethiopia,0.8
01-Dec-19,Imports: Fiji,0.4
01-Dec-19,Imports: Finland,41.4
01-Dec-19,Imports: France,1305.9
01-Dec-19,Imports: French Polynesia,0.1
01-Dec-19,Imports: Gabon,67
01-Dec-19,Imports: Germany,1090.8
01-Dec-19,Imports: Ghana,11.3
01-Dec-19,Imports: Greece,12.2
01-Dec-19,Imports: Guam,0
01-Dec-19,Imports: Guatemala,1.1
01-Dec-19,Imports: Hong Kong SAR (China),705.2
01-Dec-19,Imports: Hungary,35.8
01-Dec-19,Imports: India,705
01-Dec-19,Imports: Indonesia,1560
01-Dec-19,Imports: Iran,0.8
01-Dec-19,Imports: Ireland,93.1
01-Dec-19,Imports: Israel,74.9
01-Dec-19,Imports: Italy,547.8
01-Dec-19,Imports: Jamaica,0.1
01-Dec-19,Imports: Japan,2327.2
01-Dec-19,Imports: Jordan,2.4
01-Dec-19,Imports: Kazakhstan,0
01-Dec-19,Imports: Kenya,3.1
01-Dec-19,Imports: Kuwait,349.5
01-Dec-19,Imports: Lao Peo Dem Rep,0.9
01-Dec-19,Imports: Latvia,1.1
01-Dec-19,Imports: Lebanon,0.1
01-Dec-19,Imports: Liberia,0.1
01-Dec-19,Imports: Lithuania,8.2
01-Dec-19,Imports: Luxembourg,2.2
01-Dec-19,Imports: Macau SAR (China),1
01-Dec-19,Imports: Madagascar,14.3
01-Dec-19,Imports: Malaysia,5391.2
01-Dec-19,Imports: Maldives Rep of,0.1
01-Dec-19,Imports: Malta,66.9
01-Dec-19,Imports: Mauritius,0.8
01-Dec-19,Imports: Mexico,538.3
01-Dec-19,Imports: Morocco,22.6
01-Dec-19,Imports: Mozambique,0.1
01-Dec-19,Imports: Myanmar,18
01-Dec-19,Imports: Nepal,0.4
01-Dec-19,Imports: Netherlands Antilles,0
01-Dec-19,Imports: Netherlands,243.9
01-Dec-19,Imports: New Zealand,104.8
01-Dec-19,Imports: Nigeria,73
01-Dec-19,Imports: Northern Mariana Islands,0
01-Dec-19,Imports: Norway,85.5
01-Dec-19,Imports: Oman,10.3
01-Dec-19,Imports: Other Countries of Africa,23.6
01-Dec-19,Imports: Other Countries of America,2.7
01-Dec-19,Imports: Other Countries of Asia,29.7
01-Dec-19,Imports: Other Countries of Europe,6.6
01-Dec-19,Imports: Other Countries of Oceania,1
01-Dec-19,Imports: Pakistan,9.5
01-Dec-19,Imports: Panama,0.3
01-Dec-19,Imports: Papua New Guinea,14.8
01-Dec-19,Imports: Peru,3.6
01-Dec-19,Imports: Philippines,728
01-Dec-19,Imports: Poland,66.7
01-Dec-19,Imports: Portugal,40.9
01-Dec-19,Imports: Puerto Rico,12.3
01-Dec-19,Imports: Qatar,629.9
01-Dec-19,Imports: Reunion,0
01-Dec-19,Imports: Romania,19.5
01-Dec-19,Imports: Russia,248
01-Dec-19,Imports: Saudi Arabia,600.5
01-Dec-19,Imports: Seychelles,0.1
01-Dec-19,Imports: Slovak Republic,9.5
01-Dec-19,Imports: Slovenia,6.3
01-Dec-19,Imports: Solomon Islands,0.1
01-Dec-19,Imports: South Africa,59.8
01-Dec-19,Imports: South Korea,1644.9
01-Dec-19,Imports: Spain,157.1
01-Dec-19,Imports: Sri Lanka,25.1
01-Dec-19,Imports: Sudan,0
01-Dec-19,Imports: Sweden,121.5
01-Dec-19,Imports: Switzerland,608.4
01-Dec-19,Imports: Taiwan,3625.7
01-Dec-19,Imports: Tanzania,0.1
01-Dec-19,Imports: Thailand,831.1
01-Dec-19,Imports: Tunisia,2.9
01-Dec-19,Imports: Turkey,65.3
01-Dec-19,Imports: USA,4625.2
01-Dec-19,Imports: Ukraine,5.6
01-Dec-19,Imports: United Arab Emirates,1249.3
01-Dec-19,Imports: United Kingdom,1122.9
01-Dec-19,Imports: Uruguay,2.3
01-Dec-19,Imports: Vanuatu,0
01-Dec-19,Imports: Venezuela,0
01-Dec-19,Imports: Vietnam,354.7
01-Dec-19,Imports: Yemen,0.9
01-Dec-19,Imports: Zambia,5.9
01-Dec-19,Imports: Zimbabwe,1.4
01-Jan-20,Imports: Afghanistan,0
01-Jan-20,Imports: Angola,60.3
01-Jan-20,Imports: Argentina,6.2
01-Jan-20,Imports: Australia,695.5
01-Jan-20,Imports: Austria,80.1
01-Jan-20,Imports: Bahamas,0
01-Jan-20,Imports: Bahrain,0.7
01-Jan-20,Imports: Bangladesh,51.2
01-Jan-20,Imports: Belarus,0.3
01-Jan-20,Imports: Belgium,124.2
01-Jan-20,Imports: Brazil,404.7
01-Jan-20,Imports: Brunei,278.3
01-Jan-20,Imports: Bulgaria,4.1
01-Jan-20,Imports: Cambodia,17.1
01-Jan-20,Imports: Cameroon,12.3
01-Jan-20,Imports: Canada,568.8
01-Jan-20,Imports: Chile,7.7
01-Jan-20,Imports: China,5469.8
01-Jan-20,Imports: Colombia,33.2
01-Jan-20,Imports: Comoros,0.2
01-Jan-20,Imports: Costa Rica,22.2
01-Jan-20,Imports: Cote D'ivoire,2.3
01-Jan-20,Imports: Croatia,2.1
01-Jan-20,Imports: Cuba,1.2
01-Jan-20,Imports: Cyprus,1
01-Jan-20,"Imports: Czech, Republic",61.7
01-Jan-20,Imports: Denmark,84.9
01-Jan-20,Imports: Djibouti,0
01-Jan-20,Imports: Dominican Rep,4.8
01-Jan-20,Imports: Ecuador,2.1
01-Jan-20,Imports: Egypt,4
01-Jan-20,Imports: El Salvador,0.3
01-Jan-20,Imports: Estonia,4.4
01-Jan-20,Imports: Eswatini,2.2
01-Jan-20,Imports: Ethiopia,40.6
01-Jan-20,Imports: Fiji,0.3
01-Jan-20,Imports: Finland,29.9
01-Jan-20,Imports: France,1491.4
01-Jan-20,Imports: French Polynesia,0.1
01-Jan-20,Imports: Gabon,75
01-Jan-20,Imports: Germany,1127.3
01-Jan-20,Imports: Ghana,10.1
01-Jan-20,Imports: Greece,10.3
01-Jan-20,Imports: Guam,0
01-Jan-20,Imports: Guatemala,1.7
01-Jan-20,Imports: Hong Kong SAR (China),391.4
01-Jan-20,Imports: Hungary,24.2
01-Jan-20,Imports: India,818.9
01-Jan-20,Imports: Indonesia,1737
01-Jan-20,Imports: Iran,0.3
01-Jan-20,Imports: Ireland,87.5
01-Jan-20,Imports: Israel,63.3
01-Jan-20,Imports: Italy,512
01-Jan-20,Imports: Jamaica,0.1
01-Jan-20,Imports: Japan,2138.9
01-Jan-20,Imports: Jordan,2.5
01-Jan-20,Imports: Kazakhstan,2.4
01-Jan-20,Imports: Kenya,0.6
01-Jan-20,Imports: Kuwait,402.3
01-Jan-20,Imports: Lao Peo Dem Rep,0.5
01-Jan-20,Imports: Latvia,1.3
01-Jan-20,Imports: Lebanon,0.2
01-Jan-20,Imports: Liberia,0
01-Jan-20,Imports: Lithuania,22.2
01-Jan-20,Imports: Luxembourg,9.2
01-Jan-20,Imports: Macau SAR (China),1
01-Jan-20,Imports: Madagascar,8.6
01-Jan-20,Imports: Malaysia,4979.3
01-Jan-20,Imports: Maldives Rep of,0.1
01-Jan-20,Imports: Malta,42.9
01-Jan-20,Imports: Mauritius,0.6
01-Jan-20,Imports: Mexico,276.7
01-Jan-20,Imports: Morocco,19.5
01-Jan-20,Imports: Mozambique,12.2
01-Jan-20,Imports: Myanmar,16.3
01-Jan-20,Imports: Nepal,2
01-Jan-20,Imports: Netherlands Antilles,0
01-Jan-20,Imports: Netherlands,284
01-Jan-20,Imports: New Zealand,121
01-Jan-20,Imports: Nigeria,1.2
01-Jan-20,Imports: Northern Mariana Islands,0
01-Jan-20,Imports: Norway,58.7
01-Jan-20,Imports: Oman,57.5
01-Jan-20,Imports: Other Countries of Africa,92.2
01-Jan-20,Imports: Other Countries of America,1.3
01-Jan-20,Imports: Other Countries of Asia,4.4
01-Jan-20,Imports: Other Countries of Europe,6.5
01-Jan-20,Imports: Other Countries of Oceania,0.3
01-Jan-20,Imports: Pakistan,7.5
01-Jan-20,Imports: Panama,0.7
01-Jan-20,Imports: Papua New Guinea,1.9
01-Jan-20,Imports: Peru,3.4
01-Jan-20,Imports: Philippines,730.3
01-Jan-20,Imports: Poland,50.7
01-Jan-20,Imports: Portugal,43.1
01-Jan-20,Imports: Puerto Rico,8.2
01-Jan-20,Imports: Qatar,699.1
01-Jan-20,Imports: Reunion,0
01-Jan-20,Imports: Romania,17.8
01-Jan-20,Imports: Russia,309.9
01-Jan-20,Imports: Saudi Arabia,670
01-Jan-20,Imports: Seychelles,0.1
01-Jan-20,Imports: Slovak Republic,9.5
01-Jan-20,Imports: Slovenia,4.1
01-Jan-20,Imports: Solomon Islands,0
01-Jan-20,Imports: South Africa,69.6
01-Jan-20,Imports: South Korea,2078.1
01-Jan-20,Imports: Spain,122.5
01-Jan-20,Imports: Sri Lanka,8.9
01-Jan-20,Imports: Sudan,0
01-Jan-20,Imports: Sweden,118.5
01-Jan-20,Imports: Switzerland,970.9
01-Jan-20,Imports: Taiwan,3571.4
01-Jan-20,Imports: Tanzania,0.3
01-Jan-20,Imports: Thailand,1119.9
01-Jan-20,Imports: Tunisia,3.3
01-Jan-20,Imports: Turkey,30.9
01-Jan-20,Imports: USA,4497.9
01-Jan-20,Imports: Ukraine,38.4
01-Jan-20,Imports: United Arab Emirates,816
01-Jan-20,Imports: United Kingdom,1104.1
01-Jan-20,Imports: Uruguay,1.2
01-Jan-20,Imports: Vanuatu,0.6
01-Jan-20,Imports: Venezuela,1.3
01-Jan-20,Imports: Vietnam,382
01-Jan-20,Imports: Yemen,0.1
01-Jan-20,Imports: Zambia,1.3
01-Jan-20,Imports: Zimbabwe,0.9
01-Feb-20,Imports: Afghanistan,0.1
01-Feb-20,Imports: Angola,20.7
01-Feb-20,Imports: Argentina,3.1
01-Feb-20,Imports: Australia,500.4
01-Feb-20,Imports: Austria,73.2
01-Feb-20,Imports: Bahamas,37.1
01-Feb-20,Imports: Bahrain,1.1
01-Feb-20,Imports: Bangladesh,19.6
01-Feb-20,Imports: Belarus,0.3
01-Feb-20,Imports: Belgium,176.9
01-Feb-20,Imports: Brazil,331.2
01-Feb-20,Imports: Brunei,242.8
01-Feb-20,Imports: Bulgaria,96.9
01-Feb-20,Imports: Cambodia,196.9
01-Feb-20,Imports: Cameroon,7.4
01-Feb-20,Imports: Canada,200.2
01-Feb-20,Imports: Chile,7.3
01-Feb-20,Imports: China,3978.9
01-Feb-20,Imports: Colombia,0.9
01-Feb-20,Imports: Comoros,0
01-Feb-20,Imports: Costa Rica,21
01-Feb-20,Imports: Cote D'ivoire,7.2
01-Feb-20,Imports: Croatia,1.7
01-Feb-20,Imports: Cuba,1.5
01-Feb-20,Imports: Cyprus,1.2
01-Feb-20,"Imports: Czech, Republic",61
01-Feb-20,Imports: Denmark,124.3
01-Feb-20,Imports: Djibouti,0
01-Feb-20,Imports: Dominican Rep,4.9
01-Feb-20,Imports: Ecuador,2.4
01-Feb-20,Imports: Egypt,117.1
01-Feb-20,Imports: El Salvador,0.5
01-Feb-20,Imports: Estonia,4.9
01-Feb-20,Imports: Eswatini,0.1
01-Feb-20,Imports: Ethiopia,81.9
01-Feb-20,Imports: Fiji,0.1
01-Feb-20,Imports: Finland,34.7
01-Feb-20,Imports: France,1123
01-Feb-20,Imports: French Polynesia,0
01-Feb-20,Imports: Gabon,0.2
01-Feb-20,Imports: Germany,1003.4
01-Feb-20,Imports: Ghana,7.7
01-Feb-20,Imports: Greece,12.1
01-Feb-20,Imports: Guam,0
01-Feb-20,Imports: Guatemala,8.1
01-Feb-20,Imports: Hong Kong SAR (China),226.7
01-Feb-20,Imports: Hungary,25.3
01-Feb-20,Imports: India,601.1
01-Feb-20,Imports: Indonesia,2180.9
01-Feb-20,Imports: Iran,0.7
01-Feb-20,Imports: Ireland,106.5
01-Feb-20,Imports: Israel,100.4
01-Feb-20,Imports: Italy,493.8
01-Feb-20,Imports: Jamaica,0
01-Feb-20,Imports: Japan,2427.1
01-Feb-20,Imports: Jordan,3.6
01-Feb-20,Imports: Kazakhstan,0
01-Feb-20,Imports: Kenya,0.8
01-Feb-20,Imports: Kuwait,181
01-Feb-20,Imports: Lao Peo Dem Rep,1.3
01-Feb-20,Imports: Latvia,0.9
01-Feb-20,Imports: Lebanon,0.2
01-Feb-20,Imports: Liberia,0.2
01-Feb-20,Imports: Lithuania,7.2
01-Feb-20,Imports: Luxembourg,2.7
01-Feb-20,Imports: Macau SAR (China),2.4
01-Feb-20,Imports: Madagascar,4.8
01-Feb-20,Imports: Malaysia,4985.9
01-Feb-20,Imports: Maldives Rep of,0.1
01-Feb-20,Imports: Malta,14.9
01-Feb-20,Imports: Mauritius,1.1
01-Feb-20,Imports: Mexico,240.2
01-Feb-20,Imports: Morocco,18.5
01-Feb-20,Imports: Mozambique,0.4
01-Feb-20,Imports: Myanmar,14.3
01-Feb-20,Imports: Nepal,0.3
01-Feb-20,Imports: Netherlands Antilles,43
01-Feb-20,Imports: Netherlands,231.4
01-Feb-20,Imports: New Zealand,71.8
01-Feb-20,Imports: Nigeria,0.7
01-Feb-20,Imports: Northern Mariana Islands,0.1
01-Feb-20,Imports: Norway,71.1
01-Feb-20,Imports: Oman,13.6
01-Feb-20,Imports: Other Countries of Africa,71.8
01-Feb-20,Imports: Other Countries of America,1
01-Feb-20,Imports: Other Countries of Asia,46.5
01-Feb-20,Imports: Other Countries of Europe,8
01-Feb-20,Imports: Other Countries of Oceania,0.4
01-Feb-20,Imports: Pakistan,7.8
01-Feb-20,Imports: Panama,0.4
01-Feb-20,Imports: Papua New Guinea,121.5
01-Feb-20,Imports: Peru,2.5
01-Feb-20,Imports: Philippines,759.5
01-Feb-20,Imports: Poland,58.5
01-Feb-20,Imports: Portugal,25.9
01-Feb-20,Imports: Puerto Rico,9.6
01-Feb-20,Imports: Qatar,1012.1
01-Feb-20,Imports: Reunion,0
01-Feb-20,Imports: Romania,12.2
01-Feb-20,Imports: Russia,140.4
01-Feb-20,Imports: Saudi Arabia,673.3
01-Feb-20,Imports: Seychelles,0.2
01-Feb-20,Imports: Slovak Republic,8.3
01-Feb-20,Imports: Slovenia,3.8
01-Feb-20,Imports: Solomon Islands,0
01-Feb-20,Imports: South Africa,55.4
01-Feb-20,Imports: South Korea,1927.1
01-Feb-20,Imports: Spain,130.1
01-Feb-20,Imports: Sri Lanka,9.4
01-Feb-20,Imports: Sudan,0.1
01-Feb-20,Imports: Sweden,98.2
01-Feb-20,Imports: Switzerland,724.4
01-Feb-20,Imports: Taiwan,3647.7
01-Feb-20,Imports: Tanzania,3
01-Feb-20,Imports: Thailand,1371.9
01-Feb-20,Imports: Tunisia,3.7
01-Feb-20,Imports: Turkey,70.8
01-Feb-20,Imports: USA,4398.3
01-Feb-20,Imports: Ukraine,10.5
01-Feb-20,Imports: United Arab Emirates,1134.2
01-Feb-20,Imports: United Kingdom,1321.7
01-Feb-20,Imports: Uruguay,0.5
01-Feb-20,Imports: Vanuatu,0.2
01-Feb-20,Imports: Venezuela,0.1
01-Feb-20,Imports: Vietnam,570.8
01-Feb-20,Imports: Yemen,0.1
01-Feb-20,Imports: Zambia,16.5
01-Feb-20,Imports: Zimbabwe,1.3
01-Mar-20,Imports: Afghanistan,0
01-Mar-20,Imports: Angola,214.1
01-Mar-20,Imports: Argentina,16.5
01-Mar-20,Imports: Australia,743.6
01-Mar-20,Imports: Austria,74.8
01-Mar-20,Imports: Bahamas,0
01-Mar-20,Imports: Bahrain,2.9
01-Mar-20,Imports: Bangladesh,27.3
01-Mar-20,Imports: Belarus,0.5
01-Mar-20,Imports: Belgium,136.2
01-Mar-20,Imports: Brazil,310.9
01-Mar-20,Imports: Brunei,70.9
01-Mar-20,Imports: Bulgaria,4.4
01-Mar-20,Imports: Cambodia,162.3
01-Mar-20,Imports: Cameroon,10
01-Mar-20,Imports: Canada,228.5
01-Mar-20,Imports: Chile,6.8
01-Mar-20,Imports: China,5979.9
01-Mar-20,Imports: Colombia,4.4
01-Mar-20,Imports: Comoros,0
01-Mar-20,Imports: Costa Rica,29.3
01-Mar-20,Imports: Cote D'ivoire,3.6
01-Mar-20,Imports: Croatia,1.6
01-Mar-20,Imports: Cuba,0.5
01-Mar-20,Imports: Cyprus,0.8
01-Mar-20,"Imports: Czech, Republic",54.1
01-Mar-20,Imports: Denmark,54.6
01-Mar-20,Imports: Djibouti,0.2
01-Mar-20,Imports: Dominican Rep,6.4
01-Mar-20,Imports: Ecuador,4.2
01-Mar-20,Imports: Egypt,21.6
01-Mar-20,Imports: El Salvador,1.7
01-Mar-20,Imports: Estonia,4.4
01-Mar-20,Imports: Eswatini,1.2
01-Mar-20,Imports: Ethiopia,0.6
01-Mar-20,Imports: Fiji,0.5
01-Mar-20,Imports: Finland,45.9
01-Mar-20,Imports: France,1233.3
01-Mar-20,Imports: French Polynesia,0.2
01-Mar-20,Imports: Gabon,45.2
01-Mar-20,Imports: Germany,1115
01-Mar-20,Imports: Ghana,27.1
01-Mar-20,Imports: Greece,12.4
01-Mar-20,Imports: Guam,0
01-Mar-20,Imports: Guatemala,9
01-Mar-20,Imports: Hong Kong SAR (China),364.2
01-Mar-20,Imports: Hungary,35.2
01-Mar-20,Imports: India,703.5
01-Mar-20,Imports: Indonesia,2093.3
01-Mar-20,Imports: Iran,0.8
01-Mar-20,Imports: Ireland,100.6
01-Mar-20,Imports: Israel,79.8
01-Mar-20,Imports: Italy,511.9
01-Mar-20,Imports: Jamaica,0
01-Mar-20,Imports: Japan,2606.4
01-Mar-20,Imports: Jordan,3.3
01-Mar-20,Imports: Kazakhstan,1.3
01-Mar-20,Imports: Kenya,1.3
01-Mar-20,Imports: Kuwait,118.3
01-Mar-20,Imports: Lao Peo Dem Rep,1.1
01-Mar-20,Imports: Latvia,1.9
01-Mar-20,Imports: Lebanon,0.2
01-Mar-20,Imports: Liberia,0.1
01-Mar-20,Imports: Lithuania,8.6
01-Mar-20,Imports: Luxembourg,5.8
01-Mar-20,Imports: Macau SAR (China),0.5
01-Mar-20,Imports: Madagascar,3.9
01-Mar-20,Imports: Malaysia,4295.4
01-Mar-20,Imports: Maldives Rep of,0
01-Mar-20,Imports: Malta,20.4
01-Mar-20,Imports: Mauritius,1.4
01-Mar-20,Imports: Mexico,266.8
01-Mar-20,Imports: Morocco,15.9
01-Mar-20,Imports: Mozambique,0.7
01-Mar-20,Imports: Myanmar,32.2
01-Mar-20,Imports: Nepal,0.3
01-Mar-20,Imports: Netherlands Antilles,0
01-Mar-20,Imports: Netherlands,296.5
01-Mar-20,Imports: New Zealand,100.2
01-Mar-20,Imports: Nigeria,1.5
01-Mar-20,Imports: Northern Mariana Islands,0
01-Mar-20,Imports: Norway,69
01-Mar-20,Imports: Oman,26
01-Mar-20,Imports: Other Countries of Africa,12.5
01-Mar-20,Imports: Other Countries of America,1.2
01-Mar-20,Imports: Other Countries of Asia,0.8
01-Mar-20,Imports: Other Countries of Europe,6.2
01-Mar-20,Imports: Other Countries of Oceania,0.1
01-Mar-20,Imports: Pakistan,7.1
01-Mar-20,Imports: Panama,0.2
01-Mar-20,Imports: Papua New Guinea,1.3
01-Mar-20,Imports: Peru,1.9
01-Mar-20,Imports: Philippines,758.7
01-Mar-20,Imports: Poland,53.4
01-Mar-20,Imports: Portugal,23.5
01-Mar-20,Imports: Puerto Rico,19.2
01-Mar-20,Imports: Qatar,656
01-Mar-20,Imports: Reunion,0.7
01-Mar-20,Imports: Romania,13.4
01-Mar-20,Imports: Russia,83.1
01-Mar-20,Imports: Saudi Arabia,435.9
01-Mar-20,Imports: Seychelles,0
01-Mar-20,Imports: Slovak Republic,11.6
01-Mar-20,Imports: Slovenia,6.6
01-Mar-20,Imports: Solomon Islands,0
01-Mar-20,Imports: South Africa,71.9
01-Mar-20,Imports: South Korea,2006.5
01-Mar-20,Imports: Spain,130.5
01-Mar-20,Imports: Sri Lanka,6.5
01-Mar-20,Imports: Sudan,0
01-Mar-20,Imports: Sweden,220.8
01-Mar-20,Imports: Switzerland,832.3
01-Mar-20,Imports: Taiwan,3852.7
01-Mar-20,Imports: Tanzania,3.2
01-Mar-20,Imports: Thailand,1087.8
01-Mar-20,Imports: Tunisia,3.4
01-Mar-20,Imports: Turkey,75.4
01-Mar-20,Imports: USA,5001.6
01-Mar-20,Imports: Ukraine,27.8
01-Mar-20,Imports: United Arab Emirates,635.9
01-Mar-20,Imports: United Kingdom,1136.2
01-Mar-20,Imports: Uruguay,1.1
01-Mar-20,Imports: Vanuatu,0
01-Mar-20,Imports: Venezuela,0.1
01-Mar-20,Imports: Vietnam,563.5
01-Mar-20,Imports: Yemen,0.2
01-Mar-20,Imports: Zambia,1.1
01-Mar-20,Imports: Zimbabwe,1.5
01-Apr-20,Imports: Afghanistan,0
01-Apr-20,Imports: Angola,111.3
01-Apr-20,Imports: Argentina,6.5
01-Apr-20,Imports: Australia,480.8
01-Apr-20,Imports: Austria,95.2
01-Apr-20,Imports: Bahamas,0
01-Apr-20,Imports: Bahrain,26.2
01-Apr-20,Imports: Bangladesh,4
01-Apr-20,Imports: Belarus,0.7
01-Apr-20,Imports: Belgium,127
01-Apr-20,Imports: Brazil,237.6
01-Apr-20,Imports: Brunei,96.2
01-Apr-20,Imports: Bulgaria,3.9
01-Apr-20,Imports: Cambodia,77.2
01-Apr-20,Imports: Cameroon,29
01-Apr-20,Imports: Canada,248.4
01-Apr-20,Imports: Chile,4.5
01-Apr-20,Imports: China,5583.2
01-Apr-20,Imports: Colombia,2.9
01-Apr-20,Imports: Comoros,0
01-Apr-20,Imports: Costa Rica,17.3
01-Apr-20,Imports: Cote D'ivoire,6.9
01-Apr-20,Imports: Croatia,4.9
01-Apr-20,Imports: Cuba,0.3
01-Apr-20,Imports: Cyprus,1.1
01-Apr-20,"Imports: Czech, Republic",71.5
01-Apr-20,Imports: Denmark,62.5
01-Apr-20,Imports: Djibouti,0
01-Apr-20,Imports: Dominican Rep,7.9
01-Apr-20,Imports: Ecuador,1.6
01-Apr-20,Imports: Egypt,14.7
01-Apr-20,Imports: El Salvador,0.6
01-Apr-20,Imports: Estonia,2.9
01-Apr-20,Imports: Eswatini,0
01-Apr-20,Imports: Ethiopia,0.3
01-Apr-20,Imports: Fiji,0.1
01-Apr-20,Imports: Finland,34.6
01-Apr-20,Imports: France,912.8
01-Apr-20,Imports: French Polynesia,0
01-Apr-20,Imports: Gabon,0.5
01-Apr-20,Imports: Germany,1160.8
01-Apr-20,Imports: Ghana,10.3
01-Apr-20,Imports: Greece,15.5
01-Apr-20,Imports: Guam,0
01-Apr-20,Imports: Guatemala,0.4
01-Apr-20,Imports: Hong Kong SAR (China),302.9
01-Apr-20,Imports: Hungary,30.5
01-Apr-20,Imports: India,276.2
01-Apr-20,Imports: Indonesia,1735.6
01-Apr-20,Imports: Iran,1.3
01-Apr-20,Imports: Ireland,116.9
01-Apr-20,Imports: Israel,48.2
01-Apr-20,Imports: Italy,347.8
01-Apr-20,Imports: Jamaica,0
01-Apr-20,Imports: Japan,2168.4
01-Apr-20,Imports: Jordan,1.1
01-Apr-20,Imports: Kazakhstan,0.9
01-Apr-20,Imports: Kenya,2.2
01-Apr-20,Imports: Kuwait,75.7
01-Apr-20,Imports: Lao Peo Dem Rep,0.4
01-Apr-20,Imports: Latvia,1.4
01-Apr-20,Imports: Lebanon,0.1
01-Apr-20,Imports: Liberia,0.2
01-Apr-20,Imports: Lithuania,9.9
01-Apr-20,Imports: Luxembourg,44.1
01-Apr-20,Imports: Macau SAR (China),1.2
01-Apr-20,Imports: Madagascar,3
01-Apr-20,Imports: Malaysia,3387.4
01-Apr-20,Imports: Maldives Rep of,0
01-Apr-20,Imports: Malta,23.6
01-Apr-20,Imports: Mauritius,0.2
01-Apr-20,Imports: Mexico,225.5
01-Apr-20,Imports: Morocco,15.2
01-Apr-20,Imports: Mozambique,0.9
01-Apr-20,Imports: Myanmar,9.9
01-Apr-20,Imports: Nepal,0.1
01-Apr-20,Imports: Netherlands Antilles,0
01-Apr-20,Imports: Netherlands,269.3
01-Apr-20,Imports: New Zealand,70.1
01-Apr-20,Imports: Nigeria,11.2
01-Apr-20,Imports: Northern Mariana Islands,0
01-Apr-20,Imports: Norway,50.8
01-Apr-20,Imports: Oman,5.3
01-Apr-20,Imports: Other Countries of Africa,26.1
01-Apr-20,Imports: Other Countries of America,0.7
01-Apr-20,Imports: Other Countries of Asia,14.9
01-Apr-20,Imports: Other Countries of Europe,6.4
01-Apr-20,Imports: Other Countries of Oceania,0.2
01-Apr-20,Imports: Pakistan,4.9
01-Apr-20,Imports: Panama,1.5
01-Apr-20,Imports: Papua New Guinea,86.1
01-Apr-20,Imports: Peru,2.9
01-Apr-20,Imports: Philippines,600.2
01-Apr-20,Imports: Poland,49
01-Apr-20,Imports: Portugal,33.4
01-Apr-20,Imports: Puerto Rico,13.7
01-Apr-20,Imports: Qatar,394.3
01-Apr-20,Imports: Reunion,0.2
01-Apr-20,Imports: Romania,12.9
01-Apr-20,Imports: Russia,71.8
01-Apr-20,Imports: Saudi Arabia,432.7
01-Apr-20,Imports: Seychelles,0.5
01-Apr-20,Imports: Slovak Republic,12.9
01-Apr-20,Imports: Slovenia,5.6
01-Apr-20,Imports: Solomon Islands,0
01-Apr-20,Imports: South Africa,43.3
01-Apr-20,Imports: South Korea,1815.3
01-Apr-20,Imports: Spain,83.3
01-Apr-20,Imports: Sri Lanka,8.4
01-Apr-20,Imports: Sudan,0.1
01-Apr-20,Imports: Sweden,129.2
01-Apr-20,Imports: Switzerland,482.7
01-Apr-20,Imports: Taiwan,3910.1
01-Apr-20,Imports: Tanzania,5.9
01-Apr-20,Imports: Thailand,1983.2
01-Apr-20,Imports: Tunisia,2.1
01-Apr-20,Imports: Turkey,58
01-Apr-20,Imports: USA,4408.7
01-Apr-20,Imports: Ukraine,25.6
01-Apr-20,Imports: United Arab Emirates,526.6
01-Apr-20,Imports: United Kingdom,849.8
01-Apr-20,Imports: Uruguay,2
01-Apr-20,Imports: Vanuatu,0.4
01-Apr-20,Imports: Venezuela,0
01-Apr-20,Imports: Vietnam,832.5
01-Apr-20,Imports: Yemen,0.1
01-Apr-20,Imports: Zambia,1.6
01-Apr-20,Imports: Zimbabwe,0.3
01-May-20,Imports: Afghanistan,0
01-May-20,Imports: Angola,28.7
01-May-20,Imports: Argentina,5.1
01-May-20,Imports: Australia,328.5
01-May-20,Imports: Austria,55.5
01-May-20,Imports: Bahamas,0
01-May-20,Imports: Bahrain,12.6
01-May-20,Imports: Bangladesh,3.7
01-May-20,Imports: Belarus,3.6
01-May-20,Imports: Belgium,77.9
01-May-20,Imports: Brazil,288.8
01-May-20,Imports: Brunei,49.8
01-May-20,Imports: Bulgaria,4.2
01-May-20,Imports: Cambodia,661.6
01-May-20,Imports: Cameroon,9.3
01-May-20,Imports: Canada,148.8
01-May-20,Imports: Chile,5
01-May-20,Imports: China,4843.7
01-May-20,Imports: Colombia,8.6
01-May-20,Imports: Comoros,0
01-May-20,Imports: Costa Rica,11.4
01-May-20,Imports: Cote D'ivoire,2.5
01-May-20,Imports: Croatia,2.1
01-May-20,Imports: Cuba,0.3
01-May-20,Imports: Cyprus,3.8
01-May-20,"Imports: Czech, Republic",60.8
01-May-20,Imports: Denmark,65.3
01-May-20,Imports: Djibouti,0
01-May-20,Imports: Dominican Rep,5.5
01-May-20,Imports: Ecuador,1.6
01-May-20,Imports: Egypt,35.1
01-May-20,Imports: El Salvador,0.3
01-May-20,Imports: Estonia,1.9
01-May-20,Imports: Eswatini,0
01-May-20,Imports: Ethiopia,1
01-May-20,Imports: Fiji,0
01-May-20,Imports: Finland,31.7
01-May-20,Imports: France,690.1
01-May-20,Imports: French Polynesia,0
01-May-20,Imports: Gabon,0
01-May-20,Imports: Germany,892.2
01-May-20,Imports: Ghana,7.4
01-May-20,Imports: Greece,11.2
01-May-20,Imports: Guam,0
01-May-20,Imports: Guatemala,1.5
01-May-20,Imports: Hong Kong SAR (China),170.7
01-May-20,Imports: Hungary,21.9
01-May-20,Imports: India,436.3
01-May-20,Imports: Indonesia,1226
01-May-20,Imports: Iran,0.3
01-May-20,Imports: Ireland,93.9
01-May-20,Imports: Israel,60.2
01-May-20,Imports: Italy,295.4
01-May-20,Imports: Jamaica,0.1
01-May-20,Imports: Japan,1785.1
01-May-20,Imports: Jordan,1.2
01-May-20,Imports: Kazakhstan,0.1
01-May-20,Imports: Kenya,0.8
01-May-20,Imports: Kuwait,159.1
01-May-20,Imports: Lao Peo Dem Rep,0.3
01-May-20,Imports: Latvia,1.2
01-May-20,Imports: Lebanon,0.2
01-May-20,Imports: Liberia,0
01-May-20,Imports: Lithuania,10
01-May-20,Imports: Luxembourg,3.4
01-May-20,Imports: Macau SAR (China),0.6
01-May-20,Imports: Madagascar,0.6
01-May-20,Imports: Malaysia,4002.2
01-May-20,Imports: Maldives Rep of,0
01-May-20,Imports: Malta,15
01-May-20,Imports: Mauritius,0.5
01-May-20,Imports: Mexico,213.5
01-May-20,Imports: Morocco,13.3
01-May-20,Imports: Mozambique,1
01-May-20,Imports: Myanmar,7.7
01-May-20,Imports: Nepal,0
01-May-20,Imports: Netherlands Antilles,0
01-May-20,Imports: Netherlands,255.2
01-May-20,Imports: New Zealand,91.2
01-May-20,Imports: Nigeria,24.5
01-May-20,Imports: Northern Mariana Islands,0
01-May-20,Imports: Norway,66.7
01-May-20,Imports: Oman,2.2
01-May-20,Imports: Other Countries of Africa,243.1
01-May-20,Imports: Other Countries of America,1.2
01-May-20,Imports: Other Countries of Asia,0.7
01-May-20,Imports: Other Countries of Europe,6.8
01-May-20,Imports: Other Countries of Oceania,0.5
01-May-20,Imports: Pakistan,3.5
01-May-20,Imports: Panama,1.3
01-May-20,Imports: Papua New Guinea,21.6
01-May-20,Imports: Peru,1
01-May-20,Imports: Philippines,733.5
01-May-20,Imports: Poland,35.8
01-May-20,Imports: Portugal,28.3
01-May-20,Imports: Puerto Rico,8.3
01-May-20,Imports: Qatar,263.4
01-May-20,Imports: Reunion,0
01-May-20,Imports: Romania,10.6
01-May-20,Imports: Russia,85.2
01-May-20,Imports: Saudi Arabia,425
01-May-20,Imports: Seychelles,0.1
01-May-20,Imports: Slovak Republic,7.1
01-May-20,Imports: Slovenia,8.1
01-May-20,Imports: Solomon Islands,0
01-May-20,Imports: South Africa,33.3
01-May-20,Imports: South Korea,1285.2
01-May-20,Imports: Spain,111.4
01-May-20,Imports: Sri Lanka,9.6
01-May-20,Imports: Sudan,0
01-May-20,Imports: Sweden,116.1
01-May-20,Imports: Switzerland,446.2
01-May-20,Imports: Taiwan,3711.6
01-May-20,Imports: Tanzania,1.3
01-May-20,Imports: Thailand,995.8
01-May-20,Imports: Tunisia,1.6
01-May-20,Imports: Turkey,34.1
01-May-20,Imports: USA,3555
01-May-20,Imports: Ukraine,6.3
01-May-20,Imports: United Arab Emirates,453.3
01-May-20,Imports: United Kingdom,1104
01-May-20,Imports: Uruguay,1.3
01-May-20,Imports: Vanuatu,0
01-May-20,Imports: Venezuela,0.1
01-May-20,Imports: Vietnam,337.5
01-May-20,Imports: Yemen,0.3
01-May-20,Imports: Zambia,0
01-May-20,Imports: Zimbabwe,2.4
01-Jun-20,Imports: Afghanistan,0.1
01-Jun-20,Imports: Angola,13.5
01-Jun-20,Imports: Argentina,4.4
01-Jun-20,Imports: Australia,330.1
01-Jun-20,Imports: Austria,62.2
01-Jun-20,Imports: Bahamas,0
01-Jun-20,Imports: Bahrain,41.4
01-Jun-20,Imports: Bangladesh,12.1
01-Jun-20,Imports: Belarus,1.5
01-Jun-20,Imports: Belgium,73.5
01-Jun-20,Imports: Brazil,418.1
01-Jun-20,Imports: Brunei,36.5
01-Jun-20,Imports: Bulgaria,2.9
01-Jun-20,Imports: Cambodia,618
01-Jun-20,Imports: Cameroon,3.2
01-Jun-20,Imports: Canada,178.3
01-Jun-20,Imports: Chile,6
01-Jun-20,Imports: China,5288.2
01-Jun-20,Imports: Colombia,1.5
01-Jun-20,Imports: Comoros,0
01-Jun-20,Imports: Costa Rica,9.4
01-Jun-20,Imports: Cote D'ivoire,2.4
01-Jun-20,Imports: Croatia,1.2
01-Jun-20,Imports: Cuba,0.9
01-Jun-20,Imports: Cyprus,2.8
01-Jun-20,"Imports: Czech, Republic",69.5
01-Jun-20,Imports: Denmark,41.2
01-Jun-20,Imports: Djibouti,0
01-Jun-20,Imports: Dominican Rep,3.6
01-Jun-20,Imports: Ecuador,2.2
01-Jun-20,Imports: Egypt,4.6
01-Jun-20,Imports: El Salvador,0.2
01-Jun-20,Imports: Estonia,4.3
01-Jun-20,Imports: Eswatini,0.1
01-Jun-20,Imports: Ethiopia,0.5
01-Jun-20,Imports: Fiji,0.1
01-Jun-20,Imports: Finland,40.7
01-Jun-20,Imports: France,895.5
01-Jun-20,Imports: French Polynesia,0
01-Jun-20,Imports: Gabon,0
01-Jun-20,Imports: Germany,978.8
01-Jun-20,Imports: Ghana,6.2
01-Jun-20,Imports: Greece,11.8
01-Jun-20,Imports: Guam,0
01-Jun-20,Imports: Guatemala,1
01-Jun-20,Imports: Hong Kong SAR (China),536.1
01-Jun-20,Imports: Hungary,29.8
01-Jun-20,Imports: India,695.1
01-Jun-20,Imports: Indonesia,1337.8
01-Jun-20,Imports: Iran,0.7
01-Jun-20,Imports: Ireland,111.7
01-Jun-20,Imports: Israel,70.4
01-Jun-20,Imports: Italy,442.7
01-Jun-20,Imports: Jamaica,0.1
01-Jun-20,Imports: Japan,1754.6
01-Jun-20,Imports: Jordan,1.8
01-Jun-20,Imports: Kazakhstan,0
01-Jun-20,Imports: Kenya,1.1
01-Jun-20,Imports: Kuwait,29.3
01-Jun-20,Imports: Lao Peo Dem Rep,13.5
01-Jun-20,Imports: Latvia,2
01-Jun-20,Imports: Lebanon,0.1
01-Jun-20,Imports: Liberia,0.1
01-Jun-20,Imports: Lithuania,10
01-Jun-20,Imports: Luxembourg,23.6
01-Jun-20,Imports: Macau SAR (China),0.4
01-Jun-20,Imports: Madagascar,0.5
01-Jun-20,Imports: Malaysia,5247.9
01-Jun-20,Imports: Maldives Rep of,0
01-Jun-20,Imports: Malta,26
01-Jun-20,Imports: Mauritius,2.1
01-Jun-20,Imports: Mexico,221.9
01-Jun-20,Imports: Morocco,18.2
01-Jun-20,Imports: Mozambique,0
01-Jun-20,Imports: Myanmar,8.4
01-Jun-20,Imports: Nepal,0
01-Jun-20,Imports: Netherlands Antilles,0
01-Jun-20,Imports: Netherlands,273.1
01-Jun-20,Imports: New Zealand,73.9
01-Jun-20,Imports: Nigeria,66.2
01-Jun-20,Imports: Northern Mariana Islands,0
01-Jun-20,Imports: Norway,94.9
01-Jun-20,Imports: Oman,2.6
01-Jun-20,Imports: Other Countries of Africa,7.9
01-Jun-20,Imports: Other Countries of America,0.7
01-Jun-20,Imports: Other Countries of Asia,0.7
01-Jun-20,Imports: Other Countries of Europe,4.5
01-Jun-20,Imports: Other Countries of Oceania,0.8
01-Jun-20,Imports: Pakistan,3.1
01-Jun-20,Imports: Panama,0.2
01-Jun-20,Imports: Papua New Guinea,51.3
01-Jun-20,Imports: Peru,1.5
01-Jun-20,Imports: Philippines,889.8
01-Jun-20,Imports: Poland,40.9
01-Jun-20,Imports: Portugal,40.3
01-Jun-20,Imports: Puerto Rico,8
01-Jun-20,Imports: Qatar,292.1
01-Jun-20,Imports: Reunion,0.1
01-Jun-20,Imports: Romania,11.2
01-Jun-20,Imports: Russia,97.7
01-Jun-20,Imports: Saudi Arabia,405.4
01-Jun-20,Imports: Seychelles,0.1
01-Jun-20,Imports: Slovak Republic,6.7
01-Jun-20,Imports: Slovenia,4.2
01-Jun-20,Imports: Solomon Islands,0
01-Jun-20,Imports: South Africa,53.7
01-Jun-20,Imports: South Korea,1506.8
01-Jun-20,Imports: Spain,90.9
01-Jun-20,Imports: Sri Lanka,5.7
01-Jun-20,Imports: Sudan,0
01-Jun-20,Imports: Sweden,125.2
01-Jun-20,Imports: Switzerland,560.4
01-Jun-20,Imports: Taiwan,4333.5
01-Jun-20,Imports: Tanzania,0.1
01-Jun-20,Imports: Thailand,801.4
01-Jun-20,Imports: Tunisia,1.1
01-Jun-20,Imports: Turkey,64.5
01-Jun-20,Imports: USA,3825.4
01-Jun-20,Imports: Ukraine,39.3
01-Jun-20,Imports: United Arab Emirates,318.2
01-Jun-20,Imports: United Kingdom,739.5
01-Jun-20,Imports: Uruguay,1.8
01-Jun-20,Imports: Vanuatu,0
01-Jun-20,Imports: Venezuela,0
01-Jun-20,Imports: Vietnam,312.7
01-Jun-20,Imports: Yemen,0.6
01-Jun-20,Imports: Zambia,0.1
01-Jun-20,Imports: Zimbabwe,0.7
01-Jul-20,Imports: Afghanistan,0
01-Jul-20,Imports: Angola,0
01-Jul-20,Imports: Argentina,33.6
01-Jul-20,Imports: Australia,380.6
01-Jul-20,Imports: Austria,74.3
01-Jul-20,Imports: Bahamas,63.1
01-Jul-20,Imports: Bahrain,71.4
01-Jul-20,Imports: Bangladesh,23.3
01-Jul-20,Imports: Belarus,2.2
01-Jul-20,Imports: Belgium,102.3
01-Jul-20,Imports: Brazil,190.3
01-Jul-20,Imports: Brunei,25.9
01-Jul-20,Imports: Bulgaria,3.4
01-Jul-20,Imports: Cambodia,683.8
01-Jul-20,Imports: Cameroon,5.9
01-Jul-20,Imports: Canada,186.8
01-Jul-20,Imports: Chile,5.7
01-Jul-20,Imports: China,5539.2
01-Jul-20,Imports: Colombia,8.2
01-Jul-20,Imports: Comoros,0
01-Jul-20,Imports: Costa Rica,10.6
01-Jul-20,Imports: Cote D'ivoire,3.3
01-Jul-20,Imports: Croatia,0.9
01-Jul-20,Imports: Cuba,65
01-Jul-20,Imports: Cyprus,1.2
01-Jul-20,"Imports: Czech, Republic",72.3
01-Jul-20,Imports: Denmark,95.6
01-Jul-20,Imports: Djibouti,0.2
01-Jul-20,Imports: Dominican Rep,5.8
01-Jul-20,Imports: Ecuador,2.1
01-Jul-20,Imports: Egypt,16.8
01-Jul-20,Imports: El Salvador,0.8
01-Jul-20,Imports: Estonia,1.9
01-Jul-20,Imports: Eswatini,0.2
01-Jul-20,Imports: Ethiopia,0.4
01-Jul-20,Imports: Fiji,0.2
01-Jul-20,Imports: Finland,44
01-Jul-20,Imports: France,1088
01-Jul-20,Imports: French Polynesia,0.2
01-Jul-20,Imports: Gabon,15.8
01-Jul-20,Imports: Germany,1061.1
01-Jul-20,Imports: Ghana,9.3
01-Jul-20,Imports: Greece,11.7
01-Jul-20,Imports: Guam,0
01-Jul-20,Imports: Guatemala,3.8
01-Jul-20,Imports: Hong Kong SAR (China),528.7
01-Jul-20,Imports: Hungary,34.1
01-Jul-20,Imports: India,737.6
01-Jul-20,Imports: Indonesia,1602.9
01-Jul-20,Imports: Iran,0.5
01-Jul-20,Imports: Ireland,104
01-Jul-20,Imports: Israel,67.8
01-Jul-20,Imports: Italy,382.4
01-Jul-20,Imports: Jamaica,0
01-Jul-20,Imports: Japan,1956
01-Jul-20,Imports: Jordan,9
01-Jul-20,Imports: Kazakhstan,0
01-Jul-20,Imports: Kenya,0.6
01-Jul-20,Imports: Kuwait,402.6
01-Jul-20,Imports: Lao Peo Dem Rep,35.6
01-Jul-20,Imports: Latvia,1.7
01-Jul-20,Imports: Lebanon,3
01-Jul-20,Imports: Liberia,0
01-Jul-20,Imports: Lithuania,7.1
01-Jul-20,Imports: Luxembourg,29.4
01-Jul-20,Imports: Macau SAR (China),0.5
01-Jul-20,Imports: Madagascar,2.8
01-Jul-20,Imports: Malaysia,5094.9
01-Jul-20,Imports: Maldives Rep of,0
01-Jul-20,Imports: Malta,19.7
01-Jul-20,Imports: Mauritius,2
01-Jul-20,Imports: Mexico,262.1
01-Jul-20,Imports: Morocco,17
01-Jul-20,Imports: Mozambique,11.4
01-Jul-20,Imports: Myanmar,25.1
01-Jul-20,Imports: Nepal,1.2
01-Jul-20,Imports: Netherlands Antilles,0
01-Jul-20,Imports: Netherlands,252.3
01-Jul-20,Imports: New Zealand,98.9
01-Jul-20,Imports: Nigeria,123.6
01-Jul-20,Imports: Northern Mariana Islands,0
01-Jul-20,Imports: Norway,55.2
01-Jul-20,Imports: Oman,79.9
01-Jul-20,Imports: Other Countries of Africa,34.2
01-Jul-20,Imports: Other Countries of America,1.9
01-Jul-20,Imports: Other Countries of Asia,1.2
01-Jul-20,Imports: Other Countries of Europe,5.5
01-Jul-20,Imports: Other Countries of Oceania,1.7
01-Jul-20,Imports: Pakistan,5.4
01-Jul-20,Imports: Panama,0.1
01-Jul-20,Imports: Papua New Guinea,10.9
01-Jul-20,Imports: Peru,2.5
01-Jul-20,Imports: Philippines,973.4
01-Jul-20,Imports: Poland,38.3
01-Jul-20,Imports: Portugal,39.3
01-Jul-20,Imports: Puerto Rico,7.2
01-Jul-20,Imports: Qatar,232.3
01-Jul-20,Imports: Reunion,0
01-Jul-20,Imports: Romania,15.4
01-Jul-20,Imports: Russia,108.3
01-Jul-20,Imports: Saudi Arabia,455.7
01-Jul-20,Imports: Seychelles,0
01-Jul-20,Imports: Slovak Republic,8.1
01-Jul-20,Imports: Slovenia,6.3
01-Jul-20,Imports: Solomon Islands,0.4
01-Jul-20,Imports: South Africa,31.9
01-Jul-20,Imports: South Korea,1808.7
01-Jul-20,Imports: Spain,116.9
01-Jul-20,Imports: Sri Lanka,16.1
01-Jul-20,Imports: Sudan,3.5
01-Jul-20,Imports: Sweden,123.6
01-Jul-20,Imports: Switzerland,726.9
01-Jul-20,Imports: Taiwan,4299.9
01-Jul-20,Imports: Tanzania,7.1
01-Jul-20,Imports: Thailand,1205.6
01-Jul-20,Imports: Tunisia,3.5
01-Jul-20,Imports: Turkey,24.6
01-Jul-20,Imports: USA,3815.6
01-Jul-20,Imports: Ukraine,11.1
01-Jul-20,Imports: United Arab Emirates,384.8
01-Jul-20,Imports: United Kingdom,830.6
01-Jul-20,Imports: Uruguay,1.7
01-Jul-20,Imports: Vanuatu,0
01-Jul-20,Imports: Venezuela,0
01-Jul-20,Imports: Vietnam,368.5
01-Jul-20,Imports: Yemen,0.1
01-Jul-20,Imports: Zambia,1.4
01-Jul-20,Imports: Zimbabwe,1.3
01-Aug-20,Imports: Afghanistan,0
01-Aug-20,Imports: Angola,0
01-Aug-20,Imports: Argentina,5.4
01-Aug-20,Imports: Australia,457.1
01-Aug-20,Imports: Austria,62.6
01-Aug-20,Imports: Bahamas,6.2
01-Aug-20,Imports: Bahrain,51.3
01-Aug-20,Imports: Bangladesh,15.8
01-Aug-20,Imports: Belarus,4.2
01-Aug-20,Imports: Belgium,99.3
01-Aug-20,Imports: Brazil,204.3
01-Aug-20,Imports: Brunei,36.8
01-Aug-20,Imports: Bulgaria,4.4
01-Aug-20,Imports: Cambodia,632.3
01-Aug-20,Imports: Cameroon,3.9
01-Aug-20,Imports: Canada,149.8
01-Aug-20,Imports: Chile,4.7
01-Aug-20,Imports: China,5574.1
01-Aug-20,Imports: Colombia,0.7
01-Aug-20,Imports: Comoros,0
01-Aug-20,Imports: Costa Rica,11.5
01-Aug-20,Imports: Cote D'ivoire,3.6
01-Aug-20,Imports: Croatia,1.2
01-Aug-20,Imports: Cuba,0.8
01-Aug-20,Imports: Cyprus,1.1
01-Aug-20,"Imports: Czech, Republic",47
01-Aug-20,Imports: Denmark,44.4
01-Aug-20,Imports: Djibouti,0
01-Aug-20,Imports: Dominican Rep,7
01-Aug-20,Imports: Ecuador,4.2
01-Aug-20,Imports: Egypt,5.3
01-Aug-20,Imports: El Salvador,1
01-Aug-20,Imports: Estonia,2.1
01-Aug-20,Imports: Eswatini,0
01-Aug-20,Imports: Ethiopia,0.3
01-Aug-20,Imports: Fiji,0
01-Aug-20,Imports: Finland,34.7
01-Aug-20,Imports: France,922
01-Aug-20,Imports: French Polynesia,2.6
01-Aug-20,Imports: Gabon,0
01-Aug-20,Imports: Germany,931.9
01-Aug-20,Imports: Ghana,74.9
01-Aug-20,Imports: Greece,11.8
01-Aug-20,Imports: Guam,0
01-Aug-20,Imports: Guatemala,1.7
01-Aug-20,Imports: Hong Kong SAR (China),460.3
01-Aug-20,Imports: Hungary,29.7
01-Aug-20,Imports: India,524.3
01-Aug-20,Imports: Indonesia,1530.2
01-Aug-20,Imports: Iran,0.3
01-Aug-20,Imports: Ireland,94.1
01-Aug-20,Imports: Israel,63
01-Aug-20,Imports: Italy,461.6
01-Aug-20,Imports: Jamaica,0
01-Aug-20,Imports: Japan,1662.6
01-Aug-20,Imports: Jordan,4.9
01-Aug-20,Imports: Kazakhstan,0.3
01-Aug-20,Imports: Kenya,1
01-Aug-20,Imports: Kuwait,232.6
01-Aug-20,Imports: Lao Peo Dem Rep,48.5
01-Aug-20,Imports: Latvia,1
01-Aug-20,Imports: Lebanon,0
01-Aug-20,Imports: Liberia,0.3
01-Aug-20,Imports: Lithuania,10.7
01-Aug-20,Imports: Luxembourg,3.5
01-Aug-20,Imports: Macau SAR (China),0.4
01-Aug-20,Imports: Madagascar,1.2
01-Aug-20,Imports: Malaysia,5070
01-Aug-20,Imports: Maldives Rep of,0
01-Aug-20,Imports: Malta,16.9
01-Aug-20,Imports: Mauritius,0.5
01-Aug-20,Imports: Mexico,249.7
01-Aug-20,Imports: Morocco,15.5
01-Aug-20,Imports: Mozambique,9.2
01-Aug-20,Imports: Myanmar,6.5
01-Aug-20,Imports: Nepal,0.9
01-Aug-20,Imports: Netherlands Antilles,0.2
01-Aug-20,Imports: Netherlands,286.5
01-Aug-20,Imports: New Zealand,62.1
01-Aug-20,Imports: Nigeria,64.1
01-Aug-20,Imports: Northern Mariana Islands,0.1
01-Aug-20,Imports: Norway,82.3
01-Aug-20,Imports: Oman,13.7
01-Aug-20,Imports: Other Countries of Africa,44.3
01-Aug-20,Imports: Other Countries of America,1.2
01-Aug-20,Imports: Other Countries of Asia,1.1
01-Aug-20,Imports: Other Countries of Europe,5.4
01-Aug-20,Imports: Other Countries of Oceania,5.7
01-Aug-20,Imports: Pakistan,15.1
01-Aug-20,Imports: Panama,0.1
01-Aug-20,Imports: Papua New Guinea,58.7
01-Aug-20,Imports: Peru,3.1
01-Aug-20,Imports: Philippines,857.1
01-Aug-20,Imports: Poland,39.8
01-Aug-20,Imports: Portugal,29.2
01-Aug-20,Imports: Puerto Rico,3.8
01-Aug-20,Imports: Qatar,256.3
01-Aug-20,Imports: Reunion,0
01-Aug-20,Imports: Romania,13.7
01-Aug-20,Imports: Russia,93
01-Aug-20,Imports: Saudi Arabia,649
01-Aug-20,Imports: Seychelles,0
01-Aug-20,Imports: Slovak Republic,9.1
01-Aug-20,Imports: Slovenia,5.9
01-Aug-20,Imports: Solomon Islands,0.2
01-Aug-20,Imports: South Africa,51
01-Aug-20,Imports: South Korea,1438.6
01-Aug-20,Imports: Spain,96.2
01-Aug-20,Imports: Sri Lanka,8.2
01-Aug-20,Imports: Sudan,0
01-Aug-20,Imports: Sweden,84.9
01-Aug-20,Imports: Switzerland,818.3
01-Aug-20,Imports: Taiwan,4235.9
01-Aug-20,Imports: Tanzania,1.5
01-Aug-20,Imports: Thailand,1440.6
01-Aug-20,Imports: Tunisia,19.1
01-Aug-20,Imports: Turkey,53
01-Aug-20,Imports: USA,3476.1
01-Aug-20,Imports: Ukraine,13.3
01-Aug-20,Imports: United Arab Emirates,601.5
01-Aug-20,Imports: United Kingdom,863
01-Aug-20,Imports: Uruguay,0
01-Aug-20,Imports: Vanuatu,0
01-Aug-20,Imports: Venezuela,0
01-Aug-20,Imports: Vietnam,416.8
01-Aug-20,Imports: Yemen,35.1
01-Aug-20,Imports: Zambia,0
01-Aug-20,Imports: Zimbabwe,1.1
01-Sep-20,Imports: Afghanistan,0
01-Sep-20,Imports: Angola,0.6
01-Sep-20,Imports: Argentina,3.6
01-Sep-20,Imports: Australia,359.9
01-Sep-20,Imports: Austria,72.9
01-Sep-20,Imports: Bahamas,13.7
01-Sep-20,Imports: Bahrain,28.4
01-Sep-20,Imports: Bangladesh,19.3
01-Sep-20,Imports: Belarus,2.1
01-Sep-20,Imports: Belgium,80.8
01-Sep-20,Imports: Brazil,510.8
01-Sep-20,Imports: Brunei,68
01-Sep-20,Imports: Bulgaria,2.8
01-Sep-20,Imports: Cambodia,393
01-Sep-20,Imports: Cameroon,1.1
01-Sep-20,Imports: Canada,93.7
01-Sep-20,Imports: Chile,6.4
01-Sep-20,Imports: China,5479.6
01-Sep-20,Imports: Colombia,1.5
01-Sep-20,Imports: Comoros,0
01-Sep-20,Imports: Costa Rica,11.7
01-Sep-20,Imports: Cote D'ivoire,2.6
01-Sep-20,Imports: Croatia,1.8
01-Sep-20,Imports: Cuba,1.7
01-Sep-20,Imports: Cyprus,1.6
01-Sep-20,"Imports: Czech, Republic",60.9
01-Sep-20,Imports: Denmark,70.5
01-Sep-20,Imports: Djibouti,0
01-Sep-20,Imports: Dominican Rep,4.4
01-Sep-20,Imports: Ecuador,1.9
01-Sep-20,Imports: Egypt,2.5
01-Sep-20,Imports: El Salvador,0.5
01-Sep-20,Imports: Estonia,3.3
01-Sep-20,Imports: Eswatini,0.2
01-Sep-20,Imports: Ethiopia,0.6
01-Sep-20,Imports: Fiji,0.1
01-Sep-20,Imports: Finland,36.9
01-Sep-20,Imports: France,1167.2
01-Sep-20,Imports: French Polynesia,0
01-Sep-20,Imports: Gabon,0.4
01-Sep-20,Imports: Germany,972.4
01-Sep-20,Imports: Ghana,6.5
01-Sep-20,Imports: Greece,11.2
01-Sep-20,Imports: Guam,0
01-Sep-20,Imports: Guatemala,1.4
01-Sep-20,Imports: Hong Kong SAR (China),479.1
01-Sep-20,Imports: Hungary,36.7
01-Sep-20,Imports: India,521.8
01-Sep-20,Imports: Indonesia,1526.9
01-Sep-20,Imports: Iran,0.2
01-Sep-20,Imports: Ireland,112.6
01-Sep-20,Imports: Israel,78.7
01-Sep-20,Imports: Italy,409.8
01-Sep-20,Imports: Jamaica,0.1
01-Sep-20,Imports: Japan,1968.9
01-Sep-20,Imports: Jordan,3.1
01-Sep-20,Imports: Kazakhstan,60.3
01-Sep-20,Imports: Kenya,0.4
01-Sep-20,Imports: Kuwait,89.7
01-Sep-20,Imports: Lao Peo Dem Rep,25.1
01-Sep-20,Imports: Latvia,2
01-Sep-20,Imports: Lebanon,0.1
01-Sep-20,Imports: Liberia,0
01-Sep-20,Imports: Lithuania,10.5
01-Sep-20,Imports: Luxembourg,3.5
01-Sep-20,Imports: Macau SAR (China),0.9
01-Sep-20,Imports: Madagascar,0.7
01-Sep-20,Imports: Malaysia,5093
01-Sep-20,Imports: Maldives Rep of,0.2
01-Sep-20,Imports: Malta,16.2
01-Sep-20,Imports: Mauritius,0.8
01-Sep-20,Imports: Mexico,301
01-Sep-20,Imports: Morocco,19.7
01-Sep-20,Imports: Mozambique,0.7
01-Sep-20,Imports: Myanmar,7.8
01-Sep-20,Imports: Nepal,1
01-Sep-20,Imports: Netherlands Antilles,0.1
01-Sep-20,Imports: Netherlands,373.9
01-Sep-20,Imports: New Zealand,91.4
01-Sep-20,Imports: Nigeria,139.7
01-Sep-20,Imports: Northern Mariana Islands,0
01-Sep-20,Imports: Norway,44.6
01-Sep-20,Imports: Oman,42.6
01-Sep-20,Imports: Other Countries of Africa,36.9
01-Sep-20,Imports: Other Countries of America,4.3
01-Sep-20,Imports: Other Countries of Asia,67.2
01-Sep-20,Imports: Other Countries of Europe,5.3
01-Sep-20,Imports: Other Countries of Oceania,6.9
01-Sep-20,Imports: Pakistan,5.3
01-Sep-20,Imports: Panama,0.1
01-Sep-20,Imports: Papua New Guinea,19
01-Sep-20,Imports: Peru,12.2
01-Sep-20,Imports: Philippines,834.7
01-Sep-20,Imports: Poland,50.7
01-Sep-20,Imports: Portugal,25.2
01-Sep-20,Imports: Puerto Rico,9.6
01-Sep-20,Imports: Qatar,235.4
01-Sep-20,Imports: Reunion,0.2
01-Sep-20,Imports: Romania,11.6
01-Sep-20,Imports: Russia,128.5
01-Sep-20,Imports: Saudi Arabia,1127
01-Sep-20,Imports: Seychelles,0
01-Sep-20,Imports: Slovak Republic,7.7
01-Sep-20,Imports: Slovenia,4.4
01-Sep-20,Imports: Solomon Islands,0.3
01-Sep-20,Imports: South Africa,57.4
01-Sep-20,Imports: South Korea,1784
01-Sep-20,Imports: Spain,105.1
01-Sep-20,Imports: Sri Lanka,12.6
01-Sep-20,Imports: Sudan,0
01-Sep-20,Imports: Sweden,114.5
01-Sep-20,Imports: Switzerland,597.2
01-Sep-20,Imports: Taiwan,4566.5
01-Sep-20,Imports: Tanzania,1
01-Sep-20,Imports: Thailand,902.4
01-Sep-20,Imports: Tunisia,2.8
01-Sep-20,Imports: Turkey,23.9
01-Sep-20,Imports: USA,3906.5
01-Sep-20,Imports: Ukraine,10.5
01-Sep-20,Imports: United Arab Emirates,1798.5
01-Sep-20,Imports: United Kingdom,762.2
01-Sep-20,Imports: Uruguay,0.1
01-Sep-20,Imports: Vanuatu,0
01-Sep-20,Imports: Venezuela,0
01-Sep-20,Imports: Vietnam,387.7
01-Sep-20,Imports: Yemen,1.1
01-Sep-20,Imports: Zambia,2.3
01-Sep-20,Imports: Zimbabwe,1.3
01-Oct-20,Imports: Afghanistan,0
01-Oct-20,Imports: Angola,58.8
01-Oct-20,Imports: Argentina,5.1
01-Oct-20,Imports: Australia,522.4
01-Oct-20,Imports: Austria,78.1
01-Oct-20,Imports: Bahamas,0.1
01-Oct-20,Imports: Bahrain,0.7
01-Oct-20,Imports: Bangladesh,10
01-Oct-20,Imports: Belarus,1.4
01-Oct-20,Imports: Belgium,83.7
01-Oct-20,Imports: Brazil,153.7
01-Oct-20,Imports: Brunei,54.5
01-Oct-20,Imports: Bulgaria,3.9
01-Oct-20,Imports: Cambodia,129.7
01-Oct-20,Imports: Cameroon,4.6
01-Oct-20,Imports: Canada,153.1
01-Oct-20,Imports: Chile,5.6
01-Oct-20,Imports: China,5142.6
01-Oct-20,Imports: Colombia,2.5
01-Oct-20,Imports: Comoros,0
01-Oct-20,Imports: Costa Rica,14.6
01-Oct-20,Imports: Cote D'ivoire,2.8
01-Oct-20,Imports: Croatia,1.4
01-Oct-20,Imports: Cuba,1.9
01-Oct-20,Imports: Cyprus,1.8
01-Oct-20,"Imports: Czech, Republic",64.1
01-Oct-20,Imports: Denmark,43.5
01-Oct-20,Imports: Djibouti,0
01-Oct-20,Imports: Dominican Rep,5.6
01-Oct-20,Imports: Ecuador,4.1
01-Oct-20,Imports: Egypt,6.9
01-Oct-20,Imports: El Salvador,1
01-Oct-20,Imports: Estonia,3.3
01-Oct-20,Imports: Eswatini,0.7
01-Oct-20,Imports: Ethiopia,3.9
01-Oct-20,Imports: Fiji,0.7
01-Oct-20,Imports: Finland,35
01-Oct-20,Imports: France,1922.4
01-Oct-20,Imports: French Polynesia,0.1
01-Oct-20,Imports: Gabon,37.6
01-Oct-20,Imports: Germany,980.9
01-Oct-20,Imports: Ghana,3.6
01-Oct-20,Imports: Greece,11.4
01-Oct-20,Imports: Guam,0
01-Oct-20,Imports: Guatemala,1.6
01-Oct-20,Imports: Hong Kong SAR (China),551.3
01-Oct-20,Imports: Hungary,42.7
01-Oct-20,Imports: India,603
01-Oct-20,Imports: Indonesia,1456.2
01-Oct-20,Imports: Iran,0.5
01-Oct-20,Imports: Ireland,187.2
01-Oct-20,Imports: Israel,55.8
01-Oct-20,Imports: Italy,487.9
01-Oct-20,Imports: Jamaica,0
01-Oct-20,Imports: Japan,2323.8
01-Oct-20,Imports: Jordan,2.6
01-Oct-20,Imports: Kazakhstan,0
01-Oct-20,Imports: Kenya,0.6
01-Oct-20,Imports: Kuwait,164.9
01-Oct-20,Imports: Lao Peo Dem Rep,1.8
01-Oct-20,Imports: Latvia,1.4
01-Oct-20,Imports: Lebanon,0.1
01-Oct-20,Imports: Liberia,0
01-Oct-20,Imports: Lithuania,8.7
01-Oct-20,Imports: Luxembourg,14.6
01-Oct-20,Imports: Macau SAR (China),0.4
01-Oct-20,Imports: Madagascar,1.4
01-Oct-20,Imports: Malaysia,5249.3
01-Oct-20,Imports: Maldives Rep of,0
01-Oct-20,Imports: Malta,19.1
01-Oct-20,Imports: Mauritius,1.7
01-Oct-20,Imports: Mexico,327.6
01-Oct-20,Imports: Morocco,18.9
01-Oct-20,Imports: Mozambique,0.2
01-Oct-20,Imports: Myanmar,8
01-Oct-20,Imports: Nepal,0.1
01-Oct-20,Imports: Netherlands Antilles,0.1
01-Oct-20,Imports: Netherlands,303.7
01-Oct-20,Imports: New Zealand,44.7
01-Oct-20,Imports: Nigeria,59.5
01-Oct-20,Imports: Northern Mariana Islands,0
01-Oct-20,Imports: Norway,51.5
01-Oct-20,Imports: Oman,13.8
01-Oct-20,Imports: Other Countries of Africa,32.8
01-Oct-20,Imports: Other Countries of America,1.9
01-Oct-20,Imports: Other Countries of Asia,1.4
01-Oct-20,Imports: Other Countries of Europe,5.1
01-Oct-20,Imports: Other Countries of Oceania,4
01-Oct-20,Imports: Pakistan,30.6
01-Oct-20,Imports: Panama,0.6
01-Oct-20,Imports: Papua New Guinea,5
01-Oct-20,Imports: Peru,9.4
01-Oct-20,Imports: Philippines,757.5
01-Oct-20,Imports: Poland,45.7
01-Oct-20,Imports: Portugal,24.7
01-Oct-20,Imports: Puerto Rico,18.6
01-Oct-20,Imports: Qatar,255
01-Oct-20,Imports: Reunion,0
01-Oct-20,Imports: Romania,11.6
01-Oct-20,Imports: Russia,190.4
01-Oct-20,Imports: Saudi Arabia,476.9
01-Oct-20,Imports: Seychelles,0
01-Oct-20,Imports: Slovak Republic,8.7
01-Oct-20,Imports: Slovenia,4.6
01-Oct-20,Imports: Solomon Islands,0.1
01-Oct-20,Imports: South Africa,39.4
01-Oct-20,Imports: South Korea,1863.3
01-Oct-20,Imports: Spain,108.5
01-Oct-20,Imports: Sri Lanka,8.8
01-Oct-20,Imports: Sudan,0
01-Oct-20,Imports: Sweden,134.1
01-Oct-20,Imports: Switzerland,597.4
01-Oct-20,Imports: Taiwan,4502
01-Oct-20,Imports: Tanzania,1.4
01-Oct-20,Imports: Thailand,906.2
01-Oct-20,Imports: Tunisia,2.8
01-Oct-20,Imports: Turkey,33.5
01-Oct-20,Imports: USA,4161.8
01-Oct-20,Imports: Ukraine,4.2
01-Oct-20,Imports: United Arab Emirates,666.9
01-Oct-20,Imports: United Kingdom,802.8
01-Oct-20,Imports: Uruguay,0.5
01-Oct-20,Imports: Vanuatu,0.4
01-Oct-20,Imports: Venezuela,0
01-Oct-20,Imports: Vietnam,461.1
01-Oct-20,Imports: Yemen,2.2
01-Oct-20,Imports: Zambia,17
01-Oct-20,Imports: Zimbabwe,1.5
01-Nov-20,Imports: Afghanistan,0
01-Nov-20,Imports: Angola,1.7
01-Nov-20,Imports: Argentina,29.7
01-Nov-20,Imports: Australia,1279.4
01-Nov-20,Imports: Austria,65.7
01-Nov-20,Imports: Bahamas,152.9
01-Nov-20,Imports: Bahrain,13.8
01-Nov-20,Imports: Bangladesh,14.1
01-Nov-20,Imports: Belarus,0.9
01-Nov-20,Imports: Belgium,209.5
01-Nov-20,Imports: Brazil,302.1
01-Nov-20,Imports: Brunei,26.8
01-Nov-20,Imports: Bulgaria,3.2
01-Nov-20,Imports: Cambodia,47.2
01-Nov-20,Imports: Cameroon,6.8
01-Nov-20,Imports: Canada,141
01-Nov-20,Imports: Chile,4.8
01-Nov-20,Imports: China,6280.7
01-Nov-20,Imports: Colombia,5.3
01-Nov-20,Imports: Comoros,0
01-Nov-20,Imports: Costa Rica,28.6
01-Nov-20,Imports: Cote D'ivoire,2.6
01-Nov-20,Imports: Croatia,4.1
01-Nov-20,Imports: Cuba,1.4
01-Nov-20,Imports: Cyprus,1.3
01-Nov-20,"Imports: Czech, Republic",89.8
01-Nov-20,Imports: Denmark,45
01-Nov-20,Imports: Djibouti,0
01-Nov-20,Imports: Dominican Rep,3.7
01-Nov-20,Imports: Ecuador,5.1
01-Nov-20,Imports: Egypt,2.4
01-Nov-20,Imports: El Salvador,1
01-Nov-20,Imports: Estonia,3.7
01-Nov-20,Imports: Eswatini,0.1
01-Nov-20,Imports: Ethiopia,2.3
01-Nov-20,Imports: Fiji,0.5
01-Nov-20,Imports: Finland,35.7
01-Nov-20,Imports: France,1498.9
01-Nov-20,Imports: French Polynesia,0.4
01-Nov-20,Imports: Gabon,0.2
01-Nov-20,Imports: Germany,978.2
01-Nov-20,Imports: Ghana,6.3
01-Nov-20,Imports: Greece,10.4
01-Nov-20,Imports: Guam,0
01-Nov-20,Imports: Guatemala,1.8
01-Nov-20,Imports: Hong Kong SAR (China),450.6
01-Nov-20,Imports: Hungary,43.7
01-Nov-20,Imports: India,589.7
01-Nov-20,Imports: Indonesia,1369.3
01-Nov-20,Imports: Iran,0.2
01-Nov-20,Imports: Ireland,252.2
01-Nov-20,Imports: Israel,66.8
01-Nov-20,Imports: Italy,476.8
01-Nov-20,Imports: Jamaica,0
01-Nov-20,Imports: Japan,1996.1
01-Nov-20,Imports: Jordan,4.4
01-Nov-20,Imports: Kazakhstan,0
01-Nov-20,Imports: Kenya,0.5
01-Nov-20,Imports: Kuwait,136.5
01-Nov-20,Imports: Lao Peo Dem Rep,0.4
01-Nov-20,Imports: Latvia,2.2
01-Nov-20,Imports: Lebanon,0.3
01-Nov-20,Imports: Liberia,0
01-Nov-20,Imports: Lithuania,12.2
01-Nov-20,Imports: Luxembourg,3.8
01-Nov-20,Imports: Macau SAR (China),0.9
01-Nov-20,Imports: Madagascar,1.7
01-Nov-20,Imports: Malaysia,4918.8
01-Nov-20,Imports: Maldives Rep of,0
01-Nov-20,Imports: Malta,14.9
01-Nov-20,Imports: Mauritius,1.5
01-Nov-20,Imports: Mexico,356.4
01-Nov-20,Imports: Morocco,19.3
01-Nov-20,Imports: Mozambique,2.5
01-Nov-20,Imports: Myanmar,10.8
01-Nov-20,Imports: Nepal,0.1
01-Nov-20,Imports: Netherlands Antilles,0
01-Nov-20,Imports: Netherlands,296.8
01-Nov-20,Imports: New Zealand,123.9
01-Nov-20,Imports: Nigeria,28.1
01-Nov-20,Imports: Northern Mariana Islands,0
01-Nov-20,Imports: Norway,54.4
01-Nov-20,Imports: Oman,17.4
01-Nov-20,Imports: Other Countries of Africa,278.8
01-Nov-20,Imports: Other Countries of America,1.1
01-Nov-20,Imports: Other Countries of Asia,1.6
01-Nov-20,Imports: Other Countries of Europe,5.6
01-Nov-20,Imports: Other Countries of Oceania,5.3
01-Nov-20,Imports: Pakistan,4.4
01-Nov-20,Imports: Panama,2.1
01-Nov-20,Imports: Papua New Guinea,2.9
01-Nov-20,Imports: Peru,5
01-Nov-20,Imports: Philippines,785.9
01-Nov-20,Imports: Poland,53.1
01-Nov-20,Imports: Portugal,32.6
01-Nov-20,Imports: Puerto Rico,8.9
01-Nov-20,Imports: Qatar,367.1
01-Nov-20,Imports: Reunion,0
01-Nov-20,Imports: Romania,12.9
01-Nov-20,Imports: Russia,261.8
01-Nov-20,Imports: Saudi Arabia,499.1
01-Nov-20,Imports: Seychelles,0
01-Nov-20,Imports: Slovak Republic,8.3
01-Nov-20,Imports: Slovenia,4.6
01-Nov-20,Imports: Solomon Islands,0
01-Nov-20,Imports: South Africa,33.5
01-Nov-20,Imports: South Korea,1825.9
01-Nov-20,Imports: Spain,102.4
01-Nov-20,Imports: Sri Lanka,6.6
01-Nov-20,Imports: Sudan,0.3
01-Nov-20,Imports: Sweden,111.3
01-Nov-20,Imports: Switzerland,798.2
01-Nov-20,Imports: Taiwan,4524.4
01-Nov-20,Imports: Tanzania,11.1
01-Nov-20,Imports: Thailand,741.3
01-Nov-20,Imports: Tunisia,2.1
01-Nov-20,Imports: Turkey,30.2
01-Nov-20,Imports: USA,3536
01-Nov-20,Imports: Ukraine,3.7
01-Nov-20,Imports: United Arab Emirates,374.5
01-Nov-20,Imports: United Kingdom,635.4
01-Nov-20,Imports: Uruguay,1
01-Nov-20,Imports: Vanuatu,0.1
01-Nov-20,Imports: Venezuela,0.1
01-Nov-20,Imports: Vietnam,452.7
01-Nov-20,Imports: Yemen,0.3
01-Nov-20,Imports: Zambia,15.1
01-Nov-20,Imports: Zimbabwe,1
01-Dec-20,Imports: Afghanistan,0
01-Dec-20,Imports: Angola,37.1
01-Dec-20,Imports: Argentina,6.3
01-Dec-20,Imports: Australia,432.8
01-Dec-20,Imports: Austria,82.6
01-Dec-20,Imports: Bahamas,0
01-Dec-20,Imports: Bahrain,1.4
01-Dec-20,Imports: Bangladesh,25.6
01-Dec-20,Imports: Belarus,1.5
01-Dec-20,Imports: Belgium,133.4
01-Dec-20,Imports: Brazil,304.5
01-Dec-20,Imports: Brunei,99.1
01-Dec-20,Imports: Bulgaria,3.5
01-Dec-20,Imports: Cambodia,29.1
01-Dec-20,Imports: Cameroon,5.2
01-Dec-20,Imports: Canada,143
01-Dec-20,Imports: Chile,6.5
01-Dec-20,Imports: China,6202.3
01-Dec-20,Imports: Colombia,114.8
01-Dec-20,Imports: Comoros,0.1
01-Dec-20,Imports: Costa Rica,22.9
01-Dec-20,Imports: Cote D'ivoire,0.7
01-Dec-20,Imports: Croatia,1.4
01-Dec-20,Imports: Cuba,0.7
01-Dec-20,Imports: Cyprus,1.1
01-Dec-20,"Imports: Czech, Republic",71.1
01-Dec-20,Imports: Denmark,143.2
01-Dec-20,Imports: Djibouti,0.1
01-Dec-20,Imports: Dominican Rep,5.8
01-Dec-20,Imports: Ecuador,3.4
01-Dec-20,Imports: Egypt,4.8
01-Dec-20,Imports: El Salvador,0.9
01-Dec-20,Imports: Estonia,2.4
01-Dec-20,Imports: Eswatini,0.3
01-Dec-20,Imports: Ethiopia,6.2
01-Dec-20,Imports: Fiji,0.2
01-Dec-20,Imports: Finland,34.8
01-Dec-20,Imports: France,1141.6
01-Dec-20,Imports: French Polynesia,0.1
01-Dec-20,Imports: Gabon,75.2
01-Dec-20,Imports: Germany,980.3
01-Dec-20,Imports: Ghana,2.5
01-Dec-20,Imports: Greece,10.4
01-Dec-20,Imports: Guam,0.1
01-Dec-20,Imports: Guatemala,2.5
01-Dec-20,Imports: Hong Kong SAR (China),762.8
01-Dec-20,Imports: Hungary,52.9
01-Dec-20,Imports: India,636.5
01-Dec-20,Imports: Indonesia,1455.3
01-Dec-20,Imports: Iran,1
01-Dec-20,Imports: Ireland,250.7
01-Dec-20,Imports: Israel,57.1
01-Dec-20,Imports: Italy,613.7
01-Dec-20,Imports: Jamaica,0.1
01-Dec-20,Imports: Japan,2198.9
01-Dec-20,Imports: Jordan,4.4
01-Dec-20,Imports: Kazakhstan,0
01-Dec-20,Imports: Kenya,1.6
01-Dec-20,Imports: Kuwait,84.8
01-Dec-20,Imports: Lao Peo Dem Rep,0.8
01-Dec-20,Imports: Latvia,1.9
01-Dec-20,Imports: Lebanon,0.1
01-Dec-20,Imports: Liberia,0
01-Dec-20,Imports: Lithuania,7.8
01-Dec-20,Imports: Luxembourg,11.9
01-Dec-20,Imports: Macau SAR (China),2
01-Dec-20,Imports: Madagascar,2.9
01-Dec-20,Imports: Malaysia,5226.1
01-Dec-20,Imports: Maldives Rep of,0.2
01-Dec-20,Imports: Malta,32.2
01-Dec-20,Imports: Mauritius,1.3
01-Dec-20,Imports: Mexico,217.6
01-Dec-20,Imports: Morocco,16.9
01-Dec-20,Imports: Mozambique,0.2
01-Dec-20,Imports: Myanmar,10.5
01-Dec-20,Imports: Nepal,1.3
01-Dec-20,Imports: Netherlands Antilles,0.1
01-Dec-20,Imports: Netherlands,257.9
01-Dec-20,Imports: New Zealand,92.2
01-Dec-20,Imports: Nigeria,83.2
01-Dec-20,Imports: Northern Mariana Islands,0
01-Dec-20,Imports: Norway,109.3
01-Dec-20,Imports: Oman,114.3
01-Dec-20,Imports: Other Countries of Africa,73
01-Dec-20,Imports: Other Countries of America,2.4
01-Dec-20,Imports: Other Countries of Asia,1.5
01-Dec-20,Imports: Other Countries of Europe,6.3
01-Dec-20,Imports: Other Countries of Oceania,4
01-Dec-20,Imports: Pakistan,8.6
01-Dec-20,Imports: Panama,0.2
01-Dec-20,Imports: Papua New Guinea,11.3
01-Dec-20,Imports: Peru,3.4
01-Dec-20,Imports: Philippines,818.1
01-Dec-20,Imports: Poland,57.3
01-Dec-20,Imports: Portugal,37.6
01-Dec-20,Imports: Puerto Rico,16
01-Dec-20,Imports: Qatar,205.3
01-Dec-20,Imports: Reunion,4.8
01-Dec-20,Imports: Romania,18.6
01-Dec-20,Imports: Russia,328.2
01-Dec-20,Imports: Saudi Arabia,718.9
01-Dec-20,Imports: Seychelles,0
01-Dec-20,Imports: Slovak Republic,13.7
01-Dec-20,Imports: Slovenia,4.8
01-Dec-20,Imports: Solomon Islands,0.2
01-Dec-20,Imports: South Africa,36.8
01-Dec-20,Imports: South Korea,2111.5
01-Dec-20,Imports: Spain,122.9
01-Dec-20,Imports: Sri Lanka,23.6
01-Dec-20,Imports: Sudan,0.1
01-Dec-20,Imports: Sweden,161.4
01-Dec-20,Imports: Switzerland,631.2
01-Dec-20,Imports: Taiwan,4911.7
01-Dec-20,Imports: Tanzania,1.9
01-Dec-20,Imports: Thailand,938.7
01-Dec-20,Imports: Tunisia,2.5
01-Dec-20,Imports: Turkey,28.1
01-Dec-20,Imports: USA,3794.2
01-Dec-20,Imports: Ukraine,4.3
01-Dec-20,Imports: United Arab Emirates,899.6
01-Dec-20,Imports: United Kingdom,755.3
01-Dec-20,Imports: Uruguay,1.3
01-Dec-20,Imports: Vanuatu,0
01-Dec-20,Imports: Venezuela,0.1
01-Dec-20,Imports: Vietnam,448.9
01-Dec-20,Imports: Yemen,0.9
01-Dec-20,Imports: Zambia,11.1
01-Dec-20,Imports: Zimbabwe,0.6
01-Jan-21,Imports: Afghanistan,0.1
01-Jan-21,Imports: Angola,0
01-Jan-21,Imports: Argentina,22
01-Jan-21,Imports: Australia,634.4
01-Jan-21,Imports: Austria,81.5
01-Jan-21,Imports: Bahamas,118.6
01-Jan-21,Imports: Bahrain,98.5
01-Jan-21,Imports: Bangladesh,34.2
01-Jan-21,Imports: Belarus,1.5
01-Jan-21,Imports: Belgium,119.7
01-Jan-21,Imports: Brazil,283
01-Jan-21,Imports: Brunei,71.1
01-Jan-21,Imports: Bulgaria,3.8
01-Jan-21,Imports: Cambodia,11.7
01-Jan-21,Imports: Cameroon,2.9
01-Jan-21,Imports: Canada,143.8
01-Jan-21,Imports: Chile,7.9
01-Jan-21,Imports: China,6121
01-Jan-21,Imports: Colombia,3.5
01-Jan-21,Imports: Comoros,0
01-Jan-21,Imports: Costa Rica,11.2
01-Jan-21,Imports: Cote D'ivoire,0.1
01-Jan-21,Imports: Croatia,6
01-Jan-21,Imports: Cuba,1.2
01-Jan-21,Imports: Cyprus,1.3
01-Jan-21,"Imports: Czech, Republic",75.6
01-Jan-21,Imports: Denmark,105.5
01-Jan-21,Imports: Djibouti,0
01-Jan-21,Imports: Dominican Rep,4.2
01-Jan-21,Imports: Ecuador,3.1
01-Jan-21,Imports: Egypt,9.1
01-Jan-21,Imports: El Salvador,1.3
01-Jan-21,Imports: Estonia,2.5
01-Jan-21,Imports: Eswatini,0.2
01-Jan-21,Imports: Ethiopia,0.2
01-Jan-21,Imports: Fiji,0
01-Jan-21,Imports: Finland,27.9
01-Jan-21,Imports: France,1021.3
01-Jan-21,Imports: French Polynesia,0.1
01-Jan-21,Imports: Gabon,0.1
01-Jan-21,Imports: Germany,947.5
01-Jan-21,Imports: Ghana,3.7
01-Jan-21,Imports: Greece,46.8
01-Jan-21,Imports: Guam,0
01-Jan-21,Imports: Guatemala,3.5
01-Jan-21,Imports: Hong Kong SAR (China),441
01-Jan-21,Imports: Hungary,34.2
01-Jan-21,Imports: India,493.9
01-Jan-21,Imports: Indonesia,1433.8
01-Jan-21,Imports: Iran,0.7
01-Jan-21,Imports: Ireland,73.4
01-Jan-21,Imports: Israel,57.6
01-Jan-21,Imports: Italy,528
01-Jan-21,Imports: Jamaica,0.2
01-Jan-21,Imports: Japan,2210.2
01-Jan-21,Imports: Jordan,4
01-Jan-21,Imports: Kazakhstan,0
01-Jan-21,Imports: Kenya,0.7
01-Jan-21,Imports: Kuwait,203.9
01-Jan-21,Imports: Lao Peo Dem Rep,1.7
01-Jan-21,Imports: Latvia,1.3
01-Jan-21,Imports: Lebanon,0
01-Jan-21,Imports: Liberia,0
01-Jan-21,Imports: Lithuania,14.2
01-Jan-21,Imports: Luxembourg,2.6
01-Jan-21,Imports: Macau SAR (China),2.9
01-Jan-21,Imports: Madagascar,1.3
01-Jan-21,Imports: Malaysia,5553.3
01-Jan-21,Imports: Maldives Rep of,0.1
01-Jan-21,Imports: Malta,51.7
01-Jan-21,Imports: Mauritius,0.8
01-Jan-21,Imports: Mexico,276.2
01-Jan-21,Imports: Morocco,18.6
01-Jan-21,Imports: Mozambique,10.6
01-Jan-21,Imports: Myanmar,9.1
01-Jan-21,Imports: Nepal,0.1
01-Jan-21,Imports: Netherlands Antilles,0
01-Jan-21,Imports: Netherlands,356.2
01-Jan-21,Imports: New Zealand,62.3
01-Jan-21,Imports: Nigeria,223.7
01-Jan-21,Imports: Northern Mariana Islands,0
01-Jan-21,Imports: Norway,44.3
01-Jan-21,Imports: Oman,39.7
01-Jan-21,Imports: Other Countries of Africa,91.3
01-Jan-21,Imports: Other Countries of America,1.5
01-Jan-21,Imports: Other Countries of Asia,0.8
01-Jan-21,Imports: Other Countries of Europe,6.4
01-Jan-21,Imports: Other Countries of Oceania,0.7
01-Jan-21,Imports: Pakistan,6.5
01-Jan-21,Imports: Panama,0.3
01-Jan-21,Imports: Papua New Guinea,7.7
01-Jan-21,Imports: Peru,1.3
01-Jan-21,Imports: Philippines,743.3
01-Jan-21,Imports: Poland,47.6
01-Jan-21,Imports: Portugal,31.5
01-Jan-21,Imports: Puerto Rico,7.9
01-Jan-21,Imports: Qatar,347.1
01-Jan-21,Imports: Reunion,0
01-Jan-21,Imports: Romania,13.5
01-Jan-21,Imports: Russia,249.3
01-Jan-21,Imports: Saudi Arabia,740.4
01-Jan-21,Imports: Seychelles,0
01-Jan-21,Imports: Slovak Republic,8.3
01-Jan-21,Imports: Slovenia,5.4
01-Jan-21,Imports: Solomon Islands,0.1
01-Jan-21,Imports: South Africa,39.6
01-Jan-21,Imports: South Korea,1863.9
01-Jan-21,Imports: Spain,96.7
01-Jan-21,Imports: Sri Lanka,15.4
01-Jan-21,Imports: Sudan,0
01-Jan-21,Imports: Sweden,128.4
01-Jan-21,Imports: Switzerland,753.2
01-Jan-21,Imports: Taiwan,4930.2
01-Jan-21,Imports: Tanzania,2.5
01-Jan-21,Imports: Thailand,746.4
01-Jan-21,Imports: Tunisia,2
01-Jan-21,Imports: Turkey,22.4
01-Jan-21,Imports: USA,3688.4
01-Jan-21,Imports: Ukraine,4
01-Jan-21,Imports: United Arab Emirates,716.9
01-Jan-21,Imports: United Kingdom,858.4
01-Jan-21,Imports: Uruguay,0.4
01-Jan-21,Imports: Vanuatu,0
01-Jan-21,Imports: Venezuela,0
01-Jan-21,Imports: Vietnam,428.3
01-Jan-21,Imports: Yemen,0
01-Jan-21,Imports: Zambia,17.7
01-Jan-21,Imports: Zimbabwe,0.5
01-Feb-21,Imports: Afghanistan,0
01-Feb-21,Imports: Angola,0
01-Feb-21,Imports: Argentina,2.9
01-Feb-21,Imports: Australia,1077.1
01-Feb-21,Imports: Austria,71.9
01-Feb-21,Imports: Bahamas,0
01-Feb-21,Imports: Bahrain,1.5
01-Feb-21,Imports: Bangladesh,15.5
01-Feb-21,Imports: Belarus,2.3
01-Feb-21,Imports: Belgium,191.6
01-Feb-21,Imports: Brazil,173.9
01-Feb-21,Imports: Brunei,56.6
01-Feb-21,Imports: Bulgaria,33.7
01-Feb-21,Imports: Cambodia,8.8
01-Feb-21,Imports: Cameroon,10.5
01-Feb-21,Imports: Canada,148.1
01-Feb-21,Imports: Chile,6.5
01-Feb-21,Imports: China,4989.7
01-Feb-21,Imports: Colombia,4.6
01-Feb-21,Imports: Comoros,0.1
01-Feb-21,Imports: Costa Rica,20.6
01-Feb-21,Imports: Cote D'ivoire,3.1
01-Feb-21,Imports: Croatia,1.5
01-Feb-21,Imports: Cuba,0.6
01-Feb-21,Imports: Cyprus,1.4
01-Feb-21,"Imports: Czech, Republic",53.9
01-Feb-21,Imports: Denmark,73.7
01-Feb-21,Imports: Djibouti,0
01-Feb-21,Imports: Dominican Rep,5
01-Feb-21,Imports: Ecuador,2.4
01-Feb-21,Imports: Egypt,37.4
01-Feb-21,Imports: El Salvador,1.7
01-Feb-21,Imports: Estonia,2.7
01-Feb-21,Imports: Eswatini,0.3
01-Feb-21,Imports: Ethiopia,0.9
01-Feb-21,Imports: Fiji,0.3
01-Feb-21,Imports: Finland,29
01-Feb-21,Imports: France,987.5
01-Feb-21,Imports: French Polynesia,0.1
01-Feb-21,Imports: Gabon,0
01-Feb-21,Imports: Germany,916.7
01-Feb-21,Imports: Ghana,5.3
01-Feb-21,Imports: Greece,85.5
01-Feb-21,Imports: Guam,0
01-Feb-21,Imports: Guatemala,5.3
01-Feb-21,Imports: Hong Kong SAR (China),350.8
01-Feb-21,Imports: Hungary,26.3
01-Feb-21,Imports: India,786.3
01-Feb-21,Imports: Indonesia,1456.1
01-Feb-21,Imports: Iran,0.5
01-Feb-21,Imports: Ireland,170.7
01-Feb-21,Imports: Israel,50.5
01-Feb-21,Imports: Italy,485.5
01-Feb-21,Imports: Jamaica,0
01-Feb-21,Imports: Japan,2204
01-Feb-21,Imports: Jordan,6.6
01-Feb-21,Imports: Kazakhstan,0
01-Feb-21,Imports: Kenya,1.1
01-Feb-21,Imports: Kuwait,87.1
01-Feb-21,Imports: Lao Peo Dem Rep,4
01-Feb-21,Imports: Latvia,1.5
01-Feb-21,Imports: Lebanon,0.2
01-Feb-21,Imports: Liberia,0.1
01-Feb-21,Imports: Lithuania,10.6
01-Feb-21,Imports: Luxembourg,5.4
01-Feb-21,Imports: Macau SAR (China),0.7
01-Feb-21,Imports: Madagascar,3.2
01-Feb-21,Imports: Malaysia,5402.5
01-Feb-21,Imports: Maldives Rep of,0.1
01-Feb-21,Imports: Malta,14.4
01-Feb-21,Imports: Mauritius,1
01-Feb-21,Imports: Mexico,206.7
01-Feb-21,Imports: Morocco,17.2
01-Feb-21,Imports: Mozambique,0
01-Feb-21,Imports: Myanmar,5.4
01-Feb-21,Imports: Nepal,0.1
01-Feb-21,Imports: Netherlands Antilles,0
01-Feb-21,Imports: Netherlands,251
01-Feb-21,Imports: New Zealand,47.6
01-Feb-21,Imports: Nigeria,128
01-Feb-21,Imports: Northern Mariana Islands,0
01-Feb-21,Imports: Norway,48.4
01-Feb-21,Imports: Oman,3.4
01-Feb-21,Imports: Other Countries of Africa,60
01-Feb-21,Imports: Other Countries of America,2.5
01-Feb-21,Imports: Other Countries of Asia,46.2
01-Feb-21,Imports: Other Countries of Europe,7.1
01-Feb-21,Imports: Other Countries of Oceania,6
01-Feb-21,Imports: Pakistan,10
01-Feb-21,Imports: Panama,0.2
01-Feb-21,Imports: Papua New Guinea,3.7
01-Feb-21,Imports: Peru,1.5
01-Feb-21,Imports: Philippines,821.5
01-Feb-21,Imports: Poland,45.7
01-Feb-21,Imports: Portugal,26.2
01-Feb-21,Imports: Puerto Rico,6.1
01-Feb-21,Imports: Qatar,466
01-Feb-21,Imports: Reunion,0
01-Feb-21,Imports: Romania,12.5
01-Feb-21,Imports: Russia,244.7
01-Feb-21,Imports: Saudi Arabia,538.3
01-Feb-21,Imports: Seychelles,0
01-Feb-21,Imports: Slovak Republic,7.7
01-Feb-21,Imports: Slovenia,4.9
01-Feb-21,Imports: Solomon Islands,0
01-Feb-21,Imports: South Africa,268.6
01-Feb-21,Imports: South Korea,1792.8
01-Feb-21,Imports: Spain,74.3
01-Feb-21,Imports: Sri Lanka,14.7
01-Feb-21,Imports: Sudan,0
01-Feb-21,Imports: Sweden,123.2
01-Feb-21,Imports: Switzerland,639.7
01-Feb-21,Imports: Taiwan,4566.2
01-Feb-21,Imports: Tanzania,3.6
01-Feb-21,Imports: Thailand,813.8
01-Feb-21,Imports: Tunisia,2.4
01-Feb-21,Imports: Turkey,67.3
01-Feb-21,Imports: USA,3573.9
01-Feb-21,Imports: Ukraine,2
01-Feb-21,Imports: United Arab Emirates,1007
01-Feb-21,Imports: United Kingdom,750.6
01-Feb-21,Imports: Uruguay,0.9
01-Feb-21,Imports: Vanuatu,0
01-Feb-21,Imports: Venezuela,0.2
01-Feb-21,Imports: Vietnam,442
01-Feb-21,Imports: Yemen,0.5
01-Feb-21,Imports: Zambia,28.1
01-Feb-21,Imports: Zimbabwe,0.4
01-Mar-21,Imports: Afghanistan,0.1
01-Mar-21,Imports: Angola,79.5
01-Mar-21,Imports: Argentina,3.1
01-Mar-21,Imports: Australia,1016
01-Mar-21,Imports: Austria,99.5
01-Mar-21,Imports: Bahamas,0
01-Mar-21,Imports: Bahrain,44.7
01-Mar-21,Imports: Bangladesh,20.4
01-Mar-21,Imports: Belarus,2.1
01-Mar-21,Imports: Belgium,128.9
01-Mar-21,Imports: Brazil,328.8
01-Mar-21,Imports: Brunei,102.3
01-Mar-21,Imports: Bulgaria,4.9
01-Mar-21,Imports: Cambodia,10.1
01-Mar-21,Imports: Cameroon,8.1
01-Mar-21,Imports: Canada,158.2
01-Mar-21,Imports: Chile,9.9
01-Mar-21,Imports: China,6291.7
01-Mar-21,Imports: Colombia,1.7
01-Mar-21,Imports: Comoros,0
01-Mar-21,Imports: Costa Rica,14.6
01-Mar-21,Imports: Cote D'ivoire,3.7
01-Mar-21,Imports: Croatia,1.7
01-Mar-21,Imports: Cuba,0.7
01-Mar-21,Imports: Cyprus,1.3
01-Mar-21,"Imports: Czech, Republic",79.1
01-Mar-21,Imports: Denmark,117.7
01-Mar-21,Imports: Djibouti,0
01-Mar-21,Imports: Dominican Rep,6.2
01-Mar-21,Imports: Ecuador,3.4
01-Mar-21,Imports: Egypt,77.7
01-Mar-21,Imports: El Salvador,1.5
01-Mar-21,Imports: Estonia,7.3
01-Mar-21,Imports: Eswatini,0.1
01-Mar-21,Imports: Ethiopia,3.8
01-Mar-21,Imports: Fiji,0.3
01-Mar-21,Imports: Finland,42.7
01-Mar-21,Imports: France,1906.8
01-Mar-21,Imports: French Polynesia,0.3
01-Mar-21,Imports: Gabon,38.6
01-Mar-21,Imports: Germany,1124.8
01-Mar-21,Imports: Ghana,4.6
01-Mar-21,Imports: Greece,65.1
01-Mar-21,Imports: Guam,0
01-Mar-21,Imports: Guatemala,7.6
01-Mar-21,Imports: Hong Kong SAR (China),314.1
01-Mar-21,Imports: Hungary,42.2
01-Mar-21,Imports: India,859.4
01-Mar-21,Imports: Indonesia,1750.1
01-Mar-21,Imports: Iran,0.4
01-Mar-21,Imports: Ireland,393.5
01-Mar-21,Imports: Israel,65.3
01-Mar-21,Imports: Italy,520.5
01-Mar-21,Imports: Jamaica,0
01-Mar-21,Imports: Japan,2568.6
01-Mar-21,Imports: Jordan,9.9
01-Mar-21,Imports: Kazakhstan,0
01-Mar-21,Imports: Kenya,1.7
01-Mar-21,Imports: Kuwait,39.5
01-Mar-21,Imports: Lao Peo Dem Rep,2.8
01-Mar-21,Imports: Latvia,2.2
01-Mar-21,Imports: Lebanon,0.1
01-Mar-21,Imports: Liberia,0.2
01-Mar-21,Imports: Lithuania,57.7
01-Mar-21,Imports: Luxembourg,3.1
01-Mar-21,Imports: Macau SAR (China),0.5
01-Mar-21,Imports: Madagascar,5.4
01-Mar-21,Imports: Malaysia,6158.1
01-Mar-21,Imports: Maldives Rep of,0.2
01-Mar-21,Imports: Malta,19.2
01-Mar-21,Imports: Mauritius,1.2
01-Mar-21,Imports: Mexico,281.7
01-Mar-21,Imports: Morocco,17.7
01-Mar-21,Imports: Mozambique,0.2
01-Mar-21,Imports: Myanmar,9
01-Mar-21,Imports: Nepal,0.2
01-Mar-21,Imports: Netherlands Antilles,0
01-Mar-21,Imports: Netherlands,393.5
01-Mar-21,Imports: New Zealand,71.2
01-Mar-21,Imports: Nigeria,149.4
01-Mar-21,Imports: Northern Mariana Islands,0
01-Mar-21,Imports: Norway,67.5
01-Mar-21,Imports: Oman,95.1
01-Mar-21,Imports: Other Countries of Africa,96.6
01-Mar-21,Imports: Other Countries of America,1.7
01-Mar-21,Imports: Other Countries of Asia,0.6
01-Mar-21,Imports: Other Countries of Europe,8.8
01-Mar-21,Imports: Other Countries of Oceania,0.4
01-Mar-21,Imports: Pakistan,8.1
01-Mar-21,Imports: Panama,0.3
01-Mar-21,Imports: Papua New Guinea,42.6
01-Mar-21,Imports: Peru,1.4
01-Mar-21,Imports: Philippines,898.9
01-Mar-21,Imports: Poland,59.1
01-Mar-21,Imports: Portugal,25.6
01-Mar-21,Imports: Puerto Rico,12.7
01-Mar-21,Imports: Qatar,542.3
01-Mar-21,Imports: Reunion,0
01-Mar-21,Imports: Romania,32
01-Mar-21,Imports: Russia,656.4
01-Mar-21,Imports: Saudi Arabia,794.9
01-Mar-21,Imports: Seychelles,0
01-Mar-21,Imports: Slovak Republic,9
01-Mar-21,Imports: Slovenia,5.9
01-Mar-21,Imports: Solomon Islands,0
01-Mar-21,Imports: South Africa,214
01-Mar-21,Imports: South Korea,2390.2
01-Mar-21,Imports: Spain,152
01-Mar-21,Imports: Sri Lanka,32.9
01-Mar-21,Imports: Sudan,7.6
01-Mar-21,Imports: Sweden,150.1
01-Mar-21,Imports: Switzerland,1901.5
01-Mar-21,Imports: Taiwan,5375.5
01-Mar-21,Imports: Tanzania,2
01-Mar-21,Imports: Thailand,916.1
01-Mar-21,Imports: Tunisia,5.4
01-Mar-21,Imports: Turkey,142.8
01-Mar-21,Imports: USA,4466.4
01-Mar-21,Imports: Ukraine,3.4
01-Mar-21,Imports: United Arab Emirates,1142.1
01-Mar-21,Imports: United Kingdom,879
01-Mar-21,Imports: Uruguay,2.6
01-Mar-21,Imports: Vanuatu,0.1
01-Mar-21,Imports: Venezuela,0
01-Mar-21,Imports: Vietnam,541
01-Mar-21,Imports: Yemen,0
01-Mar-21,Imports: Zambia,1.3
01-Mar-21,Imports: Zimbabwe,0.8
01-Apr-21,Imports: Afghanistan,0
01-Apr-21,Imports: Angola,52.8
01-Apr-21,Imports: Argentina,8.7
01-Apr-21,Imports: Australia,929.3
01-Apr-21,Imports: Austria,94
01-Apr-21,Imports: Bahamas,33.3
01-Apr-21,Imports: Bahrain,48.7
01-Apr-21,Imports: Bangladesh,19.1
01-Apr-21,Imports: Belarus,3.4
01-Apr-21,Imports: Belgium,174.6
01-Apr-21,Imports: Brazil,572.1
01-Apr-21,Imports: Brunei,110.5
01-Apr-21,Imports: Bulgaria,5.6
01-Apr-21,Imports: Cambodia,9.1
01-Apr-21,Imports: Cameroon,7.8
01-Apr-21,Imports: Canada,154.3
01-Apr-21,Imports: Chile,37.3
01-Apr-21,Imports: China,6329.5
01-Apr-21,Imports: Colombia,5.4
01-Apr-21,Imports: Comoros,0
01-Apr-21,Imports: Costa Rica,14.1
01-Apr-21,Imports: Cote D'ivoire,5.4
01-Apr-21,Imports: Croatia,2.5
01-Apr-21,Imports: Cuba,0.8
01-Apr-21,Imports: Cyprus,1.6
01-Apr-21,"Imports: Czech, Republic",75.4
01-Apr-21,Imports: Denmark,44.7
01-Apr-21,Imports: Djibouti,0
01-Apr-21,Imports: Dominican Rep,6.7
01-Apr-21,Imports: Ecuador,2.2
01-Apr-21,Imports: Egypt,11
01-Apr-21,Imports: El Salvador,1.4
01-Apr-21,Imports: Estonia,6
01-Apr-21,Imports: Eswatini,0
01-Apr-21,Imports: Ethiopia,7.2
01-Apr-21,Imports: Fiji,0.2
01-Apr-21,Imports: Finland,36.8
01-Apr-21,Imports: France,1150.4
01-Apr-21,Imports: French Polynesia,2
01-Apr-21,Imports: Gabon,0
01-Apr-21,Imports: Germany,1102
01-Apr-21,Imports: Ghana,3.8
01-Apr-21,Imports: Greece,14.7
01-Apr-21,Imports: Guam,0
01-Apr-21,Imports: Guatemala,3.2
01-Apr-21,Imports: Hong Kong SAR (China),300.5
01-Apr-21,Imports: Hungary,42.4
01-Apr-21,Imports: India,880.8
01-Apr-21,Imports: Indonesia,1809.2
01-Apr-21,Imports: Iran,0.3
01-Apr-21,Imports: Ireland,297
01-Apr-21,Imports: Israel,100.3
01-Apr-21,Imports: Italy,611.3
01-Apr-21,Imports: Jamaica,0.2
01-Apr-21,Imports: Japan,2607.1
01-Apr-21,Imports: Jordan,3.9
01-Apr-21,Imports: Kazakhstan,0.1
01-Apr-21,Imports: Kenya,1.3
01-Apr-21,Imports: Kuwait,126.8
01-Apr-21,Imports: Lao Peo Dem Rep,0.4
01-Apr-21,Imports: Latvia,1.5
01-Apr-21,Imports: Lebanon,0.1
01-Apr-21,Imports: Liberia,0
01-Apr-21,Imports: Lithuania,10.2
01-Apr-21,Imports: Luxembourg,4.3
01-Apr-21,Imports: Macau SAR (China),0.2
01-Apr-21,Imports: Madagascar,2.6
01-Apr-21,Imports: Malaysia,6272.6
01-Apr-21,Imports: Maldives Rep of,0.2
01-Apr-21,Imports: Malta,44.9
01-Apr-21,Imports: Mauritius,0.7
01-Apr-21,Imports: Mexico,301.5
01-Apr-21,Imports: Morocco,18
01-Apr-21,Imports: Mozambique,21.3
01-Apr-21,Imports: Myanmar,11.9
01-Apr-21,Imports: Nepal,0.1
01-Apr-21,Imports: Netherlands Antilles,0
01-Apr-21,Imports: Netherlands,470
01-Apr-21,Imports: New Zealand,60.9
01-Apr-21,Imports: Nigeria,124.2
01-Apr-21,Imports: Northern Mariana Islands,0.3
01-Apr-21,Imports: Norway,100.4
01-Apr-21,Imports: Oman,52.3
01-Apr-21,Imports: Other Countries of Africa,61.6
01-Apr-21,Imports: Other Countries of America,1.2
01-Apr-21,Imports: Other Countries of Asia,57.5
01-Apr-21,Imports: Other Countries of Europe,6.8
01-Apr-21,Imports: Other Countries of Oceania,0.2
01-Apr-21,Imports: Pakistan,5.2
01-Apr-21,Imports: Panama,0.1
01-Apr-21,Imports: Papua New Guinea,37.5
01-Apr-21,Imports: Peru,1.1
01-Apr-21,Imports: Philippines,861.4
01-Apr-21,Imports: Poland,61.1
01-Apr-21,Imports: Portugal,21.1
01-Apr-21,Imports: Puerto Rico,14.9
01-Apr-21,Imports: Qatar,431.6
01-Apr-21,Imports: Reunion,0
01-Apr-21,Imports: Romania,22.4
01-Apr-21,Imports: Russia,323.4
01-Apr-21,Imports: Saudi Arabia,489
01-Apr-21,Imports: Seychelles,0
01-Apr-21,Imports: Slovak Republic,10.1
01-Apr-21,Imports: Slovenia,6.3
01-Apr-21,Imports: Solomon Islands,0
01-Apr-21,Imports: South Africa,67.2
01-Apr-21,Imports: South Korea,2052
01-Apr-21,Imports: Spain,122.3
01-Apr-21,Imports: Sri Lanka,7.9
01-Apr-21,Imports: Sudan,0
01-Apr-21,Imports: Sweden,173.9
01-Apr-21,Imports: Switzerland,1004.6
01-Apr-21,Imports: Taiwan,5220.5
01-Apr-21,Imports: Tanzania,0.6
01-Apr-21,Imports: Thailand,887.2
01-Apr-21,Imports: Tunisia,4.6
01-Apr-21,Imports: Turkey,80.4
01-Apr-21,Imports: USA,5036
01-Apr-21,Imports: Ukraine,2.9
01-Apr-21,Imports: United Arab Emirates,1142.4
01-Apr-21,Imports: United Kingdom,691.9
01-Apr-21,Imports: Uruguay,0.5
01-Apr-21,Imports: Vanuatu,0
01-Apr-21,Imports: Venezuela,0.1
01-Apr-21,Imports: Vietnam,517.2
01-Apr-21,Imports: Yemen,0.1
01-Apr-21,Imports: Zambia,28.7
01-Apr-21,Imports: Zimbabwe,0.8
01-May-21,Imports: Afghanistan,0.1
01-May-21,Imports: Angola,79.6
01-May-21,Imports: Argentina,5
01-May-21,Imports: Australia,840.4
01-May-21,Imports: Austria,101.4
01-May-21,Imports: Bahamas,0
01-May-21,Imports: Bahrain,1.3
01-May-21,Imports: Bangladesh,17.5
01-May-21,Imports: Belarus,1.1
01-May-21,Imports: Belgium,151.6
01-May-21,Imports: Brazil,459.1
01-May-21,Imports: Brunei,44.8
01-May-21,Imports: Bulgaria,4.3
01-May-21,Imports: Cambodia,48.6
01-May-21,Imports: Cameroon,6.8
01-May-21,Imports: Canada,161.7
01-May-21,Imports: Chile,7.2
01-May-21,Imports: China,5799.3
01-May-21,Imports: Colombia,1.9
01-May-21,Imports: Comoros,0
01-May-21,Imports: Costa Rica,14.5
01-May-21,Imports: Cote D'ivoire,11.6
01-May-21,Imports: Croatia,1.5
01-May-21,Imports: Cuba,0.3
01-May-21,Imports: Cyprus,1.5
01-May-21,"Imports: Czech, Republic",83.7
01-May-21,Imports: Denmark,56
01-May-21,Imports: Djibouti,0
01-May-21,Imports: Dominican Rep,7.4
01-May-21,Imports: Ecuador,27.1
01-May-21,Imports: Egypt,48.6
01-May-21,Imports: El Salvador,2.2
01-May-21,Imports: Estonia,4
01-May-21,Imports: Eswatini,0
01-May-21,Imports: Ethiopia,4.5
01-May-21,Imports: Fiji,0.3
01-May-21,Imports: Finland,34.8
01-May-21,Imports: France,1239
01-May-21,Imports: French Polynesia,0.2
01-May-21,Imports: Gabon,0.1
01-May-21,Imports: Germany,1432.5
01-May-21,Imports: Ghana,8.6
01-May-21,Imports: Greece,38.6
01-May-21,Imports: Guam,0.1
01-May-21,Imports: Guatemala,5.3
01-May-21,Imports: Hong Kong SAR (China),360.8
01-May-21,Imports: Hungary,52.5
01-May-21,Imports: India,716.8
01-May-21,Imports: Indonesia,1445
01-May-21,Imports: Iran,0.4
01-May-21,Imports: Ireland,232.6
01-May-21,Imports: Israel,66.5
01-May-21,Imports: Italy,572
01-May-21,Imports: Jamaica,0.1
01-May-21,Imports: Japan,2128.7
01-May-21,Imports: Jordan,27.1
01-May-21,Imports: Kazakhstan,0.1
01-May-21,Imports: Kenya,2.5
01-May-21,Imports: Kuwait,29.7
01-May-21,Imports: Lao Peo Dem Rep,1.7
01-May-21,Imports: Latvia,3.8
01-May-21,Imports: Lebanon,0.1
01-May-21,Imports: Liberia,0.2
01-May-21,Imports: Lithuania,11.1
01-May-21,Imports: Luxembourg,2.3
01-May-21,Imports: Macau SAR (China),0.7
01-May-21,Imports: Madagascar,5
01-May-21,Imports: Malaysia,5932.7
01-May-21,Imports: Maldives Rep of,0.1
01-May-21,Imports: Malta,15
01-May-21,Imports: Mauritius,1.6
01-May-21,Imports: Mexico,301.8
01-May-21,Imports: Morocco,18.7
01-May-21,Imports: Mozambique,0.1
01-May-21,Imports: Myanmar,9.2
01-May-21,Imports: Nepal,0.1
01-May-21,Imports: Netherlands Antilles,0
01-May-21,Imports: Netherlands,288.2
01-May-21,Imports: New Zealand,88.9
01-May-21,Imports: Nigeria,0.9
01-May-21,Imports: Northern Mariana Islands,0
01-May-21,Imports: Norway,43.9
01-May-21,Imports: Oman,45.8
01-May-21,Imports: Other Countries of Africa,3.2
01-May-21,Imports: Other Countries of America,1.7
01-May-21,Imports: Other Countries of Asia,30.9
01-May-21,Imports: Other Countries of Europe,7.1
01-May-21,Imports: Other Countries of Oceania,0.3
01-May-21,Imports: Pakistan,6.3
01-May-21,Imports: Panama,0.1
01-May-21,Imports: Papua New Guinea,71.4
01-May-21,Imports: Peru,1.5
01-May-21,Imports: Philippines,895.4
01-May-21,Imports: Poland,53.1
01-May-21,Imports: Portugal,29.6
01-May-21,Imports: Puerto Rico,10.6
01-May-21,Imports: Qatar,310.4
01-May-21,Imports: Reunion,0
01-May-21,Imports: Romania,18.1
01-May-21,Imports: Russia,265.9
01-May-21,Imports: Saudi Arabia,402.1
01-May-21,Imports: Seychelles,0
01-May-21,Imports: Slovak Republic,10.8
01-May-21,Imports: Slovenia,7.5
01-May-21,Imports: Solomon Islands,0
01-May-21,Imports: South Africa,37.1
01-May-21,Imports: South Korea,2155.6
01-May-21,Imports: Spain,151.7
01-May-21,Imports: Sri Lanka,5.9
01-May-21,Imports: Sudan,0.4
01-May-21,Imports: Sweden,158.4
01-May-21,Imports: Switzerland,918
01-May-21,Imports: Taiwan,4847
01-May-21,Imports: Tanzania,0
01-May-21,Imports: Thailand,1122.7
01-May-21,Imports: Tunisia,30.8
01-May-21,Imports: Turkey,97.3
01-May-21,Imports: USA,4182.6
01-May-21,Imports: Ukraine,2.2
01-May-21,Imports: United Arab Emirates,1287.5
01-May-21,Imports: United Kingdom,569.8
01-May-21,Imports: Uruguay,1.1
01-May-21,Imports: Vanuatu,0
01-May-21,Imports: Venezuela,0.1
01-May-21,Imports: Vietnam,452.6
01-May-21,Imports: Yemen,0.5
01-May-21,Imports: Zambia,1.1
01-May-21,Imports: Zimbabwe,0.1
01-Jun-21,Imports: Afghanistan,0.1
01-Jun-21,Imports: Angola,0
01-Jun-21,Imports: Argentina,5
01-Jun-21,Imports: Australia,742.1
01-Jun-21,Imports: Austria,96.2
01-Jun-21,Imports: Bahamas,0
01-Jun-21,Imports: Bahrain,3
01-Jun-21,Imports: Bangladesh,12.6
01-Jun-21,Imports: Belarus,1.5
01-Jun-21,Imports: Belgium,117.3
01-Jun-21,Imports: Brazil,481.4
01-Jun-21,Imports: Brunei,105.7
01-Jun-21,Imports: Bulgaria,13.1
01-Jun-21,Imports: Cambodia,56.1
01-Jun-21,Imports: Cameroon,2.8
01-Jun-21,Imports: Canada,156.6
01-Jun-21,Imports: Chile,8.6
01-Jun-21,Imports: China,6198.5
01-Jun-21,Imports: Colombia,45.3
01-Jun-21,Imports: Comoros,0
01-Jun-21,Imports: Costa Rica,16.8
01-Jun-21,Imports: Cote D'ivoire,11.6
01-Jun-21,Imports: Croatia,1.9
01-Jun-21,Imports: Cuba,2.3
01-Jun-21,Imports: Cyprus,1.9
01-Jun-21,"Imports: Czech, Republic",79.4
01-Jun-21,Imports: Denmark,146.8
01-Jun-21,Imports: Djibouti,0.1
01-Jun-21,Imports: Dominican Rep,6.2
01-Jun-21,Imports: Ecuador,1.1
01-Jun-21,Imports: Egypt,98
01-Jun-21,Imports: El Salvador,2
01-Jun-21,Imports: Estonia,4.2
01-Jun-21,Imports: Eswatini,0
01-Jun-21,Imports: Ethiopia,1.4
01-Jun-21,Imports: Fiji,0
01-Jun-21,Imports: Finland,32.5
01-Jun-21,Imports: France,1453.4
01-Jun-21,Imports: French Polynesia,0
01-Jun-21,Imports: Gabon,0
01-Jun-21,Imports: Germany,1142.9
01-Jun-21,Imports: Ghana,11.7
01-Jun-21,Imports: Greece,53.5
01-Jun-21,Imports: Guam,0
01-Jun-21,Imports: Guatemala,2.8
01-Jun-21,Imports: Hong Kong SAR (China),439.7
01-Jun-21,Imports: Hungary,50.6
01-Jun-21,Imports: India,945.5
01-Jun-21,Imports: Indonesia,1797.2
01-Jun-21,Imports: Iran,0.9
01-Jun-21,Imports: Ireland,323
01-Jun-21,Imports: Israel,114.1
01-Jun-21,Imports: Italy,616.5
01-Jun-21,Imports: Jamaica,0.1
01-Jun-21,Imports: Japan,2332.5
01-Jun-21,Imports: Jordan,3.6
01-Jun-21,Imports: Kazakhstan,0
01-Jun-21,Imports: Kenya,0.9
01-Jun-21,Imports: Kuwait,2.7
01-Jun-21,Imports: Lao Peo Dem Rep,0.4
01-Jun-21,Imports: Latvia,4.1
01-Jun-21,Imports: Lebanon,0.1
01-Jun-21,Imports: Liberia,0.2
01-Jun-21,Imports: Lithuania,12.6
01-Jun-21,Imports: Luxembourg,3.7
01-Jun-21,Imports: Macau SAR (China),1.1
01-Jun-21,Imports: Madagascar,6.4
01-Jun-21,Imports: Malaysia,5526.7
01-Jun-21,Imports: Maldives Rep of,0
01-Jun-21,Imports: Malta,69.9
01-Jun-21,Imports: Mauritius,0.7
01-Jun-21,Imports: Mexico,290
01-Jun-21,Imports: Morocco,16.9
01-Jun-21,Imports: Mozambique,1.4
01-Jun-21,Imports: Myanmar,11.3
01-Jun-21,Imports: Nepal,0.1
01-Jun-21,Imports: Netherlands Antilles,0
01-Jun-21,Imports: Netherlands,447.2
01-Jun-21,Imports: New Zealand,78.3
01-Jun-21,Imports: Nigeria,87.4
01-Jun-21,Imports: Northern Mariana Islands,0
01-Jun-21,Imports: Norway,62.3
01-Jun-21,Imports: Oman,134.7
01-Jun-21,Imports: Other Countries of Africa,38.5
01-Jun-21,Imports: Other Countries of America,0.9
01-Jun-21,Imports: Other Countries of Asia,0.6
01-Jun-21,Imports: Other Countries of Europe,8.4
01-Jun-21,Imports: Other Countries of Oceania,0.3
01-Jun-21,Imports: Pakistan,7.2
01-Jun-21,Imports: Panama,0.3
01-Jun-21,Imports: Papua New Guinea,69
01-Jun-21,Imports: Peru,2.2
01-Jun-21,Imports: Philippines,854.8
01-Jun-21,Imports: Poland,58.1
01-Jun-21,Imports: Portugal,26.7
01-Jun-21,Imports: Puerto Rico,13.5
01-Jun-21,Imports: Qatar,509.5
01-Jun-21,Imports: Reunion,0.1
01-Jun-21,Imports: Romania,25.9
01-Jun-21,Imports: Russia,317.5
01-Jun-21,Imports: Saudi Arabia,1021.2
01-Jun-21,Imports: Seychelles,0.1
01-Jun-21,Imports: Slovak Republic,11.3
01-Jun-21,Imports: Slovenia,9.3
01-Jun-21,Imports: Solomon Islands,0
01-Jun-21,Imports: South Africa,124.9
01-Jun-21,Imports: South Korea,2352.8
01-Jun-21,Imports: Spain,158.6
01-Jun-21,Imports: Sri Lanka,9.4
01-Jun-21,Imports: Sudan,11.4
01-Jun-21,Imports: Sweden,185.9
01-Jun-21,Imports: Switzerland,627.5
01-Jun-21,Imports: Taiwan,5420.7
01-Jun-21,Imports: Tanzania,0.4
01-Jun-21,Imports: Thailand,1146.8
01-Jun-21,Imports: Tunisia,2.5
01-Jun-21,Imports: Turkey,127.9
01-Jun-21,Imports: USA,4418.9
01-Jun-21,Imports: Ukraine,3
01-Jun-21,Imports: United Arab Emirates,1125.2
01-Jun-21,Imports: United Kingdom,844.3
01-Jun-21,Imports: Uruguay,1.9
01-Jun-21,Imports: Vanuatu,0
01-Jun-21,Imports: Venezuela,0.2
01-Jun-21,Imports: Vietnam,493.8
01-Jun-21,Imports: Yemen,0
01-Jun-21,Imports: Zambia,2.6
01-Jun-21,Imports: Zimbabwe,0.3
01-Jul-21,Imports: Afghanistan,2.5
01-Jul-21,Imports: Angola,174.1
01-Jul-21,Imports: Argentina,5.2
01-Jul-21,Imports: Australia,1056.2
01-Jul-21,Imports: Austria,88.1
01-Jul-21,Imports: Bahamas,29.5
01-Jul-21,Imports: Bahrain,1.4
01-Jul-21,Imports: Bangladesh,12.1
01-Jul-21,Imports: Belarus,1.4
01-Jul-21,Imports: Belgium,183.8
01-Jul-21,Imports: Brazil,550.5
01-Jul-21,Imports: Brunei,137.3
01-Jul-21,Imports: Bulgaria,12.9
01-Jul-21,Imports: Cambodia,19.4
01-Jul-21,Imports: Cameroon,2.3
01-Jul-21,Imports: Canada,135.9
01-Jul-21,Imports: Chile,18.9
01-Jul-21,Imports: China,5526.6
01-Jul-21,Imports: Colombia,49
01-Jul-21,Imports: Comoros,0
01-Jul-21,Imports: Costa Rica,14.5
01-Jul-21,Imports: Cote D'ivoire,7.8
01-Jul-21,Imports: Croatia,2.7
01-Jul-21,Imports: Cuba,0.4
01-Jul-21,Imports: Cyprus,1.8
01-Jul-21,"Imports: Czech, Republic",82.6
01-Jul-21,Imports: Denmark,56.8
01-Jul-21,Imports: Djibouti,0
01-Jul-21,Imports: Dominican Rep,5.3
01-Jul-21,Imports: Ecuador,50.1
01-Jul-21,Imports: Egypt,73.3
01-Jul-21,Imports: El Salvador,2.8
01-Jul-21,Imports: Estonia,6.3
01-Jul-21,Imports: Eswatini,0.1
01-Jul-21,Imports: Ethiopia,0.3
01-Jul-21,Imports: Fiji,0.2
01-Jul-21,Imports: Finland,37.7
01-Jul-21,Imports: France,1279.4
01-Jul-21,Imports: French Polynesia,0.1
01-Jul-21,Imports: Gabon,0.1
01-Jul-21,Imports: Germany,1185.9
01-Jul-21,Imports: Ghana,19.5
01-Jul-21,Imports: Greece,10.5
01-Jul-21,Imports: Guam,0
01-Jul-21,Imports: Guatemala,2.1
01-Jul-21,Imports: Hong Kong SAR (China),318
01-Jul-21,Imports: Hungary,46
01-Jul-21,Imports: India,900.9
01-Jul-21,Imports: Indonesia,1601.9
01-Jul-21,Imports: Iran,0.6
01-Jul-21,Imports: Ireland,287.5
01-Jul-21,Imports: Israel,92
01-Jul-21,Imports: Italy,516.6
01-Jul-21,Imports: Jamaica,0.1
01-Jul-21,Imports: Japan,2562.8
01-Jul-21,Imports: Jordan,8.4
01-Jul-21,Imports: Kazakhstan,0
01-Jul-21,Imports: Kenya,1.8
01-Jul-21,Imports: Kuwait,3.2
01-Jul-21,Imports: Lao Peo Dem Rep,0.5
01-Jul-21,Imports: Latvia,3.6
01-Jul-21,Imports: Lebanon,0.1
01-Jul-21,Imports: Liberia,0
01-Jul-21,Imports: Lithuania,11.8
01-Jul-21,Imports: Luxembourg,3.5
01-Jul-21,Imports: Macau SAR (China),2
01-Jul-21,Imports: Madagascar,1.6
01-Jul-21,Imports: Malaysia,5830.8
01-Jul-21,Imports: Maldives Rep of,0
01-Jul-21,Imports: Malta,54.5
01-Jul-21,Imports: Mauritius,0.9
01-Jul-21,Imports: Mexico,263.1
01-Jul-21,Imports: Morocco,14.5
01-Jul-21,Imports: Mozambique,0.7
01-Jul-21,Imports: Myanmar,7.5
01-Jul-21,Imports: Nepal,0.1
01-Jul-21,Imports: Netherlands Antilles,0
01-Jul-21,Imports: Netherlands,399.4
01-Jul-21,Imports: New Zealand,67.2
01-Jul-21,Imports: Nigeria,95.6
01-Jul-21,Imports: Northern Mariana Islands,0
01-Jul-21,Imports: Norway,48.4
01-Jul-21,Imports: Oman,27.3
01-Jul-21,Imports: Other Countries of Africa,55.2
01-Jul-21,Imports: Other Countries of America,3
01-Jul-21,Imports: Other Countries of Asia,0.8
01-Jul-21,Imports: Other Countries of Europe,7.7
01-Jul-21,Imports: Other Countries of Oceania,0.7
01-Jul-21,Imports: Pakistan,8.5
01-Jul-21,Imports: Panama,0.8
01-Jul-21,Imports: Papua New Guinea,72.6
01-Jul-21,Imports: Peru,5.2
01-Jul-21,Imports: Philippines,934.4
01-Jul-21,Imports: Poland,57.7
01-Jul-21,Imports: Portugal,24
01-Jul-21,Imports: Puerto Rico,10.5
01-Jul-21,Imports: Qatar,819.1
01-Jul-21,Imports: Reunion,0
01-Jul-21,Imports: Romania,20.8
01-Jul-21,Imports: Russia,453.1
01-Jul-21,Imports: Saudi Arabia,801.3
01-Jul-21,Imports: Seychelles,0
01-Jul-21,Imports: Slovak Republic,11.3
01-Jul-21,Imports: Slovenia,6.7
01-Jul-21,Imports: Solomon Islands,0
01-Jul-21,Imports: South Africa,30.9
01-Jul-21,Imports: South Korea,2545.7
01-Jul-21,Imports: Spain,161.9
01-Jul-21,Imports: Sri Lanka,8.7
01-Jul-21,Imports: Sudan,0
01-Jul-21,Imports: Sweden,176
01-Jul-21,Imports: Switzerland,880.3
01-Jul-21,Imports: Taiwan,6094.5
01-Jul-21,Imports: Tanzania,1.1
01-Jul-21,Imports: Thailand,1225.9
01-Jul-21,Imports: Tunisia,2.2
01-Jul-21,Imports: Turkey,164.9
01-Jul-21,Imports: USA,4579.5
01-Jul-21,Imports: Ukraine,5
01-Jul-21,Imports: United Arab Emirates,1438.1
01-Jul-21,Imports: United Kingdom,793.2
01-Jul-21,Imports: Uruguay,0.8
01-Jul-21,Imports: Vanuatu,0
01-Jul-21,Imports: Venezuela,0.4
01-Jul-21,Imports: Vietnam,546.3
01-Jul-21,Imports: Yemen,1
01-Jul-21,Imports: Zambia,5.1
01-Jul-21,Imports: Zimbabwe,1.3
01-Aug-21,Imports: Afghanistan,0
01-Aug-21,Imports: Angola,109.4
01-Aug-21,Imports: Argentina,3.7
01-Aug-21,Imports: Australia,570.7
01-Aug-21,Imports: Austria,83.4
01-Aug-21,Imports: Bahamas,0
01-Aug-21,Imports: Bahrain,2
01-Aug-21,Imports: Bangladesh,17
01-Aug-21,Imports: Belarus,1.7
01-Aug-21,Imports: Belgium,98.5
01-Aug-21,Imports: Brazil,464.8
01-Aug-21,Imports: Brunei,209.2
01-Aug-21,Imports: Bulgaria,3.6
01-Aug-21,Imports: Cambodia,27
01-Aug-21,Imports: Cameroon,3.1
01-Aug-21,Imports: Canada,190.4
01-Aug-21,Imports: Chile,3.1
01-Aug-21,Imports: China,5467.8
01-Aug-21,Imports: Colombia,2.3
01-Aug-21,Imports: Comoros,0.1
01-Aug-21,Imports: Costa Rica,13.9
01-Aug-21,Imports: Cote D'ivoire,5.2
01-Aug-21,Imports: Croatia,2.5
01-Aug-21,Imports: Cuba,0.4
01-Aug-21,Imports: Cyprus,2.6
01-Aug-21,"Imports: Czech, Republic",64.5
01-Aug-21,Imports: Denmark,61.4
01-Aug-21,Imports: Djibouti,0
01-Aug-21,Imports: Dominican Rep,7.2
01-Aug-21,Imports: Ecuador,2.7
01-Aug-21,Imports: Egypt,52.1
01-Aug-21,Imports: El Salvador,2.5
01-Aug-21,Imports: Estonia,6.3
01-Aug-21,Imports: Eswatini,0
01-Aug-21,Imports: Ethiopia,5.1
01-Aug-21,Imports: Fiji,0
01-Aug-21,Imports: Finland,49.2
01-Aug-21,Imports: France,1035.9
01-Aug-21,Imports: French Polynesia,0
01-Aug-21,Imports: Gabon,35.3
01-Aug-21,Imports: Germany,1147.5
01-Aug-21,Imports: Ghana,17.3
01-Aug-21,Imports: Greece,11
01-Aug-21,Imports: Guam,0
01-Aug-21,Imports: Guatemala,1.1
01-Aug-21,Imports: Hong Kong SAR (China),378.2
01-Aug-21,Imports: Hungary,45.1
01-Aug-21,Imports: India,825.5
01-Aug-21,Imports: Indonesia,1719.2
01-Aug-21,Imports: Iran,0.3
01-Aug-21,Imports: Ireland,280.5
01-Aug-21,Imports: Israel,119
01-Aug-21,Imports: Italy,483.1
01-Aug-21,Imports: Jamaica,0
01-Aug-21,Imports: Japan,2193.3
01-Aug-21,Imports: Jordan,7.3
01-Aug-21,Imports: Kazakhstan,0
01-Aug-21,Imports: Kenya,0.7
01-Aug-21,Imports: Kuwait,22.5
01-Aug-21,Imports: Lao Peo Dem Rep,3
01-Aug-21,Imports: Latvia,4.3
01-Aug-21,Imports: Lebanon,0.2
01-Aug-21,Imports: Liberia,0
01-Aug-21,Imports: Lithuania,61.2
01-Aug-21,Imports: Luxembourg,2
01-Aug-21,Imports: Macau SAR (China),1.4
01-Aug-21,Imports: Madagascar,1.1
01-Aug-21,Imports: Malaysia,5733.4
01-Aug-21,Imports: Maldives Rep of,0.1
01-Aug-21,Imports: Malta,20.4
01-Aug-21,Imports: Mauritius,0.6
01-Aug-21,Imports: Mexico,218.6
01-Aug-21,Imports: Morocco,14
01-Aug-21,Imports: Mozambique,0.1
01-Aug-21,Imports: Myanmar,8.8
01-Aug-21,Imports: Nepal,0.3
01-Aug-21,Imports: Netherlands Antilles,0
01-Aug-21,Imports: Netherlands,432.9
01-Aug-21,Imports: New Zealand,90.6
01-Aug-21,Imports: Nigeria,95.8
01-Aug-21,Imports: Northern Mariana Islands,0
01-Aug-21,Imports: Norway,51.5
01-Aug-21,Imports: Oman,111.5
01-Aug-21,Imports: Other Countries of Africa,167.2
01-Aug-21,Imports: Other Countries of America,0.5
01-Aug-21,Imports: Other Countries of Asia,37.8
01-Aug-21,Imports: Other Countries of Europe,7.4
01-Aug-21,Imports: Other Countries of Oceania,0.1
01-Aug-21,Imports: Pakistan,6.7
01-Aug-21,Imports: Panama,0.1
01-Aug-21,Imports: Papua New Guinea,71.2
01-Aug-21,Imports: Peru,0.9
01-Aug-21,Imports: Philippines,986.3
01-Aug-21,Imports: Poland,61.6
01-Aug-21,Imports: Portugal,37.9
01-Aug-21,Imports: Puerto Rico,9.5
01-Aug-21,Imports: Qatar,561.2
01-Aug-21,Imports: Reunion,0
01-Aug-21,Imports: Romania,20.4
01-Aug-21,Imports: Russia,242.6
01-Aug-21,Imports: Saudi Arabia,663
01-Aug-21,Imports: Seychelles,0.1
01-Aug-21,Imports: Slovak Republic,7.6
01-Aug-21,Imports: Slovenia,7.6
01-Aug-21,Imports: Solomon Islands,0
01-Aug-21,Imports: South Africa,24.6
01-Aug-21,Imports: South Korea,2540
01-Aug-21,Imports: Spain,127.9
01-Aug-21,Imports: Sri Lanka,9.7
01-Aug-21,Imports: Sudan,8.8
01-Aug-21,Imports: Sweden,209.7
01-Aug-21,Imports: Switzerland,592.4
01-Aug-21,Imports: Taiwan,6519.9
01-Aug-21,Imports: Tanzania,0.2
01-Aug-21,Imports: Thailand,1228.7
01-Aug-21,Imports: Tunisia,7.4
01-Aug-21,Imports: Turkey,81.6
01-Aug-21,Imports: USA,4826.4
01-Aug-21,Imports: Ukraine,5.4
01-Aug-21,Imports: United Arab Emirates,1450.7
01-Aug-21,Imports: United Kingdom,649.6
01-Aug-21,Imports: Uruguay,1.1
01-Aug-21,Imports: Vanuatu,0
01-Aug-21,Imports: Venezuela,0
01-Aug-21,Imports: Vietnam,458.2
01-Aug-21,Imports: Yemen,0.1
01-Aug-21,Imports: Zambia,14
01-Aug-21,Imports: Zimbabwe,1.5
01-Sep-21,Imports: Afghanistan,0
01-Sep-21,Imports: Angola,0
01-Sep-21,Imports: Argentina,6.4
01-Sep-21,Imports: Australia,528.7
01-Sep-21,Imports: Austria,162.6
01-Sep-21,Imports: Bahamas,20.6
01-Sep-21,Imports: Bahrain,6.2
01-Sep-21,Imports: Bangladesh,20.6
01-Sep-21,Imports: Belarus,1.4
01-Sep-21,Imports: Belgium,155.8
01-Sep-21,Imports: Brazil,491.7
01-Sep-21,Imports: Brunei,175.6
01-Sep-21,Imports: Bulgaria,4.1
01-Sep-21,Imports: Cambodia,37.6
01-Sep-21,Imports: Cameroon,1.3
01-Sep-21,Imports: Canada,206.7
01-Sep-21,Imports: Chile,4.3
01-Sep-21,Imports: China,6016.6
01-Sep-21,Imports: Colombia,39.8
01-Sep-21,Imports: Comoros,0
01-Sep-21,Imports: Costa Rica,15.3
01-Sep-21,Imports: Cote D'ivoire,4.3
01-Sep-21,Imports: Croatia,1.6
01-Sep-21,Imports: Cuba,0.9
01-Sep-21,Imports: Cyprus,1.5
01-Sep-21,"Imports: Czech, Republic",91.4
01-Sep-21,Imports: Denmark,151.3
01-Sep-21,Imports: Djibouti,0
01-Sep-21,Imports: Dominican Rep,3.6
01-Sep-21,Imports: Ecuador,3.7
01-Sep-21,Imports: Egypt,53.2
01-Sep-21,Imports: El Salvador,2.8
01-Sep-21,Imports: Estonia,45.5
01-Sep-21,Imports: Eswatini,0.1
01-Sep-21,Imports: Ethiopia,0.8
01-Sep-21,Imports: Fiji,0
01-Sep-21,Imports: Finland,40.7
01-Sep-21,Imports: France,1432.7
01-Sep-21,Imports: French Polynesia,0.3
01-Sep-21,Imports: Gabon,0.3
01-Sep-21,Imports: Germany,1290.5
01-Sep-21,Imports: Ghana,17.6
01-Sep-21,Imports: Greece,11
01-Sep-21,Imports: Guam,0
01-Sep-21,Imports: Guatemala,0.9
01-Sep-21,Imports: Hong Kong SAR (China),362.1
01-Sep-21,Imports: Hungary,37.5
01-Sep-21,Imports: India,598
01-Sep-21,Imports: Indonesia,1706.2
01-Sep-21,Imports: Iran,0.9
01-Sep-21,Imports: Ireland,272.1
01-Sep-21,Imports: Israel,61.5
01-Sep-21,Imports: Italy,420.8
01-Sep-21,Imports: Jamaica,0.1
01-Sep-21,Imports: Japan,2579.5
01-Sep-21,Imports: Jordan,7.5
01-Sep-21,Imports: Kazakhstan,0.2
01-Sep-21,Imports: Kenya,0.7
01-Sep-21,Imports: Kuwait,2
01-Sep-21,Imports: Lao Peo Dem Rep,2.9
01-Sep-21,Imports: Latvia,2.3
01-Sep-21,Imports: Lebanon,0.1
01-Sep-21,Imports: Liberia,0.1
01-Sep-21,Imports: Lithuania,13.1
01-Sep-21,Imports: Luxembourg,7.5
01-Sep-21,Imports: Macau SAR (China),1.9
01-Sep-21,Imports: Madagascar,0.7
01-Sep-21,Imports: Malaysia,5974.6
01-Sep-21,Imports: Maldives Rep of,0
01-Sep-21,Imports: Malta,145.3
01-Sep-21,Imports: Mauritius,0.5
01-Sep-21,Imports: Mexico,228.5
01-Sep-21,Imports: Morocco,17.3
01-Sep-21,Imports: Mozambique,3.2
01-Sep-21,Imports: Myanmar,10.4
01-Sep-21,Imports: Nepal,0.2
01-Sep-21,Imports: Netherlands Antilles,0
01-Sep-21,Imports: Netherlands,277.2
01-Sep-21,Imports: New Zealand,56.2
01-Sep-21,Imports: Nigeria,47.1
01-Sep-21,Imports: Northern Mariana Islands,0
01-Sep-21,Imports: Norway,40.2
01-Sep-21,Imports: Oman,70.6
01-Sep-21,Imports: Other Countries of Africa,105
01-Sep-21,Imports: Other Countries of America,1.4
01-Sep-21,Imports: Other Countries of Asia,1.2
01-Sep-21,Imports: Other Countries of Europe,6.2
01-Sep-21,Imports: Other Countries of Oceania,1.2
01-Sep-21,Imports: Pakistan,10.2
01-Sep-21,Imports: Panama,0.3
01-Sep-21,Imports: Papua New Guinea,13
01-Sep-21,Imports: Peru,0.9
01-Sep-21,Imports: Philippines,909.2
01-Sep-21,Imports: Poland,65.5
01-Sep-21,Imports: Portugal,23.7
01-Sep-21,Imports: Puerto Rico,7.3
01-Sep-21,Imports: Qatar,671.2
01-Sep-21,Imports: Reunion,0.1
01-Sep-21,Imports: Romania,25.9
01-Sep-21,Imports: Russia,177.7
01-Sep-21,Imports: Saudi Arabia,455.8
01-Sep-21,Imports: Seychelles,0
01-Sep-21,Imports: Slovak Republic,7.7
01-Sep-21,Imports: Slovenia,6.9
01-Sep-21,Imports: Solomon Islands,0
01-Sep-21,Imports: South Africa,23
01-Sep-21,Imports: South Korea,2896.7
01-Sep-21,Imports: Spain,127.5
01-Sep-21,Imports: Sri Lanka,9.7
01-Sep-21,Imports: Sudan,8.4
01-Sep-21,Imports: Sweden,166.4
01-Sep-21,Imports: Switzerland,982.5
01-Sep-21,Imports: Taiwan,6184.7
01-Sep-21,Imports: Tanzania,1
01-Sep-21,Imports: Thailand,1160.1
01-Sep-21,Imports: Tunisia,2.8
01-Sep-21,Imports: Turkey,78.1
01-Sep-21,Imports: USA,4593.6
01-Sep-21,Imports: Ukraine,3.8
01-Sep-21,Imports: United Arab Emirates,1800.2
01-Sep-21,Imports: United Kingdom,682.1
01-Sep-21,Imports: Uruguay,1.3
01-Sep-21,Imports: Vanuatu,0.3
01-Sep-21,Imports: Venezuela,0
01-Sep-21,Imports: Vietnam,457.4
01-Sep-21,Imports: Yemen,1
01-Sep-21,Imports: Zambia,0.2
01-Sep-21,Imports: Zimbabwe,1.2
01-Oct-21,Imports: Afghanistan,0
01-Oct-21,Imports: Angola,209.8
01-Oct-21,Imports: Argentina,4.1
01-Oct-21,Imports: Australia,860.1
01-Oct-21,Imports: Austria,100.3
01-Oct-21,Imports: Bahamas,0
01-Oct-21,Imports: Bahrain,7.5
01-Oct-21,Imports: Bangladesh,23.8
01-Oct-21,Imports: Belarus,2.2
01-Oct-21,Imports: Belgium,250.7
01-Oct-21,Imports: Brazil,671.5
01-Oct-21,Imports: Brunei,180.3
01-Oct-21,Imports: Bulgaria,4.6
01-Oct-21,Imports: Cambodia,24.3
01-Oct-21,Imports: Cameroon,0.3
01-Oct-21,Imports: Canada,160.5
01-Oct-21,Imports: Chile,7.4
01-Oct-21,Imports: China,6026.1
01-Oct-21,Imports: Colombia,2.2
01-Oct-21,Imports: Comoros,0.1
01-Oct-21,Imports: Costa Rica,13.9
01-Oct-21,Imports: Cote D'ivoire,4.5
01-Oct-21,Imports: Croatia,87.1
01-Oct-21,Imports: Cuba,1.5
01-Oct-21,Imports: Cyprus,4.1
01-Oct-21,"Imports: Czech, Republic",94.4
01-Oct-21,Imports: Denmark,54.1
01-Oct-21,Imports: Djibouti,0
01-Oct-21,Imports: Dominican Rep,5.3
01-Oct-21,Imports: Ecuador,3.9
01-Oct-21,Imports: Egypt,1.5
01-Oct-21,Imports: El Salvador,2.4
01-Oct-21,Imports: Estonia,4.7
01-Oct-21,Imports: Eswatini,0.2
01-Oct-21,Imports: Ethiopia,107.2
01-Oct-21,Imports: Fiji,0.7
01-Oct-21,Imports: Finland,46.5
01-Oct-21,Imports: France,1248.4
01-Oct-21,Imports: French Polynesia,0.2
01-Oct-21,Imports: Gabon,0.3
01-Oct-21,Imports: Germany,1103
01-Oct-21,Imports: Ghana,21.6
01-Oct-21,Imports: Greece,12.1
01-Oct-21,Imports: Guam,0
01-Oct-21,Imports: Guatemala,1.8
01-Oct-21,Imports: Hong Kong SAR (China),370.1
01-Oct-21,Imports: Hungary,42.2
01-Oct-21,Imports: India,830.7
01-Oct-21,Imports: Indonesia,1763.1
01-Oct-21,Imports: Iran,0.3
01-Oct-21,Imports: Ireland,110.3
01-Oct-21,Imports: Israel,78.2
01-Oct-21,Imports: Italy,554.7
01-Oct-21,Imports: Jamaica,0.1
01-Oct-21,Imports: Japan,2574
01-Oct-21,Imports: Jordan,5.9
01-Oct-21,Imports: Kazakhstan,0
01-Oct-21,Imports: Kenya,0.9
01-Oct-21,Imports: Kuwait,146
01-Oct-21,Imports: Lao Peo Dem Rep,0.4
01-Oct-21,Imports: Latvia,2.7
01-Oct-21,Imports: Lebanon,0.2
01-Oct-21,Imports: Liberia,0.1
01-Oct-21,Imports: Lithuania,38.1
01-Oct-21,Imports: Luxembourg,5.2
01-Oct-21,Imports: Macau SAR (China),1.3
01-Oct-21,Imports: Madagascar,2.5
01-Oct-21,Imports: Malaysia,6447.6
01-Oct-21,Imports: Maldives Rep of,0
01-Oct-21,Imports: Malta,156.4
01-Oct-21,Imports: Mauritius,2
01-Oct-21,Imports: Mexico,266.8
01-Oct-21,Imports: Morocco,13
01-Oct-21,Imports: Mozambique,0.1
01-Oct-21,Imports: Myanmar,6.5
01-Oct-21,Imports: Nepal,0.1
01-Oct-21,Imports: Netherlands Antilles,0
01-Oct-21,Imports: Netherlands,246.3
01-Oct-21,Imports: New Zealand,84.3
01-Oct-21,Imports: Nigeria,1.8
01-Oct-21,Imports: Northern Mariana Islands,0
01-Oct-21,Imports: Norway,44.6
01-Oct-21,Imports: Oman,18
01-Oct-21,Imports: Other Countries of Africa,149.7
01-Oct-21,Imports: Other Countries of America,1.5
01-Oct-21,Imports: Other Countries of Asia,300.4
01-Oct-21,Imports: Other Countries of Europe,8.2
01-Oct-21,Imports: Other Countries of Oceania,0.3
01-Oct-21,Imports: Pakistan,6.4
01-Oct-21,Imports: Panama,0.3
01-Oct-21,Imports: Papua New Guinea,74.9
01-Oct-21,Imports: Peru,1.3
01-Oct-21,Imports: Philippines,946.6
01-Oct-21,Imports: Poland,64.3
01-Oct-21,Imports: Portugal,31.8
01-Oct-21,Imports: Puerto Rico,8.7
01-Oct-21,Imports: Qatar,603.1
01-Oct-21,Imports: Reunion,0
01-Oct-21,Imports: Romania,23.8
01-Oct-21,Imports: Russia,346.6
01-Oct-21,Imports: Saudi Arabia,634.7
01-Oct-21,Imports: Seychelles,0
01-Oct-21,Imports: Slovak Republic,9
01-Oct-21,Imports: Slovenia,7.5
01-Oct-21,Imports: Solomon Islands,0
01-Oct-21,Imports: South Africa,25.1
01-Oct-21,Imports: South Korea,2662
01-Oct-21,Imports: Spain,136.5
01-Oct-21,Imports: Sri Lanka,10.1
01-Oct-21,Imports: Sudan,0
01-Oct-21,Imports: Sweden,204.2
01-Oct-21,Imports: Switzerland,975.9
01-Oct-21,Imports: Taiwan,6054
01-Oct-21,Imports: Tanzania,3.4
01-Oct-21,Imports: Thailand,1180.4
01-Oct-21,Imports: Tunisia,4.3
01-Oct-21,Imports: Turkey,76
01-Oct-21,Imports: USA,4870.7
01-Oct-21,Imports: Ukraine,2.8
01-Oct-21,Imports: United Arab Emirates,1901.8
01-Oct-21,Imports: United Kingdom,691.3
01-Oct-21,Imports: Uruguay,2.3
01-Oct-21,Imports: Vanuatu,0.6
01-Oct-21,Imports: Venezuela,0
01-Oct-21,Imports: Vietnam,482.4
01-Oct-21,Imports: Yemen,1.8
01-Oct-21,Imports: Zambia,0.6
01-Oct-21,Imports: Zimbabwe,2.1
01-Nov-21,Imports: Afghanistan,0
01-Nov-21,Imports: Angola,164.7
01-Nov-21,Imports: Argentina,6.8
01-Nov-21,Imports: Australia,825.2
01-Nov-21,Imports: Austria,103.4
01-Nov-21,Imports: Bahamas,0
01-Nov-21,Imports: Bahrain,106.8
01-Nov-21,Imports: Bangladesh,19.1
01-Nov-21,Imports: Belarus,2
01-Nov-21,Imports: Belgium,131
01-Nov-21,Imports: Brazil,661
01-Nov-21,Imports: Brunei,272
01-Nov-21,Imports: Bulgaria,4.8
01-Nov-21,Imports: Cambodia,28.8
01-Nov-21,Imports: Cameroon,1.6
01-Nov-21,Imports: Canada,174.5
01-Nov-21,Imports: Chile,5.4
01-Nov-21,Imports: China,6670.9
01-Nov-21,Imports: Colombia,36.4
01-Nov-21,Imports: Comoros,0.6
01-Nov-21,Imports: Costa Rica,14
01-Nov-21,Imports: Cote D'ivoire,4.4
01-Nov-21,Imports: Croatia,2.1
01-Nov-21,Imports: Cuba,0.6
01-Nov-21,Imports: Cyprus,3
01-Nov-21,"Imports: Czech, Republic",64.3
01-Nov-21,Imports: Denmark,91.6
01-Nov-21,Imports: Djibouti,0
01-Nov-21,Imports: Dominican Rep,6.2
01-Nov-21,Imports: Ecuador,4.5
01-Nov-21,Imports: Egypt,23
01-Nov-21,Imports: El Salvador,3.2
01-Nov-21,Imports: Estonia,74.7
01-Nov-21,Imports: Eswatini,0.1
01-Nov-21,Imports: Ethiopia,2
01-Nov-21,Imports: Fiji,0.2
01-Nov-21,Imports: Finland,36
01-Nov-21,Imports: France,1259.2
01-Nov-21,Imports: French Polynesia,0
01-Nov-21,Imports: Gabon,0
01-Nov-21,Imports: Germany,1094.9
01-Nov-21,Imports: Ghana,14.7
01-Nov-21,Imports: Greece,9
01-Nov-21,Imports: Guam,0
01-Nov-21,Imports: Guatemala,1
01-Nov-21,Imports: Hong Kong SAR (China),306.1
01-Nov-21,Imports: Hungary,33.5
01-Nov-21,Imports: India,981.1
01-Nov-21,Imports: Indonesia,1988.5
01-Nov-21,Imports: Iran,1.1
01-Nov-21,Imports: Ireland,95.1
01-Nov-21,Imports: Israel,133.3
01-Nov-21,Imports: Italy,691.5
01-Nov-21,Imports: Jamaica,0.2
01-Nov-21,Imports: Japan,2508.2
01-Nov-21,Imports: Jordan,2.4
01-Nov-21,Imports: Kazakhstan,301.2
01-Nov-21,Imports: Kenya,1.5
01-Nov-21,Imports: Kuwait,58.3
01-Nov-21,Imports: Lao Peo Dem Rep,6
01-Nov-21,Imports: Latvia,2.6
01-Nov-21,Imports: Lebanon,0.2
01-Nov-21,Imports: Liberia,0.2
01-Nov-21,Imports: Lithuania,8
01-Nov-21,Imports: Luxembourg,3.6
01-Nov-21,Imports: Macau SAR (China),0.9
01-Nov-21,Imports: Madagascar,12
01-Nov-21,Imports: Malaysia,6572.6
01-Nov-21,Imports: Maldives Rep of,0.1
01-Nov-21,Imports: Malta,65.9
01-Nov-21,Imports: Mauritius,0.6
01-Nov-21,Imports: Mexico,271.1
01-Nov-21,Imports: Morocco,14.7
01-Nov-21,Imports: Mozambique,0.9
01-Nov-21,Imports: Myanmar,13
01-Nov-21,Imports: Nepal,0.2
01-Nov-21,Imports: Netherlands Antilles,0
01-Nov-21,Imports: Netherlands,323.5
01-Nov-21,Imports: New Zealand,85
01-Nov-21,Imports: Nigeria,109.7
01-Nov-21,Imports: Northern Mariana Islands,0
01-Nov-21,Imports: Norway,48.3
01-Nov-21,Imports: Oman,68.2
01-Nov-21,Imports: Other Countries of Africa,38.3
01-Nov-21,Imports: Other Countries of America,0.8
01-Nov-21,Imports: Other Countries of Asia,76.5
01-Nov-21,Imports: Other Countries of Europe,15.4
01-Nov-21,Imports: Other Countries of Oceania,0.5
01-Nov-21,Imports: Pakistan,12
01-Nov-21,Imports: Panama,0.4
01-Nov-21,Imports: Papua New Guinea,83
01-Nov-21,Imports: Peru,1.6
01-Nov-21,Imports: Philippines,929.2
01-Nov-21,Imports: Poland,67.4
01-Nov-21,Imports: Portugal,46.2
01-Nov-21,Imports: Puerto Rico,7.7
01-Nov-21,Imports: Qatar,795.1
01-Nov-21,Imports: Reunion,0.3
01-Nov-21,Imports: Romania,18.7
01-Nov-21,Imports: Russia,146.7
01-Nov-21,Imports: Saudi Arabia,684.6
01-Nov-21,Imports: Seychelles,0
01-Nov-21,Imports: Slovak Republic,9.6
01-Nov-21,Imports: Slovenia,7.8
01-Nov-21,Imports: Solomon Islands,0
01-Nov-21,Imports: South Africa,25.7
01-Nov-21,Imports: South Korea,3111.7
01-Nov-21,Imports: Spain,241.4
01-Nov-21,Imports: Sri Lanka,11.6
01-Nov-21,Imports: Sudan,0
01-Nov-21,Imports: Sweden,175.3
01-Nov-21,Imports: Switzerland,991.2
01-Nov-21,Imports: Taiwan,6462.5
01-Nov-21,Imports: Tanzania,4.3
01-Nov-21,Imports: Thailand,1283.6
01-Nov-21,Imports: Tunisia,2.7
01-Nov-21,Imports: Turkey,171.2
01-Nov-21,Imports: USA,4928.8
01-Nov-21,Imports: Ukraine,3.1
01-Nov-21,Imports: United Arab Emirates,1645
01-Nov-21,Imports: United Kingdom,1000.9
01-Nov-21,Imports: Uruguay,2.9
01-Nov-21,Imports: Vanuatu,0
01-Nov-21,Imports: Venezuela,0
01-Nov-21,Imports: Vietnam,522.1
01-Nov-21,Imports: Yemen,0.6
01-Nov-21,Imports: Zambia,26.8
01-Nov-21,Imports: Zimbabwe,2.6
01-Dec-21,Imports: Afghanistan,0.1
01-Dec-21,Imports: Angola,141.2
01-Dec-21,Imports: Argentina,11.4
01-Dec-21,Imports: Australia,639.3
01-Dec-21,Imports: Austria,83.7
01-Dec-21,Imports: Bahamas,7.3
01-Dec-21,Imports: Bahrain,0.5
01-Dec-21,Imports: Bangladesh,22.1
01-Dec-21,Imports: Belarus,2.8
01-Dec-21,Imports: Belgium,129.5
01-Dec-21,Imports: Brazil,340.5
01-Dec-21,Imports: Brunei,238.5
01-Dec-21,Imports: Bulgaria,4.3
01-Dec-21,Imports: Cambodia,31.6
01-Dec-21,Imports: Cameroon,3.7
01-Dec-21,Imports: Canada,208.1
01-Dec-21,Imports: Chile,14.4
01-Dec-21,Imports: China,7876
01-Dec-21,Imports: Colombia,6.3
01-Dec-21,Imports: Comoros,0.3
01-Dec-21,Imports: Costa Rica,16.3
01-Dec-21,Imports: Cote D'ivoire,3.7
01-Dec-21,Imports: Croatia,8.1
01-Dec-21,Imports: Cuba,1.1
01-Dec-21,Imports: Cyprus,1.8
01-Dec-21,"Imports: Czech, Republic",78.2
01-Dec-21,Imports: Denmark,52.3
01-Dec-21,Imports: Djibouti,0
01-Dec-21,Imports: Dominican Rep,8
01-Dec-21,Imports: Ecuador,6.3
01-Dec-21,Imports: Egypt,13.1
01-Dec-21,Imports: El Salvador,2.1
01-Dec-21,Imports: Estonia,8
01-Dec-21,Imports: Eswatini,0.1
01-Dec-21,Imports: Ethiopia,1
01-Dec-21,Imports: Fiji,0.1
01-Dec-21,Imports: Finland,49.9
01-Dec-21,Imports: France,1449.2
01-Dec-21,Imports: French Polynesia,2.5
01-Dec-21,Imports: Gabon,71.9
01-Dec-21,Imports: Germany,1329.6
01-Dec-21,Imports: Ghana,16.6
01-Dec-21,Imports: Greece,38.8
01-Dec-21,Imports: Guam,0
01-Dec-21,Imports: Guatemala,0.7
01-Dec-21,Imports: Hong Kong SAR (China),419.7
01-Dec-21,Imports: Hungary,36.8
01-Dec-21,Imports: India,1065.6
01-Dec-21,Imports: Indonesia,1952.4
01-Dec-21,Imports: Iran,1.5
01-Dec-21,Imports: Ireland,96.4
01-Dec-21,Imports: Israel,78.6
01-Dec-21,Imports: Italy,638.7
01-Dec-21,Imports: Jamaica,0.1
01-Dec-21,Imports: Japan,2802.5
01-Dec-21,Imports: Jordan,7.2
01-Dec-21,Imports: Kazakhstan,303.5
01-Dec-21,Imports: Kenya,0.8
01-Dec-21,Imports: Kuwait,30.8
01-Dec-21,Imports: Lao Peo Dem Rep,10.2
01-Dec-21,Imports: Latvia,4.3
01-Dec-21,Imports: Lebanon,0.5
01-Dec-21,Imports: Liberia,0.1
01-Dec-21,Imports: Lithuania,7.8
01-Dec-21,Imports: Luxembourg,3.9
01-Dec-21,Imports: Macau SAR (China),3.3
01-Dec-21,Imports: Madagascar,7.2
01-Dec-21,Imports: Malaysia,6725.7
01-Dec-21,Imports: Maldives Rep of,0.1
01-Dec-21,Imports: Malta,77
01-Dec-21,Imports: Mauritius,1.2
01-Dec-21,Imports: Mexico,435.5
01-Dec-21,Imports: Morocco,19.8
01-Dec-21,Imports: Mozambique,23.1
01-Dec-21,Imports: Myanmar,11.1
01-Dec-21,Imports: Nepal,0.2
01-Dec-21,Imports: Netherlands Antilles,0
01-Dec-21,Imports: Netherlands,301.9
01-Dec-21,Imports: New Zealand,87.5
01-Dec-21,Imports: Nigeria,114.5
01-Dec-21,Imports: Northern Mariana Islands,0
01-Dec-21,Imports: Norway,50.1
01-Dec-21,Imports: Oman,32.2
01-Dec-21,Imports: Other Countries of Africa,132.8
01-Dec-21,Imports: Other Countries of America,0.4
01-Dec-21,Imports: Other Countries of Asia,1.3
01-Dec-21,Imports: Other Countries of Europe,8.3
01-Dec-21,Imports: Other Countries of Oceania,0.5
01-Dec-21,Imports: Pakistan,8.3
01-Dec-21,Imports: Panama,2.1
01-Dec-21,Imports: Papua New Guinea,15
01-Dec-21,Imports: Peru,3.1
01-Dec-21,Imports: Philippines,1111.3
01-Dec-21,Imports: Poland,79.3
01-Dec-21,Imports: Portugal,40.7
01-Dec-21,Imports: Puerto Rico,9.8
01-Dec-21,Imports: Qatar,665.9
01-Dec-21,Imports: Reunion,0
01-Dec-21,Imports: Romania,21.5
01-Dec-21,Imports: Russia,957.2
01-Dec-21,Imports: Saudi Arabia,1061.6
01-Dec-21,Imports: Seychelles,0
01-Dec-21,Imports: Slovak Republic,19.2
01-Dec-21,Imports: Slovenia,8.4
01-Dec-21,Imports: Solomon Islands,0
01-Dec-21,Imports: South Africa,46.8
01-Dec-21,Imports: South Korea,3432.7
01-Dec-21,Imports: Spain,224.2
01-Dec-21,Imports: Sri Lanka,11.9
01-Dec-21,Imports: Sudan,0.3
01-Dec-21,Imports: Sweden,181.1
01-Dec-21,Imports: Switzerland,773.4
01-Dec-21,Imports: Taiwan,6949.9
01-Dec-21,Imports: Tanzania,1
01-Dec-21,Imports: Thailand,1451.6
01-Dec-21,Imports: Tunisia,3
01-Dec-21,Imports: Turkey,45
01-Dec-21,Imports: USA,5184.1
01-Dec-21,Imports: Ukraine,20.2
01-Dec-21,Imports: United Arab Emirates,2186.8
01-Dec-21,Imports: United Kingdom,799.7
01-Dec-21,Imports: Uruguay,2.5
01-Dec-21,Imports: Vanuatu,0
01-Dec-21,Imports: Venezuela,0
01-Dec-21,Imports: Vietnam,543.8
01-Dec-21,Imports: Yemen,0.7
01-Dec-21,Imports: Zambia,0
01-Dec-21,Imports: Zimbabwe,0
01-Jan-22,Imports: Afghanistan,0
01-Jan-22,Imports: Angola,3.5
01-Jan-22,Imports: Argentina,9.7
01-Jan-22,Imports: Australia,682.5
01-Jan-22,Imports: Austria,83.1
01-Jan-22,Imports: Bahamas,0
01-Jan-22,Imports: Bahrain,4.5
01-Jan-22,Imports: Bangladesh,21.1
01-Jan-22,Imports: Belarus,1.2
01-Jan-22,Imports: Belgium,170.9
01-Jan-22,Imports: Brazil,795
01-Jan-22,Imports: Brunei,118.4
01-Jan-22,Imports: Bulgaria,3.9
01-Jan-22,Imports: Cambodia,21.5
01-Jan-22,Imports: Cameroon,45.7
01-Jan-22,Imports: Canada,227.7
01-Jan-22,Imports: Chile,8.9
01-Jan-22,Imports: China,6387.2
01-Jan-22,Imports: Colombia,87.6
01-Jan-22,Imports: Comoros,0
01-Jan-22,Imports: Costa Rica,15.5
01-Jan-22,Imports: Cote D'ivoire,10.3
01-Jan-22,Imports: Croatia,1.7
01-Jan-22,Imports: Cuba,0.6
01-Jan-22,Imports: Cyprus,3.4
01-Jan-22,"Imports: Czech, Republic",63.3
01-Jan-22,Imports: Denmark,142
01-Jan-22,Imports: Djibouti,0.1
01-Jan-22,Imports: Dominican Rep,5.4
01-Jan-22,Imports: Ecuador,17.5
01-Jan-22,Imports: Egypt,13.6
01-Jan-22,Imports: El Salvador,1.9
01-Jan-22,Imports: Estonia,6.9
01-Jan-22,Imports: Eswatini,0.2
01-Jan-22,Imports: Ethiopia,0.6
01-Jan-22,Imports: Fiji,0.5
01-Jan-22,Imports: Finland,59.9
01-Jan-22,Imports: France,1426.7
01-Jan-22,Imports: French Polynesia,0.1
01-Jan-22,Imports: Gabon,0
01-Jan-22,Imports: Germany,1038.8
01-Jan-22,Imports: Ghana,11.5
01-Jan-22,Imports: Greece,17.8
01-Jan-22,Imports: Guam,0.1
01-Jan-22,Imports: Guatemala,1.6
01-Jan-22,Imports: Hong Kong SAR (China),514.1
01-Jan-22,Imports: Hungary,37.5
01-Jan-22,Imports: India,851.3
01-Jan-22,Imports: Indonesia,1854
01-Jan-22,Imports: Iran,0.8
01-Jan-22,Imports: Ireland,82.2
01-Jan-22,Imports: Israel,99.8
01-Jan-22,Imports: Italy,567.3
01-Jan-22,Imports: Jamaica,0
01-Jan-22,Imports: Japan,2448.7
01-Jan-22,Imports: Jordan,6
01-Jan-22,Imports: Kazakhstan,0
01-Jan-22,Imports: Kenya,1.3
01-Jan-22,Imports: Kuwait,18.2
01-Jan-22,Imports: Lao Peo Dem Rep,16.7
01-Jan-22,Imports: Latvia,3.3
01-Jan-22,Imports: Lebanon,0.1
01-Jan-22,Imports: Liberia,0
01-Jan-22,Imports: Lithuania,52.1
01-Jan-22,Imports: Luxembourg,32.1
01-Jan-22,Imports: Macau SAR (China),1.8
01-Jan-22,Imports: Madagascar,11.5
01-Jan-22,Imports: Malaysia,6180.1
01-Jan-22,Imports: Maldives Rep of,0.1
01-Jan-22,Imports: Malta,18.2
01-Jan-22,Imports: Mauritius,3.1
01-Jan-22,Imports: Mexico,201.7
01-Jan-22,Imports: Morocco,15.9
01-Jan-22,Imports: Mozambique,0.8
01-Jan-22,Imports: Myanmar,6.8
01-Jan-22,Imports: Nepal,0.9
01-Jan-22,Imports: Netherlands Antilles,0
01-Jan-22,Imports: Netherlands,261.2
01-Jan-22,Imports: New Zealand,115.7
01-Jan-22,Imports: Nigeria,19.7
01-Jan-22,Imports: Northern Mariana Islands,0
01-Jan-22,Imports: Norway,54.3
01-Jan-22,Imports: Oman,44.3
01-Jan-22,Imports: Other Countries of Africa,73.9
01-Jan-22,Imports: Other Countries of America,0.9
01-Jan-22,Imports: Other Countries of Asia,0.6
01-Jan-22,Imports: Other Countries of Europe,31.8
01-Jan-22,Imports: Other Countries of Oceania,0.6
01-Jan-22,Imports: Pakistan,6.2
01-Jan-22,Imports: Panama,0.1
01-Jan-22,Imports: Papua New Guinea,11
01-Jan-22,Imports: Peru,1.7
01-Jan-22,Imports: Philippines,1024.2
01-Jan-22,Imports: Poland,60.5
01-Jan-22,Imports: Portugal,80
01-Jan-22,Imports: Puerto Rico,7.2
01-Jan-22,Imports: Qatar,429.5
01-Jan-22,Imports: Reunion,0.6
01-Jan-22,Imports: Romania,22.8
01-Jan-22,Imports: Russia,846.5
01-Jan-22,Imports: Saudi Arabia,920.7
01-Jan-22,Imports: Seychelles,0
01-Jan-22,Imports: Slovak Republic,9.9
01-Jan-22,Imports: Slovenia,5.6
01-Jan-22,Imports: Solomon Islands,0
01-Jan-22,Imports: South Africa,70.8
01-Jan-22,Imports: South Korea,3341.6
01-Jan-22,Imports: Spain,161.2
01-Jan-22,Imports: Sri Lanka,10.9
01-Jan-22,Imports: Sudan,0
01-Jan-22,Imports: Sweden,149.1
01-Jan-22,Imports: Switzerland,1374.6
01-Jan-22,Imports: Taiwan,6978.7
01-Jan-22,Imports: Tanzania,0.8
01-Jan-22,Imports: Thailand,1239.9
01-Jan-22,Imports: Tunisia,37.6
01-Jan-22,Imports: Turkey,92.6
01-Jan-22,Imports: USA,4451.7
01-Jan-22,Imports: Ukraine,3.6
01-Jan-22,Imports: United Arab Emirates,1620
01-Jan-22,Imports: United Kingdom,948.4
01-Jan-22,Imports: Uruguay,15.6
01-Jan-22,Imports: Vanuatu,0
01-Jan-22,Imports: Venezuela,0
01-Jan-22,Imports: Vietnam,561.2
01-Jan-22,Imports: Yemen,0
01-Jan-22,Imports: Zambia,1.3
01-Jan-22,Imports: Zimbabwe,0.2
01-Feb-22,Imports: Afghanistan,0.1
01-Feb-22,Imports: Angola,122.3
01-Feb-22,Imports: Argentina,8.3
01-Feb-22,Imports: Australia,744.6
01-Feb-22,Imports: Austria,80.4
01-Feb-22,Imports: Bahamas,0
01-Feb-22,Imports: Bahrain,1.4
01-Feb-22,Imports: Bangladesh,16.7
01-Feb-22,Imports: Belarus,1.8
01-Feb-22,Imports: Belgium,247.2
01-Feb-22,Imports: Brazil,458.5
01-Feb-22,Imports: Brunei,161.9
01-Feb-22,Imports: Bulgaria,4.6
01-Feb-22,Imports: Cambodia,15.1
01-Feb-22,Imports: Cameroon,1.7
01-Feb-22,Imports: Canada,197.8
01-Feb-22,Imports: Chile,36.6
01-Feb-22,Imports: China,4799.3
01-Feb-22,Imports: Colombia,5.5
01-Feb-22,Imports: Comoros,0.1
01-Feb-22,Imports: Costa Rica,15.4
01-Feb-22,Imports: Cote D'ivoire,7.2
01-Feb-22,Imports: Croatia,2.5
01-Feb-22,Imports: Cuba,0.5
01-Feb-22,Imports: Cyprus,28.2
01-Feb-22,"Imports: Czech, Republic",60.4
01-Feb-22,Imports: Denmark,40.4
01-Feb-22,Imports: Djibouti,0
01-Feb-22,Imports: Dominican Rep,5.5
01-Feb-22,Imports: Ecuador,4
01-Feb-22,Imports: Egypt,4.8
01-Feb-22,Imports: El Salvador,2
01-Feb-22,Imports: Estonia,20.5
01-Feb-22,Imports: Eswatini,0.1
01-Feb-22,Imports: Ethiopia,0.5
01-Feb-22,Imports: Fiji,0.2
01-Feb-22,Imports: Finland,30.7
01-Feb-22,Imports: France,1074.7
01-Feb-22,Imports: French Polynesia,0
01-Feb-22,Imports: Gabon,0
01-Feb-22,Imports: Germany,1074.2
01-Feb-22,Imports: Ghana,10.9
01-Feb-22,Imports: Greece,40.6
01-Feb-22,Imports: Guam,0.1
01-Feb-22,Imports: Guatemala,1.9
01-Feb-22,Imports: Hong Kong SAR (China),210
01-Feb-22,Imports: Hungary,27.6
01-Feb-22,Imports: India,1038.8
01-Feb-22,Imports: Indonesia,1752.3
01-Feb-22,Imports: Iran,0.3
01-Feb-22,Imports: Ireland,110.9
01-Feb-22,Imports: Israel,151.3
01-Feb-22,Imports: Italy,452.4
01-Feb-22,Imports: Jamaica,0.1
01-Feb-22,Imports: Japan,2496
01-Feb-22,Imports: Jordan,2.5
01-Feb-22,Imports: Kazakhstan,0.2
01-Feb-22,Imports: Kenya,1.1
01-Feb-22,Imports: Kuwait,3.2
01-Feb-22,Imports: Lao Peo Dem Rep,4.2
01-Feb-22,Imports: Latvia,2.9
01-Feb-22,Imports: Lebanon,0.1
01-Feb-22,Imports: Liberia,0
01-Feb-22,Imports: Lithuania,8.8
01-Feb-22,Imports: Luxembourg,7.5
01-Feb-22,Imports: Macau SAR (China),3.2
01-Feb-22,Imports: Madagascar,7
01-Feb-22,Imports: Malaysia,5333.9
01-Feb-22,Imports: Maldives Rep of,0.1
01-Feb-22,Imports: Malta,81.6
01-Feb-22,Imports: Mauritius,1.9
01-Feb-22,Imports: Mexico,183.3
01-Feb-22,Imports: Morocco,19.2
01-Feb-22,Imports: Mozambique,7.7
01-Feb-22,Imports: Myanmar,5.8
01-Feb-22,Imports: Nepal,28.6
01-Feb-22,Imports: Netherlands Antilles,0
01-Feb-22,Imports: Netherlands,213.3
01-Feb-22,Imports: New Zealand,55.1
01-Feb-22,Imports: Nigeria,214.7
01-Feb-22,Imports: Northern Mariana Islands,0
01-Feb-22,Imports: Norway,46.7
01-Feb-22,Imports: Oman,26.3
01-Feb-22,Imports: Other Countries of Africa,58
01-Feb-22,Imports: Other Countries of America,1.5
01-Feb-22,Imports: Other Countries of Asia,1.2
01-Feb-22,Imports: Other Countries of Europe,8
01-Feb-22,Imports: Other Countries of Oceania,0.5
01-Feb-22,Imports: Pakistan,16.7
01-Feb-22,Imports: Panama,0
01-Feb-22,Imports: Papua New Guinea,13.7
01-Feb-22,Imports: Peru,0.8
01-Feb-22,Imports: Philippines,962.3
01-Feb-22,Imports: Poland,57.1
01-Feb-22,Imports: Portugal,26.9
01-Feb-22,Imports: Puerto Rico,14.6
01-Feb-22,Imports: Qatar,599.8
01-Feb-22,Imports: Reunion,0.1
01-Feb-22,Imports: Romania,23.6
01-Feb-22,Imports: Russia,595.7
01-Feb-22,Imports: Saudi Arabia,1040.1
01-Feb-22,Imports: Seychelles,0
01-Feb-22,Imports: Slovak Republic,6.3
01-Feb-22,Imports: Slovenia,5.4
01-Feb-22,Imports: Solomon Islands,0
01-Feb-22,Imports: South Africa,26.4
01-Feb-22,Imports: South Korea,3042.1
01-Feb-22,Imports: Spain,160
01-Feb-22,Imports: Sri Lanka,10.1
01-Feb-22,Imports: Sudan,1
01-Feb-22,Imports: Sweden,175.3
01-Feb-22,Imports: Switzerland,989
01-Feb-22,Imports: Taiwan,6469.8
01-Feb-22,Imports: Tanzania,5
01-Feb-22,Imports: Thailand,1231.6
01-Feb-22,Imports: Tunisia,9.9
01-Feb-22,Imports: Turkey,51.3
01-Feb-22,Imports: USA,4444.8
01-Feb-22,Imports: Ukraine,4.4
01-Feb-22,Imports: United Arab Emirates,1486.8
01-Feb-22,Imports: United Kingdom,769.4
01-Feb-22,Imports: Uruguay,3.1
01-Feb-22,Imports: Vanuatu,0
01-Feb-22,Imports: Venezuela,0
01-Feb-22,Imports: Vietnam,445.5
01-Feb-22,Imports: Yemen,0.5
01-Feb-22,Imports: Zambia,0.5
01-Feb-22,Imports: Zimbabwe,1.1
01-Mar-22,Imports: Afghanistan,0
01-Mar-22,Imports: Angola,0.2
01-Mar-22,Imports: Argentina,6.7
01-Mar-22,Imports: Australia,759.7
01-Mar-22,Imports: Austria,106.4
01-Mar-22,Imports: Bahamas,0
01-Mar-22,Imports: Bahrain,4.7
01-Mar-22,Imports: Bangladesh,19.8
01-Mar-22,Imports: Belarus,1.2
01-Mar-22,Imports: Belgium,319.4
01-Mar-22,Imports: Brazil,516.5
01-Mar-22,Imports: Brunei,178.3
01-Mar-22,Imports: Bulgaria,5.6
01-Mar-22,Imports: Cambodia,45.8
01-Mar-22,Imports: Cameroon,2.3
01-Mar-22,Imports: Canada,253.6
01-Mar-22,Imports: Chile,17.1
01-Mar-22,Imports: China,6635.5
01-Mar-22,Imports: Colombia,29.5
01-Mar-22,Imports: Comoros,0.5
01-Mar-22,Imports: Costa Rica,18.7
01-Mar-22,Imports: Cote D'ivoire,2.2
01-Mar-22,Imports: Croatia,1.5
01-Mar-22,Imports: Cuba,1.1
01-Mar-22,Imports: Cyprus,1.2
01-Mar-22,"Imports: Czech, Republic",80.2
01-Mar-22,Imports: Denmark,76
01-Mar-22,Imports: Djibouti,0.2
01-Mar-22,Imports: Dominican Rep,6.4
01-Mar-22,Imports: Ecuador,3
01-Mar-22,Imports: Egypt,6.6
01-Mar-22,Imports: El Salvador,2.4
01-Mar-22,Imports: Estonia,5.2
01-Mar-22,Imports: Eswatini,0.2
01-Mar-22,Imports: Ethiopia,0.9
01-Mar-22,Imports: Fiji,0.6
01-Mar-22,Imports: Finland,58.3
01-Mar-22,Imports: France,1289.7
01-Mar-22,Imports: French Polynesia,0
01-Mar-22,Imports: Gabon,40.4
01-Mar-22,Imports: Germany,1259.7
01-Mar-22,Imports: Ghana,16.5
01-Mar-22,Imports: Greece,10.1
01-Mar-22,Imports: Guam,0.1
01-Mar-22,Imports: Guatemala,1.9
01-Mar-22,Imports: Hong Kong SAR (China),383.9
01-Mar-22,Imports: Hungary,38.3
01-Mar-22,Imports: India,1023.8
01-Mar-22,Imports: Indonesia,2245.6
01-Mar-22,Imports: Iran,0.8
01-Mar-22,Imports: Ireland,127.6
01-Mar-22,Imports: Israel,147.6
01-Mar-22,Imports: Italy,549.6
01-Mar-22,Imports: Jamaica,0
01-Mar-22,Imports: Japan,3429.9
01-Mar-22,Imports: Jordan,4.6
01-Mar-22,Imports: Kazakhstan,0
01-Mar-22,Imports: Kenya,1.3
01-Mar-22,Imports: Kuwait,105.4
01-Mar-22,Imports: Lao Peo Dem Rep,22.6
01-Mar-22,Imports: Latvia,3.7
01-Mar-22,Imports: Lebanon,0.2
01-Mar-22,Imports: Liberia,0.3
01-Mar-22,Imports: Lithuania,53.7
01-Mar-22,Imports: Luxembourg,3.5
01-Mar-22,Imports: Macau SAR (China),3.1
01-Mar-22,Imports: Madagascar,8.2
01-Mar-22,Imports: Malaysia,7882.2
01-Mar-22,Imports: Maldives Rep of,0
01-Mar-22,Imports: Malta,23.2
01-Mar-22,Imports: Mauritius,3.7
01-Mar-22,Imports: Mexico,238
01-Mar-22,Imports: Morocco,20.6
01-Mar-22,Imports: Mozambique,5.2
01-Mar-22,Imports: Myanmar,7.4
01-Mar-22,Imports: Nepal,0.1
01-Mar-22,Imports: Netherlands Antilles,0
01-Mar-22,Imports: Netherlands,424
01-Mar-22,Imports: New Zealand,84.7
01-Mar-22,Imports: Nigeria,91.3
01-Mar-22,Imports: Northern Mariana Islands,0
01-Mar-22,Imports: Norway,90.6
01-Mar-22,Imports: Oman,28.1
01-Mar-22,Imports: Other Countries of Africa,56.7
01-Mar-22,Imports: Other Countries of America,0.7
01-Mar-22,Imports: Other Countries of Asia,1.3
01-Mar-22,Imports: Other Countries of Europe,8.1
01-Mar-22,Imports: Other Countries of Oceania,2.2
01-Mar-22,Imports: Pakistan,8.1
01-Mar-22,Imports: Panama,0.2
01-Mar-22,Imports: Papua New Guinea,16.3
01-Mar-22,Imports: Peru,1
01-Mar-22,Imports: Philippines,1112.1
01-Mar-22,Imports: Poland,82.2
01-Mar-22,Imports: Portugal,27.2
01-Mar-22,Imports: Puerto Rico,8.6
01-Mar-22,Imports: Qatar,304.2
01-Mar-22,Imports: Reunion,0
01-Mar-22,Imports: Romania,23.4
01-Mar-22,Imports: Russia,76.5
01-Mar-22,Imports: Saudi Arabia,1701
01-Mar-22,Imports: Seychelles,0
01-Mar-22,Imports: Slovak Republic,8.8
01-Mar-22,Imports: Slovenia,6.1
01-Mar-22,Imports: Solomon Islands,0
01-Mar-22,Imports: South Africa,91.5
01-Mar-22,Imports: South Korea,4028.5
01-Mar-22,Imports: Spain,295.1
01-Mar-22,Imports: Sri Lanka,10.3
01-Mar-22,Imports: Sudan,62.9
01-Mar-22,Imports: Sweden,257.4
01-Mar-22,Imports: Switzerland,1000.4
01-Mar-22,Imports: Taiwan,7467.4
01-Mar-22,Imports: Tanzania,1.4
01-Mar-22,Imports: Thailand,2249
01-Mar-22,Imports: Tunisia,9.9
01-Mar-22,Imports: Turkey,48.2
01-Mar-22,Imports: USA,5939.6
01-Mar-22,Imports: Ukraine,2.5
01-Mar-22,Imports: United Arab Emirates,2307.6
01-Mar-22,Imports: United Kingdom,886.7
01-Mar-22,Imports: Uruguay,130.1
01-Mar-22,Imports: Vanuatu,0.1
01-Mar-22,Imports: Venezuela,0
01-Mar-22,Imports: Vietnam,636.6
01-Mar-22,Imports: Yemen,0.2
01-Mar-22,Imports: Zambia,0.4
01-Mar-22,Imports: Zimbabwe,1.8
01-Apr-22,Imports: Afghanistan,0
01-Apr-22,Imports: Angola,1.4
01-Apr-22,Imports: Argentina,6.3
01-Apr-22,Imports: Australia,1454.9
01-Apr-22,Imports: Austria,82.2
01-Apr-22,Imports: Bahamas,0
01-Apr-22,Imports: Bahrain,76.9
01-Apr-22,Imports: Bangladesh,18.8
01-Apr-22,Imports: Belarus,2.4
01-Apr-22,Imports: Belgium,146.6
01-Apr-22,Imports: Brazil,836.5
01-Apr-22,Imports: Brunei,446.8
01-Apr-22,Imports: Bulgaria,4.5
01-Apr-22,Imports: Cambodia,22.5
01-Apr-22,Imports: Cameroon,3.2
01-Apr-22,Imports: Canada,204.5
01-Apr-22,Imports: Chile,9.5
01-Apr-22,Imports: China,6153.9
01-Apr-22,Imports: Colombia,16.1
01-Apr-22,Imports: Comoros,0
01-Apr-22,Imports: Costa Rica,23.3
01-Apr-22,Imports: Cote D'ivoire,3.4
01-Apr-22,Imports: Croatia,6.9
01-Apr-22,Imports: Cuba,1.6
01-Apr-22,Imports: Cyprus,1.9
01-Apr-22,"Imports: Czech, Republic",72.6
01-Apr-22,Imports: Denmark,55.5
01-Apr-22,Imports: Djibouti,0
01-Apr-22,Imports: Dominican Rep,7.1
01-Apr-22,Imports: Ecuador,3.3
01-Apr-22,Imports: Egypt,16.2
01-Apr-22,Imports: El Salvador,2.6
01-Apr-22,Imports: Estonia,52.3
01-Apr-22,Imports: Eswatini,0.1
01-Apr-22,Imports: Ethiopia,0.3
01-Apr-22,Imports: Fiji,0.4
01-Apr-22,Imports: Finland,98.4
01-Apr-22,Imports: France,1553.6
01-Apr-22,Imports: French Polynesia,0.1
01-Apr-22,Imports: Gabon,0
01-Apr-22,Imports: Germany,1282.3
01-Apr-22,Imports: Ghana,17.9
01-Apr-22,Imports: Greece,118
01-Apr-22,Imports: Guam,0
01-Apr-22,Imports: Guatemala,1.4
01-Apr-22,Imports: Hong Kong SAR (China),360.9
01-Apr-22,Imports: Hungary,37.6
01-Apr-22,Imports: India,1159.6
01-Apr-22,Imports: Indonesia,2401.3
01-Apr-22,Imports: Iran,0.2
01-Apr-22,Imports: Ireland,86.8
01-Apr-22,Imports: Israel,101.2
01-Apr-22,Imports: Italy,534.1
01-Apr-22,Imports: Jamaica,0.1
01-Apr-22,Imports: Japan,3273.5
01-Apr-22,Imports: Jordan,4.8
01-Apr-22,Imports: Kazakhstan,0.7
01-Apr-22,Imports: Kenya,1.2
01-Apr-22,Imports: Kuwait,21
01-Apr-22,Imports: Lao Peo Dem Rep,13.9
01-Apr-22,Imports: Latvia,4.6
01-Apr-22,Imports: Lebanon,0
01-Apr-22,Imports: Liberia,0.5
01-Apr-22,Imports: Lithuania,53.2
01-Apr-22,Imports: Luxembourg,2.3
01-Apr-22,Imports: Macau SAR (China),3.3
01-Apr-22,Imports: Madagascar,13.9
01-Apr-22,Imports: Malaysia,6958.6
01-Apr-22,Imports: Maldives Rep of,0
01-Apr-22,Imports: Malta,26.3
01-Apr-22,Imports: Mauritius,1
01-Apr-22,Imports: Mexico,245.4
01-Apr-22,Imports: Morocco,20.2
01-Apr-22,Imports: Mozambique,0.2
01-Apr-22,Imports: Myanmar,6.4
01-Apr-22,Imports: Nepal,1
01-Apr-22,Imports: Netherlands Antilles,0
01-Apr-22,Imports: Netherlands,574.5
01-Apr-22,Imports: New Zealand,92.3
01-Apr-22,Imports: Nigeria,0.8
01-Apr-22,Imports: Northern Mariana Islands,0.1
01-Apr-22,Imports: Norway,55.7
01-Apr-22,Imports: Oman,63.8
01-Apr-22,Imports: Other Countries of Africa,177.2
01-Apr-22,Imports: Other Countries of America,0.9
01-Apr-22,Imports: Other Countries of Asia,1.3
01-Apr-22,Imports: Other Countries of Europe,8.9
01-Apr-22,Imports: Other Countries of Oceania,0.4
01-Apr-22,Imports: Pakistan,9.6
01-Apr-22,Imports: Panama,0.3
01-Apr-22,Imports: Papua New Guinea,10.8
01-Apr-22,Imports: Peru,1.3
01-Apr-22,Imports: Philippines,1126.7
01-Apr-22,Imports: Poland,68.9
01-Apr-22,Imports: Portugal,32.6
01-Apr-22,Imports: Puerto Rico,16.7
01-Apr-22,Imports: Qatar,567.2
01-Apr-22,Imports: Reunion,0
01-Apr-22,Imports: Romania,25.5
01-Apr-22,Imports: Russia,208.8
01-Apr-22,Imports: Saudi Arabia,767.6
01-Apr-22,Imports: Seychelles,0
01-Apr-22,Imports: Slovak Republic,8.3
01-Apr-22,Imports: Slovenia,7.8
01-Apr-22,Imports: Solomon Islands,0
01-Apr-22,Imports: South Africa,91.6
01-Apr-22,Imports: South Korea,3557.6
01-Apr-22,Imports: Spain,274.5
01-Apr-22,Imports: Sri Lanka,11.8
01-Apr-22,Imports: Sudan,0.1
01-Apr-22,Imports: Sweden,163.3
01-Apr-22,Imports: Switzerland,844.2
01-Apr-22,Imports: Taiwan,6867
01-Apr-22,Imports: Tanzania,0.3
01-Apr-22,Imports: Thailand,1529.5
01-Apr-22,Imports: Tunisia,8.5
01-Apr-22,Imports: Turkey,96.3
01-Apr-22,Imports: USA,6441.5
01-Apr-22,Imports: Ukraine,38.2
01-Apr-22,Imports: United Arab Emirates,2076.6
01-Apr-22,Imports: United Kingdom,874
01-Apr-22,Imports: Uruguay,2.4
01-Apr-22,Imports: Vanuatu,0
01-Apr-22,Imports: Venezuela,0.1
01-Apr-22,Imports: Vietnam,821.2
01-Apr-22,Imports: Yemen,0.3
01-Apr-22,Imports: Zambia,1.1
01-Apr-22,Imports: Zimbabwe,0.3
01-May-22,Imports: Afghanistan,0.1
01-May-22,Imports: Angola,5.3
01-May-22,Imports: Argentina,16.4
01-May-22,Imports: Australia,977.5
01-May-22,Imports: Austria,116.5
01-May-22,Imports: Bahamas,0
01-May-22,Imports: Bahrain,293.9
01-May-22,Imports: Bangladesh,23.7
01-May-22,Imports: Belarus,0.6
01-May-22,Imports: Belgium,116.8
01-May-22,Imports: Brazil,954.9
01-May-22,Imports: Brunei,307.7
01-May-22,Imports: Bulgaria,4.9
01-May-22,Imports: Cambodia,16.5
01-May-22,Imports: Cameroon,2.4
01-May-22,Imports: Canada,200.8
01-May-22,Imports: Chile,15.5
01-May-22,Imports: China,7478.1
01-May-22,Imports: Colombia,50.7
01-May-22,Imports: Comoros,0
01-May-22,Imports: Costa Rica,55.1
01-May-22,Imports: Cote D'ivoire,5.1
01-May-22,Imports: Croatia,2.1
01-May-22,Imports: Cuba,0.3
01-May-22,Imports: Cyprus,2.3
01-May-22,"Imports: Czech, Republic",111.9
01-May-22,Imports: Denmark,51.2
01-May-22,Imports: Djibouti,0
01-May-22,Imports: Dominican Rep,4.9
01-May-22,Imports: Ecuador,4.1
01-May-22,Imports: Egypt,86.7
01-May-22,Imports: El Salvador,2.2
01-May-22,Imports: Estonia,7.9
01-May-22,Imports: Eswatini,0
01-May-22,Imports: Ethiopia,0.5
01-May-22,Imports: Fiji,0.5
01-May-22,Imports: Finland,87.2
01-May-22,Imports: France,1365.4
01-May-22,Imports: French Polynesia,2.9
01-May-22,Imports: Gabon,0.1
01-May-22,Imports: Germany,1095.5
01-May-22,Imports: Ghana,6.7
01-May-22,Imports: Greece,47.8
01-May-22,Imports: Guam,0
01-May-22,Imports: Guatemala,2.8
01-May-22,Imports: Hong Kong SAR (China),431.8
01-May-22,Imports: Hungary,36.7
01-May-22,Imports: India,885.6
01-May-22,Imports: Indonesia,2242.2
01-May-22,Imports: Iran,0.3
01-May-22,Imports: Ireland,114.6
01-May-22,Imports: Israel,94.2
01-May-22,Imports: Italy,555.7
01-May-22,Imports: Jamaica,0
01-May-22,Imports: Japan,3842.9
01-May-22,Imports: Jordan,8.7
01-May-22,Imports: Kazakhstan,0
01-May-22,Imports: Kenya,1
01-May-22,Imports: Kuwait,158.8
01-May-22,Imports: Lao Peo Dem Rep,17.4
01-May-22,Imports: Latvia,4.5
01-May-22,Imports: Lebanon,0.1
01-May-22,Imports: Liberia,0
01-May-22,Imports: Lithuania,12.3
01-May-22,Imports: Luxembourg,4.7
01-May-22,Imports: Macau SAR (China),2.5
01-May-22,Imports: Madagascar,10.4
01-May-22,Imports: Malaysia,6664.4
01-May-22,Imports: Maldives Rep of,0.1
01-May-22,Imports: Malta,25.5
01-May-22,Imports: Mauritius,0.9
01-May-22,Imports: Mexico,274.1
01-May-22,Imports: Morocco,20.8
01-May-22,Imports: Mozambique,1.6
01-May-22,Imports: Myanmar,7
01-May-22,Imports: Nepal,0.3
01-May-22,Imports: Netherlands Antilles,0
01-May-22,Imports: Netherlands,279.5
01-May-22,Imports: New Zealand,155.6
01-May-22,Imports: Nigeria,2.6
01-May-22,Imports: Northern Mariana Islands,0
01-May-22,Imports: Norway,44.6
01-May-22,Imports: Oman,32.2
01-May-22,Imports: Other Countries of Africa,14.2
01-May-22,Imports: Other Countries of America,0.8
01-May-22,Imports: Other Countries of Asia,0.7
01-May-22,Imports: Other Countries of Europe,8.8
01-May-22,Imports: Other Countries of Oceania,0.7
01-May-22,Imports: Pakistan,6.2
01-May-22,Imports: Panama,0.3
01-May-22,Imports: Papua New Guinea,27.4
01-May-22,Imports: Peru,7.4
01-May-22,Imports: Philippines,1165.1
01-May-22,Imports: Poland,68.7
01-May-22,Imports: Portugal,36.3
01-May-22,Imports: Puerto Rico,12.2
01-May-22,Imports: Qatar,557.7
01-May-22,Imports: Reunion,0
01-May-22,Imports: Romania,27
01-May-22,Imports: Russia,6.1
01-May-22,Imports: Saudi Arabia,1441.8
01-May-22,Imports: Seychelles,0
01-May-22,Imports: Slovak Republic,9.3
01-May-22,Imports: Slovenia,7.3
01-May-22,Imports: Solomon Islands,0
01-May-22,Imports: South Africa,181.5
01-May-22,Imports: South Korea,3678.2
01-May-22,Imports: Spain,189.5
01-May-22,Imports: Sri Lanka,10
01-May-22,Imports: Sudan,0
01-May-22,Imports: Sweden,170.4
01-May-22,Imports: Switzerland,1433.6
01-May-22,Imports: Taiwan,6676.6
01-May-22,Imports: Tanzania,2.2
01-May-22,Imports: Thailand,1440.3
01-May-22,Imports: Tunisia,8.5
01-May-22,Imports: Turkey,40.5
01-May-22,Imports: USA,6889.7
01-May-22,Imports: Ukraine,0.7
01-May-22,Imports: United Arab Emirates,2110.6
01-May-22,Imports: United Kingdom,985.2
01-May-22,Imports: Uruguay,27.5
01-May-22,Imports: Vanuatu,0
01-May-22,Imports: Venezuela,0.1
01-May-22,Imports: Vietnam,781.8
01-May-22,Imports: Yemen,0.6
01-May-22,Imports: Zambia,1
01-May-22,Imports: Zimbabwe,1
01-Jun-22,Imports: Afghanistan,0
01-Jun-22,Imports: Angola,180.7
01-Jun-22,Imports: Argentina,11.6
01-Jun-22,Imports: Australia,1020.5
01-Jun-22,Imports: Austria,114.1
01-Jun-22,Imports: Bahamas,14.7
01-Jun-22,Imports: Bahrain,197.7
01-Jun-22,Imports: Bangladesh,20.7
01-Jun-22,Imports: Belarus,1.4
01-Jun-22,Imports: Belgium,114.7
01-Jun-22,Imports: Brazil,1070.9
01-Jun-22,Imports: Brunei,247
01-Jun-22,Imports: Bulgaria,5.1
01-Jun-22,Imports: Cambodia,13.2
01-Jun-22,Imports: Cameroon,3.7
01-Jun-22,Imports: Canada,215.6
01-Jun-22,Imports: Chile,11
01-Jun-22,Imports: China,7976.2
01-Jun-22,Imports: Colombia,84.4
01-Jun-22,Imports: Comoros,0
01-Jun-22,Imports: Costa Rica,47.4
01-Jun-22,Imports: Cote D'ivoire,5.9
01-Jun-22,Imports: Croatia,29.3
01-Jun-22,Imports: Cuba,1.2
01-Jun-22,Imports: Cyprus,1.8
01-Jun-22,"Imports: Czech, Republic",85
01-Jun-22,Imports: Denmark,51
01-Jun-22,Imports: Djibouti,1.2
01-Jun-22,Imports: Dominican Rep,9.1
01-Jun-22,Imports: Ecuador,5.7
01-Jun-22,Imports: Egypt,14.2
01-Jun-22,Imports: El Salvador,2.2
01-Jun-22,Imports: Estonia,6.3
01-Jun-22,Imports: Eswatini,0.2
01-Jun-22,Imports: Ethiopia,0.8
01-Jun-22,Imports: Fiji,0.3
01-Jun-22,Imports: Finland,73.5
01-Jun-22,Imports: France,1535.9
01-Jun-22,Imports: French Polynesia,2.7
01-Jun-22,Imports: Gabon,0.1
01-Jun-22,Imports: Germany,1108.9
01-Jun-22,Imports: Ghana,6.3
01-Jun-22,Imports: Greece,108.6
01-Jun-22,Imports: Guam,0
01-Jun-22,Imports: Guatemala,1.2
01-Jun-22,Imports: Hong Kong SAR (China),333.5
01-Jun-22,Imports: Hungary,44.8
01-Jun-22,Imports: India,1251.4
01-Jun-22,Imports: Indonesia,2244
01-Jun-22,Imports: Iran,0.3
01-Jun-22,Imports: Ireland,154.8
01-Jun-22,Imports: Israel,106.9
01-Jun-22,Imports: Italy,607
01-Jun-22,Imports: Jamaica,0.1
01-Jun-22,Imports: Japan,3194.7
01-Jun-22,Imports: Jordan,8.6
01-Jun-22,Imports: Kazakhstan,10.8
01-Jun-22,Imports: Kenya,1.3
01-Jun-22,Imports: Kuwait,2.6
01-Jun-22,Imports: Lao Peo Dem Rep,19.1
01-Jun-22,Imports: Latvia,3.5
01-Jun-22,Imports: Lebanon,0.1
01-Jun-22,Imports: Liberia,0.1
01-Jun-22,Imports: Lithuania,135.6
01-Jun-22,Imports: Luxembourg,32
01-Jun-22,Imports: Macau SAR (China),4.1
01-Jun-22,Imports: Madagascar,18.1
01-Jun-22,Imports: Malaysia,7528.1
01-Jun-22,Imports: Maldives Rep of,0
01-Jun-22,Imports: Malta,21.4
01-Jun-22,Imports: Mauritius,0.7
01-Jun-22,Imports: Mexico,301.9
01-Jun-22,Imports: Morocco,16.8
01-Jun-22,Imports: Mozambique,25.3
01-Jun-22,Imports: Myanmar,6.2
01-Jun-22,Imports: Nepal,0.4
01-Jun-22,Imports: Netherlands Antilles,0
01-Jun-22,Imports: Netherlands,265.2
01-Jun-22,Imports: New Zealand,102
01-Jun-22,Imports: Nigeria,47.9
01-Jun-22,Imports: Northern Mariana Islands,0
01-Jun-22,Imports: Norway,53.4
01-Jun-22,Imports: Oman,129.6
01-Jun-22,Imports: Other Countries of Africa,168.8
01-Jun-22,Imports: Other Countries of America,1.8
01-Jun-22,Imports: Other Countries of Asia,5.8
01-Jun-22,Imports: Other Countries of Europe,8.2
01-Jun-22,Imports: Other Countries of Oceania,0.7
01-Jun-22,Imports: Pakistan,6.7
01-Jun-22,Imports: Panama,0.4
01-Jun-22,Imports: Papua New Guinea,15.4
01-Jun-22,Imports: Peru,12.1
01-Jun-22,Imports: Philippines,1219.1
01-Jun-22,Imports: Poland,64.2
01-Jun-22,Imports: Portugal,46.7
01-Jun-22,Imports: Puerto Rico,9.7
01-Jun-22,Imports: Qatar,651.8
01-Jun-22,Imports: Reunion,0.2
01-Jun-22,Imports: Romania,26.3
01-Jun-22,Imports: Russia,244.4
01-Jun-22,Imports: Saudi Arabia,947
01-Jun-22,Imports: Seychelles,0
01-Jun-22,Imports: Slovak Republic,7.3
01-Jun-22,Imports: Slovenia,6.4
01-Jun-22,Imports: Solomon Islands,0
01-Jun-22,Imports: South Africa,39.5
01-Jun-22,Imports: South Korea,4120.9
01-Jun-22,Imports: Spain,317.5
01-Jun-22,Imports: Sri Lanka,14
01-Jun-22,Imports: Sudan,64.9
01-Jun-22,Imports: Sweden,168.9
01-Jun-22,Imports: Switzerland,941.4
01-Jun-22,Imports: Taiwan,7548.8
01-Jun-22,Imports: Tanzania,0.8
01-Jun-22,Imports: Thailand,2034
01-Jun-22,Imports: Tunisia,7.6
01-Jun-22,Imports: Turkey,136.6
01-Jun-22,Imports: USA,6219.8
01-Jun-22,Imports: Ukraine,5.6
01-Jun-22,Imports: United Arab Emirates,1812.2
01-Jun-22,Imports: United Kingdom,909.9
01-Jun-22,Imports: Uruguay,2
01-Jun-22,Imports: Vanuatu,0
01-Jun-22,Imports: Venezuela,0.3
01-Jun-22,Imports: Vietnam,706.1
01-Jun-22,Imports: Yemen,0.2
01-Jun-22,Imports: Zambia,22.3
01-Jun-22,Imports: Zimbabwe,1.7
01-Jul-22,Imports: Afghanistan,0.1
01-Jul-22,Imports: Angola,12.4
01-Jul-22,Imports: Argentina,10.3
01-Jul-22,Imports: Australia,924.5
01-Jul-22,Imports: Austria,118.9
01-Jul-22,Imports: Bahamas,0
01-Jul-22,Imports: Bahrain,165.7
01-Jul-22,Imports: Bangladesh,18.8
01-Jul-22,Imports: Belarus,0.7
01-Jul-22,Imports: Belgium,224.7
01-Jul-22,Imports: Brazil,928.9
01-Jul-22,Imports: Brunei,248.8
01-Jul-22,Imports: Bulgaria,5.2
01-Jul-22,Imports: Cambodia,27.8
01-Jul-22,Imports: Cameroon,5.6
01-Jul-22,Imports: Canada,284.9
01-Jul-22,Imports: Chile,20.1
01-Jul-22,Imports: China,8510.2
01-Jul-22,Imports: Colombia,1.9
01-Jul-22,Imports: Comoros,0
01-Jul-22,Imports: Costa Rica,23.9
01-Jul-22,Imports: Cote D'ivoire,6.6
01-Jul-22,Imports: Croatia,7.9
01-Jul-22,Imports: Cuba,0.7
01-Jul-22,Imports: Cyprus,1.2
01-Jul-22,"Imports: Czech, Republic",82
01-Jul-22,Imports: Denmark,55.8
01-Jul-22,Imports: Djibouti,1.6
01-Jul-22,Imports: Dominican Rep,6.1
01-Jul-22,Imports: Ecuador,2.2
01-Jul-22,Imports: Egypt,3.4
01-Jul-22,Imports: El Salvador,2.9
01-Jul-22,Imports: Estonia,8.8
01-Jul-22,Imports: Eswatini,0.1
01-Jul-22,Imports: Ethiopia,0.5
01-Jul-22,Imports: Fiji,0.6
01-Jul-22,Imports: Finland,91.6
01-Jul-22,Imports: France,1555.5
01-Jul-22,Imports: French Polynesia,0.5
01-Jul-22,Imports: Gabon,0
01-Jul-22,Imports: Germany,1207.4
01-Jul-22,Imports: Ghana,7
01-Jul-22,Imports: Greece,207.7
01-Jul-22,Imports: Guam,12.2
01-Jul-22,Imports: Guatemala,3.5
01-Jul-22,Imports: Hong Kong SAR (China),624.4
01-Jul-22,Imports: Hungary,49
01-Jul-22,Imports: India,1022.4
01-Jul-22,Imports: Indonesia,2032
01-Jul-22,Imports: Iran,0
01-Jul-22,Imports: Ireland,107.1
01-Jul-22,Imports: Israel,99
01-Jul-22,Imports: Italy,570.6
01-Jul-22,Imports: Jamaica,0
01-Jul-22,Imports: Japan,3440.4
01-Jul-22,Imports: Jordan,5.3
01-Jul-22,Imports: Kazakhstan,0
01-Jul-22,Imports: Kenya,1.4
01-Jul-22,Imports: Kuwait,117.3
01-Jul-22,Imports: Lao Peo Dem Rep,1.7
01-Jul-22,Imports: Latvia,3.9
01-Jul-22,Imports: Lebanon,0.5
01-Jul-22,Imports: Liberia,0.3
01-Jul-22,Imports: Lithuania,3.3
01-Jul-22,Imports: Luxembourg,9.8
01-Jul-22,Imports: Macau SAR (China),1
01-Jul-22,Imports: Madagascar,12.9
01-Jul-22,Imports: Malaysia,7243.9
01-Jul-22,Imports: Maldives Rep of,0
01-Jul-22,Imports: Malta,54.6
01-Jul-22,Imports: Mauritius,7.5
01-Jul-22,Imports: Mexico,402.7
01-Jul-22,Imports: Morocco,17.5
01-Jul-22,Imports: Mozambique,0.3
01-Jul-22,Imports: Myanmar,7.4
01-Jul-22,Imports: Nepal,0.6
01-Jul-22,Imports: Netherlands Antilles,0
01-Jul-22,Imports: Netherlands,359.7
01-Jul-22,Imports: New Zealand,97.9
01-Jul-22,Imports: Nigeria,0.5
01-Jul-22,Imports: Northern Mariana Islands,0
01-Jul-22,Imports: Norway,49.8
01-Jul-22,Imports: Oman,71.4
01-Jul-22,Imports: Other Countries of Africa,79.5
01-Jul-22,Imports: Other Countries of America,3.4
01-Jul-22,Imports: Other Countries of Asia,24.5
01-Jul-22,Imports: Other Countries of Europe,8.5
01-Jul-22,Imports: Other Countries of Oceania,3.8
01-Jul-22,Imports: Pakistan,5
01-Jul-22,Imports: Panama,0.1
01-Jul-22,Imports: Papua New Guinea,21.1
01-Jul-22,Imports: Peru,3
01-Jul-22,Imports: Philippines,1358.6
01-Jul-22,Imports: Poland,57.6
01-Jul-22,Imports: Portugal,46.3
01-Jul-22,Imports: Puerto Rico,16.6
01-Jul-22,Imports: Qatar,692.2
01-Jul-22,Imports: Reunion,0
01-Jul-22,Imports: Romania,26.4
01-Jul-22,Imports: Russia,261.6
01-Jul-22,Imports: Saudi Arabia,1003.7
01-Jul-22,Imports: Seychelles,0
01-Jul-22,Imports: Slovak Republic,10.8
01-Jul-22,Imports: Slovenia,7.6
01-Jul-22,Imports: Solomon Islands,0
01-Jul-22,Imports: South Africa,24.1
01-Jul-22,Imports: South Korea,4382.6
01-Jul-22,Imports: Spain,178.6
01-Jul-22,Imports: Sri Lanka,13.2
01-Jul-22,Imports: Sudan,65.9
01-Jul-22,Imports: Sweden,181.3
01-Jul-22,Imports: Switzerland,1937.5
01-Jul-22,Imports: Taiwan,7307
01-Jul-22,Imports: Tanzania,2.2
01-Jul-22,Imports: Thailand,1636.8
01-Jul-22,Imports: Tunisia,9.3
01-Jul-22,Imports: Turkey,73.5
01-Jul-22,Imports: USA,6158.1
01-Jul-22,Imports: Ukraine,6.1
01-Jul-22,Imports: United Arab Emirates,2225.3
01-Jul-22,Imports: United Kingdom,802.8
01-Jul-22,Imports: Uruguay,5.4
01-Jul-22,Imports: Vanuatu,0
01-Jul-22,Imports: Venezuela,0.4
01-Jul-22,Imports: Vietnam,759.7
01-Jul-22,Imports: Yemen,0.5
01-Jul-22,Imports: Zambia,0.5
01-Jul-22,Imports: Zimbabwe,1.6
01-Aug-22,Imports: Afghanistan,0.1
01-Aug-22,Imports: Angola,90
01-Aug-22,Imports: Argentina,11.8
01-Aug-22,Imports: Australia,697
01-Aug-22,Imports: Austria,105.2
01-Aug-22,Imports: Bahamas,0
01-Aug-22,Imports: Bahrain,7.1
01-Aug-22,Imports: Bangladesh,37
01-Aug-22,Imports: Belarus,3
01-Aug-22,Imports: Belgium,132.9
01-Aug-22,Imports: Brazil,968.7
01-Aug-22,Imports: Brunei,312
01-Aug-22,Imports: Bulgaria,4.7
01-Aug-22,Imports: Cambodia,21.8
01-Aug-22,Imports: Cameroon,6.5
01-Aug-22,Imports: Canada,599.5
01-Aug-22,Imports: Chile,75.5
01-Aug-22,Imports: China,8196.6
01-Aug-22,Imports: Colombia,9.8
01-Aug-22,Imports: Comoros,0
01-Aug-22,Imports: Costa Rica,26.4
01-Aug-22,Imports: Cote D'ivoire,7.1
01-Aug-22,Imports: Croatia,1.8
01-Aug-22,Imports: Cuba,0.5
01-Aug-22,Imports: Cyprus,2.5
01-Aug-22,"Imports: Czech, Republic",76
01-Aug-22,Imports: Denmark,126.2
01-Aug-22,Imports: Djibouti,0.1
01-Aug-22,Imports: Dominican Rep,10.1
01-Aug-22,Imports: Ecuador,1.9
01-Aug-22,Imports: Egypt,3.2
01-Aug-22,Imports: El Salvador,2.2
01-Aug-22,Imports: Estonia,7.6
01-Aug-22,Imports: Eswatini,0.1
01-Aug-22,Imports: Ethiopia,0.2
01-Aug-22,Imports: Fiji,0.2
01-Aug-22,Imports: Finland,38.1
01-Aug-22,Imports: France,1624.6
01-Aug-22,Imports: French Polynesia,0
01-Aug-22,Imports: Gabon,0
01-Aug-22,Imports: Germany,1135.2
01-Aug-22,Imports: Ghana,6.3
01-Aug-22,Imports: Greece,170.2
01-Aug-22,Imports: Guam,0.1
01-Aug-22,Imports: Guatemala,2.2
01-Aug-22,Imports: Hong Kong SAR (China),319.5
01-Aug-22,Imports: Hungary,39.9
01-Aug-22,Imports: India,908.1
01-Aug-22,Imports: Indonesia,2301.2
01-Aug-22,Imports: Iran,0.3
01-Aug-22,Imports: Ireland,193.2
01-Aug-22,Imports: Israel,126.2
01-Aug-22,Imports: Italy,592
01-Aug-22,Imports: Jamaica,0.1
01-Aug-22,Imports: Japan,3100.7
01-Aug-22,Imports: Jordan,3.8
01-Aug-22,Imports: Kazakhstan,24.3
01-Aug-22,Imports: Kenya,0.7
01-Aug-22,Imports: Kuwait,56.4
01-Aug-22,Imports: Lao Peo Dem Rep,36.2
01-Aug-22,Imports: Latvia,3.5
01-Aug-22,Imports: Lebanon,0.3
01-Aug-22,Imports: Liberia,0.1
01-Aug-22,Imports: Lithuania,6.3
01-Aug-22,Imports: Luxembourg,31.3
01-Aug-22,Imports: Macau SAR (China),3.2
01-Aug-22,Imports: Madagascar,12.4
01-Aug-22,Imports: Malaysia,7225.6
01-Aug-22,Imports: Maldives Rep of,0
01-Aug-22,Imports: Malta,40.7
01-Aug-22,Imports: Mauritius,0.9
01-Aug-22,Imports: Mexico,248
01-Aug-22,Imports: Morocco,17.6
01-Aug-22,Imports: Mozambique,7.2
01-Aug-22,Imports: Myanmar,8.3
01-Aug-22,Imports: Nepal,0.6
01-Aug-22,Imports: Netherlands Antilles,0
01-Aug-22,Imports: Netherlands,339
01-Aug-22,Imports: New Zealand,133.1
01-Aug-22,Imports: Nigeria,1.2
01-Aug-22,Imports: Northern Mariana Islands,0
01-Aug-22,Imports: Norway,36.2
01-Aug-22,Imports: Oman,73.2
01-Aug-22,Imports: Other Countries of Africa,49.9
01-Aug-22,Imports: Other Countries of America,1.2
01-Aug-22,Imports: Other Countries of Asia,64.6
01-Aug-22,Imports: Other Countries of Europe,9.3
01-Aug-22,Imports: Other Countries of Oceania,0.7
01-Aug-22,Imports: Pakistan,9.7
01-Aug-22,Imports: Panama,0.4
01-Aug-22,Imports: Papua New Guinea,104.7
01-Aug-22,Imports: Peru,1.9
01-Aug-22,Imports: Philippines,1121.5
01-Aug-22,Imports: Poland,64.3
01-Aug-22,Imports: Portugal,45.5
01-Aug-22,Imports: Puerto Rico,14.9
01-Aug-22,Imports: Qatar,827.7
01-Aug-22,Imports: Reunion,0.9
01-Aug-22,Imports: Romania,24
01-Aug-22,Imports: Russia,74.5
01-Aug-22,Imports: Saudi Arabia,1082
01-Aug-22,Imports: Seychelles,0.7
01-Aug-22,Imports: Slovak Republic,10.5
01-Aug-22,Imports: Slovenia,8
01-Aug-22,Imports: Solomon Islands,0
01-Aug-22,Imports: South Africa,91.1
01-Aug-22,Imports: South Korea,3841.8
01-Aug-22,Imports: Spain,200.2
01-Aug-22,Imports: Sri Lanka,12.8
01-Aug-22,Imports: Sudan,29.6
01-Aug-22,Imports: Sweden,107.6
01-Aug-22,Imports: Switzerland,1420.4
01-Aug-22,Imports: Taiwan,7174.7
01-Aug-22,Imports: Tanzania,1.5
01-Aug-22,Imports: Thailand,1511.9
01-Aug-22,Imports: Tunisia,8.3
01-Aug-22,Imports: Turkey,33.4
01-Aug-22,Imports: USA,6575.1
01-Aug-22,Imports: Ukraine,5.3
01-Aug-22,Imports: United Arab Emirates,1629.8
01-Aug-22,Imports: United Kingdom,753.4
01-Aug-22,Imports: Uruguay,0.8
01-Aug-22,Imports: Vanuatu,0
01-Aug-22,Imports: Venezuela,0.8
01-Aug-22,Imports: Vietnam,688.3
01-Aug-22,Imports: Yemen,0.2
01-Aug-22,Imports: Zambia,0.5
01-Aug-22,Imports: Zimbabwe,1.4
01-Sep-22,Imports: Afghanistan,0
01-Sep-22,Imports: Angola,0
01-Sep-22,Imports: Argentina,13.2
01-Sep-22,Imports: Australia,1447.9
01-Sep-22,Imports: Austria,130.4
01-Sep-22,Imports: Bahamas,0
01-Sep-22,Imports: Bahrain,2.7
01-Sep-22,Imports: Bangladesh,18.3
01-Sep-22,Imports: Belarus,3.6
01-Sep-22,Imports: Belgium,216
01-Sep-22,Imports: Brazil,833.3
01-Sep-22,Imports: Brunei,208.5
01-Sep-22,Imports: Bulgaria,4.7
01-Sep-22,Imports: Cambodia,12.6
01-Sep-22,Imports: Cameroon,3.9
01-Sep-22,Imports: Canada,241
01-Sep-22,Imports: Chile,29.6
01-Sep-22,Imports: China,7390.9
01-Sep-22,Imports: Colombia,10.5
01-Sep-22,Imports: Comoros,0
01-Sep-22,Imports: Costa Rica,22.9
01-Sep-22,Imports: Cote D'ivoire,5.3
01-Sep-22,Imports: Croatia,2.5
01-Sep-22,Imports: Cuba,1.2
01-Sep-22,Imports: Cyprus,1.7
01-Sep-22,"Imports: Czech, Republic",74
01-Sep-22,Imports: Denmark,61.8
01-Sep-22,Imports: Djibouti,1.8
01-Sep-22,Imports: Dominican Rep,6.1
01-Sep-22,Imports: Ecuador,2.5
01-Sep-22,Imports: Egypt,22.7
01-Sep-22,Imports: El Salvador,2.4
01-Sep-22,Imports: Estonia,7.8
01-Sep-22,Imports: Eswatini,0.2
01-Sep-22,Imports: Ethiopia,0.3
01-Sep-22,Imports: Fiji,0.5
01-Sep-22,Imports: Finland,48.4
01-Sep-22,Imports: France,1660.6
01-Sep-22,Imports: French Polynesia,0
01-Sep-22,Imports: Gabon,0
01-Sep-22,Imports: Germany,1170.5
01-Sep-22,Imports: Ghana,5.1
01-Sep-22,Imports: Greece,107.9
01-Sep-22,Imports: Guam,0.2
01-Sep-22,Imports: Guatemala,0.9
01-Sep-22,Imports: Hong Kong SAR (China),354.3
01-Sep-22,Imports: Hungary,38.4
01-Sep-22,Imports: India,1023.7
01-Sep-22,Imports: Indonesia,1924.9
01-Sep-22,Imports: Iran,0.3
01-Sep-22,Imports: Ireland,118.9
01-Sep-22,Imports: Israel,143.1
01-Sep-22,Imports: Italy,547.6
01-Sep-22,Imports: Jamaica,0.5
01-Sep-22,Imports: Japan,3109.5
01-Sep-22,Imports: Jordan,8.9
01-Sep-22,Imports: Kazakhstan,111.6
01-Sep-22,Imports: Kenya,2.7
01-Sep-22,Imports: Kuwait,16.8
01-Sep-22,Imports: Lao Peo Dem Rep,20.2
01-Sep-22,Imports: Latvia,2.7
01-Sep-22,Imports: Lebanon,0.3
01-Sep-22,Imports: Liberia,0
01-Sep-22,Imports: Lithuania,8.4
01-Sep-22,Imports: Luxembourg,55.5
01-Sep-22,Imports: Macau SAR (China),0.4
01-Sep-22,Imports: Madagascar,7.2
01-Sep-22,Imports: Malaysia,7672
01-Sep-22,Imports: Maldives Rep of,0
01-Sep-22,Imports: Malta,23.8
01-Sep-22,Imports: Mauritius,1
01-Sep-22,Imports: Mexico,263.9
01-Sep-22,Imports: Morocco,26
01-Sep-22,Imports: Mozambique,2.1
01-Sep-22,Imports: Myanmar,6.9
01-Sep-22,Imports: Nepal,0.6
01-Sep-22,Imports: Netherlands Antilles,0
01-Sep-22,Imports: Netherlands,314.8
01-Sep-22,Imports: New Zealand,79.9
01-Sep-22,Imports: Nigeria,4.1
01-Sep-22,Imports: Northern Mariana Islands,0.1
01-Sep-22,Imports: Norway,41.5
01-Sep-22,Imports: Oman,42.1
01-Sep-22,Imports: Other Countries of Africa,66.5
01-Sep-22,Imports: Other Countries of America,1.4
01-Sep-22,Imports: Other Countries of Asia,1.2
01-Sep-22,Imports: Other Countries of Europe,9.7
01-Sep-22,Imports: Other Countries of Oceania,1.3
01-Sep-22,Imports: Pakistan,5.3
01-Sep-22,Imports: Panama,0.3
01-Sep-22,Imports: Papua New Guinea,14.3
01-Sep-22,Imports: Peru,14.7
01-Sep-22,Imports: Philippines,599.1
01-Sep-22,Imports: Poland,82.6
01-Sep-22,Imports: Portugal,47.5
01-Sep-22,Imports: Puerto Rico,9.8
01-Sep-22,Imports: Qatar,766.9
01-Sep-22,Imports: Reunion,0.3
01-Sep-22,Imports: Romania,51
01-Sep-22,Imports: Russia,72
01-Sep-22,Imports: Saudi Arabia,954.9
01-Sep-22,Imports: Seychelles,0
01-Sep-22,Imports: Slovak Republic,7.4
01-Sep-22,Imports: Slovenia,7.8
01-Sep-22,Imports: Solomon Islands,0
01-Sep-22,Imports: South Africa,139.3
01-Sep-22,Imports: South Korea,3113.8
01-Sep-22,Imports: Spain,210
01-Sep-22,Imports: Sri Lanka,13.4
01-Sep-22,Imports: Sudan,2.7
01-Sep-22,Imports: Sweden,143.1
01-Sep-22,Imports: Switzerland,1758.9
01-Sep-22,Imports: Taiwan,5683.9
01-Sep-22,Imports: Tanzania,0.1
01-Sep-22,Imports: Thailand,1343.8
01-Sep-22,Imports: Tunisia,13.1
01-Sep-22,Imports: Turkey,97
01-Sep-22,Imports: USA,6537.2
01-Sep-22,Imports: Ukraine,4.7
01-Sep-22,Imports: United Arab Emirates,2315.1
01-Sep-22,Imports: United Kingdom,1131.4
01-Sep-22,Imports: Uruguay,3.3
01-Sep-22,Imports: Vanuatu,0
01-Sep-22,Imports: Venezuela,0.2
01-Sep-22,Imports: Vietnam,594.9
01-Sep-22,Imports: Yemen,0
01-Sep-22,Imports: Zambia,0.7
01-Sep-22,Imports: Zimbabwe,0.9
01-Oct-22,Imports: Afghanistan,0
01-Oct-22,Imports: Angola,56.7
01-Oct-22,Imports: Argentina,14.9
01-Oct-22,Imports: Australia,1246.3
01-Oct-22,Imports: Austria,101.2
01-Oct-22,Imports: Bahamas,0
01-Oct-22,Imports: Bahrain,66.7
01-Oct-22,Imports: Bangladesh,18.5
01-Oct-22,Imports: Belarus,0
01-Oct-22,Imports: Belgium,88.8
01-Oct-22,Imports: Brazil,917.5
01-Oct-22,Imports: Brunei,215
01-Oct-22,Imports: Bulgaria,4.5
01-Oct-22,Imports: Cambodia,9.1
01-Oct-22,Imports: Cameroon,1.7
01-Oct-22,Imports: Canada,213.6
01-Oct-22,Imports: Chile,11.6
01-Oct-22,Imports: China,7377.5
01-Oct-22,Imports: Colombia,2.2
01-Oct-22,Imports: Comoros,1
01-Oct-22,Imports: Costa Rica,20.4
01-Oct-22,Imports: Cote D'ivoire,7
01-Oct-22,Imports: Croatia,3.7
01-Oct-22,Imports: Cuba,1
01-Oct-22,Imports: Cyprus,2
01-Oct-22,"Imports: Czech, Republic",78.1
01-Oct-22,Imports: Denmark,63.7
01-Oct-22,Imports: Djibouti,1.4
01-Oct-22,Imports: Dominican Rep,6.9
01-Oct-22,Imports: Ecuador,4.9
01-Oct-22,Imports: Egypt,30.2
01-Oct-22,Imports: El Salvador,2.2
01-Oct-22,Imports: Estonia,5.5
01-Oct-22,Imports: Eswatini,0.1
01-Oct-22,Imports: Ethiopia,0.5
01-Oct-22,Imports: Fiji,0.2
01-Oct-22,Imports: Finland,49.7
01-Oct-22,Imports: France,1493.2
01-Oct-22,Imports: French Polynesia,0.1
01-Oct-22,Imports: Gabon,0
01-Oct-22,Imports: Germany,1122.3
01-Oct-22,Imports: Ghana,4.5
01-Oct-22,Imports: Greece,15.8
01-Oct-22,Imports: Guam,0.1
01-Oct-22,Imports: Guatemala,0.3
01-Oct-22,Imports: Hong Kong SAR (China),207.2
01-Oct-22,Imports: Hungary,42.8
01-Oct-22,Imports: India,826.9
01-Oct-22,Imports: Indonesia,1987.2
01-Oct-22,Imports: Iran,0.7
01-Oct-22,Imports: Ireland,157.6
01-Oct-22,Imports: Israel,93.5
01-Oct-22,Imports: Italy,595
01-Oct-22,Imports: Jamaica,0.1
01-Oct-22,Imports: Japan,3038.9
01-Oct-22,Imports: Jordan,3
01-Oct-22,Imports: Kazakhstan,140.4
01-Oct-22,Imports: Kenya,1.4
01-Oct-22,Imports: Kuwait,52.8
01-Oct-22,Imports: Lao Peo Dem Rep,16.9
01-Oct-22,Imports: Latvia,2.3
01-Oct-22,Imports: Lebanon,0.4
01-Oct-22,Imports: Liberia,0
01-Oct-22,Imports: Lithuania,5.9
01-Oct-22,Imports: Luxembourg,15.7
01-Oct-22,Imports: Macau SAR (China),2.3
01-Oct-22,Imports: Madagascar,2.8
01-Oct-22,Imports: Malaysia,6417.4
01-Oct-22,Imports: Maldives Rep of,0
01-Oct-22,Imports: Malta,51.7
01-Oct-22,Imports: Mauritius,0.9
01-Oct-22,Imports: Mexico,272.7
01-Oct-22,Imports: Morocco,16.3
01-Oct-22,Imports: Mozambique,8.2
01-Oct-22,Imports: Myanmar,5.9
01-Oct-22,Imports: Nepal,0.7
01-Oct-22,Imports: Netherlands Antilles,0
01-Oct-22,Imports: Netherlands,263.2
01-Oct-22,Imports: New Zealand,72.7
01-Oct-22,Imports: Nigeria,2.8
01-Oct-22,Imports: Northern Mariana Islands,0
01-Oct-22,Imports: Norway,40.1
01-Oct-22,Imports: Oman,108.5
01-Oct-22,Imports: Other Countries of Africa,20.8
01-Oct-22,Imports: Other Countries of America,14
01-Oct-22,Imports: Other Countries of Asia,0.5
01-Oct-22,Imports: Other Countries of Europe,8.5
01-Oct-22,Imports: Other Countries of Oceania,0.2
01-Oct-22,Imports: Pakistan,6.3
01-Oct-22,Imports: Panama,0.2
01-Oct-22,Imports: Papua New Guinea,10.2
01-Oct-22,Imports: Peru,11.7
01-Oct-22,Imports: Philippines,646.8
01-Oct-22,Imports: Poland,72.9
01-Oct-22,Imports: Portugal,40
01-Oct-22,Imports: Puerto Rico,5.5
01-Oct-22,Imports: Qatar,528.9
01-Oct-22,Imports: Reunion,0.2
01-Oct-22,Imports: Romania,26.8
01-Oct-22,Imports: Russia,64.2
01-Oct-22,Imports: Saudi Arabia,1010.6
01-Oct-22,Imports: Seychelles,0
01-Oct-22,Imports: Slovak Republic,9.5
01-Oct-22,Imports: Slovenia,8.8
01-Oct-22,Imports: Solomon Islands,0
01-Oct-22,Imports: South Africa,230.1
01-Oct-22,Imports: South Korea,3044.6
01-Oct-22,Imports: Spain,184.1
01-Oct-22,Imports: Sri Lanka,14.7
01-Oct-22,Imports: Sudan,64.1
01-Oct-22,Imports: Sweden,180.2
01-Oct-22,Imports: Switzerland,1811.9
01-Oct-22,Imports: Taiwan,6484.6
01-Oct-22,Imports: Tanzania,0.7
01-Oct-22,Imports: Thailand,1431.2
01-Oct-22,Imports: Tunisia,6.2
01-Oct-22,Imports: Turkey,64.5
01-Oct-22,Imports: USA,6163.5
01-Oct-22,Imports: Ukraine,5.8
01-Oct-22,Imports: United Arab Emirates,1642.1
01-Oct-22,Imports: United Kingdom,860
01-Oct-22,Imports: Uruguay,1.1
01-Oct-22,Imports: Vanuatu,0
01-Oct-22,Imports: Venezuela,0.9
01-Oct-22,Imports: Vietnam,522.4
01-Oct-22,Imports: Yemen,0.3
01-Oct-22,Imports: Zambia,0.8
01-Oct-22,Imports: Zimbabwe,0.9
01-Nov-22,Imports: Afghanistan,0
01-Nov-22,Imports: Angola,0.9
01-Nov-22,Imports: Argentina,6.8
01-Nov-22,Imports: Australia,577.8
01-Nov-22,Imports: Austria,105.1
01-Nov-22,Imports: Bahamas,0
01-Nov-22,Imports: Bahrain,11.5
01-Nov-22,Imports: Bangladesh,25.7
01-Nov-22,Imports: Belarus,1.9
01-Nov-22,Imports: Belgium,121.8
01-Nov-22,Imports: Brazil,1132.9
01-Nov-22,Imports: Brunei,121.1
01-Nov-22,Imports: Bulgaria,5.6
01-Nov-22,Imports: Cambodia,16.4
01-Nov-22,Imports: Cameroon,2.6
01-Nov-22,Imports: Canada,224.9
01-Nov-22,Imports: Chile,13.8
01-Nov-22,Imports: China,8285.8
01-Nov-22,Imports: Colombia,4.4
01-Nov-22,Imports: Comoros,3.4
01-Nov-22,Imports: Costa Rica,32.9
01-Nov-22,Imports: Cote D'ivoire,4.3
01-Nov-22,Imports: Croatia,3.7
01-Nov-22,Imports: Cuba,1.1
01-Nov-22,Imports: Cyprus,2.4
01-Nov-22,"Imports: Czech, Republic",77.7
01-Nov-22,Imports: Denmark,67.4
01-Nov-22,Imports: Djibouti,1.6
01-Nov-22,Imports: Dominican Rep,5.3
01-Nov-22,Imports: Ecuador,2.7
01-Nov-22,Imports: Egypt,31.7
01-Nov-22,Imports: El Salvador,2.3
01-Nov-22,Imports: Estonia,7
01-Nov-22,Imports: Eswatini,0.2
01-Nov-22,Imports: Ethiopia,0.4
01-Nov-22,Imports: Fiji,0.2
01-Nov-22,Imports: Finland,49.1
01-Nov-22,Imports: France,1563.1
01-Nov-22,Imports: French Polynesia,0
01-Nov-22,Imports: Gabon,0
01-Nov-22,Imports: Germany,1107.6
01-Nov-22,Imports: Ghana,4.4
01-Nov-22,Imports: Greece,37.9
01-Nov-22,Imports: Guam,0.1
01-Nov-22,Imports: Guatemala,1
01-Nov-22,Imports: Hong Kong SAR (China),169.2
01-Nov-22,Imports: Hungary,46.8
01-Nov-22,Imports: India,837.7
01-Nov-22,Imports: Indonesia,1971.9
01-Nov-22,Imports: Iran,0.3
01-Nov-22,Imports: Ireland,118.5
01-Nov-22,Imports: Israel,86
01-Nov-22,Imports: Italy,725
01-Nov-22,Imports: Jamaica,0.1
01-Nov-22,Imports: Japan,2837.7
01-Nov-22,Imports: Jordan,7.3
01-Nov-22,Imports: Kazakhstan,31.6
01-Nov-22,Imports: Kenya,1.1
01-Nov-22,Imports: Kuwait,54.6
01-Nov-22,Imports: Lao Peo Dem Rep,5
01-Nov-22,Imports: Latvia,6.4
01-Nov-22,Imports: Lebanon,0.6
01-Nov-22,Imports: Liberia,0.1
01-Nov-22,Imports: Lithuania,8.7
01-Nov-22,Imports: Luxembourg,5.7
01-Nov-22,Imports: Macau SAR (China),17.1
01-Nov-22,Imports: Madagascar,1.4
01-Nov-22,Imports: Malaysia,6773.4
01-Nov-22,Imports: Maldives Rep of,0.1
01-Nov-22,Imports: Malta,23.1
01-Nov-22,Imports: Mauritius,1.5
01-Nov-22,Imports: Mexico,242.9
01-Nov-22,Imports: Morocco,23.3
01-Nov-22,Imports: Mozambique,0.3
01-Nov-22,Imports: Myanmar,6
01-Nov-22,Imports: Nepal,0.6
01-Nov-22,Imports: Netherlands Antilles,0
01-Nov-22,Imports: Netherlands,301.4
01-Nov-22,Imports: New Zealand,72.7
01-Nov-22,Imports: Nigeria,2.4
01-Nov-22,Imports: Northern Mariana Islands,0
01-Nov-22,Imports: Norway,43.1
01-Nov-22,Imports: Oman,60
01-Nov-22,Imports: Other Countries of Africa,47.7
01-Nov-22,Imports: Other Countries of America,1.8
01-Nov-22,Imports: Other Countries of Asia,95.7
01-Nov-22,Imports: Other Countries of Europe,10.2
01-Nov-22,Imports: Other Countries of Oceania,0.5
01-Nov-22,Imports: Pakistan,10.2
01-Nov-22,Imports: Panama,0.1
01-Nov-22,Imports: Papua New Guinea,12.7
01-Nov-22,Imports: Peru,2.2
01-Nov-22,Imports: Philippines,581.1
01-Nov-22,Imports: Poland,59.5
01-Nov-22,Imports: Portugal,33.1
01-Nov-22,Imports: Puerto Rico,16.5
01-Nov-22,Imports: Qatar,476.1
01-Nov-22,Imports: Reunion,0.2
01-Nov-22,Imports: Romania,26.2
01-Nov-22,Imports: Russia,221.8
01-Nov-22,Imports: Saudi Arabia,866.6
01-Nov-22,Imports: Seychelles,0.1
01-Nov-22,Imports: Slovak Republic,7.5
01-Nov-22,Imports: Slovenia,8.5
01-Nov-22,Imports: Solomon Islands,0
01-Nov-22,Imports: South Africa,121.4
01-Nov-22,Imports: South Korea,2863
01-Nov-22,Imports: Spain,245.9
01-Nov-22,Imports: Sri Lanka,12.2
01-Nov-22,Imports: Sudan,0
01-Nov-22,Imports: Sweden,196.5
01-Nov-22,Imports: Switzerland,949.4
01-Nov-22,Imports: Taiwan,5319.4
01-Nov-22,Imports: Tanzania,0.9
01-Nov-22,Imports: Thailand,1242
01-Nov-22,Imports: Tunisia,6.4
01-Nov-22,Imports: Turkey,54.9
01-Nov-22,Imports: USA,5832
01-Nov-22,Imports: Ukraine,4.5
01-Nov-22,Imports: United Arab Emirates,1205.7
01-Nov-22,Imports: United Kingdom,1050.4
01-Nov-22,Imports: Uruguay,0.8
01-Nov-22,Imports: Vanuatu,0
01-Nov-22,Imports: Venezuela,0.7
01-Nov-22,Imports: Vietnam,489
01-Nov-22,Imports: Yemen,0.1
01-Nov-22,Imports: Zambia,26.1
01-Nov-22,Imports: Zimbabwe,0.8
01-Dec-22,Imports: Afghanistan,0.1
01-Dec-22,Imports: Angola,128.5
01-Dec-22,Imports: Argentina,11.3
01-Dec-22,Imports: Australia,1253.4
01-Dec-22,Imports: Austria,104.7
01-Dec-22,Imports: Bahamas,0
01-Dec-22,Imports: Bahrain,44.9
01-Dec-22,Imports: Bangladesh,27.3
01-Dec-22,Imports: Belarus,0.5
01-Dec-22,Imports: Belgium,103.7
01-Dec-22,Imports: Brazil,1004.2
01-Dec-22,Imports: Brunei,143.1
01-Dec-22,Imports: Bulgaria,6.9
01-Dec-22,Imports: Cambodia,25.9
01-Dec-22,Imports: Cameroon,2.4
01-Dec-22,Imports: Canada,211.2
01-Dec-22,Imports: Chile,16.6
01-Dec-22,Imports: China,7642.6
01-Dec-22,Imports: Colombia,7.9
01-Dec-22,Imports: Comoros,1.6
01-Dec-22,Imports: Costa Rica,24.6
01-Dec-22,Imports: Cote D'ivoire,4
01-Dec-22,Imports: Croatia,7.4
01-Dec-22,Imports: Cuba,1.1
01-Dec-22,Imports: Cyprus,21.7
01-Dec-22,"Imports: Czech, Republic",69.5
01-Dec-22,Imports: Denmark,67.7
01-Dec-22,Imports: Djibouti,2
01-Dec-22,Imports: Dominican Rep,6.4
01-Dec-22,Imports: Ecuador,4.5
01-Dec-22,Imports: Egypt,6.4
01-Dec-22,Imports: El Salvador,1.9
01-Dec-22,Imports: Estonia,5.4
01-Dec-22,Imports: Eswatini,0
01-Dec-22,Imports: Ethiopia,0.1
01-Dec-22,Imports: Fiji,0.2
01-Dec-22,Imports: Finland,42.4
01-Dec-22,Imports: France,1537.3
01-Dec-22,Imports: French Polynesia,0.2
01-Dec-22,Imports: Gabon,0
01-Dec-22,Imports: Germany,1129.5
01-Dec-22,Imports: Ghana,5.9
01-Dec-22,Imports: Greece,99.1
01-Dec-22,Imports: Guam,0
01-Dec-22,Imports: Guatemala,0.6
01-Dec-22,Imports: Hong Kong SAR (China),240
01-Dec-22,Imports: Hungary,44.4
01-Dec-22,Imports: India,834.7
01-Dec-22,Imports: Indonesia,2074.8
01-Dec-22,Imports: Iran,0.3
01-Dec-22,Imports: Ireland,106.7
01-Dec-22,Imports: Israel,98.7
01-Dec-22,Imports: Italy,702.5
01-Dec-22,Imports: Jamaica,0.1
01-Dec-22,Imports: Japan,2618.3
01-Dec-22,Imports: Jordan,8.3
01-Dec-22,Imports: Kazakhstan,7.3
01-Dec-22,Imports: Kenya,2.5
01-Dec-22,Imports: Kuwait,0.6
01-Dec-22,Imports: Lao Peo Dem Rep,7.3
01-Dec-22,Imports: Latvia,4.3
01-Dec-22,Imports: Lebanon,0.3
01-Dec-22,Imports: Liberia,0
01-Dec-22,Imports: Lithuania,13.6
01-Dec-22,Imports: Luxembourg,8.2
01-Dec-22,Imports: Macau SAR (China),1.4
01-Dec-22,Imports: Madagascar,9.3
01-Dec-22,Imports: Malaysia,6018
01-Dec-22,Imports: Maldives Rep of,0.1
01-Dec-22,Imports: Malta,41
01-Dec-22,Imports: Mauritius,1.5
01-Dec-22,Imports: Mexico,277.7
01-Dec-22,Imports: Morocco,20.5
01-Dec-22,Imports: Mozambique,21.2
01-Dec-22,Imports: Myanmar,7.5
01-Dec-22,Imports: Nepal,0.2
01-Dec-22,Imports: Netherlands Antilles,0
01-Dec-22,Imports: Netherlands,384
01-Dec-22,Imports: New Zealand,122.3
01-Dec-22,Imports: Nigeria,1.8
01-Dec-22,Imports: Northern Mariana Islands,0
01-Dec-22,Imports: Norway,50.6
01-Dec-22,Imports: Oman,72.6
01-Dec-22,Imports: Other Countries of Africa,83.1
01-Dec-22,Imports: Other Countries of America,4.2
01-Dec-22,Imports: Other Countries of Asia,61.1
01-Dec-22,Imports: Other Countries of Europe,7.9
01-Dec-22,Imports: Other Countries of Oceania,0.6
01-Dec-22,Imports: Pakistan,7.3
01-Dec-22,Imports: Panama,0.1
01-Dec-22,Imports: Papua New Guinea,23.1
01-Dec-22,Imports: Peru,3.5
01-Dec-22,Imports: Philippines,592.8
01-Dec-22,Imports: Poland,61.3
01-Dec-22,Imports: Portugal,31
01-Dec-22,Imports: Puerto Rico,8.4
01-Dec-22,Imports: Qatar,640.1
01-Dec-22,Imports: Reunion,2.3
01-Dec-22,Imports: Romania,25.4
01-Dec-22,Imports: Russia,486.7
01-Dec-22,Imports: Saudi Arabia,801.2
01-Dec-22,Imports: Seychelles,0
01-Dec-22,Imports: Slovak Republic,9.1
01-Dec-22,Imports: Slovenia,7.1
01-Dec-22,Imports: Solomon Islands,0
01-Dec-22,Imports: South Africa,46.1
01-Dec-22,Imports: South Korea,3207.3
01-Dec-22,Imports: Spain,262.6
01-Dec-22,Imports: Sri Lanka,10.7
01-Dec-22,Imports: Sudan,0.1
01-Dec-22,Imports: Sweden,162.3
01-Dec-22,Imports: Switzerland,992.7
01-Dec-22,Imports: Taiwan,5357.9
01-Dec-22,Imports: Tanzania,5.3
01-Dec-22,Imports: Thailand,1116.4
01-Dec-22,Imports: Tunisia,10.5
01-Dec-22,Imports: Turkey,44
01-Dec-22,Imports: USA,5314.2
01-Dec-22,Imports: Ukraine,4.5
01-Dec-22,Imports: United Arab Emirates,1212.3
01-Dec-22,Imports: United Kingdom,940.1
01-Dec-22,Imports: Uruguay,0.6
01-Dec-22,Imports: Vanuatu,0
01-Dec-22,Imports: Venezuela,0.1
01-Dec-22,Imports: Vietnam,567.4
01-Dec-22,Imports: Yemen,0.6
01-Dec-22,Imports: Zambia,0.4
01-Dec-22,Imports: Zimbabwe,1.9
01-Jan-23,Imports: Afghanistan,0
01-Jan-23,Imports: Angola,71.8
01-Jan-23,Imports: Argentina,8.3
01-Jan-23,Imports: Australia,869.5
01-Jan-23,Imports: Austria,105
01-Jan-23,Imports: Bahamas,0
01-Jan-23,Imports: Bahrain,39.6
01-Jan-23,Imports: Bangladesh,16.6
01-Jan-23,Imports: Belarus,0.8
01-Jan-23,Imports: Belgium,94.1
01-Jan-23,Imports: Brazil,516.9
01-Jan-23,Imports: Brunei,273.6
01-Jan-23,Imports: Bulgaria,7
01-Jan-23,Imports: Cambodia,74.8
01-Jan-23,Imports: Cameroon,2.9
01-Jan-23,Imports: Canada,202.8
01-Jan-23,Imports: Chile,14.6
01-Jan-23,Imports: China,7362.2
01-Jan-23,Imports: Colombia,2.2
01-Jan-23,Imports: Comoros,0.1
01-Jan-23,Imports: Costa Rica,26.3
01-Jan-23,Imports: Cote D'ivoire,3.7
01-Jan-23,Imports: Croatia,3.3
01-Jan-23,Imports: Cuba,0.9
01-Jan-23,Imports: Cyprus,6.8
01-Jan-23,"Imports: Czech, Republic",57.5
01-Jan-23,Imports: Denmark,57.4
01-Jan-23,Imports: Djibouti,0
01-Jan-23,Imports: Dominican Rep,7
01-Jan-23,Imports: Ecuador,4.5
01-Jan-23,Imports: Egypt,32.8
01-Jan-23,Imports: El Salvador,1.6
01-Jan-23,Imports: Estonia,6
01-Jan-23,Imports: Eswatini,0.3
01-Jan-23,Imports: Ethiopia,0.1
01-Jan-23,Imports: Fiji,0.5
01-Jan-23,Imports: Finland,32
01-Jan-23,Imports: France,1608.5
01-Jan-23,Imports: French Polynesia,0.1
01-Jan-23,Imports: Gabon,0
01-Jan-23,Imports: Germany,963.4
01-Jan-23,Imports: Ghana,3.1
01-Jan-23,Imports: Greece,42.4
01-Jan-23,Imports: Guam,0
01-Jan-23,Imports: Guatemala,0.7
01-Jan-23,Imports: Hong Kong SAR (China),297.3
01-Jan-23,Imports: Hungary,39.8
01-Jan-23,Imports: India,809.3
01-Jan-23,Imports: Indonesia,1882.7
01-Jan-23,Imports: Iran,0.3
01-Jan-23,Imports: Ireland,119.8
01-Jan-23,Imports: Israel,105.9
01-Jan-23,Imports: Italy,608.8
01-Jan-23,Imports: Jamaica,0.3
01-Jan-23,Imports: Japan,2147.2
01-Jan-23,Imports: Jordan,9.3
01-Jan-23,Imports: Kazakhstan,4.7
01-Jan-23,Imports: Kenya,0.6
01-Jan-23,Imports: Kuwait,241.4
01-Jan-23,Imports: Lao Peo Dem Rep,2.8
01-Jan-23,Imports: Latvia,2.3
01-Jan-23,Imports: Lebanon,0.2
01-Jan-23,Imports: Liberia,0
01-Jan-23,Imports: Lithuania,10.1
01-Jan-23,Imports: Luxembourg,12
01-Jan-23,Imports: Macau SAR (China),1
01-Jan-23,Imports: Madagascar,32.1
01-Jan-23,Imports: Malaysia,4920.1
01-Jan-23,Imports: Maldives Rep of,0.1
01-Jan-23,Imports: Malta,17.6
01-Jan-23,Imports: Mauritius,1.5
01-Jan-23,Imports: Mexico,217.3
01-Jan-23,Imports: Morocco,23.3
01-Jan-23,Imports: Mozambique,0.3
01-Jan-23,Imports: Myanmar,7.8
01-Jan-23,Imports: Nepal,0.5
01-Jan-23,Imports: Netherlands Antilles,0
01-Jan-23,Imports: Netherlands,253.6
01-Jan-23,Imports: New Zealand,106
01-Jan-23,Imports: Nigeria,2.4
01-Jan-23,Imports: Northern Mariana Islands,0.2
01-Jan-23,Imports: Norway,45.9
01-Jan-23,Imports: Oman,28.4
01-Jan-23,Imports: Other Countries of Africa,25.5
01-Jan-23,Imports: Other Countries of America,3
01-Jan-23,Imports: Other Countries of Asia,0.9
01-Jan-23,Imports: Other Countries of Europe,7.2
01-Jan-23,Imports: Other Countries of Oceania,0.5
01-Jan-23,Imports: Pakistan,34.8
01-Jan-23,Imports: Panama,0.4
01-Jan-23,Imports: Papua New Guinea,6.5
01-Jan-23,Imports: Peru,3.4
01-Jan-23,Imports: Philippines,566.9
01-Jan-23,Imports: Poland,70.3
01-Jan-23,Imports: Portugal,27.1
01-Jan-23,Imports: Puerto Rico,7.3
01-Jan-23,Imports: Qatar,616.9
01-Jan-23,Imports: Reunion,0.1
01-Jan-23,Imports: Romania,21.1
01-Jan-23,Imports: Russia,247.5
01-Jan-23,Imports: Saudi Arabia,806
01-Jan-23,Imports: Seychelles,0
01-Jan-23,Imports: Slovak Republic,7.1
01-Jan-23,Imports: Slovenia,8.8
01-Jan-23,Imports: Solomon Islands,0
01-Jan-23,Imports: South Africa,62.1
01-Jan-23,Imports: South Korea,2919.3
01-Jan-23,Imports: Spain,280.2
01-Jan-23,Imports: Sri Lanka,11
01-Jan-23,Imports: Sudan,10.8
01-Jan-23,Imports: Sweden,117.8
01-Jan-23,Imports: Switzerland,672.2
01-Jan-23,Imports: Taiwan,4276.3
01-Jan-23,Imports: Tanzania,0.9
01-Jan-23,Imports: Thailand,1145.6
01-Jan-23,Imports: Tunisia,5.8
01-Jan-23,Imports: Turkey,60.4
01-Jan-23,Imports: USA,5207.3
01-Jan-23,Imports: Ukraine,2.9
01-Jan-23,Imports: United Arab Emirates,1044.6
01-Jan-23,Imports: United Kingdom,703.2
01-Jan-23,Imports: Uruguay,0.7
01-Jan-23,Imports: Vanuatu,0
01-Jan-23,Imports: Venezuela,0.1
01-Jan-23,Imports: Vietnam,520.8
01-Jan-23,Imports: Yemen,0.2
01-Jan-23,Imports: Zambia,1
01-Jan-23,Imports: Zimbabwe,0.6
01-Feb-23,Imports: Afghanistan,0.1
01-Feb-23,Imports: Angola,0
01-Feb-23,Imports: Argentina,5.5
01-Feb-23,Imports: Australia,460.8
01-Feb-23,Imports: Austria,103.3
01-Feb-23,Imports: Bahamas,0
01-Feb-23,Imports: Bahrain,3.1
01-Feb-23,Imports: Bangladesh,13.4
01-Feb-23,Imports: Belarus,1.1
01-Feb-23,Imports: Belgium,91
01-Feb-23,Imports: Brazil,565
01-Feb-23,Imports: Brunei,307.2
01-Feb-23,Imports: Bulgaria,7.3
01-Feb-23,Imports: Cambodia,38.6
01-Feb-23,Imports: Cameroon,3.4
01-Feb-23,Imports: Canada,218.1
01-Feb-23,Imports: Chile,8.1
01-Feb-23,Imports: China,5633.5
01-Feb-23,Imports: Colombia,6.3
01-Feb-23,Imports: Comoros,1.4
01-Feb-23,Imports: Costa Rica,27.7
01-Feb-23,Imports: Cote D'ivoire,2.2
01-Feb-23,Imports: Croatia,2
01-Feb-23,Imports: Cuba,1.2
01-Feb-23,Imports: Cyprus,1.2
01-Feb-23,"Imports: Czech, Republic",51.3
01-Feb-23,Imports: Denmark,48.6
01-Feb-23,Imports: Djibouti,0.8
01-Feb-23,Imports: Dominican Rep,7.4
01-Feb-23,Imports: Ecuador,4
01-Feb-23,Imports: Egypt,5.6
01-Feb-23,Imports: El Salvador,1.9
01-Feb-23,Imports: Estonia,13
01-Feb-23,Imports: Eswatini,0.1
01-Feb-23,Imports: Ethiopia,0.1
01-Feb-23,Imports: Fiji,0
01-Feb-23,Imports: Finland,34.9
01-Feb-23,Imports: France,1445.2
01-Feb-23,Imports: French Polynesia,2.4
01-Feb-23,Imports: Gabon,25.9
01-Feb-23,Imports: Germany,1096.2
01-Feb-23,Imports: Ghana,3.7
01-Feb-23,Imports: Greece,81.4
01-Feb-23,Imports: Guam,0.2
01-Feb-23,Imports: Guatemala,1.3
01-Feb-23,Imports: Hong Kong SAR (China),159.6
01-Feb-23,Imports: Hungary,29.1
01-Feb-23,Imports: India,673.4
01-Feb-23,Imports: Indonesia,1804.1
01-Feb-23,Imports: Iran,0.2
01-Feb-23,Imports: Ireland,218.2
01-Feb-23,Imports: Israel,67.4
01-Feb-23,Imports: Italy,519.2
01-Feb-23,Imports: Jamaica,0.1
01-Feb-23,Imports: Japan,2384.1
01-Feb-23,Imports: Jordan,10.6
01-Feb-23,Imports: Kazakhstan,0
01-Feb-23,Imports: Kenya,1.1
01-Feb-23,Imports: Kuwait,171.1
01-Feb-23,Imports: Lao Peo Dem Rep,4.2
01-Feb-23,Imports: Latvia,3.3
01-Feb-23,Imports: Lebanon,0.1
01-Feb-23,Imports: Liberia,0
01-Feb-23,Imports: Lithuania,15.5
01-Feb-23,Imports: Luxembourg,3.2
01-Feb-23,Imports: Macau SAR (China),1.2
01-Feb-23,Imports: Madagascar,16.4
01-Feb-23,Imports: Malaysia,5745.4
01-Feb-23,Imports: Maldives Rep of,0
01-Feb-23,Imports: Malta,20.5
01-Feb-23,Imports: Mauritius,5
01-Feb-23,Imports: Mexico,252.2
01-Feb-23,Imports: Morocco,23.2
01-Feb-23,Imports: Mozambique,4.1
01-Feb-23,Imports: Myanmar,5.3
01-Feb-23,Imports: Nepal,1.7
01-Feb-23,Imports: Netherlands Antilles,0
01-Feb-23,Imports: Netherlands,320.6
01-Feb-23,Imports: New Zealand,57.9
01-Feb-23,Imports: Nigeria,3.6
01-Feb-23,Imports: Northern Mariana Islands,0
01-Feb-23,Imports: Norway,59
01-Feb-23,Imports: Oman,30.5
01-Feb-23,Imports: Other Countries of Africa,147.1
01-Feb-23,Imports: Other Countries of America,2
01-Feb-23,Imports: Other Countries of Asia,2.7
01-Feb-23,Imports: Other Countries of Europe,8.3
01-Feb-23,Imports: Other Countries of Oceania,1.1
01-Feb-23,Imports: Pakistan,6.1
01-Feb-23,Imports: Panama,0
01-Feb-23,Imports: Papua New Guinea,18.5
01-Feb-23,Imports: Peru,1.6
01-Feb-23,Imports: Philippines,532.8
01-Feb-23,Imports: Poland,67.6
01-Feb-23,Imports: Portugal,21.2
01-Feb-23,Imports: Puerto Rico,9.1
01-Feb-23,Imports: Qatar,397.9
01-Feb-23,Imports: Reunion,0.1
01-Feb-23,Imports: Romania,25.2
01-Feb-23,Imports: Russia,476.2
01-Feb-23,Imports: Saudi Arabia,908.6
01-Feb-23,Imports: Seychelles,0
01-Feb-23,Imports: Slovak Republic,11.5
01-Feb-23,Imports: Slovenia,4.7
01-Feb-23,Imports: Solomon Islands,0
01-Feb-23,Imports: South Africa,22.3
01-Feb-23,Imports: South Korea,2592.2
01-Feb-23,Imports: Spain,122.1
01-Feb-23,Imports: Sri Lanka,10
01-Feb-23,Imports: Sudan,19.2
01-Feb-23,Imports: Sweden,130.4
01-Feb-23,Imports: Switzerland,762
01-Feb-23,Imports: Taiwan,4630.8
01-Feb-23,Imports: Tanzania,0.9
01-Feb-23,Imports: Thailand,1130.7
01-Feb-23,Imports: Tunisia,4.9
01-Feb-23,Imports: Turkey,60.9
01-Feb-23,Imports: USA,4894.4
01-Feb-23,Imports: Ukraine,3
01-Feb-23,Imports: United Arab Emirates,1065.7
01-Feb-23,Imports: United Kingdom,872.1
01-Feb-23,Imports: Uruguay,1.7
01-Feb-23,Imports: Vanuatu,0
01-Feb-23,Imports: Venezuela,0.4
01-Feb-23,Imports: Vietnam,509.6
01-Feb-23,Imports: Yemen,0
01-Feb-23,Imports: Zambia,0.2
01-Feb-23,Imports: Zimbabwe,0.1
01-Mar-23,Imports: Afghanistan,0
01-Mar-23,Imports: Angola,49.1
01-Mar-23,Imports: Argentina,6.9
01-Mar-23,Imports: Australia,1411.9
01-Mar-23,Imports: Austria,118.9
01-Mar-23,Imports: Bahamas,0.2
01-Mar-23,Imports: Bahrain,48.9
01-Mar-23,Imports: Bangladesh,19.7
01-Mar-23,Imports: Belarus,0.1
01-Mar-23,Imports: Belgium,129.5
01-Mar-23,Imports: Brazil,787.2
01-Mar-23,Imports: Brunei,192.8
01-Mar-23,Imports: Bulgaria,23.3
01-Mar-23,Imports: Cambodia,225.1
01-Mar-23,Imports: Cameroon,5.3
01-Mar-23,Imports: Canada,275.1
01-Mar-23,Imports: Chile,10
01-Mar-23,Imports: China,6607
01-Mar-23,Imports: Colombia,1.9
01-Mar-23,Imports: Comoros,0.6
01-Mar-23,Imports: Costa Rica,54.6
01-Mar-23,Imports: Cote D'ivoire,1.5
01-Mar-23,Imports: Croatia,3.5
01-Mar-23,Imports: Cuba,1.5
01-Mar-23,Imports: Cyprus,2.2
01-Mar-23,"Imports: Czech, Republic",71.1
01-Mar-23,Imports: Denmark,58.7
01-Mar-23,Imports: Djibouti,0
01-Mar-23,Imports: Dominican Rep,8.1
01-Mar-23,Imports: Ecuador,5
01-Mar-23,Imports: Egypt,4.6
01-Mar-23,Imports: El Salvador,1.8
01-Mar-23,Imports: Estonia,7.4
01-Mar-23,Imports: Eswatini,0.3
01-Mar-23,Imports: Ethiopia,4.1
01-Mar-23,Imports: Fiji,0.4
01-Mar-23,Imports: Finland,66.7
01-Mar-23,Imports: France,1896.3
01-Mar-23,Imports: French Polynesia,0.2
01-Mar-23,Imports: Gabon,33.5
01-Mar-23,Imports: Germany,1318.2
01-Mar-23,Imports: Ghana,7.9
01-Mar-23,Imports: Greece,94.7
01-Mar-23,Imports: Guam,0
01-Mar-23,Imports: Guatemala,1
01-Mar-23,Imports: Hong Kong SAR (China),364.9
01-Mar-23,Imports: Hungary,62.2
01-Mar-23,Imports: India,793.9
01-Mar-23,Imports: Indonesia,1869.6
01-Mar-23,Imports: Iran,0.8
01-Mar-23,Imports: Ireland,136.7
01-Mar-23,Imports: Israel,113.8
01-Mar-23,Imports: Italy,651.6
01-Mar-23,Imports: Jamaica,0.1
01-Mar-23,Imports: Japan,3083
01-Mar-23,Imports: Jordan,3.8
01-Mar-23,Imports: Kazakhstan,0
01-Mar-23,Imports: Kenya,1.9
01-Mar-23,Imports: Kuwait,493.5
01-Mar-23,Imports: Lao Peo Dem Rep,5.5
01-Mar-23,Imports: Latvia,3
01-Mar-23,Imports: Lebanon,0.6
01-Mar-23,Imports: Liberia,0
01-Mar-23,Imports: Lithuania,16.5
01-Mar-23,Imports: Luxembourg,3.8
01-Mar-23,Imports: Macau SAR (China),6.9
01-Mar-23,Imports: Madagascar,13.9
01-Mar-23,Imports: Malaysia,5662.1
01-Mar-23,Imports: Maldives Rep of,0
01-Mar-23,Imports: Malta,106.3
01-Mar-23,Imports: Mauritius,0.7
01-Mar-23,Imports: Mexico,291.7
01-Mar-23,Imports: Morocco,24.8
01-Mar-23,Imports: Mozambique,0.2
01-Mar-23,Imports: Myanmar,6.6
01-Mar-23,Imports: Nepal,0.4
01-Mar-23,Imports: Netherlands Antilles,0
01-Mar-23,Imports: Netherlands,326.6
01-Mar-23,Imports: New Zealand,75.4
01-Mar-23,Imports: Nigeria,3.9
01-Mar-23,Imports: Northern Mariana Islands,0
01-Mar-23,Imports: Norway,51.7
01-Mar-23,Imports: Oman,80
01-Mar-23,Imports: Other Countries of Africa,49.1
01-Mar-23,Imports: Other Countries of America,1.4
01-Mar-23,Imports: Other Countries of Asia,172.9
01-Mar-23,Imports: Other Countries of Europe,11.1
01-Mar-23,Imports: Other Countries of Oceania,0.7
01-Mar-23,Imports: Pakistan,7.5
01-Mar-23,Imports: Panama,0.1
01-Mar-23,Imports: Papua New Guinea,8.8
01-Mar-23,Imports: Peru,4.3
01-Mar-23,Imports: Philippines,655.8
01-Mar-23,Imports: Poland,73.6
01-Mar-23,Imports: Portugal,30.4
01-Mar-23,Imports: Puerto Rico,12.2
01-Mar-23,Imports: Qatar,824.5
01-Mar-23,Imports: Reunion,0
01-Mar-23,Imports: Romania,29.8
01-Mar-23,Imports: Russia,283.1
01-Mar-23,Imports: Saudi Arabia,757.7
01-Mar-23,Imports: Seychelles,0.1
01-Mar-23,Imports: Slovak Republic,9.5
01-Mar-23,Imports: Slovenia,6.6
01-Mar-23,Imports: Solomon Islands,0
01-Mar-23,Imports: South Africa,49.7
01-Mar-23,Imports: South Korea,2828.3
01-Mar-23,Imports: Spain,252
01-Mar-23,Imports: Sri Lanka,14.7
01-Mar-23,Imports: Sudan,0.2
01-Mar-23,Imports: Sweden,196.4
01-Mar-23,Imports: Switzerland,1122.1
01-Mar-23,Imports: Taiwan,5413
01-Mar-23,Imports: Tanzania,1.8
01-Mar-23,Imports: Thailand,1693.6
01-Mar-23,Imports: Tunisia,30.7
01-Mar-23,Imports: Turkey,42.8
01-Mar-23,Imports: USA,6088
01-Mar-23,Imports: Ukraine,3.1
01-Mar-23,Imports: United Arab Emirates,1182.9
01-Mar-23,Imports: United Kingdom,1073.8
01-Mar-23,Imports: Uruguay,2.7
01-Mar-23,Imports: Vanuatu,0
01-Mar-23,Imports: Venezuela,0
01-Mar-23,Imports: Vietnam,560.2
01-Mar-23,Imports: Yemen,0.1
01-Mar-23,Imports: Zambia,1.4
01-Mar-23,Imports: Zimbabwe,1.3
01-Apr-23,Imports: Afghanistan,0
01-Apr-23,Imports: Angola,109
01-Apr-23,Imports: Argentina,29.1
01-Apr-23,Imports: Australia,625.3
01-Apr-23,Imports: Austria,111.8
01-Apr-23,Imports: Bahamas,0.1
01-Apr-23,Imports: Bahrain,50.9
01-Apr-23,Imports: Bangladesh,14
01-Apr-23,Imports: Belarus,1.9
01-Apr-23,Imports: Belgium,109.7
01-Apr-23,Imports: Brazil,876.2
01-Apr-23,Imports: Brunei,70.1
01-Apr-23,Imports: Bulgaria,5.1
01-Apr-23,Imports: Cambodia,619.1
01-Apr-23,Imports: Cameroon,3.7
01-Apr-23,Imports: Canada,230.8
01-Apr-23,Imports: Chile,11.3
01-Apr-23,Imports: China,5716.5
01-Apr-23,Imports: Colombia,7.8
01-Apr-23,Imports: Comoros,0.3
01-Apr-23,Imports: Costa Rica,30.8
01-Apr-23,Imports: Cote D'ivoire,4.9
01-Apr-23,Imports: Croatia,2.2
01-Apr-23,Imports: Cuba,0.6
01-Apr-23,Imports: Cyprus,1.9
01-Apr-23,"Imports: Czech, Republic",76.7
01-Apr-23,Imports: Denmark,51.4
01-Apr-23,Imports: Djibouti,0.1
01-Apr-23,Imports: Dominican Rep,6.3
01-Apr-23,Imports: Ecuador,4.2
01-Apr-23,Imports: Egypt,4.5
01-Apr-23,Imports: El Salvador,1.2
01-Apr-23,Imports: Estonia,5.8
01-Apr-23,Imports: Eswatini,0.4
01-Apr-23,Imports: Ethiopia,0.5
01-Apr-23,Imports: Fiji,0.1
01-Apr-23,Imports: Finland,33.7
01-Apr-23,Imports: France,1317
01-Apr-23,Imports: French Polynesia,0.3
01-Apr-23,Imports: Gabon,0.3
01-Apr-23,Imports: Germany,1225.8
01-Apr-23,Imports: Ghana,2.7
01-Apr-23,Imports: Greece,10
01-Apr-23,Imports: Guam,0
01-Apr-23,Imports: Guatemala,1.5
01-Apr-23,Imports: Hong Kong SAR (China),240.7
01-Apr-23,Imports: Hungary,55.1
01-Apr-23,Imports: India,868.2
01-Apr-23,Imports: Indonesia,1887.1
01-Apr-23,Imports: Iran,0.4
01-Apr-23,Imports: Ireland,110.6
01-Apr-23,Imports: Israel,103.5
01-Apr-23,Imports: Italy,565.1
01-Apr-23,Imports: Jamaica,0.1
01-Apr-23,Imports: Japan,2432.9
01-Apr-23,Imports: Jordan,5.2
01-Apr-23,Imports: Kazakhstan,46.2
01-Apr-23,Imports: Kenya,1.5
01-Apr-23,Imports: Kuwait,227.2
01-Apr-23,Imports: Lao Peo Dem Rep,5.6
01-Apr-23,Imports: Latvia,2.6
01-Apr-23,Imports: Lebanon,0.5
01-Apr-23,Imports: Liberia,0
01-Apr-23,Imports: Lithuania,14.9
01-Apr-23,Imports: Luxembourg,3.9
01-Apr-23,Imports: Macau SAR (China),0.7
01-Apr-23,Imports: Madagascar,4.1
01-Apr-23,Imports: Malaysia,5274.4
01-Apr-23,Imports: Maldives Rep of,0.1
01-Apr-23,Imports: Malta,57.7
01-Apr-23,Imports: Mauritius,0.7
01-Apr-23,Imports: Mexico,326.7
01-Apr-23,Imports: Morocco,21.8
01-Apr-23,Imports: Mozambique,4.1
01-Apr-23,Imports: Myanmar,5.9
01-Apr-23,Imports: Nepal,0.1
01-Apr-23,Imports: Netherlands Antilles,0
01-Apr-23,Imports: Netherlands,299.8
01-Apr-23,Imports: New Zealand,88.6
01-Apr-23,Imports: Nigeria,74.4
01-Apr-23,Imports: Northern Mariana Islands,0
01-Apr-23,Imports: Norway,65.5
01-Apr-23,Imports: Oman,28.3
01-Apr-23,Imports: Other Countries of Africa,32.8
01-Apr-23,Imports: Other Countries of America,1
01-Apr-23,Imports: Other Countries of Asia,1.1
01-Apr-23,Imports: Other Countries of Europe,27.1
01-Apr-23,Imports: Other Countries of Oceania,0.2
01-Apr-23,Imports: Pakistan,20.4
01-Apr-23,Imports: Panama,0.5
01-Apr-23,Imports: Papua New Guinea,23.1
01-Apr-23,Imports: Peru,2.9
01-Apr-23,Imports: Philippines,582.6
01-Apr-23,Imports: Poland,92.2
01-Apr-23,Imports: Portugal,25.5
01-Apr-23,Imports: Puerto Rico,7.2
01-Apr-23,Imports: Qatar,440.7
01-Apr-23,Imports: Reunion,0.3
01-Apr-23,Imports: Romania,29.3
01-Apr-23,Imports: Russia,338.8
01-Apr-23,Imports: Saudi Arabia,667.2
01-Apr-23,Imports: Seychelles,0
01-Apr-23,Imports: Slovak Republic,8.9
01-Apr-23,Imports: Slovenia,14.6
01-Apr-23,Imports: Solomon Islands,0
01-Apr-23,Imports: South Africa,42.4
01-Apr-23,Imports: South Korea,2694.6
01-Apr-23,Imports: Spain,170.1
01-Apr-23,Imports: Sri Lanka,6.5
01-Apr-23,Imports: Sudan,11.7
01-Apr-23,Imports: Sweden,153.9
01-Apr-23,Imports: Switzerland,1129.3
01-Apr-23,Imports: Taiwan,5088.4
01-Apr-23,Imports: Tanzania,1.3
01-Apr-23,Imports: Thailand,1400.7
01-Apr-23,Imports: Tunisia,5
01-Apr-23,Imports: Turkey,96.1
01-Apr-23,Imports: USA,5047.3
01-Apr-23,Imports: Ukraine,1.9
01-Apr-23,Imports: United Arab Emirates,1114.8
01-Apr-23,Imports: United Kingdom,831.4
01-Apr-23,Imports: Uruguay,1.3
01-Apr-23,Imports: Vanuatu,0
01-Apr-23,Imports: Venezuela,1.2
01-Apr-23,Imports: Vietnam,498.5
01-Apr-23,Imports: Yemen,1.2
01-Apr-23,Imports: Zambia,0.1
01-Apr-23,Imports: Zimbabwe,1.3
01-May-23,Imports: Afghanistan,0.2
01-May-23,Imports: Angola,0.1
01-May-23,Imports: Argentina,8.6
01-May-23,Imports: Australia,784.5
01-May-23,Imports: Austria,109.5
01-May-23,Imports: Bahamas,0
01-May-23,Imports: Bahrain,2.3
01-May-23,Imports: Bangladesh,14.2
01-May-23,Imports: Belarus,1.3
01-May-23,Imports: Belgium,115.8
01-May-23,Imports: Brazil,658
01-May-23,Imports: Brunei,199.2
01-May-23,Imports: Bulgaria,4.1
01-May-23,Imports: Cambodia,316.7
01-May-23,Imports: Cameroon,1.5
01-May-23,Imports: Canada,298.6
01-May-23,Imports: Chile,8.8
01-May-23,Imports: China,6163.3
01-May-23,Imports: Colombia,24.6
01-May-23,Imports: Comoros,0.2
01-May-23,Imports: Costa Rica,39.9
01-May-23,Imports: Cote D'ivoire,10.8
01-May-23,Imports: Croatia,3.8
01-May-23,Imports: Cuba,1.7
01-May-23,Imports: Cyprus,2.6
01-May-23,"Imports: Czech, Republic",88.4
01-May-23,Imports: Denmark,61.6
01-May-23,Imports: Djibouti,125.9
01-May-23,Imports: Dominican Rep,9.7
01-May-23,Imports: Ecuador,5
01-May-23,Imports: Egypt,3.4
01-May-23,Imports: El Salvador,1.5
01-May-23,Imports: Estonia,31.5
01-May-23,Imports: Eswatini,0.3
01-May-23,Imports: Ethiopia,10.2
01-May-23,Imports: Fiji,0.3
01-May-23,Imports: Finland,51.6
01-May-23,Imports: France,1620.2
01-May-23,Imports: French Polynesia,2.7
01-May-23,Imports: Gabon,0.1
01-May-23,Imports: Germany,1144.7
01-May-23,Imports: Ghana,3.1
01-May-23,Imports: Greece,47.6
01-May-23,Imports: Guam,0.2
01-May-23,Imports: Guatemala,1.6
01-May-23,Imports: Hong Kong SAR (China),234.3
01-May-23,Imports: Hungary,55.5
01-May-23,Imports: India,774.1
01-May-23,Imports: Indonesia,1790.9
01-May-23,Imports: Iran,0.1
01-May-23,Imports: Ireland,132.8
01-May-23,Imports: Israel,75
01-May-23,Imports: Italy,676.5
01-May-23,Imports: Jamaica,0.1
01-May-23,Imports: Japan,2280.2
01-May-23,Imports: Jordan,3.2
01-May-23,Imports: Kazakhstan,0
01-May-23,Imports: Kenya,2
01-May-23,Imports: Kuwait,22.1
01-May-23,Imports: Lao Peo Dem Rep,0.7
01-May-23,Imports: Latvia,5
01-May-23,Imports: Lebanon,0.8
01-May-23,Imports: Liberia,0
01-May-23,Imports: Lithuania,16.4
01-May-23,Imports: Luxembourg,3.1
01-May-23,Imports: Macau SAR (China),0.6
01-May-23,Imports: Madagascar,5
01-May-23,Imports: Malaysia,5027.5
01-May-23,Imports: Maldives Rep of,0.1
01-May-23,Imports: Malta,60
01-May-23,Imports: Mauritius,0.6
01-May-23,Imports: Mexico,279.2
01-May-23,Imports: Morocco,24.5
01-May-23,Imports: Mozambique,0.1
01-May-23,Imports: Myanmar,5.2
01-May-23,Imports: Nepal,0.2
01-May-23,Imports: Netherlands Antilles,0
01-May-23,Imports: Netherlands,361.4
01-May-23,Imports: New Zealand,64.8
01-May-23,Imports: Nigeria,0.8
01-May-23,Imports: Northern Mariana Islands,0
01-May-23,Imports: Norway,64.6
01-May-23,Imports: Oman,88.8
01-May-23,Imports: Other Countries of Africa,49.5
01-May-23,Imports: Other Countries of America,1.5
01-May-23,Imports: Other Countries of Asia,2.6
01-May-23,Imports: Other Countries of Europe,10.8
01-May-23,Imports: Other Countries of Oceania,1.9
01-May-23,Imports: Pakistan,25.5
01-May-23,Imports: Panama,0.1
01-May-23,Imports: Papua New Guinea,5.1
01-May-23,Imports: Peru,3.9
01-May-23,Imports: Philippines,540.5
01-May-23,Imports: Poland,64.2
01-May-23,Imports: Portugal,30.2
01-May-23,Imports: Puerto Rico,14.2
01-May-23,Imports: Qatar,865
01-May-23,Imports: Reunion,0.3
01-May-23,Imports: Romania,30
01-May-23,Imports: Russia,546.7
01-May-23,Imports: Saudi Arabia,868.7
01-May-23,Imports: Seychelles,0
01-May-23,Imports: Slovak Republic,5.7
01-May-23,Imports: Slovenia,10.9
01-May-23,Imports: Solomon Islands,0
01-May-23,Imports: South Africa,40.1
01-May-23,Imports: South Korea,2876.2
01-May-23,Imports: Spain,168.8
01-May-23,Imports: Sri Lanka,9.3
01-May-23,Imports: Sudan,9.7
01-May-23,Imports: Sweden,329.6
01-May-23,Imports: Switzerland,733
01-May-23,Imports: Taiwan,4819.5
01-May-23,Imports: Tanzania,1.1
01-May-23,Imports: Thailand,1218
01-May-23,Imports: Tunisia,34.5
01-May-23,Imports: Turkey,58.3
01-May-23,Imports: USA,5086.4
01-May-23,Imports: Ukraine,2.7
01-May-23,Imports: United Arab Emirates,1513.9
01-May-23,Imports: United Kingdom,966
01-May-23,Imports: Uruguay,0.5
01-May-23,Imports: Vanuatu,0
01-May-23,Imports: Venezuela,0.4
01-May-23,Imports: Vietnam,519.3
01-May-23,Imports: Yemen,0
01-May-23,Imports: Zambia,1.1
01-May-23,Imports: Zimbabwe,1.1
01-Jun-23,Imports: Afghanistan,0
01-Jun-23,Imports: Angola,59.3
01-Jun-23,Imports: Argentina,5.2
01-Jun-23,Imports: Australia,507.7
01-Jun-23,Imports: Austria,104.7
01-Jun-23,Imports: Bahamas,0
01-Jun-23,Imports: Bahrain,1.5
01-Jun-23,Imports: Bangladesh,16.6
01-Jun-23,Imports: Belarus,0.1
01-Jun-23,Imports: Belgium,132.6
01-Jun-23,Imports: Brazil,704.1
01-Jun-23,Imports: Brunei,97.5
01-Jun-23,Imports: Bulgaria,5.8
01-Jun-23,Imports: Cambodia,112.7
01-Jun-23,Imports: Cameroon,1.4
01-Jun-23,Imports: Canada,192.9
01-Jun-23,Imports: Chile,7
01-Jun-23,Imports: China,5975.8
01-Jun-23,Imports: Colombia,2.1
01-Jun-23,Imports: Comoros,0
01-Jun-23,Imports: Costa Rica,47.1
01-Jun-23,Imports: Cote D'ivoire,9.5
01-Jun-23,Imports: Croatia,2.2
01-Jun-23,Imports: Cuba,1.1
01-Jun-23,Imports: Cyprus,1.3
01-Jun-23,"Imports: Czech, Republic",110.5
01-Jun-23,Imports: Denmark,46.6
01-Jun-23,Imports: Djibouti,0.2
01-Jun-23,Imports: Dominican Rep,5.2
01-Jun-23,Imports: Ecuador,5.1
01-Jun-23,Imports: Egypt,4.3
01-Jun-23,Imports: El Salvador,1.6
01-Jun-23,Imports: Estonia,79.7
01-Jun-23,Imports: Eswatini,0.3
01-Jun-23,Imports: Ethiopia,31.6
01-Jun-23,Imports: Fiji,0.2
01-Jun-23,Imports: Finland,66.5
01-Jun-23,Imports: France,1590.6
01-Jun-23,Imports: French Polynesia,2.8
01-Jun-23,Imports: Gabon,0
01-Jun-23,Imports: Germany,1090.7
01-Jun-23,Imports: Ghana,4.4
01-Jun-23,Imports: Greece,25.3
01-Jun-23,Imports: Guam,0
01-Jun-23,Imports: Guatemala,1
01-Jun-23,Imports: Hong Kong SAR (China),297.7
01-Jun-23,Imports: Hungary,51.4
01-Jun-23,Imports: India,894
01-Jun-23,Imports: Indonesia,1696.8
01-Jun-23,Imports: Iran,0.4
01-Jun-23,Imports: Ireland,128
01-Jun-23,Imports: Israel,91.9
01-Jun-23,Imports: Italy,653
01-Jun-23,Imports: Jamaica,0.1
01-Jun-23,Imports: Japan,2472.5
01-Jun-23,Imports: Jordan,3.5
01-Jun-23,Imports: Kazakhstan,0
01-Jun-23,Imports: Kenya,1.1
01-Jun-23,Imports: Kuwait,279.1
01-Jun-23,Imports: Lao Peo Dem Rep,7.1
01-Jun-23,Imports: Latvia,1.5
01-Jun-23,Imports: Lebanon,0.2
01-Jun-23,Imports: Liberia,0
01-Jun-23,Imports: Lithuania,16.2
01-Jun-23,Imports: Luxembourg,3.7
01-Jun-23,Imports: Macau SAR (China),0.7
01-Jun-23,Imports: Madagascar,3.3
01-Jun-23,Imports: Malaysia,5870
01-Jun-23,Imports: Maldives Rep of,3.8
01-Jun-23,Imports: Malta,25.5
01-Jun-23,Imports: Mauritius,1.1
01-Jun-23,Imports: Mexico,320.5
01-Jun-23,Imports: Morocco,21.2
01-Jun-23,Imports: Mozambique,19.2
01-Jun-23,Imports: Myanmar,5.4
01-Jun-23,Imports: Nepal,0.2
01-Jun-23,Imports: Netherlands Antilles,0
01-Jun-23,Imports: Netherlands,432.4
01-Jun-23,Imports: New Zealand,84.9
01-Jun-23,Imports: Nigeria,0.2
01-Jun-23,Imports: Northern Mariana Islands,0
01-Jun-23,Imports: Norway,50.3
01-Jun-23,Imports: Oman,45.1
01-Jun-23,Imports: Other Countries of Africa,43.8
01-Jun-23,Imports: Other Countries of America,1.6
01-Jun-23,Imports: Other Countries of Asia,21.9
01-Jun-23,Imports: Other Countries of Europe,7.8
01-Jun-23,Imports: Other Countries of Oceania,5.7
01-Jun-23,Imports: Pakistan,49.8
01-Jun-23,Imports: Panama,0.6
01-Jun-23,Imports: Papua New Guinea,4.6
01-Jun-23,Imports: Peru,2.8
01-Jun-23,Imports: Philippines,572.5
01-Jun-23,Imports: Poland,67.5
01-Jun-23,Imports: Portugal,32.7
01-Jun-23,Imports: Puerto Rico,6.6
01-Jun-23,Imports: Qatar,605.2
01-Jun-23,Imports: Reunion,0
01-Jun-23,Imports: Romania,48.1
01-Jun-23,Imports: Russia,393.9
01-Jun-23,Imports: Saudi Arabia,752.6
01-Jun-23,Imports: Seychelles,0.1
01-Jun-23,Imports: Slovak Republic,5.8
01-Jun-23,Imports: Slovenia,7.4
01-Jun-23,Imports: Solomon Islands,0
01-Jun-23,Imports: South Africa,52.9
01-Jun-23,Imports: South Korea,2665.9
01-Jun-23,Imports: Spain,151.1
01-Jun-23,Imports: Sri Lanka,11.8
01-Jun-23,Imports: Sudan,25.1
01-Jun-23,Imports: Sweden,235.1
01-Jun-23,Imports: Switzerland,592.7
01-Jun-23,Imports: Taiwan,5217
01-Jun-23,Imports: Tanzania,0
01-Jun-23,Imports: Thailand,1226.7
01-Jun-23,Imports: Tunisia,47
01-Jun-23,Imports: Turkey,43.6
01-Jun-23,Imports: USA,6580.8
01-Jun-23,Imports: Ukraine,4
01-Jun-23,Imports: United Arab Emirates,1248.2
01-Jun-23,Imports: United Kingdom,780.3
01-Jun-23,Imports: Uruguay,0.6
01-Jun-23,Imports: Vanuatu,0
01-Jun-23,Imports: Venezuela,0.4
01-Jun-23,Imports: Vietnam,536.7
01-Jun-23,Imports: Yemen,0.3
01-Jun-23,Imports: Zambia,25.7
01-Jun-23,Imports: Zimbabwe,1.3
01-Jul-23,Imports: Afghanistan,0
01-Jul-23,Imports: Angola,19.7
01-Jul-23,Imports: Argentina,8.8
01-Jul-23,Imports: Australia,600.4
01-Jul-23,Imports: Austria,103.5
01-Jul-23,Imports: Bahamas,0
01-Jul-23,Imports: Bahrain,1.8
01-Jul-23,Imports: Bangladesh,16.2
01-Jul-23,Imports: Belarus,1.1
01-Jul-23,Imports: Belgium,180.3
01-Jul-23,Imports: Brazil,666.2
01-Jul-23,Imports: Brunei,117.2
01-Jul-23,Imports: Bulgaria,5.7
01-Jul-23,Imports: Cambodia,55.8
01-Jul-23,Imports: Cameroon,0.2
01-Jul-23,Imports: Canada,223.1
01-Jul-23,Imports: Chile,5.9
01-Jul-23,Imports: China,6504.9
01-Jul-23,Imports: Colombia,28.9
01-Jul-23,Imports: Comoros,0
01-Jul-23,Imports: Costa Rica,54.6
01-Jul-23,Imports: Cote D'ivoire,12.8
01-Jul-23,Imports: Croatia,3.1
01-Jul-23,Imports: Cuba,1.5
01-Jul-23,Imports: Cyprus,2.8
01-Jul-23,"Imports: Czech, Republic",112.4
01-Jul-23,Imports: Denmark,112.3
01-Jul-23,Imports: Djibouti,0.2
01-Jul-23,Imports: Dominican Rep,5.9
01-Jul-23,Imports: Ecuador,5.8
01-Jul-23,Imports: Egypt,4.2
01-Jul-23,Imports: El Salvador,1.2
01-Jul-23,Imports: Estonia,15.6
01-Jul-23,Imports: Eswatini,0.8
01-Jul-23,Imports: Ethiopia,1.6
01-Jul-23,Imports: Fiji,0.5
01-Jul-23,Imports: Finland,40.2
01-Jul-23,Imports: France,1731.2
01-Jul-23,Imports: French Polynesia,0
01-Jul-23,Imports: Gabon,0
01-Jul-23,Imports: Germany,1178.1
01-Jul-23,Imports: Ghana,7.1
01-Jul-23,Imports: Greece,61.8
01-Jul-23,Imports: Guam,0.2
01-Jul-23,Imports: Guatemala,2.3
01-Jul-23,Imports: Hong Kong SAR (China),314.4
01-Jul-23,Imports: Hungary,44
01-Jul-23,Imports: India,698.2
01-Jul-23,Imports: Indonesia,1716
01-Jul-23,Imports: Iran,0.7
01-Jul-23,Imports: Ireland,101.1
01-Jul-23,Imports: Israel,79.6
01-Jul-23,Imports: Italy,619.2
01-Jul-23,Imports: Jamaica,0.1
01-Jul-23,Imports: Japan,2154.7
01-Jul-23,Imports: Jordan,6.7
01-Jul-23,Imports: Kazakhstan,13.1
01-Jul-23,Imports: Kenya,1.7
01-Jul-23,Imports: Kuwait,346
01-Jul-23,Imports: Lao Peo Dem Rep,9.2
01-Jul-23,Imports: Latvia,2.5
01-Jul-23,Imports: Lebanon,0.3
01-Jul-23,Imports: Liberia,0
01-Jul-23,Imports: Lithuania,10.3
01-Jul-23,Imports: Luxembourg,2.8
01-Jul-23,Imports: Macau SAR (China),5.7
01-Jul-23,Imports: Madagascar,3.9
01-Jul-23,Imports: Malaysia,4835.2
01-Jul-23,Imports: Maldives Rep of,0.1
01-Jul-23,Imports: Malta,20.8
01-Jul-23,Imports: Mauritius,6.6
01-Jul-23,Imports: Mexico,328.9
01-Jul-23,Imports: Morocco,21.9
01-Jul-23,Imports: Mozambique,6.1
01-Jul-23,Imports: Myanmar,7.9
01-Jul-23,Imports: Nepal,1
01-Jul-23,Imports: Netherlands Antilles,0
01-Jul-23,Imports: Netherlands,274.1
01-Jul-23,Imports: New Zealand,116.8
01-Jul-23,Imports: Nigeria,152.6
01-Jul-23,Imports: Northern Mariana Islands,0
01-Jul-23,Imports: Norway,63.2
01-Jul-23,Imports: Oman,138.9
01-Jul-23,Imports: Other Countries of Africa,50.4
01-Jul-23,Imports: Other Countries of America,1.4
01-Jul-23,Imports: Other Countries of Asia,1.1
01-Jul-23,Imports: Other Countries of Europe,8.3
01-Jul-23,Imports: Other Countries of Oceania,1.5
01-Jul-23,Imports: Pakistan,5.7
01-Jul-23,Imports: Panama,0.1
01-Jul-23,Imports: Papua New Guinea,3.5
01-Jul-23,Imports: Peru,2.2
01-Jul-23,Imports: Philippines,549.5
01-Jul-23,Imports: Poland,74
01-Jul-23,Imports: Portugal,49.5
01-Jul-23,Imports: Puerto Rico,12.2
01-Jul-23,Imports: Qatar,487.6
01-Jul-23,Imports: Reunion,0
01-Jul-23,Imports: Romania,28.5
01-Jul-23,Imports: Russia,537.3
01-Jul-23,Imports: Saudi Arabia,974.2
01-Jul-23,Imports: Seychelles,0
01-Jul-23,Imports: Slovak Republic,11
01-Jul-23,Imports: Slovenia,7.9
01-Jul-23,Imports: Solomon Islands,0
01-Jul-23,Imports: South Africa,29.5
01-Jul-23,Imports: South Korea,2618.7
01-Jul-23,Imports: Spain,213.8
01-Jul-23,Imports: Sri Lanka,13.7
01-Jul-23,Imports: Sudan,0
01-Jul-23,Imports: Sweden,150.4
01-Jul-23,Imports: Switzerland,1329.6
01-Jul-23,Imports: Taiwan,5410.2
01-Jul-23,Imports: Tanzania,0.3
01-Jul-23,Imports: Thailand,1254.5
01-Jul-23,Imports: Tunisia,55.4
01-Jul-23,Imports: Turkey,60.2
01-Jul-23,Imports: USA,5415.3
01-Jul-23,Imports: Ukraine,3
01-Jul-23,Imports: United Arab Emirates,1267.1
01-Jul-23,Imports: United Kingdom,1181.9
01-Jul-23,Imports: Uruguay,1.2
01-Jul-23,Imports: Vanuatu,0
01-Jul-23,Imports: Venezuela,0.2
01-Jul-23,Imports: Vietnam,560.7
01-Jul-23,Imports: Yemen,0.1
01-Jul-23,Imports: Zambia,6.7
01-Jul-23,Imports: Zimbabwe,1.3
01-Aug-23,Imports: Afghanistan,0.1
01-Aug-23,Imports: Angola,0.1
01-Aug-23,Imports: Argentina,8.3
01-Aug-23,Imports: Australia,595.3
01-Aug-23,Imports: Austria,97.2
01-Aug-23,Imports: Bahamas,0
01-Aug-23,Imports: Bahrain,2.9
01-Aug-23,Imports: Bangladesh,14.4
01-Aug-23,Imports: Belarus,2.3
01-Aug-23,Imports: Belgium,104.2
01-Aug-23,Imports: Brazil,543
01-Aug-23,Imports: Brunei,253.5
01-Aug-23,Imports: Bulgaria,4.8
01-Aug-23,Imports: Cambodia,41.3
01-Aug-23,Imports: Cameroon,1.3
01-Aug-23,Imports: Canada,239.2
01-Aug-23,Imports: Chile,9.5
01-Aug-23,Imports: China,6519.9
01-Aug-23,Imports: Colombia,2.9
01-Aug-23,Imports: Comoros,0
01-Aug-23,Imports: Costa Rica,69.3
01-Aug-23,Imports: Cote D'ivoire,12.8
01-Aug-23,Imports: Croatia,27.5
01-Aug-23,Imports: Cuba,1.3
01-Aug-23,Imports: Cyprus,1.5
01-Aug-23,"Imports: Czech, Republic",82.6
01-Aug-23,Imports: Denmark,60.1
01-Aug-23,Imports: Djibouti,0.3
01-Aug-23,Imports: Dominican Rep,11.7
01-Aug-23,Imports: Ecuador,5.4
01-Aug-23,Imports: Egypt,4.1
01-Aug-23,Imports: El Salvador,1.7
01-Aug-23,Imports: Estonia,48.1
01-Aug-23,Imports: Eswatini,0.1
01-Aug-23,Imports: Ethiopia,5.4
01-Aug-23,Imports: Fiji,0.8
01-Aug-23,Imports: Finland,53.7
01-Aug-23,Imports: France,1417.3
01-Aug-23,Imports: French Polynesia,0.2
01-Aug-23,Imports: Gabon,11.9
01-Aug-23,Imports: Germany,1143.1
01-Aug-23,Imports: Ghana,5.8
01-Aug-23,Imports: Greece,63.1
01-Aug-23,Imports: Guam,0.1
01-Aug-23,Imports: Guatemala,1.8
01-Aug-23,Imports: Hong Kong SAR (China),197.9
01-Aug-23,Imports: Hungary,33.1
01-Aug-23,Imports: India,959.4
01-Aug-23,Imports: Indonesia,1773.3
01-Aug-23,Imports: Iran,0.2
01-Aug-23,Imports: Ireland,117.4
01-Aug-23,Imports: Israel,102.7
01-Aug-23,Imports: Italy,662.5
01-Aug-23,Imports: Jamaica,0.1
01-Aug-23,Imports: Japan,2144.7
01-Aug-23,Imports: Jordan,5.5
01-Aug-23,Imports: Kazakhstan,160.4
01-Aug-23,Imports: Kenya,1.7
01-Aug-23,Imports: Kuwait,216
01-Aug-23,Imports: Lao Peo Dem Rep,0.3
01-Aug-23,Imports: Latvia,3.4
01-Aug-23,Imports: Lebanon,0.2
01-Aug-23,Imports: Liberia,0.5
01-Aug-23,Imports: Lithuania,8.2
01-Aug-23,Imports: Luxembourg,4.5
01-Aug-23,Imports: Macau SAR (China),2.4
01-Aug-23,Imports: Madagascar,4
01-Aug-23,Imports: Malaysia,5341.9
01-Aug-23,Imports: Maldives Rep of,5
01-Aug-23,Imports: Malta,23.8
01-Aug-23,Imports: Mauritius,0.7
01-Aug-23,Imports: Mexico,269.9
01-Aug-23,Imports: Morocco,24.3
01-Aug-23,Imports: Mozambique,0
01-Aug-23,Imports: Myanmar,17.1
01-Aug-23,Imports: Nepal,1.2
01-Aug-23,Imports: Netherlands Antilles,0
01-Aug-23,Imports: Netherlands,402.9
01-Aug-23,Imports: New Zealand,73.1
01-Aug-23,Imports: Nigeria,0.1
01-Aug-23,Imports: Northern Mariana Islands,0.1
01-Aug-23,Imports: Norway,65
01-Aug-23,Imports: Oman,107.5
01-Aug-23,Imports: Other Countries of Africa,102.6
01-Aug-23,Imports: Other Countries of America,3
01-Aug-23,Imports: Other Countries of Asia,60.3
01-Aug-23,Imports: Other Countries of Europe,6.1
01-Aug-23,Imports: Other Countries of Oceania,0.9
01-Aug-23,Imports: Pakistan,6.8
01-Aug-23,Imports: Panama,0.3
01-Aug-23,Imports: Papua New Guinea,14.7
01-Aug-23,Imports: Peru,13.2
01-Aug-23,Imports: Philippines,608.6
01-Aug-23,Imports: Poland,74.1
01-Aug-23,Imports: Portugal,32.6
01-Aug-23,Imports: Puerto Rico,22.8
01-Aug-23,Imports: Qatar,756.8
01-Aug-23,Imports: Reunion,0
01-Aug-23,Imports: Romania,24.2
01-Aug-23,Imports: Russia,291.8
01-Aug-23,Imports: Saudi Arabia,723.2
01-Aug-23,Imports: Seychelles,0
01-Aug-23,Imports: Slovak Republic,8.7
01-Aug-23,Imports: Slovenia,10
01-Aug-23,Imports: Solomon Islands,0
01-Aug-23,Imports: South Africa,27.4
01-Aug-23,Imports: South Korea,2766.4
01-Aug-23,Imports: Spain,175.6
01-Aug-23,Imports: Sri Lanka,8.7
01-Aug-23,Imports: Sudan,53.9
01-Aug-23,Imports: Sweden,159.3
01-Aug-23,Imports: Switzerland,1180.9
01-Aug-23,Imports: Taiwan,6263.8
01-Aug-23,Imports: Tanzania,0.5
01-Aug-23,Imports: Thailand,1431.7
01-Aug-23,Imports: Tunisia,5.1
01-Aug-23,Imports: Turkey,64
01-Aug-23,Imports: USA,6867.9
01-Aug-23,Imports: Ukraine,4.5
01-Aug-23,Imports: United Arab Emirates,1714.4
01-Aug-23,Imports: United Kingdom,966.2
01-Aug-23,Imports: Uruguay,15
01-Aug-23,Imports: Vanuatu,0
01-Aug-23,Imports: Venezuela,0.1
01-Aug-23,Imports: Vietnam,553.3
01-Aug-23,Imports: Yemen,0.2
01-Aug-23,Imports: Zambia,0.2
01-Aug-23,Imports: Zimbabwe,1
01-Sep-23,Imports: Afghanistan,0
01-Sep-23,Imports: Angola,114.8
01-Sep-23,Imports: Argentina,5.7
01-Sep-23,Imports: Australia,455.1
01-Sep-23,Imports: Austria,125.2
01-Sep-23,Imports: Bahamas,0
01-Sep-23,Imports: Bahrain,21.7
01-Sep-23,Imports: Bangladesh,13.7
01-Sep-23,Imports: Belarus,0.1
01-Sep-23,Imports: Belgium,182.1
01-Sep-23,Imports: Brazil,835.3
01-Sep-23,Imports: Brunei,189.7
01-Sep-23,Imports: Bulgaria,4.3
01-Sep-23,Imports: Cambodia,10.6
01-Sep-23,Imports: Cameroon,4.4
01-Sep-23,Imports: Canada,206.5
01-Sep-23,Imports: Chile,8.4
01-Sep-23,Imports: China,7039.8
01-Sep-23,Imports: Colombia,7.5
01-Sep-23,Imports: Comoros,0
01-Sep-23,Imports: Costa Rica,21.7
01-Sep-23,Imports: Cote D'ivoire,11.2
01-Sep-23,Imports: Croatia,2.8
01-Sep-23,Imports: Cuba,1.5
01-Sep-23,Imports: Cyprus,2.3
01-Sep-23,"Imports: Czech, Republic",66.3
01-Sep-23,Imports: Denmark,51.8
01-Sep-23,Imports: Djibouti,0.4
01-Sep-23,Imports: Dominican Rep,7.8
01-Sep-23,Imports: Ecuador,5.1
01-Sep-23,Imports: Egypt,71.4
01-Sep-23,Imports: El Salvador,1.3
01-Sep-23,Imports: Estonia,7.8
01-Sep-23,Imports: Eswatini,0.3
01-Sep-23,Imports: Ethiopia,6.8
01-Sep-23,Imports: Fiji,0.4
01-Sep-23,Imports: Finland,40.9
01-Sep-23,Imports: France,1356.3
01-Sep-23,Imports: French Polynesia,0.3
01-Sep-23,Imports: Gabon,0
01-Sep-23,Imports: Germany,1114
01-Sep-23,Imports: Ghana,3.5
01-Sep-23,Imports: Greece,11.8
01-Sep-23,Imports: Guam,0
01-Sep-23,Imports: Guatemala,1.1
01-Sep-23,Imports: Hong Kong SAR (China),204.6
01-Sep-23,Imports: Hungary,40.6
01-Sep-23,Imports: India,713.5
01-Sep-23,Imports: Indonesia,1675.3
01-Sep-23,Imports: Iran,0.3
01-Sep-23,Imports: Ireland,113
01-Sep-23,Imports: Israel,85.4
01-Sep-23,Imports: Italy,597.8
01-Sep-23,Imports: Jamaica,0
01-Sep-23,Imports: Japan,2233.7
01-Sep-23,Imports: Jordan,2.2
01-Sep-23,Imports: Kazakhstan,0.1
01-Sep-23,Imports: Kenya,0.4
01-Sep-23,Imports: Kuwait,188.7
01-Sep-23,Imports: Lao Peo Dem Rep,0.5
01-Sep-23,Imports: Latvia,1.7
01-Sep-23,Imports: Lebanon,0.3
01-Sep-23,Imports: Liberia,0.4
01-Sep-23,Imports: Lithuania,22.2
01-Sep-23,Imports: Luxembourg,50.1
01-Sep-23,Imports: Macau SAR (China),0.4
01-Sep-23,Imports: Madagascar,8.7
01-Sep-23,Imports: Malaysia,5224.8
01-Sep-23,Imports: Maldives Rep of,11
01-Sep-23,Imports: Malta,19.5
01-Sep-23,Imports: Mauritius,0.9
01-Sep-23,Imports: Mexico,251.9
01-Sep-23,Imports: Morocco,23.3
01-Sep-23,Imports: Mozambique,3.6
01-Sep-23,Imports: Myanmar,5.4
01-Sep-23,Imports: Nepal,0.2
01-Sep-23,Imports: Netherlands Antilles,0
01-Sep-23,Imports: Netherlands,237.6
01-Sep-23,Imports: New Zealand,100.5
01-Sep-23,Imports: Nigeria,0.1
01-Sep-23,Imports: Northern Mariana Islands,0
01-Sep-23,Imports: Norway,56.3
01-Sep-23,Imports: Oman,120.7
01-Sep-23,Imports: Other Countries of Africa,41.3
01-Sep-23,Imports: Other Countries of America,2.1
01-Sep-23,Imports: Other Countries of Asia,2.3
01-Sep-23,Imports: Other Countries of Europe,8.8
01-Sep-23,Imports: Other Countries of Oceania,0.3
01-Sep-23,Imports: Pakistan,9.6
01-Sep-23,Imports: Panama,0.2
01-Sep-23,Imports: Papua New Guinea,2.3
01-Sep-23,Imports: Peru,12.2
01-Sep-23,Imports: Philippines,566
01-Sep-23,Imports: Poland,61.2
01-Sep-23,Imports: Portugal,32.6
01-Sep-23,Imports: Puerto Rico,4.9
01-Sep-23,Imports: Qatar,711
01-Sep-23,Imports: Reunion,1.6
01-Sep-23,Imports: Romania,22.5
01-Sep-23,Imports: Russia,428.1
01-Sep-23,Imports: Saudi Arabia,594.1
01-Sep-23,Imports: Seychelles,0.1
01-Sep-23,Imports: Slovak Republic,7.8
01-Sep-23,Imports: Slovenia,8.7
01-Sep-23,Imports: Solomon Islands,0
01-Sep-23,Imports: South Africa,38.5
01-Sep-23,Imports: South Korea,3049.6
01-Sep-23,Imports: Spain,191.7
01-Sep-23,Imports: Sri Lanka,11.4
01-Sep-23,Imports: Sudan,38.2
01-Sep-23,Imports: Sweden,110.6
01-Sep-23,Imports: Switzerland,1098.4
01-Sep-23,Imports: Taiwan,7289.2
01-Sep-23,Imports: Tanzania,0.3
01-Sep-23,Imports: Thailand,1361.2
01-Sep-23,Imports: Tunisia,85.7
01-Sep-23,Imports: Turkey,131.2
01-Sep-23,Imports: USA,5589.9
01-Sep-23,Imports: Ukraine,1.7
01-Sep-23,Imports: United Arab Emirates,1852.4
01-Sep-23,Imports: United Kingdom,919.3
01-Sep-23,Imports: Uruguay,2.5
01-Sep-23,Imports: Vanuatu,0
01-Sep-23,Imports: Venezuela,0.6
01-Sep-23,Imports: Vietnam,513.5
01-Sep-23,Imports: Yemen,0
01-Sep-23,Imports: Zambia,0.4
01-Sep-23,Imports: Zimbabwe,0.6
01-Oct-23,Imports: Afghanistan,0
01-Oct-23,Imports: Angola,124.8
01-Oct-23,Imports: Argentina,7.9
01-Oct-23,Imports: Australia,1091.9
01-Oct-23,Imports: Austria,83.4
01-Oct-23,Imports: Bahamas,0
01-Oct-23,Imports: Bahrain,54.4
01-Oct-23,Imports: Bangladesh,11.9
01-Oct-23,Imports: Belarus,0.9
01-Oct-23,Imports: Belgium,150.4
01-Oct-23,Imports: Brazil,583.1
01-Oct-23,Imports: Brunei,292.8
01-Oct-23,Imports: Bulgaria,21.8
01-Oct-23,Imports: Cambodia,196.3
01-Oct-23,Imports: Cameroon,5.6
01-Oct-23,Imports: Canada,231.1
01-Oct-23,Imports: Chile,6.6
01-Oct-23,Imports: China,8248.7
01-Oct-23,Imports: Colombia,1.3
01-Oct-23,Imports: Comoros,0
01-Oct-23,Imports: Costa Rica,45
01-Oct-23,Imports: Cote D'ivoire,10.5
01-Oct-23,Imports: Croatia,2.3
01-Oct-23,Imports: Cuba,0.2
01-Oct-23,Imports: Cyprus,2.3
01-Oct-23,"Imports: Czech, Republic",67.6
01-Oct-23,Imports: Denmark,129.4
01-Oct-23,Imports: Djibouti,0.3
01-Oct-23,Imports: Dominican Rep,6.2
01-Oct-23,Imports: Ecuador,5.7
01-Oct-23,Imports: Egypt,1.5
01-Oct-23,Imports: El Salvador,1.4
01-Oct-23,Imports: Estonia,178.6
01-Oct-23,Imports: Eswatini,0.1
01-Oct-23,Imports: Ethiopia,5.7
01-Oct-23,Imports: Fiji,0.1
01-Oct-23,Imports: Finland,49.3
01-Oct-23,Imports: France,1503.7
01-Oct-23,Imports: French Polynesia,0
01-Oct-23,Imports: Gabon,0
01-Oct-23,Imports: Germany,1116.3
01-Oct-23,Imports: Ghana,3.6
01-Oct-23,Imports: Greece,74
01-Oct-23,Imports: Guam,0.1
01-Oct-23,Imports: Guatemala,0.5
01-Oct-23,Imports: Hong Kong SAR (China),227
01-Oct-23,Imports: Hungary,56.8
01-Oct-23,Imports: India,736
01-Oct-23,Imports: Indonesia,1725.1
01-Oct-23,Imports: Iran,0.1
01-Oct-23,Imports: Ireland,111.9
01-Oct-23,Imports: Israel,67.8
01-Oct-23,Imports: Italy,676.6
01-Oct-23,Imports: Jamaica,0.1
01-Oct-23,Imports: Japan,2352.3
01-Oct-23,Imports: Jordan,3.8
01-Oct-23,Imports: Kazakhstan,154
01-Oct-23,Imports: Kenya,1
01-Oct-23,Imports: Kuwait,84.1
01-Oct-23,Imports: Lao Peo Dem Rep,0.8
01-Oct-23,Imports: Latvia,2.2
01-Oct-23,Imports: Lebanon,0.4
01-Oct-23,Imports: Liberia,1.6
01-Oct-23,Imports: Lithuania,18.7
01-Oct-23,Imports: Luxembourg,2.8
01-Oct-23,Imports: Macau SAR (China),7
01-Oct-23,Imports: Madagascar,4.2
01-Oct-23,Imports: Malaysia,5654.6
01-Oct-23,Imports: Maldives Rep of,17.6
01-Oct-23,Imports: Malta,25.4
01-Oct-23,Imports: Mauritius,0.8
01-Oct-23,Imports: Mexico,253.7
01-Oct-23,Imports: Morocco,27.2
01-Oct-23,Imports: Mozambique,0
01-Oct-23,Imports: Myanmar,6.7
01-Oct-23,Imports: Nepal,0.6
01-Oct-23,Imports: Netherlands Antilles,0
01-Oct-23,Imports: Netherlands,305.8
01-Oct-23,Imports: New Zealand,63.4
01-Oct-23,Imports: Nigeria,76.9
01-Oct-23,Imports: Northern Mariana Islands,0
01-Oct-23,Imports: Norway,66.9
01-Oct-23,Imports: Oman,18.4
01-Oct-23,Imports: Other Countries of Africa,112.2
01-Oct-23,Imports: Other Countries of America,2.3
01-Oct-23,Imports: Other Countries of Asia,2.7
01-Oct-23,Imports: Other Countries of Europe,23.4
01-Oct-23,Imports: Other Countries of Oceania,0.6
01-Oct-23,Imports: Pakistan,7.8
01-Oct-23,Imports: Panama,0.2
01-Oct-23,Imports: Papua New Guinea,2
01-Oct-23,Imports: Peru,1.4
01-Oct-23,Imports: Philippines,503.8
01-Oct-23,Imports: Poland,57.6
01-Oct-23,Imports: Portugal,28.2
01-Oct-23,Imports: Puerto Rico,7.3
01-Oct-23,Imports: Qatar,858.7
01-Oct-23,Imports: Reunion,0.8
01-Oct-23,Imports: Romania,25
01-Oct-23,Imports: Russia,380.9
01-Oct-23,Imports: Saudi Arabia,867.1
01-Oct-23,Imports: Seychelles,0
01-Oct-23,Imports: Slovak Republic,8.3
01-Oct-23,Imports: Slovenia,6.2
01-Oct-23,Imports: Solomon Islands,0
01-Oct-23,Imports: South Africa,83.5
01-Oct-23,Imports: South Korea,3180.5
01-Oct-23,Imports: Spain,210.8
01-Oct-23,Imports: Sri Lanka,8.1
01-Oct-23,Imports: Sudan,60.7
01-Oct-23,Imports: Sweden,147.4
01-Oct-23,Imports: Switzerland,1367
01-Oct-23,Imports: Taiwan,5950.2
01-Oct-23,Imports: Tanzania,2.7
01-Oct-23,Imports: Thailand,1554.6
01-Oct-23,Imports: Tunisia,4.3
01-Oct-23,Imports: Turkey,123.1
01-Oct-23,Imports: USA,6358.4
01-Oct-23,Imports: Ukraine,3
01-Oct-23,Imports: United Arab Emirates,1368.4
01-Oct-23,Imports: United Kingdom,910.6
01-Oct-23,Imports: Uruguay,0.6
01-Oct-23,Imports: Vanuatu,0
01-Oct-23,Imports: Venezuela,0
01-Oct-23,Imports: Vietnam,584.5
01-Oct-23,Imports: Yemen,0.2
01-Oct-23,Imports: Zambia,0
01-Oct-23,Imports: Zimbabwe,1.3
01-Nov-23,Imports: Afghanistan,0
01-Nov-23,Imports: Angola,114.8
01-Nov-23,Imports: Argentina,40.4
01-Nov-23,Imports: Australia,1051.7
01-Nov-23,Imports: Austria,92.2
01-Nov-23,Imports: Bahamas,0
01-Nov-23,Imports: Bahrain,44.6
01-Nov-23,Imports: Bangladesh,12.9
01-Nov-23,Imports: Belarus,0.8
01-Nov-23,Imports: Belgium,91.8
01-Nov-23,Imports: Brazil,477.2
01-Nov-23,Imports: Brunei,281
01-Nov-23,Imports: Bulgaria,82.6
01-Nov-23,Imports: Cambodia,104.5
01-Nov-23,Imports: Cameroon,2.8
01-Nov-23,Imports: Canada,234.3
01-Nov-23,Imports: Chile,10.4
01-Nov-23,Imports: China,7283.3
01-Nov-23,Imports: Colombia,3.5
01-Nov-23,Imports: Comoros,0
01-Nov-23,Imports: Costa Rica,36.3
01-Nov-23,Imports: Cote D'ivoire,10.8
01-Nov-23,Imports: Croatia,1.8
01-Nov-23,Imports: Cuba,0.3
01-Nov-23,Imports: Cyprus,1.8
01-Nov-23,"Imports: Czech, Republic",73.5
01-Nov-23,Imports: Denmark,114.1
01-Nov-23,Imports: Djibouti,0
01-Nov-23,Imports: Dominican Rep,6.7
01-Nov-23,Imports: Ecuador,5.2
01-Nov-23,Imports: Egypt,2.1
01-Nov-23,Imports: El Salvador,1.3
01-Nov-23,Imports: Estonia,31.6
01-Nov-23,Imports: Eswatini,0.1
01-Nov-23,Imports: Ethiopia,8.6
01-Nov-23,Imports: Fiji,0.4
01-Nov-23,Imports: Finland,44.8
01-Nov-23,Imports: France,1578.5
01-Nov-23,Imports: French Polynesia,4.9
01-Nov-23,Imports: Gabon,0
01-Nov-23,Imports: Germany,1084.8
01-Nov-23,Imports: Ghana,4.6
01-Nov-23,Imports: Greece,13.1
01-Nov-23,Imports: Guam,0
01-Nov-23,Imports: Guatemala,7.2
01-Nov-23,Imports: Hong Kong SAR (China),213.8
01-Nov-23,Imports: Hungary,50.7
01-Nov-23,Imports: India,814
01-Nov-23,Imports: Indonesia,1786.6
01-Nov-23,Imports: Iran,0.2
01-Nov-23,Imports: Ireland,129.1
01-Nov-23,Imports: Israel,77.8
01-Nov-23,Imports: Italy,706
01-Nov-23,Imports: Jamaica,0
01-Nov-23,Imports: Japan,2432.8
01-Nov-23,Imports: Jordan,6.8
01-Nov-23,Imports: Kazakhstan,95.2
01-Nov-23,Imports: Kenya,0.5
01-Nov-23,Imports: Kuwait,60.1
01-Nov-23,Imports: Lao Peo Dem Rep,0.3
01-Nov-23,Imports: Latvia,2.4
01-Nov-23,Imports: Lebanon,0.3
01-Nov-23,Imports: Liberia,0
01-Nov-23,Imports: Lithuania,8.1
01-Nov-23,Imports: Luxembourg,2.4
01-Nov-23,Imports: Macau SAR (China),0.5
01-Nov-23,Imports: Madagascar,3.4
01-Nov-23,Imports: Malaysia,5426.4
01-Nov-23,Imports: Maldives Rep of,4.9
01-Nov-23,Imports: Malta,22.9
01-Nov-23,Imports: Mauritius,0.8
01-Nov-23,Imports: Mexico,268.8
01-Nov-23,Imports: Morocco,24.4
01-Nov-23,Imports: Mozambique,0.2
01-Nov-23,Imports: Myanmar,8
01-Nov-23,Imports: Nepal,0.8
01-Nov-23,Imports: Netherlands Antilles,0
01-Nov-23,Imports: Netherlands,361
01-Nov-23,Imports: New Zealand,62
01-Nov-23,Imports: Nigeria,4.6
01-Nov-23,Imports: Northern Mariana Islands,0
01-Nov-23,Imports: Norway,53.5
01-Nov-23,Imports: Oman,75
01-Nov-23,Imports: Other Countries of Africa,1.8
01-Nov-23,Imports: Other Countries of America,3.2
01-Nov-23,Imports: Other Countries of Asia,25.1
01-Nov-23,Imports: Other Countries of Europe,8.2
01-Nov-23,Imports: Other Countries of Oceania,1
01-Nov-23,Imports: Pakistan,38.3
01-Nov-23,Imports: Panama,0.1
01-Nov-23,Imports: Papua New Guinea,78.4
01-Nov-23,Imports: Peru,3
01-Nov-23,Imports: Philippines,449.9
01-Nov-23,Imports: Poland,65
01-Nov-23,Imports: Portugal,67.1
01-Nov-23,Imports: Puerto Rico,4.9
01-Nov-23,Imports: Qatar,683.4
01-Nov-23,Imports: Reunion,1.1
01-Nov-23,Imports: Romania,27.2
01-Nov-23,Imports: Russia,511.5
01-Nov-23,Imports: Saudi Arabia,548.5
01-Nov-23,Imports: Seychelles,0
01-Nov-23,Imports: Slovak Republic,10.3
01-Nov-23,Imports: Slovenia,12.2
01-Nov-23,Imports: Solomon Islands,0
01-Nov-23,Imports: South Africa,64.6
01-Nov-23,Imports: South Korea,3103.3
01-Nov-23,Imports: Spain,253.9
01-Nov-23,Imports: Sri Lanka,9.3
01-Nov-23,Imports: Sudan,0
01-Nov-23,Imports: Sweden,150
01-Nov-23,Imports: Switzerland,578.4
01-Nov-23,Imports: Taiwan,5189.3
01-Nov-23,Imports: Tanzania,5.2
01-Nov-23,Imports: Thailand,1413
01-Nov-23,Imports: Tunisia,61.1
01-Nov-23,Imports: Turkey,137.1
01-Nov-23,Imports: USA,6717.1
01-Nov-23,Imports: Ukraine,2.9
01-Nov-23,Imports: United Arab Emirates,1874.9
01-Nov-23,Imports: United Kingdom,859.1
01-Nov-23,Imports: Uruguay,0.5
01-Nov-23,Imports: Vanuatu,0
01-Nov-23,Imports: Venezuela,0
01-Nov-23,Imports: Vietnam,546.1
01-Nov-23,Imports: Yemen,0
01-Nov-23,Imports: Zambia,0
01-Nov-23,Imports: Zimbabwe,1
01-Dec-23,Imports: Afghanistan,0
01-Dec-23,Imports: Angola,0
01-Dec-23,Imports: Argentina,37.3
01-Dec-23,Imports: Australia,808
01-Dec-23,Imports: Austria,84.1
01-Dec-23,Imports: Bahamas,0
01-Dec-23,Imports: Bahrain,1.1
01-Dec-23,Imports: Bangladesh,14.6
01-Dec-23,Imports: Belarus,1.4
01-Dec-23,Imports: Belgium,103.3
01-Dec-23,Imports: Brazil,597.2
01-Dec-23,Imports: Brunei,175.6
01-Dec-23,Imports: Bulgaria,70
01-Dec-23,Imports: Cambodia,28.9
01-Dec-23,Imports: Cameroon,4.8
01-Dec-23,Imports: Canada,210
01-Dec-23,Imports: Chile,9.8
01-Dec-23,Imports: China,5898.3
01-Dec-23,Imports: Colombia,1.4
01-Dec-23,Imports: Comoros,0.4
01-Dec-23,Imports: Costa Rica,67.1
01-Dec-23,Imports: Cote D'ivoire,9
01-Dec-23,Imports: Croatia,1.4
01-Dec-23,Imports: Cuba,2.1
01-Dec-23,Imports: Cyprus,2.3
01-Dec-23,"Imports: Czech, Republic",69.4
01-Dec-23,Imports: Denmark,56.7
01-Dec-23,Imports: Djibouti,0.4
01-Dec-23,Imports: Dominican Rep,7.3
01-Dec-23,Imports: Ecuador,6.6
01-Dec-23,Imports: Egypt,3.6
01-Dec-23,Imports: El Salvador,1.6
01-Dec-23,Imports: Estonia,46.6
01-Dec-23,Imports: Eswatini,0.2
01-Dec-23,Imports: Ethiopia,1.1
01-Dec-23,Imports: Fiji,0.3
01-Dec-23,Imports: Finland,28.1
01-Dec-23,Imports: France,1431.7
01-Dec-23,Imports: French Polynesia,0.1
01-Dec-23,Imports: Gabon,0
01-Dec-23,Imports: Germany,1034
01-Dec-23,Imports: Ghana,3.5
01-Dec-23,Imports: Greece,13.1
01-Dec-23,Imports: Guam,0.1
01-Dec-23,Imports: Guatemala,2.9
01-Dec-23,Imports: Hong Kong SAR (China),212.6
01-Dec-23,Imports: Hungary,35
01-Dec-23,Imports: India,697.2
01-Dec-23,Imports: Indonesia,1857.2
01-Dec-23,Imports: Iran,0.5
01-Dec-23,Imports: Ireland,109.4
01-Dec-23,Imports: Israel,72.2
01-Dec-23,Imports: Italy,625.4
01-Dec-23,Imports: Jamaica,0.1
01-Dec-23,Imports: Japan,2346.3
01-Dec-23,Imports: Jordan,9
01-Dec-23,Imports: Kazakhstan,38.6
01-Dec-23,Imports: Kenya,0.7
01-Dec-23,Imports: Kuwait,123.5
01-Dec-23,Imports: Lao Peo Dem Rep,0.2
01-Dec-23,Imports: Latvia,2.3
01-Dec-23,Imports: Lebanon,0.4
01-Dec-23,Imports: Liberia,0
01-Dec-23,Imports: Lithuania,12.5
01-Dec-23,Imports: Luxembourg,2.5
01-Dec-23,Imports: Macau SAR (China),0.5
01-Dec-23,Imports: Madagascar,18.3
01-Dec-23,Imports: Malaysia,4955.1
01-Dec-23,Imports: Maldives Rep of,6.4
01-Dec-23,Imports: Malta,100.7
01-Dec-23,Imports: Mauritius,0.4
01-Dec-23,Imports: Mexico,234
01-Dec-23,Imports: Morocco,25.9
01-Dec-23,Imports: Mozambique,12.3
01-Dec-23,Imports: Myanmar,4.5
01-Dec-23,Imports: Nepal,0.7
01-Dec-23,Imports: Netherlands Antilles,0
01-Dec-23,Imports: Netherlands,228.9
01-Dec-23,Imports: New Zealand,80.6
01-Dec-23,Imports: Nigeria,1.9
01-Dec-23,Imports: Northern Mariana Islands,0
01-Dec-23,Imports: Norway,60.7
01-Dec-23,Imports: Oman,64.1
01-Dec-23,Imports: Other Countries of Africa,99.8
01-Dec-23,Imports: Other Countries of America,2.5
01-Dec-23,Imports: Other Countries of Asia,30.8
01-Dec-23,Imports: Other Countries of Europe,7.9
01-Dec-23,Imports: Other Countries of Oceania,0.2
01-Dec-23,Imports: Pakistan,47.3
01-Dec-23,Imports: Panama,0.3
01-Dec-23,Imports: Papua New Guinea,77.1
01-Dec-23,Imports: Peru,30.4
01-Dec-23,Imports: Philippines,443.9
01-Dec-23,Imports: Poland,52.5
01-Dec-23,Imports: Portugal,36.5
01-Dec-23,Imports: Puerto Rico,7.5
01-Dec-23,Imports: Qatar,333.4
01-Dec-23,Imports: Reunion,0.4
01-Dec-23,Imports: Romania,32.8
01-Dec-23,Imports: Russia,370
01-Dec-23,Imports: Saudi Arabia,562.8
01-Dec-23,Imports: Seychelles,0
01-Dec-23,Imports: Slovak Republic,7.9
01-Dec-23,Imports: Slovenia,5.3
01-Dec-23,Imports: Solomon Islands,0
01-Dec-23,Imports: South Africa,38.3
01-Dec-23,Imports: South Korea,3166.3
01-Dec-23,Imports: Spain,142.8
01-Dec-23,Imports: Sri Lanka,11
01-Dec-23,Imports: Sudan,18.9
01-Dec-23,Imports: Sweden,103.5
01-Dec-23,Imports: Switzerland,605.8
01-Dec-23,Imports: Taiwan,5752.4
01-Dec-23,Imports: Tanzania,2.4
01-Dec-23,Imports: Thailand,1308.8
01-Dec-23,Imports: Tunisia,5.2
01-Dec-23,Imports: Turkey,37.8
01-Dec-23,Imports: USA,5951.5
01-Dec-23,Imports: Ukraine,5.3
01-Dec-23,Imports: United Arab Emirates,1184.2
01-Dec-23,Imports: United Kingdom,1270.2
01-Dec-23,Imports: Uruguay,1
01-Dec-23,Imports: Vanuatu,0
01-Dec-23,Imports: Venezuela,0.2
01-Dec-23,Imports: Vietnam,656.6
01-Dec-23,Imports: Yemen,0.1
01-Dec-23,Imports: Zambia,0
01-Dec-23,Imports: Zimbabwe,0.2
01-Jan-24,Imports: Afghanistan,0
01-Jan-24,Imports: Angola,109.3
01-Jan-24,Imports: Argentina,35.6
01-Jan-24,Imports: Australia,902.7
01-Jan-24,Imports: Austria,108
01-Jan-24,Imports: Bahamas,0
01-Jan-24,Imports: Bahrain,1.1
01-Jan-24,Imports: Bangladesh,18.3
01-Jan-24,Imports: Belarus,2.7
01-Jan-24,Imports: Belgium,152.8
01-Jan-24,Imports: Brazil,506.8
01-Jan-24,Imports: Brunei,195.9
01-Jan-24,Imports: Bulgaria,4.4
01-Jan-24,Imports: Cambodia,18.6
01-Jan-24,Imports: Cameroon,6.7
01-Jan-24,Imports: Canada,480.8
01-Jan-24,Imports: Chile,13.1
01-Jan-24,Imports: China,6422.9
01-Jan-24,Imports: Colombia,1
01-Jan-24,Imports: Comoros,0.3
01-Jan-24,Imports: Costa Rica,47.3
01-Jan-24,Imports: Cote D'ivoire,6.1
01-Jan-24,Imports: Croatia,2.7
01-Jan-24,Imports: Cuba,1.5
01-Jan-24,Imports: Cyprus,2.5
01-Jan-24,"Imports: Czech, Republic",98.9
01-Jan-24,Imports: Denmark,64.8
01-Jan-24,Imports: Djibouti,0.2
01-Jan-24,Imports: Dominican Rep,7.9
01-Jan-24,Imports: Ecuador,7.2
01-Jan-24,Imports: Egypt,31.3
01-Jan-24,Imports: El Salvador,2.5
01-Jan-24,Imports: Estonia,8.7
01-Jan-24,Imports: Eswatini,0.1
01-Jan-24,Imports: Ethiopia,0.3
01-Jan-24,Imports: Fiji,0.3
01-Jan-24,Imports: Finland,51.6
01-Jan-24,Imports: France,1501.3
01-Jan-24,Imports: French Polynesia,0.2
01-Jan-24,Imports: Gabon,0
01-Jan-24,Imports: Germany,1034.4
01-Jan-24,Imports: Ghana,8.9
01-Jan-24,Imports: Greece,10.4
01-Jan-24,Imports: Guam,0
01-Jan-24,Imports: Guatemala,1
01-Jan-24,Imports: Hong Kong SAR (China),201.8
01-Jan-24,Imports: Hungary,43
01-Jan-24,Imports: India,956.9
01-Jan-24,Imports: Indonesia,1747.6
01-Jan-24,Imports: Iran,0.2
01-Jan-24,Imports: Ireland,147
01-Jan-24,Imports: Israel,87
01-Jan-24,Imports: Italy,602.2
01-Jan-24,Imports: Jamaica,0.2
01-Jan-24,Imports: Japan,2206.6
01-Jan-24,Imports: Jordan,2.4
01-Jan-24,Imports: Kazakhstan,95.1
01-Jan-24,Imports: Kenya,0.8
01-Jan-24,Imports: Kuwait,44
01-Jan-24,Imports: Lao Peo Dem Rep,4.9
01-Jan-24,Imports: Latvia,5.2
01-Jan-24,Imports: Lebanon,0.1
01-Jan-24,Imports: Liberia,0
01-Jan-24,Imports: Lithuania,6.9
01-Jan-24,Imports: Luxembourg,2.5
01-Jan-24,Imports: Macau SAR (China),0.5
01-Jan-24,Imports: Madagascar,11
01-Jan-24,Imports: Malaysia,5849.5
01-Jan-24,Imports: Maldives Rep of,0.1
01-Jan-24,Imports: Malta,25.5
01-Jan-24,Imports: Mauritius,0.7
01-Jan-24,Imports: Mexico,279.8
01-Jan-24,Imports: Morocco,22.2
01-Jan-24,Imports: Mozambique,74
01-Jan-24,Imports: Myanmar,5.6
01-Jan-24,Imports: Nepal,0.5
01-Jan-24,Imports: Netherlands Antilles,0
01-Jan-24,Imports: Netherlands,324.2
01-Jan-24,Imports: New Zealand,90.1
01-Jan-24,Imports: Nigeria,0.5
01-Jan-24,Imports: Northern Mariana Islands,0
01-Jan-24,Imports: Norway,67.1
01-Jan-24,Imports: Oman,112.5
01-Jan-24,Imports: Other Countries of Africa,94.9
01-Jan-24,Imports: Other Countries of America,1.3
01-Jan-24,Imports: Other Countries of Asia,0.8
01-Jan-24,Imports: Other Countries of Europe,8.3
01-Jan-24,Imports: Other Countries of Oceania,1.2
01-Jan-24,Imports: Pakistan,40.4
01-Jan-24,Imports: Panama,0.2
01-Jan-24,Imports: Papua New Guinea,68.2
01-Jan-24,Imports: Peru,15.1
01-Jan-24,Imports: Philippines,381.7
01-Jan-24,Imports: Poland,59.3
01-Jan-24,Imports: Portugal,48.5
01-Jan-24,Imports: Puerto Rico,8.6
01-Jan-24,Imports: Qatar,872.9
01-Jan-24,Imports: Reunion,1.7
01-Jan-24,Imports: Romania,32.1
01-Jan-24,Imports: Russia,579.5
01-Jan-24,Imports: Saudi Arabia,764.1
01-Jan-24,Imports: Seychelles,0
01-Jan-24,Imports: Slovak Republic,6.8
01-Jan-24,Imports: Slovenia,7.3
01-Jan-24,Imports: Solomon Islands,0
01-Jan-24,Imports: South Africa,208.2
01-Jan-24,Imports: South Korea,4087.8
01-Jan-24,Imports: Spain,150.4
01-Jan-24,Imports: Sri Lanka,7.1
01-Jan-24,Imports: Sudan,0
01-Jan-24,Imports: Sweden,110.7
01-Jan-24,Imports: Switzerland,1525.4
01-Jan-24,Imports: Taiwan,5658.6
01-Jan-24,Imports: Tanzania,2.4
01-Jan-24,Imports: Thailand,1337
01-Jan-24,Imports: Tunisia,7.8
01-Jan-24,Imports: Turkey,39.1
01-Jan-24,Imports: USA,5242.3
01-Jan-24,Imports: Ukraine,1.9
01-Jan-24,Imports: United Arab Emirates,1029.2
01-Jan-24,Imports: United Kingdom,966.6
01-Jan-24,Imports: Uruguay,16
01-Jan-24,Imports: Vanuatu,0
01-Jan-24,Imports: Venezuela,0.3
01-Jan-24,Imports: Vietnam,678.8
01-Jan-24,Imports: Yemen,0
01-Jan-24,Imports: Zambia,0.7
01-Jan-24,Imports: Zimbabwe,0.2
01-Feb-24,Imports: Afghanistan,0
01-Feb-24,Imports: Angola,42.8
01-Feb-24,Imports: Argentina,45.1
01-Feb-24,Imports: Australia,754.8
01-Feb-24,Imports: Austria,78
01-Feb-24,Imports: Bahamas,0
01-Feb-24,Imports: Bahrain,120.8
01-Feb-24,Imports: Bangladesh,15.4
01-Feb-24,Imports: Belarus,1.6
01-Feb-24,Imports: Belgium,160.4
01-Feb-24,Imports: Brazil,715
01-Feb-24,Imports: Brunei,257.4
01-Feb-24,Imports: Bulgaria,396.4
01-Feb-24,Imports: Cambodia,18.3
01-Feb-24,Imports: Cameroon,10.5
01-Feb-24,Imports: Canada,248.1
01-Feb-24,Imports: Chile,23.4
01-Feb-24,Imports: China,4971.1
01-Feb-24,Imports: Colombia,0.8
01-Feb-24,Imports: Comoros,0
01-Feb-24,Imports: Costa Rica,39.6
01-Feb-24,Imports: Cote D'ivoire,9.6
01-Feb-24,Imports: Croatia,7.3
01-Feb-24,Imports: Cuba,0.3
01-Feb-24,Imports: Cyprus,4.6
01-Feb-24,"Imports: Czech, Republic",76.5
01-Feb-24,Imports: Denmark,56.9
01-Feb-24,Imports: Djibouti,0
01-Feb-24,Imports: Dominican Rep,3.9
01-Feb-24,Imports: Ecuador,2.8
01-Feb-24,Imports: Egypt,2.5
01-Feb-24,Imports: El Salvador,1.7
01-Feb-24,Imports: Estonia,7
01-Feb-24,Imports: Eswatini,0.1
01-Feb-24,Imports: Ethiopia,4.8
01-Feb-24,Imports: Fiji,0.1
01-Feb-24,Imports: Finland,38.1
01-Feb-24,Imports: France,1629.5
01-Feb-24,Imports: French Polynesia,0.4
01-Feb-24,Imports: Gabon,0
01-Feb-24,Imports: Germany,967.5
01-Feb-24,Imports: Ghana,5.4
01-Feb-24,Imports: Greece,12.8
01-Feb-24,Imports: Guam,0
01-Feb-24,Imports: Guatemala,0.7
01-Feb-24,Imports: Hong Kong SAR (China),354.7
01-Feb-24,Imports: Hungary,40.5
01-Feb-24,Imports: India,1025.7
01-Feb-24,Imports: Indonesia,1371.9
01-Feb-24,Imports: Iran,0.5
01-Feb-24,Imports: Ireland,128.7
01-Feb-24,Imports: Israel,73.5
01-Feb-24,Imports: Italy,538.3
01-Feb-24,Imports: Jamaica,0.1
01-Feb-24,Imports: Japan,2154.5
01-Feb-24,Imports: Jordan,4.7
01-Feb-24,Imports: Kazakhstan,0
01-Feb-24,Imports: Kenya,0.7
01-Feb-24,Imports: Kuwait,50.2
01-Feb-24,Imports: Lao Peo Dem Rep,0.6
01-Feb-24,Imports: Latvia,1.3
01-Feb-24,Imports: Lebanon,0.3
01-Feb-24,Imports: Liberia,0
01-Feb-24,Imports: Lithuania,8.9
01-Feb-24,Imports: Luxembourg,2.4
01-Feb-24,Imports: Macau SAR (China),0.3
01-Feb-24,Imports: Madagascar,1.9
01-Feb-24,Imports: Malaysia,5084
01-Feb-24,Imports: Maldives Rep of,0.1
01-Feb-24,Imports: Malta,36.3
01-Feb-24,Imports: Mauritius,0.5
01-Feb-24,Imports: Mexico,266.9
01-Feb-24,Imports: Morocco,20.2
01-Feb-24,Imports: Mozambique,57.7
01-Feb-24,Imports: Myanmar,3.5
01-Feb-24,Imports: Nepal,0.5
01-Feb-24,Imports: Netherlands Antilles,0
01-Feb-24,Imports: Netherlands,422.5
01-Feb-24,Imports: New Zealand,44.6
01-Feb-24,Imports: Nigeria,3.9
01-Feb-24,Imports: Northern Mariana Islands,0
01-Feb-24,Imports: Norway,61.2
01-Feb-24,Imports: Oman,175.7
01-Feb-24,Imports: Other Countries of Africa,77.8
01-Feb-24,Imports: Other Countries of America,0.7
01-Feb-24,Imports: Other Countries of Asia,23.2
01-Feb-24,Imports: Other Countries of Europe,9.7
01-Feb-24,Imports: Other Countries of Oceania,0.3
01-Feb-24,Imports: Pakistan,5.9
01-Feb-24,Imports: Panama,0.1
01-Feb-24,Imports: Papua New Guinea,2.4
01-Feb-24,Imports: Peru,33.7
01-Feb-24,Imports: Philippines,435.1
01-Feb-24,Imports: Poland,56.2
01-Feb-24,Imports: Portugal,38.4
01-Feb-24,Imports: Puerto Rico,9.3
01-Feb-24,Imports: Qatar,525.3
01-Feb-24,Imports: Reunion,0.1
01-Feb-24,Imports: Romania,33.9
01-Feb-24,Imports: Russia,671.5
01-Feb-24,Imports: Saudi Arabia,812
01-Feb-24,Imports: Seychelles,0
01-Feb-24,Imports: Slovak Republic,8.8
01-Feb-24,Imports: Slovenia,6.1
01-Feb-24,Imports: Solomon Islands,0
01-Feb-24,Imports: South Africa,52.8
01-Feb-24,Imports: South Korea,2957.2
01-Feb-24,Imports: Spain,139.7
01-Feb-24,Imports: Sri Lanka,25.2
01-Feb-24,Imports: Sudan,0
01-Feb-24,Imports: Sweden,113.8
01-Feb-24,Imports: Switzerland,1463.7
01-Feb-24,Imports: Taiwan,5591.7
01-Feb-24,Imports: Tanzania,1
01-Feb-24,Imports: Thailand,956.4
01-Feb-24,Imports: Tunisia,22.2
01-Feb-24,Imports: Turkey,121.8
01-Feb-24,Imports: USA,4958.7
01-Feb-24,Imports: Ukraine,1.1
01-Feb-24,Imports: United Arab Emirates,1675.5
01-Feb-24,Imports: United Kingdom,771.9
01-Feb-24,Imports: Uruguay,0.4
01-Feb-24,Imports: Vanuatu,0
01-Feb-24,Imports: Venezuela,0
01-Feb-24,Imports: Vietnam,550.6
01-Feb-24,Imports: Yemen,0
01-Feb-24,Imports: Zambia,0.3
01-Feb-24,Imports: Zimbabwe,0.3
01-Mar-24,Imports: Afghanistan,0
01-Mar-24,Imports: Angola,0
01-Mar-24,Imports: Argentina,42.4
01-Mar-24,Imports: Australia,1107.2
01-Mar-24,Imports: Austria,98.7
01-Mar-24,Imports: Bahamas,0
01-Mar-24,Imports: Bahrain,43.7
01-Mar-24,Imports: Bangladesh,31.6
01-Mar-24,Imports: Belarus,2.5
01-Mar-24,Imports: Belgium,214.2
01-Mar-24,Imports: Brazil,574.8
01-Mar-24,Imports: Brunei,130.5
01-Mar-24,Imports: Bulgaria,4
01-Mar-24,Imports: Cambodia,12.9
01-Mar-24,Imports: Cameroon,14.4
01-Mar-24,Imports: Canada,261.1
01-Mar-24,Imports: Chile,8
01-Mar-24,Imports: China,6149.3
01-Mar-24,Imports: Colombia,15.1
01-Mar-24,Imports: Comoros,0.1
01-Mar-24,Imports: Costa Rica,42
01-Mar-24,Imports: Cote D'ivoire,7.9
01-Mar-24,Imports: Croatia,2.1
01-Mar-24,Imports: Cuba,1.2
01-Mar-24,Imports: Cyprus,137.2
01-Mar-24,"Imports: Czech, Republic",100
01-Mar-24,Imports: Denmark,57.4
01-Mar-24,Imports: Djibouti,0
01-Mar-24,Imports: Dominican Rep,6.8
01-Mar-24,Imports: Ecuador,6.2
01-Mar-24,Imports: Egypt,4.1
01-Mar-24,Imports: El Salvador,2.3
01-Mar-24,Imports: Estonia,22.6
01-Mar-24,Imports: Eswatini,0.2
01-Mar-24,Imports: Ethiopia,4.2
01-Mar-24,Imports: Fiji,0.2
01-Mar-24,Imports: Finland,40.6
01-Mar-24,Imports: France,1363.2
01-Mar-24,Imports: French Polynesia,0.1
01-Mar-24,Imports: Gabon,0
01-Mar-24,Imports: Germany,1115.9
01-Mar-24,Imports: Ghana,50.4
01-Mar-24,Imports: Greece,67.8
01-Mar-24,Imports: Guam,0
01-Mar-24,Imports: Guatemala,3
01-Mar-24,Imports: Hong Kong SAR (China),427.5
01-Mar-24,Imports: Hungary,49.6
01-Mar-24,Imports: India,845.7
01-Mar-24,Imports: Indonesia,1896.9
01-Mar-24,Imports: Iran,0.4
01-Mar-24,Imports: Ireland,157.2
01-Mar-24,Imports: Israel,83.5
01-Mar-24,Imports: Italy,626.9
01-Mar-24,Imports: Jamaica,0.1
01-Mar-24,Imports: Japan,2461.6
01-Mar-24,Imports: Jordan,1.7
01-Mar-24,Imports: Kazakhstan,84.7
01-Mar-24,Imports: Kenya,1.7
01-Mar-24,Imports: Kuwait,113.4
01-Mar-24,Imports: Lao Peo Dem Rep,1.8
01-Mar-24,Imports: Latvia,1.1
01-Mar-24,Imports: Lebanon,0.1
01-Mar-24,Imports: Liberia,0
01-Mar-24,Imports: Lithuania,16
01-Mar-24,Imports: Luxembourg,3.3
01-Mar-24,Imports: Macau SAR (China),0.7
01-Mar-24,Imports: Madagascar,4.6
01-Mar-24,Imports: Malaysia,5374.5
01-Mar-24,Imports: Maldives Rep of,0.1
01-Mar-24,Imports: Malta,25.6
01-Mar-24,Imports: Mauritius,1
01-Mar-24,Imports: Mexico,353.7
01-Mar-24,Imports: Morocco,30.5
01-Mar-24,Imports: Mozambique,50.4
01-Mar-24,Imports: Myanmar,6.9
01-Mar-24,Imports: Nepal,0.4
01-Mar-24,Imports: Netherlands Antilles,0
01-Mar-24,Imports: Netherlands,319.8
01-Mar-24,Imports: New Zealand,71.2
01-Mar-24,Imports: Nigeria,2.4
01-Mar-24,Imports: Northern Mariana Islands,0
01-Mar-24,Imports: Norway,54.6
01-Mar-24,Imports: Oman,79.3
01-Mar-24,Imports: Other Countries of Africa,163.9
01-Mar-24,Imports: Other Countries of America,1.4
01-Mar-24,Imports: Other Countries of Asia,37.5
01-Mar-24,Imports: Other Countries of Europe,9.8
01-Mar-24,Imports: Other Countries of Oceania,0.1
01-Mar-24,Imports: Pakistan,10.2
01-Mar-24,Imports: Panama,0.2
01-Mar-24,Imports: Papua New Guinea,20.6
01-Mar-24,Imports: Peru,7.2
01-Mar-24,Imports: Philippines,513.1
01-Mar-24,Imports: Poland,70.1
01-Mar-24,Imports: Portugal,39
01-Mar-24,Imports: Puerto Rico,26.9
01-Mar-24,Imports: Qatar,491.1
01-Mar-24,Imports: Reunion,0.7
01-Mar-24,Imports: Romania,23.7
01-Mar-24,Imports: Russia,551.3
01-Mar-24,Imports: Saudi Arabia,750.8
01-Mar-24,Imports: Seychelles,0
01-Mar-24,Imports: Slovak Republic,9.7
01-Mar-24,Imports: Slovenia,5.2
01-Mar-24,Imports: Solomon Islands,0
01-Mar-24,Imports: South Africa,58.7
01-Mar-24,Imports: South Korea,3269.5
01-Mar-24,Imports: Spain,219.6
01-Mar-24,Imports: Sri Lanka,15.2
01-Mar-24,Imports: Sudan,33.6
01-Mar-24,Imports: Sweden,140.5
01-Mar-24,Imports: Switzerland,1145.6
01-Mar-24,Imports: Taiwan,8310.6
01-Mar-24,Imports: Tanzania,2.3
01-Mar-24,Imports: Thailand,1185.4
01-Mar-24,Imports: Tunisia,6.3
01-Mar-24,Imports: Turkey,47.7
01-Mar-24,Imports: USA,5838
01-Mar-24,Imports: Ukraine,3.1
01-Mar-24,Imports: United Arab Emirates,1561.7
01-Mar-24,Imports: United Kingdom,1022
01-Mar-24,Imports: Uruguay,0.7
01-Mar-24,Imports: Vanuatu,0
01-Mar-24,Imports: Venezuela,0
01-Mar-24,Imports: Vietnam,603.4
01-Mar-24,Imports: Yemen,0
01-Mar-24,Imports: Zambia,0.2
01-Mar-24,Imports: Zimbabwe,0
01-Apr-24,Imports: Afghanistan,0
01-Apr-24,Imports: Angola,148.9
01-Apr-24,Imports: Argentina,18.3
01-Apr-24,Imports: Australia,968.5
01-Apr-24,Imports: Austria,104.6
01-Apr-24,Imports: Bahamas,19.8
01-Apr-24,Imports: Bahrain,44.6
01-Apr-24,Imports: Bangladesh,25
01-Apr-24,Imports: Belarus,3.8
01-Apr-24,Imports: Belgium,111.6
01-Apr-24,Imports: Brazil,734
01-Apr-24,Imports: Brunei,210.9
01-Apr-24,Imports: Bulgaria,4.2
01-Apr-24,Imports: Cambodia,101.2
01-Apr-24,Imports: Cameroon,14.6
01-Apr-24,Imports: Canada,731.1
01-Apr-24,Imports: Chile,5.1
01-Apr-24,Imports: China,6909.9
01-Apr-24,Imports: Colombia,59.6
01-Apr-24,Imports: Comoros,0
01-Apr-24,Imports: Costa Rica,64.3
01-Apr-24,Imports: Cote D'ivoire,7.3
01-Apr-24,Imports: Croatia,3.2
01-Apr-24,Imports: Cuba,1
01-Apr-24,Imports: Cyprus,2.6
01-Apr-24,"Imports: Czech, Republic",97.6
01-Apr-24,Imports: Denmark,52.8
01-Apr-24,Imports: Djibouti,0.1
01-Apr-24,Imports: Dominican Rep,5.6
01-Apr-24,Imports: Ecuador,3.8
01-Apr-24,Imports: Egypt,3.5
01-Apr-24,Imports: El Salvador,2.3
01-Apr-24,Imports: Estonia,7
01-Apr-24,Imports: Eswatini,2.8
01-Apr-24,Imports: Ethiopia,5.1
01-Apr-24,Imports: Fiji,0.3
01-Apr-24,Imports: Finland,35.6
01-Apr-24,Imports: France,1510.9
01-Apr-24,Imports: French Polynesia,0.4
01-Apr-24,Imports: Gabon,0
01-Apr-24,Imports: Germany,1063.1
01-Apr-24,Imports: Ghana,4.2
01-Apr-24,Imports: Greece,23.3
01-Apr-24,Imports: Guam,0
01-Apr-24,Imports: Guatemala,2.6
01-Apr-24,Imports: Hong Kong SAR (China),184.7
01-Apr-24,Imports: Hungary,49.8
01-Apr-24,Imports: India,941.7
01-Apr-24,Imports: Indonesia,1466
01-Apr-24,Imports: Iran,0.1
01-Apr-24,Imports: Ireland,107.8
01-Apr-24,Imports: Israel,85.6
01-Apr-24,Imports: Italy,569.5
01-Apr-24,Imports: Jamaica,0
01-Apr-24,Imports: Japan,2264.1
01-Apr-24,Imports: Jordan,3.1
01-Apr-24,Imports: Kazakhstan,0
01-Apr-24,Imports: Kenya,0.3
01-Apr-24,Imports: Kuwait,78.7
01-Apr-24,Imports: Lao Peo Dem Rep,0.6
01-Apr-24,Imports: Latvia,1.9
01-Apr-24,Imports: Lebanon,0.3
01-Apr-24,Imports: Liberia,0
01-Apr-24,Imports: Lithuania,6.5
01-Apr-24,Imports: Luxembourg,3.1
01-Apr-24,Imports: Macau SAR (China),0.3
01-Apr-24,Imports: Madagascar,1.7
01-Apr-24,Imports: Malaysia,5915.8
01-Apr-24,Imports: Maldives Rep of,0.1
01-Apr-24,Imports: Malta,22.1
01-Apr-24,Imports: Mauritius,0.7
01-Apr-24,Imports: Mexico,328
01-Apr-24,Imports: Morocco,14.6
01-Apr-24,Imports: Mozambique,97.4
01-Apr-24,Imports: Myanmar,21.6
01-Apr-24,Imports: Nepal,0.5
01-Apr-24,Imports: Netherlands Antilles,0
01-Apr-24,Imports: Netherlands,251.6
01-Apr-24,Imports: New Zealand,62
01-Apr-24,Imports: Nigeria,6.4
01-Apr-24,Imports: Northern Mariana Islands,0
01-Apr-24,Imports: Norway,142
01-Apr-24,Imports: Oman,91.5
01-Apr-24,Imports: Other Countries of Africa,150.5
01-Apr-24,Imports: Other Countries of America,1
01-Apr-24,Imports: Other Countries of Asia,9.6
01-Apr-24,Imports: Other Countries of Europe,11.1
01-Apr-24,Imports: Other Countries of Oceania,1
01-Apr-24,Imports: Pakistan,6.3
01-Apr-24,Imports: Panama,0.1
01-Apr-24,Imports: Papua New Guinea,132.2
01-Apr-24,Imports: Peru,1.6
01-Apr-24,Imports: Philippines,456
01-Apr-24,Imports: Poland,198
01-Apr-24,Imports: Portugal,38.5
01-Apr-24,Imports: Puerto Rico,8.7
01-Apr-24,Imports: Qatar,927.3
01-Apr-24,Imports: Reunion,0.3
01-Apr-24,Imports: Romania,18.6
01-Apr-24,Imports: Russia,677.1
01-Apr-24,Imports: Saudi Arabia,850.5
01-Apr-24,Imports: Seychelles,0
01-Apr-24,Imports: Slovak Republic,9.8
01-Apr-24,Imports: Slovenia,7.6
01-Apr-24,Imports: Solomon Islands,0
01-Apr-24,Imports: South Africa,358.6
01-Apr-24,Imports: South Korea,3089.1
01-Apr-24,Imports: Spain,141.6
01-Apr-24,Imports: Sri Lanka,11.6
01-Apr-24,Imports: Sudan,0
01-Apr-24,Imports: Sweden,137.2
01-Apr-24,Imports: Switzerland,921.5
01-Apr-24,Imports: Taiwan,7089
01-Apr-24,Imports: Tanzania,4.3
01-Apr-24,Imports: Thailand,1379.3
01-Apr-24,Imports: Tunisia,5.7
01-Apr-24,Imports: Turkey,99.7
01-Apr-24,Imports: USA,6970
01-Apr-24,Imports: Ukraine,2.1
01-Apr-24,Imports: United Arab Emirates,1106.3
01-Apr-24,Imports: United Kingdom,1193.5
01-Apr-24,Imports: Uruguay,13.4
01-Apr-24,Imports: Vanuatu,0
01-Apr-24,Imports: Venezuela,0
01-Apr-24,Imports: Vietnam,772.8
01-Apr-24,Imports: Yemen,0
01-Apr-24,Imports: Zambia,0.3
01-Apr-24,Imports: Zimbabwe,4.5
01-May-24,Imports: Afghanistan,0
01-May-24,Imports: Angola,0
01-May-24,Imports: Argentina,13.9
01-May-24,Imports: Australia,1010.5
01-May-24,Imports: Austria,99.8
01-May-24,Imports: Bahamas,0
01-May-24,Imports: Bahrain,1.4
01-May-24,Imports: Bangladesh,18.1
01-May-24,Imports: Belarus,1
01-May-24,Imports: Belgium,133.6
01-May-24,Imports: Brazil,1205.4
01-May-24,Imports: Brunei,240.6
01-May-24,Imports: Bulgaria,66.3
01-May-24,Imports: Cambodia,21.2
01-May-24,Imports: Cameroon,16.4
01-May-24,Imports: Canada,321.4
01-May-24,Imports: Chile,12.8
01-May-24,Imports: China,6416.5
01-May-24,Imports: Colombia,13.2
01-May-24,Imports: Comoros,0.3
01-May-24,Imports: Costa Rica,60.4
01-May-24,Imports: Cote D'ivoire,12.6
01-May-24,Imports: Croatia,7.9
01-May-24,Imports: Cuba,2.4
01-May-24,Imports: Cyprus,3.3
01-May-24,"Imports: Czech, Republic",98.9
01-May-24,Imports: Denmark,45.9
01-May-24,Imports: Djibouti,0
01-May-24,Imports: Dominican Rep,8
01-May-24,Imports: Ecuador,4.8
01-May-24,Imports: Egypt,3.2
01-May-24,Imports: El Salvador,1.7
01-May-24,Imports: Estonia,47.9
01-May-24,Imports: Eswatini,0.1
01-May-24,Imports: Ethiopia,1.5
01-May-24,Imports: Fiji,0.3
01-May-24,Imports: Finland,42.6
01-May-24,Imports: France,1441.8
01-May-24,Imports: French Polynesia,0.2
01-May-24,Imports: Gabon,0
01-May-24,Imports: Germany,1138.3
01-May-24,Imports: Ghana,6.1
01-May-24,Imports: Greece,9.4
01-May-24,Imports: Guam,0.1
01-May-24,Imports: Guatemala,1.1
01-May-24,Imports: Hong Kong SAR (China),678.4
01-May-24,Imports: Hungary,72.6
01-May-24,Imports: India,1169.4
01-May-24,Imports: Indonesia,1794.9
01-May-24,Imports: Iran,0.1
01-May-24,Imports: Ireland,128
01-May-24,Imports: Israel,71.3
01-May-24,Imports: Italy,613.6
01-May-24,Imports: Jamaica,0.3
01-May-24,Imports: Japan,2523.8
01-May-24,Imports: Jordan,7.1
01-May-24,Imports: Kazakhstan,0
01-May-24,Imports: Kenya,0.8
01-May-24,Imports: Kuwait,218.1
01-May-24,Imports: Lao Peo Dem Rep,1.6
01-May-24,Imports: Latvia,1.3
01-May-24,Imports: Lebanon,0.1
01-May-24,Imports: Liberia,0
01-May-24,Imports: Lithuania,9.6
01-May-24,Imports: Luxembourg,4.3
01-May-24,Imports: Macau SAR (China),1.1
01-May-24,Imports: Madagascar,3.4
01-May-24,Imports: Malaysia,6504.4
01-May-24,Imports: Maldives Rep of,0
01-May-24,Imports: Malta,20.7
01-May-24,Imports: Mauritius,1.3
01-May-24,Imports: Mexico,311.8
01-May-24,Imports: Morocco,27.3
01-May-24,Imports: Mozambique,48.3
01-May-24,Imports: Myanmar,5.2
01-May-24,Imports: Nepal,0.2
01-May-24,Imports: Netherlands Antilles,0
01-May-24,Imports: Netherlands,489.6
01-May-24,Imports: New Zealand,85.4
01-May-24,Imports: Nigeria,60.4
01-May-24,Imports: Northern Mariana Islands,0
01-May-24,Imports: Norway,120.8
01-May-24,Imports: Oman,87.2
01-May-24,Imports: Other Countries of Africa,117.9
01-May-24,Imports: Other Countries of America,2.4
01-May-24,Imports: Other Countries of Asia,91.4
01-May-24,Imports: Other Countries of Europe,9.5
01-May-24,Imports: Other Countries of Oceania,1.2
01-May-24,Imports: Pakistan,42.6
01-May-24,Imports: Panama,0.1
01-May-24,Imports: Papua New Guinea,74.2
01-May-24,Imports: Peru,2
01-May-24,Imports: Philippines,435.8
01-May-24,Imports: Poland,73.9
01-May-24,Imports: Portugal,63.5
01-May-24,Imports: Puerto Rico,9.8
01-May-24,Imports: Qatar,544.5
01-May-24,Imports: Reunion,0
01-May-24,Imports: Romania,35.2
01-May-24,Imports: Russia,491.2
01-May-24,Imports: Saudi Arabia,764.9
01-May-24,Imports: Seychelles,0
01-May-24,Imports: Slovak Republic,8.5
01-May-24,Imports: Slovenia,8.1
01-May-24,Imports: Solomon Islands,0
01-May-24,Imports: South Africa,265.2
01-May-24,Imports: South Korea,3117.1
01-May-24,Imports: Spain,307.2
01-May-24,Imports: Sri Lanka,8.8
01-May-24,Imports: Sudan,0
01-May-24,Imports: Sweden,152.8
01-May-24,Imports: Switzerland,1049.5
01-May-24,Imports: Taiwan,6345.3
01-May-24,Imports: Tanzania,5.7
01-May-24,Imports: Thailand,1233.3
01-May-24,Imports: Tunisia,32.1
01-May-24,Imports: Turkey,62.9
01-May-24,Imports: USA,6411.2
01-May-24,Imports: Ukraine,1.6
01-May-24,Imports: United Arab Emirates,1453.3
01-May-24,Imports: United Kingdom,1172.1
01-May-24,Imports: Uruguay,0.8
01-May-24,Imports: Vanuatu,0
01-May-24,Imports: Venezuela,0.1
01-May-24,Imports: Vietnam,683.9
01-May-24,Imports: Yemen,0.2
01-May-24,Imports: Zambia,0.9
01-May-24,Imports: Zimbabwe,0.4
01-Jun-24,Imports: Afghanistan,0.1
01-Jun-24,Imports: Angola,0
01-Jun-24,Imports: Argentina,17.2
01-Jun-24,Imports: Australia,1066.1
01-Jun-24,Imports: Austria,126.7
01-Jun-24,Imports: Bahamas,0
01-Jun-24,Imports: Bahrain,96.5
01-Jun-24,Imports: Bangladesh,16.6
01-Jun-24,Imports: Belarus,1.4
01-Jun-24,Imports: Belgium,101.6
01-Jun-24,Imports: Brazil,522.9
01-Jun-24,Imports: Brunei,152.4
01-Jun-24,Imports: Bulgaria,4
01-Jun-24,Imports: Cambodia,25.8
01-Jun-24,Imports: Cameroon,19.6
01-Jun-24,Imports: Canada,240.4
01-Jun-24,Imports: Chile,19.2
01-Jun-24,Imports: China,6111
01-Jun-24,Imports: Colombia,2.5
01-Jun-24,Imports: Comoros,0
01-Jun-24,Imports: Costa Rica,55
01-Jun-24,Imports: Cote D'ivoire,15.8
01-Jun-24,Imports: Croatia,1.8
01-Jun-24,Imports: Cuba,0.8
01-Jun-24,Imports: Cyprus,2
01-Jun-24,"Imports: Czech, Republic",119.1
01-Jun-24,Imports: Denmark,216.4
01-Jun-24,Imports: Djibouti,0.2
01-Jun-24,Imports: Dominican Rep,6.8
01-Jun-24,Imports: Ecuador,70.1
01-Jun-24,Imports: Egypt,4.5
01-Jun-24,Imports: El Salvador,1.5
01-Jun-24,Imports: Estonia,2.9
01-Jun-24,Imports: Eswatini,0.1
01-Jun-24,Imports: Ethiopia,3.1
01-Jun-24,Imports: Fiji,0.2
01-Jun-24,Imports: Finland,36
01-Jun-24,Imports: France,1327
01-Jun-24,Imports: French Polynesia,0.2
01-Jun-24,Imports: Gabon,0
01-Jun-24,Imports: Germany,1049.9
01-Jun-24,Imports: Ghana,12.2
01-Jun-24,Imports: Greece,54.2
01-Jun-24,Imports: Guam,0
01-Jun-24,Imports: Guatemala,2.2
01-Jun-24,Imports: Hong Kong SAR (China),201.3
01-Jun-24,Imports: Hungary,53
01-Jun-24,Imports: India,989
01-Jun-24,Imports: Indonesia,1605.1
01-Jun-24,Imports: Iran,0.1
01-Jun-24,Imports: Ireland,183.3
01-Jun-24,Imports: Israel,81.1
01-Jun-24,Imports: Italy,538.4
01-Jun-24,Imports: Jamaica,0.1
01-Jun-24,Imports: Japan,2095.7
01-Jun-24,Imports: Jordan,2
01-Jun-24,Imports: Kazakhstan,0
01-Jun-24,Imports: Kenya,0.9
01-Jun-24,Imports: Kuwait,127.2
01-Jun-24,Imports: Lao Peo Dem Rep,0.7
01-Jun-24,Imports: Latvia,2.6
01-Jun-24,Imports: Lebanon,0
01-Jun-24,Imports: Liberia,0.2
01-Jun-24,Imports: Lithuania,11.5
01-Jun-24,Imports: Luxembourg,2.4
01-Jun-24,Imports: Macau SAR (China),0.7
01-Jun-24,Imports: Madagascar,2.8
01-Jun-24,Imports: Malaysia,5278.6
01-Jun-24,Imports: Maldives Rep of,13
01-Jun-24,Imports: Malta,18.9
01-Jun-24,Imports: Mauritius,0.8
01-Jun-24,Imports: Mexico,333.2
01-Jun-24,Imports: Morocco,22.1
01-Jun-24,Imports: Mozambique,109.4
01-Jun-24,Imports: Myanmar,9.1
01-Jun-24,Imports: Nepal,0.3
01-Jun-24,Imports: Netherlands Antilles,0
01-Jun-24,Imports: Netherlands,271
01-Jun-24,Imports: New Zealand,92.5
01-Jun-24,Imports: Nigeria,13.2
01-Jun-24,Imports: Northern Mariana Islands,0
01-Jun-24,Imports: Norway,58.6
01-Jun-24,Imports: Oman,61.4
01-Jun-24,Imports: Other Countries of Africa,80.4
01-Jun-24,Imports: Other Countries of America,3.1
01-Jun-24,Imports: Other Countries of Asia,23.4
01-Jun-24,Imports: Other Countries of Europe,12
01-Jun-24,Imports: Other Countries of Oceania,0.5
01-Jun-24,Imports: Pakistan,14.9
01-Jun-24,Imports: Panama,0.9
01-Jun-24,Imports: Papua New Guinea,8
01-Jun-24,Imports: Peru,2.2
01-Jun-24,Imports: Philippines,431.1
01-Jun-24,Imports: Poland,74.6
01-Jun-24,Imports: Portugal,34.8
01-Jun-24,Imports: Puerto Rico,11.8
01-Jun-24,Imports: Qatar,813.9
01-Jun-24,Imports: Reunion,0.3
01-Jun-24,Imports: Romania,24.2
01-Jun-24,Imports: Russia,372.6
01-Jun-24,Imports: Saudi Arabia,884.8
01-Jun-24,Imports: Seychelles,0.7
01-Jun-24,Imports: Slovak Republic,10.7
01-Jun-24,Imports: Slovenia,6.8
01-Jun-24,Imports: Solomon Islands,0
01-Jun-24,Imports: South Africa,54
01-Jun-24,Imports: South Korea,3022.2
01-Jun-24,Imports: Spain,185.3
01-Jun-24,Imports: Sri Lanka,10.5
01-Jun-24,Imports: Sudan,0
01-Jun-24,Imports: Sweden,174.9
01-Jun-24,Imports: Switzerland,685.8
01-Jun-24,Imports: Taiwan,7476.2
01-Jun-24,Imports: Tanzania,0.3
01-Jun-24,Imports: Thailand,1214.4
01-Jun-24,Imports: Tunisia,5.9
01-Jun-24,Imports: Turkey,46.6
01-Jun-24,Imports: USA,6316.9
01-Jun-24,Imports: Ukraine,2.6
01-Jun-24,Imports: United Arab Emirates,1487.4
01-Jun-24,Imports: United Kingdom,867.3
01-Jun-24,Imports: Uruguay,0.5
01-Jun-24,Imports: Vanuatu,0
01-Jun-24,Imports: Venezuela,0
01-Jun-24,Imports: Vietnam,653.9
01-Jun-24,Imports: Yemen,0.2
01-Jun-24,Imports: Zambia,32.6
01-Jun-24,Imports: Zimbabwe,1
01-Jul-24,Imports: Afghanistan,0
01-Jul-24,Imports: Angola,226.8
01-Jul-24,Imports: Argentina,6.6
01-Jul-24,Imports: Australia,1233.4
01-Jul-24,Imports: Austria,110.9
01-Jul-24,Imports: Bahamas,0
01-Jul-24,Imports: Bahrain,143.7
01-Jul-24,Imports: Bangladesh,11.8
01-Jul-24,Imports: Belarus,1.5
01-Jul-24,Imports: Belgium,127.3
01-Jul-24,Imports: Brazil,1555.9
01-Jul-24,Imports: Brunei,95.9
01-Jul-24,Imports: Bulgaria,8.5
01-Jul-24,Imports: Cambodia,79.6
01-Jul-24,Imports: Cameroon,9.7
01-Jul-24,Imports: Canada,244.2
01-Jul-24,Imports: Chile,11.3
01-Jul-24,Imports: China,6713.5
01-Jul-24,Imports: Colombia,2.7
01-Jul-24,Imports: Comoros,0
01-Jul-24,Imports: Costa Rica,67.2
01-Jul-24,Imports: Cote D'ivoire,25.7
01-Jul-24,Imports: Croatia,11.9
01-Jul-24,Imports: Cuba,0.9
01-Jul-24,Imports: Cyprus,3
01-Jul-24,"Imports: Czech, Republic",139.3
01-Jul-24,Imports: Denmark,78.4
01-Jul-24,Imports: Djibouti,0.2
01-Jul-24,Imports: Dominican Rep,9.6
01-Jul-24,Imports: Ecuador,10.7
01-Jul-24,Imports: Egypt,4.4
01-Jul-24,Imports: El Salvador,1.5
01-Jul-24,Imports: Estonia,39.2
01-Jul-24,Imports: Eswatini,0.3
01-Jul-24,Imports: Ethiopia,12.2
01-Jul-24,Imports: Fiji,0.2
01-Jul-24,Imports: Finland,58.8
01-Jul-24,Imports: France,1646.6
01-Jul-24,Imports: French Polynesia,0
01-Jul-24,Imports: Gabon,0
01-Jul-24,Imports: Germany,1169.1
01-Jul-24,Imports: Ghana,18.3
01-Jul-24,Imports: Greece,58
01-Jul-24,Imports: Guam,0
01-Jul-24,Imports: Guatemala,3.9
01-Jul-24,Imports: Hong Kong SAR (China),240.5
01-Jul-24,Imports: Hungary,52
01-Jul-24,Imports: India,1168.8
01-Jul-24,Imports: Indonesia,1658.9
01-Jul-24,Imports: Iran,0.3
01-Jul-24,Imports: Ireland,108.1
01-Jul-24,Imports: Israel,90.3
01-Jul-24,Imports: Italy,640.7
01-Jul-24,Imports: Jamaica,0.1
01-Jul-24,Imports: Japan,2616.3
01-Jul-24,Imports: Jordan,10.1
01-Jul-24,Imports: Kazakhstan,0
01-Jul-24,Imports: Kenya,0.3
01-Jul-24,Imports: Kuwait,185.5
01-Jul-24,Imports: Lao Peo Dem Rep,1.9
01-Jul-24,Imports: Latvia,1.3
01-Jul-24,Imports: Lebanon,0.2
01-Jul-24,Imports: Liberia,0
01-Jul-24,Imports: Lithuania,6.4
01-Jul-24,Imports: Luxembourg,1.6
01-Jul-24,Imports: Macau SAR (China),0.4
01-Jul-24,Imports: Madagascar,2.6
01-Jul-24,Imports: Malaysia,6082.4
01-Jul-24,Imports: Maldives Rep of,0
01-Jul-24,Imports: Malta,22.2
01-Jul-24,Imports: Mauritius,1
01-Jul-24,Imports: Mexico,313.7
01-Jul-24,Imports: Morocco,20
01-Jul-24,Imports: Mozambique,8.2
01-Jul-24,Imports: Myanmar,8.1
01-Jul-24,Imports: Nepal,0.9
01-Jul-24,Imports: Netherlands Antilles,0
01-Jul-24,Imports: Netherlands,414.6
01-Jul-24,Imports: New Zealand,65.9
01-Jul-24,Imports: Nigeria,77.7
01-Jul-24,Imports: Northern Mariana Islands,0
01-Jul-24,Imports: Norway,58.1
01-Jul-24,Imports: Oman,159.1
01-Jul-24,Imports: Other Countries of Africa,17.7
01-Jul-24,Imports: Other Countries of America,1.5
01-Jul-24,Imports: Other Countries of Asia,1.5
01-Jul-24,Imports: Other Countries of Europe,12.9
01-Jul-24,Imports: Other Countries of Oceania,0.6
01-Jul-24,Imports: Pakistan,68.2
01-Jul-24,Imports: Panama,0.3
01-Jul-24,Imports: Papua New Guinea,28.4
01-Jul-24,Imports: Peru,2.2
01-Jul-24,Imports: Philippines,439.5
01-Jul-24,Imports: Poland,74.7
01-Jul-24,Imports: Portugal,95.5
01-Jul-24,Imports: Puerto Rico,9.5
01-Jul-24,Imports: Qatar,777.5
01-Jul-24,Imports: Reunion,3.5
01-Jul-24,Imports: Romania,22.7
01-Jul-24,Imports: Russia,340.9
01-Jul-24,Imports: Saudi Arabia,541.1
01-Jul-24,Imports: Seychelles,0
01-Jul-24,Imports: Slovak Republic,18.7
01-Jul-24,Imports: Slovenia,7.6
01-Jul-24,Imports: Solomon Islands,0
01-Jul-24,Imports: South Africa,41
01-Jul-24,Imports: South Korea,3390.7
01-Jul-24,Imports: Spain,232.3
01-Jul-24,Imports: Sri Lanka,11.7
01-Jul-24,Imports: Sudan,47.5
01-Jul-24,Imports: Sweden,174.1
01-Jul-24,Imports: Switzerland,698
01-Jul-24,Imports: Taiwan,6654
01-Jul-24,Imports: Tanzania,0.3
01-Jul-24,Imports: Thailand,1251.3
01-Jul-24,Imports: Tunisia,7.8
01-Jul-24,Imports: Turkey,52.8
01-Jul-24,Imports: USA,6190.1
01-Jul-24,Imports: Ukraine,3.8
01-Jul-24,Imports: United Arab Emirates,1507
01-Jul-24,Imports: United Kingdom,1352.2
01-Jul-24,Imports: Uruguay,22.9
01-Jul-24,Imports: Vanuatu,0
01-Jul-24,Imports: Venezuela,0.1
01-Jul-24,Imports: Vietnam,763.8
01-Jul-24,Imports: Yemen,0
01-Jul-24,Imports: Zambia,0.3
01-Jul-24,Imports: Zimbabwe,1.6
01-Aug-24,Imports: Afghanistan,0.1
01-Aug-24,Imports: Angola,0
01-Aug-24,Imports: Argentina,7.2
01-Aug-24,Imports: Australia,909.9
01-Aug-24,Imports: Austria,89.6
01-Aug-24,Imports: Bahamas,0
01-Aug-24,Imports: Bahrain,53.6
01-Aug-24,Imports: Bangladesh,21.1
01-Aug-24,Imports: Belarus,2
01-Aug-24,Imports: Belgium,120.1
01-Aug-24,Imports: Brazil,550.6
01-Aug-24,Imports: Brunei,107.5
01-Aug-24,Imports: Bulgaria,5.6
01-Aug-24,Imports: Cambodia,76
01-Aug-24,Imports: Cameroon,7.3
01-Aug-24,Imports: Canada,224.4
01-Aug-24,Imports: Chile,5
01-Aug-24,Imports: China,6249.9
01-Aug-24,Imports: Colombia,5.7
01-Aug-24,Imports: Comoros,0
01-Aug-24,Imports: Costa Rica,59.9
01-Aug-24,Imports: Cote D'ivoire,11.1
01-Aug-24,Imports: Croatia,1.6
01-Aug-24,Imports: Cuba,0.5
01-Aug-24,Imports: Cyprus,4.4
01-Aug-24,"Imports: Czech, Republic",136
01-Aug-24,Imports: Denmark,54.3
01-Aug-24,Imports: Djibouti,0.3
01-Aug-24,Imports: Dominican Rep,7.8
01-Aug-24,Imports: Ecuador,8.7
01-Aug-24,Imports: Egypt,2.6
01-Aug-24,Imports: El Salvador,1.5
01-Aug-24,Imports: Estonia,30.8
01-Aug-24,Imports: Eswatini,1.9
01-Aug-24,Imports: Ethiopia,6.6
01-Aug-24,Imports: Fiji,0.1
01-Aug-24,Imports: Finland,42.6
01-Aug-24,Imports: France,1293.5
01-Aug-24,Imports: French Polynesia,0.1
01-Aug-24,Imports: Gabon,0.2
01-Aug-24,Imports: Germany,1163.3
01-Aug-24,Imports: Ghana,6.9
01-Aug-24,Imports: Greece,96.1
01-Aug-24,Imports: Guam,0
01-Aug-24,Imports: Guatemala,1.1
01-Aug-24,Imports: Hong Kong SAR (China),379.7
01-Aug-24,Imports: Hungary,48
01-Aug-24,Imports: India,1047.1
01-Aug-24,Imports: Indonesia,1826.1
01-Aug-24,Imports: Iran,0.2
01-Aug-24,Imports: Ireland,302.6
01-Aug-24,Imports: Israel,85.8
01-Aug-24,Imports: Italy,597.7
01-Aug-24,Imports: Jamaica,0.1
01-Aug-24,Imports: Japan,2377.9
01-Aug-24,Imports: Jordan,5.9
01-Aug-24,Imports: Kazakhstan,0
01-Aug-24,Imports: Kenya,0.8
01-Aug-24,Imports: Kuwait,51.9
01-Aug-24,Imports: Lao Peo Dem Rep,0.7
01-Aug-24,Imports: Latvia,1.8
01-Aug-24,Imports: Lebanon,0.2
01-Aug-24,Imports: Liberia,0
01-Aug-24,Imports: Lithuania,11.2
01-Aug-24,Imports: Luxembourg,2.8
01-Aug-24,Imports: Macau SAR (China),0.6
01-Aug-24,Imports: Madagascar,1
01-Aug-24,Imports: Malaysia,5234.6
01-Aug-24,Imports: Maldives Rep of,0.4
01-Aug-24,Imports: Malta,114.8
01-Aug-24,Imports: Mauritius,0.4
01-Aug-24,Imports: Mexico,394.2
01-Aug-24,Imports: Morocco,18.4
01-Aug-24,Imports: Mozambique,59.9
01-Aug-24,Imports: Myanmar,6.4
01-Aug-24,Imports: Nepal,0.2
01-Aug-24,Imports: Netherlands Antilles,0
01-Aug-24,Imports: Netherlands,263.6
01-Aug-24,Imports: New Zealand,71.2
01-Aug-24,Imports: Nigeria,132.5
01-Aug-24,Imports: Northern Mariana Islands,0.5
01-Aug-24,Imports: Norway,72.6
01-Aug-24,Imports: Oman,94.5
01-Aug-24,Imports: Other Countries of Africa,109.6
01-Aug-24,Imports: Other Countries of America,0.9
01-Aug-24,Imports: Other Countries of Asia,1
01-Aug-24,Imports: Other Countries of Europe,10.7
01-Aug-24,Imports: Other Countries of Oceania,0.9
01-Aug-24,Imports: Pakistan,44
01-Aug-24,Imports: Panama,0.4
01-Aug-24,Imports: Papua New Guinea,20.8
01-Aug-24,Imports: Peru,2.6
01-Aug-24,Imports: Philippines,451.9
01-Aug-24,Imports: Poland,88.2
01-Aug-24,Imports: Portugal,39.6
01-Aug-24,Imports: Puerto Rico,8.8
01-Aug-24,Imports: Qatar,515.8
01-Aug-24,Imports: Reunion,0
01-Aug-24,Imports: Romania,24.9
01-Aug-24,Imports: Russia,638.2
01-Aug-24,Imports: Saudi Arabia,443.7
01-Aug-24,Imports: Seychelles,0.3
01-Aug-24,Imports: Slovak Republic,12.1
01-Aug-24,Imports: Slovenia,5.3
01-Aug-24,Imports: Solomon Islands,0
01-Aug-24,Imports: South Africa,45.1
01-Aug-24,Imports: South Korea,2950.2
01-Aug-24,Imports: Spain,307.4
01-Aug-24,Imports: Sri Lanka,7.7
01-Aug-24,Imports: Sudan,0
01-Aug-24,Imports: Sweden,118.3
01-Aug-24,Imports: Switzerland,555.4
01-Aug-24,Imports: Taiwan,6813.1
01-Aug-24,Imports: Tanzania,1.5
01-Aug-24,Imports: Thailand,1202.7
01-Aug-24,Imports: Tunisia,11.8
01-Aug-24,Imports: Turkey,65.5
01-Aug-24,Imports: USA,7258.3
01-Aug-24,Imports: Ukraine,2.1
01-Aug-24,Imports: United Arab Emirates,1622
01-Aug-24,Imports: United Kingdom,905.9
01-Aug-24,Imports: Uruguay,0.9
01-Aug-24,Imports: Vanuatu,0
01-Aug-24,Imports: Venezuela,0.2
01-Aug-24,Imports: Vietnam,876.3
01-Aug-24,Imports: Yemen,0
01-Aug-24,Imports: Zambia,0.6
01-Aug-24,Imports: Zimbabwe,1.2
01-Sep-24,Imports: Afghanistan,0
01-Sep-24,Imports: Angola,217.8
01-Sep-24,Imports: Argentina,8.1
01-Sep-24,Imports: Australia,449.6
01-Sep-24,Imports: Austria,104.3
01-Sep-24,Imports: Bahamas,0
01-Sep-24,Imports: Bahrain,23
01-Sep-24,Imports: Bangladesh,27.3
01-Sep-24,Imports: Belarus,6.2
01-Sep-24,Imports: Belgium,101
01-Sep-24,Imports: Brazil,786.6
01-Sep-24,Imports: Brunei,83.9
01-Sep-24,Imports: Bulgaria,4.4
01-Sep-24,Imports: Cambodia,26.6
01-Sep-24,Imports: Cameroon,11.1
01-Sep-24,Imports: Canada,236.5
01-Sep-24,Imports: Chile,2.3
01-Sep-24,Imports: China,5716.2
01-Sep-24,Imports: Colombia,3.3
01-Sep-24,Imports: Comoros,1.2
01-Sep-24,Imports: Costa Rica,50.1
01-Sep-24,Imports: Cote D'ivoire,12.4
01-Sep-24,Imports: Croatia,3.2
01-Sep-24,Imports: Cuba,1
01-Sep-24,Imports: Cyprus,1.5
01-Sep-24,"Imports: Czech, Republic",228.1
01-Sep-24,Imports: Denmark,66.1
01-Sep-24,Imports: Djibouti,0
01-Sep-24,Imports: Dominican Rep,7.4
01-Sep-24,Imports: Ecuador,3.7
01-Sep-24,Imports: Egypt,24.8
01-Sep-24,Imports: El Salvador,1.5
01-Sep-24,Imports: Estonia,31.9
01-Sep-24,Imports: Eswatini,0.1
01-Sep-24,Imports: Ethiopia,6.3
01-Sep-24,Imports: Fiji,0.8
01-Sep-24,Imports: Finland,46.7
01-Sep-24,Imports: France,1325.7
01-Sep-24,Imports: French Polynesia,0.2
01-Sep-24,Imports: Gabon,0
01-Sep-24,Imports: Germany,1081.3
01-Sep-24,Imports: Ghana,6
01-Sep-24,Imports: Greece,134.6
01-Sep-24,Imports: Guam,0.1
01-Sep-24,Imports: Guatemala,0.9
01-Sep-24,Imports: Hong Kong SAR (China),476.6
01-Sep-24,Imports: Hungary,59.6
01-Sep-24,Imports: India,774.4
01-Sep-24,Imports: Indonesia,1650.2
01-Sep-24,Imports: Iran,0
01-Sep-24,Imports: Ireland,502.2
01-Sep-24,Imports: Israel,90.1
01-Sep-24,Imports: Italy,603.3
01-Sep-24,Imports: Jamaica,0.1
01-Sep-24,Imports: Japan,2381.9
01-Sep-24,Imports: Jordan,2.2
01-Sep-24,Imports: Kazakhstan,0.7
01-Sep-24,Imports: Kenya,0.6
01-Sep-24,Imports: Kuwait,2.4
01-Sep-24,Imports: Lao Peo Dem Rep,0.5
01-Sep-24,Imports: Latvia,2.1
01-Sep-24,Imports: Lebanon,0.3
01-Sep-24,Imports: Liberia,0
01-Sep-24,Imports: Lithuania,10.1
01-Sep-24,Imports: Luxembourg,4.2
01-Sep-24,Imports: Macau SAR (China),0.1
01-Sep-24,Imports: Madagascar,2.6
01-Sep-24,Imports: Malaysia,5462
01-Sep-24,Imports: Maldives Rep of,0.1
01-Sep-24,Imports: Malta,28.8
01-Sep-24,Imports: Mauritius,0.4
01-Sep-24,Imports: Mexico,1486.9
01-Sep-24,Imports: Morocco,19.6
01-Sep-24,Imports: Mozambique,141.7
01-Sep-24,Imports: Myanmar,10.3
01-Sep-24,Imports: Nepal,0.6
01-Sep-24,Imports: Netherlands Antilles,0
01-Sep-24,Imports: Netherlands,270.6
01-Sep-24,Imports: New Zealand,97.6
01-Sep-24,Imports: Nigeria,160
01-Sep-24,Imports: Northern Mariana Islands,0
01-Sep-24,Imports: Norway,42.7
01-Sep-24,Imports: Oman,37.1
01-Sep-24,Imports: Other Countries of Africa,71.4
01-Sep-24,Imports: Other Countries of America,1
01-Sep-24,Imports: Other Countries of Asia,1.2
01-Sep-24,Imports: Other Countries of Europe,6.9
01-Sep-24,Imports: Other Countries of Oceania,0.6
01-Sep-24,Imports: Pakistan,19
01-Sep-24,Imports: Panama,43.7
01-Sep-24,Imports: Papua New Guinea,17.8
01-Sep-24,Imports: Peru,1.8
01-Sep-24,Imports: Philippines,458
01-Sep-24,Imports: Poland,78.9
01-Sep-24,Imports: Portugal,32.5
01-Sep-24,Imports: Puerto Rico,7.4
01-Sep-24,Imports: Qatar,460.4
01-Sep-24,Imports: Reunion,3.5
01-Sep-24,Imports: Romania,26.4
01-Sep-24,Imports: Russia,186.2
01-Sep-24,Imports: Saudi Arabia,507.6
01-Sep-24,Imports: Seychelles,0
01-Sep-24,Imports: Slovak Republic,10.6
01-Sep-24,Imports: Slovenia,7.3
01-Sep-24,Imports: Solomon Islands,0
01-Sep-24,Imports: South Africa,44.7
01-Sep-24,Imports: South Korea,3041.7
01-Sep-24,Imports: Spain,153.5
01-Sep-24,Imports: Sri Lanka,8.7
01-Sep-24,Imports: Sudan,0
01-Sep-24,Imports: Sweden,147.8
01-Sep-24,Imports: Switzerland,571.3
01-Sep-24,Imports: Taiwan,7195.8
01-Sep-24,Imports: Tanzania,1.2
01-Sep-24,Imports: Thailand,1250.2
01-Sep-24,Imports: Tunisia,7.1
01-Sep-24,Imports: Turkey,98.4
01-Sep-24,Imports: USA,6449.3
01-Sep-24,Imports: Ukraine,3.2
01-Sep-24,Imports: United Arab Emirates,1193.1
01-Sep-24,Imports: United Kingdom,942.5
01-Sep-24,Imports: Uruguay,17.4
01-Sep-24,Imports: Vanuatu,0
01-Sep-24,Imports: Venezuela,0
01-Sep-24,Imports: Vietnam,694.4
01-Sep-24,Imports: Yemen,0.3
01-Sep-24,Imports: Zambia,0.2
01-Sep-24,Imports: Zimbabwe,1.9
01-Oct-24,Imports: Afghanistan,0
01-Oct-24,Imports: Angola,0.5
01-Oct-24,Imports: Argentina,4.1
01-Oct-24,Imports: Australia,1002.6
01-Oct-24,Imports: Austria,100.8
01-Oct-24,Imports: Bahamas,0
01-Oct-24,Imports: Bahrain,115.9
01-Oct-24,Imports: Bangladesh,15.4
01-Oct-24,Imports: Belarus,1.2
01-Oct-24,Imports: Belgium,208
01-Oct-24,Imports: Brazil,639.9
01-Oct-24,Imports: Brunei,94.7
01-Oct-24,Imports: Bulgaria,4.6
01-Oct-24,Imports: Cambodia,15
01-Oct-24,Imports: Cameroon,16.5
01-Oct-24,Imports: Canada,323.8
01-Oct-24,Imports: Chile,7.1
01-Oct-24,Imports: China,6070.1
01-Oct-24,Imports: Colombia,2.4
01-Oct-24,Imports: Comoros,0.3
01-Oct-24,Imports: Costa Rica,58
01-Oct-24,Imports: Cote D'ivoire,18.9
01-Oct-24,Imports: Croatia,2.7
01-Oct-24,Imports: Cuba,0.8
01-Oct-24,Imports: Cyprus,1.6
01-Oct-24,"Imports: Czech, Republic",114.2
01-Oct-24,Imports: Denmark,51.1
01-Oct-24,Imports: Djibouti,0.5
01-Oct-24,Imports: Dominican Rep,7.4
01-Oct-24,Imports: Ecuador,9.7
01-Oct-24,Imports: Egypt,1.7
01-Oct-24,Imports: El Salvador,1.4
01-Oct-24,Imports: Estonia,4.1
01-Oct-24,Imports: Eswatini,0
01-Oct-24,Imports: Ethiopia,29.7
01-Oct-24,Imports: Fiji,0.3
01-Oct-24,Imports: Finland,35.9
01-Oct-24,Imports: France,1393.9
01-Oct-24,Imports: French Polynesia,0
01-Oct-24,Imports: Gabon,0
01-Oct-24,Imports: Germany,1103.5
01-Oct-24,Imports: Ghana,14
01-Oct-24,Imports: Greece,13.3
01-Oct-24,Imports: Guam,1
01-Oct-24,Imports: Guatemala,1.3
01-Oct-24,Imports: Hong Kong SAR (China),386.8
01-Oct-24,Imports: Hungary,48.3
01-Oct-24,Imports: India,989.6
01-Oct-24,Imports: Indonesia,1973.1
01-Oct-24,Imports: Iran,1
01-Oct-24,Imports: Ireland,199.9
01-Oct-24,Imports: Israel,83.2
01-Oct-24,Imports: Italy,644.9
01-Oct-24,Imports: Jamaica,0.1
01-Oct-24,Imports: Japan,2943.2
01-Oct-24,Imports: Jordan,4
01-Oct-24,Imports: Kazakhstan,0
01-Oct-24,Imports: Kenya,0.8
01-Oct-24,Imports: Kuwait,55.7
01-Oct-24,Imports: Lao Peo Dem Rep,0.7
01-Oct-24,Imports: Latvia,3.8
01-Oct-24,Imports: Lebanon,0.3
01-Oct-24,Imports: Liberia,0
01-Oct-24,Imports: Lithuania,10.8
01-Oct-24,Imports: Luxembourg,1.4
01-Oct-24,Imports: Macau SAR (China),1.9
01-Oct-24,Imports: Madagascar,0.5
01-Oct-24,Imports: Malaysia,5574
01-Oct-24,Imports: Maldives Rep of,0.5
01-Oct-24,Imports: Malta,14.4
01-Oct-24,Imports: Mauritius,0.7
01-Oct-24,Imports: Mexico,897.9
01-Oct-24,Imports: Morocco,15.3
01-Oct-24,Imports: Mozambique,130.6
01-Oct-24,Imports: Myanmar,7
01-Oct-24,Imports: Nepal,0.8
01-Oct-24,Imports: Netherlands Antilles,0
01-Oct-24,Imports: Netherlands,537.3
01-Oct-24,Imports: New Zealand,64.9
01-Oct-24,Imports: Nigeria,183.7
01-Oct-24,Imports: Northern Mariana Islands,0
01-Oct-24,Imports: Norway,54.4
01-Oct-24,Imports: Oman,66.4
01-Oct-24,Imports: Other Countries of Africa,72.8
01-Oct-24,Imports: Other Countries of America,2.3
01-Oct-24,Imports: Other Countries of Asia,1.3
01-Oct-24,Imports: Other Countries of Europe,9.6
01-Oct-24,Imports: Other Countries of Oceania,0.3
01-Oct-24,Imports: Pakistan,56.5
01-Oct-24,Imports: Panama,0.3
01-Oct-24,Imports: Papua New Guinea,27.7
01-Oct-24,Imports: Peru,14.6
01-Oct-24,Imports: Philippines,462.4
01-Oct-24,Imports: Poland,83.3
01-Oct-24,Imports: Portugal,33.3
01-Oct-24,Imports: Puerto Rico,9.7
01-Oct-24,Imports: Qatar,551.2
01-Oct-24,Imports: Reunion,0.2
01-Oct-24,Imports: Romania,31
01-Oct-24,Imports: Russia,535.5
01-Oct-24,Imports: Saudi Arabia,881.1
01-Oct-24,Imports: Seychelles,0.1
01-Oct-24,Imports: Slovak Republic,8.4
01-Oct-24,Imports: Slovenia,6.6
01-Oct-24,Imports: Solomon Islands,0
01-Oct-24,Imports: South Africa,88.1
01-Oct-24,Imports: South Korea,3000.3
01-Oct-24,Imports: Spain,124.2
01-Oct-24,Imports: Sri Lanka,9.4
01-Oct-24,Imports: Sudan,42.4
01-Oct-24,Imports: Sweden,131.2
01-Oct-24,Imports: Switzerland,743.8
01-Oct-24,Imports: Taiwan,6976.4
01-Oct-24,Imports: Tanzania,0.5
01-Oct-24,Imports: Thailand,1517.2
01-Oct-24,Imports: Tunisia,12
01-Oct-24,Imports: Turkey,50.2
01-Oct-24,Imports: USA,6092.8
01-Oct-24,Imports: Ukraine,7
01-Oct-24,Imports: United Arab Emirates,1371.3
01-Oct-24,Imports: United Kingdom,940.7
01-Oct-24,Imports: Uruguay,2
01-Oct-24,Imports: Vanuatu,0
01-Oct-24,Imports: Venezuela,0.1
01-Oct-24,Imports: Vietnam,803.6
01-Oct-24,Imports: Yemen,0
01-Oct-24,Imports: Zambia,0
01-Oct-24,Imports: Zimbabwe,1.4
01-Nov-24,Imports: Afghanistan,0
01-Nov-24,Imports: Angola,152.9
01-Nov-24,Imports: Argentina,116.2
01-Nov-24,Imports: Australia,338.7
01-Nov-24,Imports: Austria,104.5
01-Nov-24,Imports: Bahamas,0
01-Nov-24,Imports: Bahrain,2.1
01-Nov-24,Imports: Bangladesh,16.6
01-Nov-24,Imports: Belarus,3.3
01-Nov-24,Imports: Belgium,132.9
01-Nov-24,Imports: Brazil,942.4
01-Nov-24,Imports: Brunei,93.7
01-Nov-24,Imports: Bulgaria,10.2
01-Nov-24,Imports: Cambodia,120.3
01-Nov-24,Imports: Cameroon,7.2
01-Nov-24,Imports: Canada,221.6
01-Nov-24,Imports: Chile,8
01-Nov-24,Imports: China,6841.2
01-Nov-24,Imports: Colombia,9.2
01-Nov-24,Imports: Comoros,0
01-Nov-24,Imports: Costa Rica,70.2
01-Nov-24,Imports: Cote D'ivoire,12.4
01-Nov-24,Imports: Croatia,2.2
01-Nov-24,Imports: Cuba,1.3
01-Nov-24,Imports: Cyprus,5.4
01-Nov-24,"Imports: Czech, Republic",100.8
01-Nov-24,Imports: Denmark,105.5
01-Nov-24,Imports: Djibouti,0.5
01-Nov-24,Imports: Dominican Rep,5.9
01-Nov-24,Imports: Ecuador,7.7
01-Nov-24,Imports: Egypt,37.5
01-Nov-24,Imports: El Salvador,1.2
01-Nov-24,Imports: Estonia,26.4
01-Nov-24,Imports: Eswatini,0
01-Nov-24,Imports: Ethiopia,11.8
01-Nov-24,Imports: Fiji,0.2
01-Nov-24,Imports: Finland,29.9
01-Nov-24,Imports: France,1549.4
01-Nov-24,Imports: French Polynesia,0
01-Nov-24,Imports: Gabon,0
01-Nov-24,Imports: Germany,1070.4
01-Nov-24,Imports: Ghana,24.7
01-Nov-24,Imports: Greece,12
01-Nov-24,Imports: Guam,0
01-Nov-24,Imports: Guatemala,0.3
01-Nov-24,Imports: Hong Kong SAR (China),442.4
01-Nov-24,Imports: Hungary,59.9
01-Nov-24,Imports: India,909.9
01-Nov-24,Imports: Indonesia,1940.8
01-Nov-24,Imports: Iran,2.3
01-Nov-24,Imports: Ireland,494
01-Nov-24,Imports: Israel,69.5
01-Nov-24,Imports: Italy,671.4
01-Nov-24,Imports: Jamaica,0
01-Nov-24,Imports: Japan,2879.8
01-Nov-24,Imports: Jordan,4.9
01-Nov-24,Imports: Kazakhstan,26.9
01-Nov-24,Imports: Kenya,1.3
01-Nov-24,Imports: Kuwait,223.6
01-Nov-24,Imports: Lao Peo Dem Rep,1.1
01-Nov-24,Imports: Latvia,1.9
01-Nov-24,Imports: Lebanon,0.6
01-Nov-24,Imports: Liberia,0
01-Nov-24,Imports: Lithuania,11.7
01-Nov-24,Imports: Luxembourg,3.2
01-Nov-24,Imports: Macau SAR (China),1
01-Nov-24,Imports: Madagascar,2
01-Nov-24,Imports: Malaysia,5778.2
01-Nov-24,Imports: Maldives Rep of,3.6
01-Nov-24,Imports: Malta,13.4
01-Nov-24,Imports: Mauritius,0.9
01-Nov-24,Imports: Mexico,426.6
01-Nov-24,Imports: Morocco,15.9
01-Nov-24,Imports: Mozambique,59.8
01-Nov-24,Imports: Myanmar,8.7
01-Nov-24,Imports: Nepal,0.5
01-Nov-24,Imports: Netherlands Antilles,0
01-Nov-24,Imports: Netherlands,274.5
01-Nov-24,Imports: New Zealand,55.7
01-Nov-24,Imports: Nigeria,17.2
01-Nov-24,Imports: Northern Mariana Islands,0
01-Nov-24,Imports: Norway,66.6
01-Nov-24,Imports: Oman,39.1
01-Nov-24,Imports: Other Countries of Africa,171.4
01-Nov-24,Imports: Other Countries of America,0.7
01-Nov-24,Imports: Other Countries of Asia,13.6
01-Nov-24,Imports: Other Countries of Europe,9.2
01-Nov-24,Imports: Other Countries of Oceania,0.9
01-Nov-24,Imports: Pakistan,6.4
01-Nov-24,Imports: Panama,0.1
01-Nov-24,Imports: Papua New Guinea,9
01-Nov-24,Imports: Peru,18.3
01-Nov-24,Imports: Philippines,496
01-Nov-24,Imports: Poland,75.8
01-Nov-24,Imports: Portugal,34.5
01-Nov-24,Imports: Puerto Rico,9.8
01-Nov-24,Imports: Qatar,441.7
01-Nov-24,Imports: Reunion,0
01-Nov-24,Imports: Romania,24.8
01-Nov-24,Imports: Russia,432.5
01-Nov-24,Imports: Saudi Arabia,973.2
01-Nov-24,Imports: Seychelles,0
01-Nov-24,Imports: Slovak Republic,12.1
01-Nov-24,Imports: Slovenia,9.3
01-Nov-24,Imports: Solomon Islands,0
01-Nov-24,Imports: South Africa,51.2
01-Nov-24,Imports: South Korea,2793.8
01-Nov-24,Imports: Spain,351.7
01-Nov-24,Imports: Sri Lanka,12.9
01-Nov-24,Imports: Sudan,0
01-Nov-24,Imports: Sweden,123.9
01-Nov-24,Imports: Switzerland,684.6
01-Nov-24,Imports: Taiwan,7360
01-Nov-24,Imports: Tanzania,4.1
01-Nov-24,Imports: Thailand,1228.3
01-Nov-24,Imports: Tunisia,12
01-Nov-24,Imports: Turkey,41
01-Nov-24,Imports: USA,5988.7
01-Nov-24,Imports: Ukraine,11.4
01-Nov-24,Imports: United Arab Emirates,1538.8
01-Nov-24,Imports: United Kingdom,1146.9
01-Nov-24,Imports: Uruguay,0.9
01-Nov-24,Imports: Vanuatu,0
01-Nov-24,Imports: Venezuela,0
01-Nov-24,Imports: Vietnam,717.1
01-Nov-24,Imports: Yemen,0.3
01-Nov-24,Imports: Zambia,23.6
01-Nov-24,Imports: Zimbabwe,1.2
01-Dec-24,Imports: Afghanistan,0
01-Dec-24,Imports: Angola,0
01-Dec-24,Imports: Argentina,12.5
01-Dec-24,Imports: Australia,671.1
01-Dec-24,Imports: Austria,77.4
01-Dec-24,Imports: Bahamas,8.1
01-Dec-24,Imports: Bahrain,81.4
01-Dec-24,Imports: Bangladesh,18.1
01-Dec-24,Imports: Belarus,0.3
01-Dec-24,Imports: Belgium,134.9
01-Dec-24,Imports: Brazil,586.8
01-Dec-24,Imports: Brunei,94.7
01-Dec-24,Imports: Bulgaria,8.3
01-Dec-24,Imports: Cambodia,50.1
01-Dec-24,Imports: Cameroon,15
01-Dec-24,Imports: Canada,212.7
01-Dec-24,Imports: Chile,5.7
01-Dec-24,Imports: China,7168
01-Dec-24,Imports: Colombia,19.4
01-Dec-24,Imports: Comoros,0
01-Dec-24,Imports: Costa Rica,72.5
01-Dec-24,Imports: Cote D'ivoire,9.3
01-Dec-24,Imports: Croatia,2.6
01-Dec-24,Imports: Cuba,0.8
01-Dec-24,Imports: Cyprus,2.4
01-Dec-24,"Imports: Czech, Republic",133.3
01-Dec-24,Imports: Denmark,77.4
01-Dec-24,Imports: Djibouti,0
01-Dec-24,Imports: Dominican Rep,6.1
01-Dec-24,Imports: Ecuador,8.8
01-Dec-24,Imports: Egypt,3.5
01-Dec-24,Imports: El Salvador,2.5
01-Dec-24,Imports: Estonia,5.6
01-Dec-24,Imports: Eswatini,0.4
01-Dec-24,Imports: Ethiopia,4.8
01-Dec-24,Imports: Fiji,0.4
01-Dec-24,Imports: Finland,49.1
01-Dec-24,Imports: France,1355.9
01-Dec-24,Imports: French Polynesia,2.5
01-Dec-24,Imports: Gabon,0
01-Dec-24,Imports: Germany,1108.3
01-Dec-24,Imports: Ghana,12.8
01-Dec-24,Imports: Greece,43.7
01-Dec-24,Imports: Guam,0
01-Dec-24,Imports: Guatemala,0.3
01-Dec-24,Imports: Hong Kong SAR (China),769.2
01-Dec-24,Imports: Hungary,56.7
01-Dec-24,Imports: India,857
01-Dec-24,Imports: Indonesia,2006.9
01-Dec-24,Imports: Iran,4
01-Dec-24,Imports: Ireland,449.3
01-Dec-24,Imports: Israel,76.6
01-Dec-24,Imports: Italy,633.1
01-Dec-24,Imports: Jamaica,0.1
01-Dec-24,Imports: Japan,2790.1
01-Dec-24,Imports: Jordan,5.4
01-Dec-24,Imports: Kazakhstan,7.6
01-Dec-24,Imports: Kenya,1.3
01-Dec-24,Imports: Kuwait,152.5
01-Dec-24,Imports: Lao Peo Dem Rep,6
01-Dec-24,Imports: Latvia,2
01-Dec-24,Imports: Lebanon,0.2
01-Dec-24,Imports: Liberia,0
01-Dec-24,Imports: Lithuania,9.3
01-Dec-24,Imports: Luxembourg,3
01-Dec-24,Imports: Macau SAR (China),0.4
01-Dec-24,Imports: Madagascar,2.2
01-Dec-24,Imports: Malaysia,6569.9
01-Dec-24,Imports: Maldives Rep of,3.9
01-Dec-24,Imports: Malta,71
01-Dec-24,Imports: Mauritius,1
01-Dec-24,Imports: Mexico,263.7
01-Dec-24,Imports: Morocco,23.9
01-Dec-24,Imports: Mozambique,89
01-Dec-24,Imports: Myanmar,5.5
01-Dec-24,Imports: Nepal,0.1
01-Dec-24,Imports: Netherlands Antilles,0
01-Dec-24,Imports: Netherlands,331.4
01-Dec-24,Imports: New Zealand,60
01-Dec-24,Imports: Nigeria,72.3
01-Dec-24,Imports: Northern Mariana Islands,0
01-Dec-24,Imports: Norway,53.7
01-Dec-24,Imports: Oman,41.4
01-Dec-24,Imports: Other Countries of Africa,79.4
01-Dec-24,Imports: Other Countries of America,1.4
01-Dec-24,Imports: Other Countries of Asia,71.5
01-Dec-24,Imports: Other Countries of Europe,11.6
01-Dec-24,Imports: Other Countries of Oceania,1.7
01-Dec-24,Imports: Pakistan,17.3
01-Dec-24,Imports: Panama,0.3
01-Dec-24,Imports: Papua New Guinea,15.5
01-Dec-24,Imports: Peru,8.1
01-Dec-24,Imports: Philippines,654.4
01-Dec-24,Imports: Poland,71.6
01-Dec-24,Imports: Portugal,41
01-Dec-24,Imports: Puerto Rico,10.2
01-Dec-24,Imports: Qatar,507.5
01-Dec-24,Imports: Reunion,0
01-Dec-24,Imports: Romania,19.8
01-Dec-24,Imports: Russia,367.1
01-Dec-24,Imports: Saudi Arabia,838.9
01-Dec-24,Imports: Seychelles,0.1
01-Dec-24,Imports: Slovak Republic,11.5
01-Dec-24,Imports: Slovenia,7.2
01-Dec-24,Imports: Solomon Islands,0.1
01-Dec-24,Imports: South Africa,40.1
01-Dec-24,Imports: South Korea,3675.7
01-Dec-24,Imports: Spain,179.5
01-Dec-24,Imports: Sri Lanka,11.2
01-Dec-24,Imports: Sudan,0
01-Dec-24,Imports: Sweden,172.8
01-Dec-24,Imports: Switzerland,702.6
01-Dec-24,Imports: Taiwan,8847.7
01-Dec-24,Imports: Tanzania,22.8
01-Dec-24,Imports: Thailand,1421.6
01-Dec-24,Imports: Tunisia,11.2
01-Dec-24,Imports: Turkey,67
01-Dec-24,Imports: USA,6651.8
01-Dec-24,Imports: Ukraine,14.1
01-Dec-24,Imports: United Arab Emirates,1659.5
01-Dec-24,Imports: United Kingdom,1166.6
01-Dec-24,Imports: Uruguay,0.7
01-Dec-24,Imports: Vanuatu,0.1
01-Dec-24,Imports: Venezuela,0
01-Dec-24,Imports: Vietnam,781.2
01-Dec-24,Imports: Yemen,0.1
01-Dec-24,Imports: Zambia,0.2
01-Dec-24,Imports: Zimbabwe,0.1
01-Jan-25,Imports: Afghanistan,0
01-Jan-25,Imports: Angola,68.5
01-Jan-25,Imports: Argentina,4
01-Jan-25,Imports: Australia,574.5
01-Jan-25,Imports: Austria,91.3
01-Jan-25,Imports: Bahamas,0
01-Jan-25,Imports: Bahrain,86
01-Jan-25,Imports: Bangladesh,16.3
01-Jan-25,Imports: Belarus,3.1
01-Jan-25,Imports: Belgium,191.3
01-Jan-25,Imports: Brazil,870.2
01-Jan-25,Imports: Brunei,205.5
01-Jan-25,Imports: Bulgaria,5.1
01-Jan-25,Imports: Cambodia,87.8
01-Jan-25,Imports: Cameroon,36.6
01-Jan-25,Imports: Canada,267.5
01-Jan-25,Imports: Chile,12.6
01-Jan-25,Imports: China,6786.8
01-Jan-25,Imports: Colombia,17.6
01-Jan-25,Imports: Comoros,0
01-Jan-25,Imports: Costa Rica,40
01-Jan-25,Imports: Cote D'ivoire,5.5
01-Jan-25,Imports: Croatia,1.9
01-Jan-25,Imports: Cuba,0.6
01-Jan-25,Imports: Cyprus,3.1
01-Jan-25,"Imports: Czech, Republic",126.9
01-Jan-25,Imports: Denmark,134.6
01-Jan-25,Imports: Djibouti,0.8
01-Jan-25,Imports: Dominican Rep,5.7
01-Jan-25,Imports: Ecuador,15.2
01-Jan-25,Imports: Egypt,82.8
01-Jan-25,Imports: El Salvador,1.2
01-Jan-25,Imports: Estonia,29.6
01-Jan-25,Imports: Eswatini,0.1
01-Jan-25,Imports: Ethiopia,8.2
01-Jan-25,Imports: Fiji,0.6
01-Jan-25,Imports: Finland,41
01-Jan-25,Imports: France,1248.7
01-Jan-25,Imports: French Polynesia,0
01-Jan-25,Imports: Gabon,0
01-Jan-25,Imports: Germany,902.9
01-Jan-25,Imports: Ghana,18.2
01-Jan-25,Imports: Greece,21.3
01-Jan-25,Imports: Guam,0
01-Jan-25,Imports: Guatemala,0.2
01-Jan-25,Imports: Hong Kong SAR (China),696
01-Jan-25,Imports: Hungary,45.4
01-Jan-25,Imports: India,1093.3
01-Jan-25,Imports: Indonesia,1763.6
01-Jan-25,Imports: Iran,1.6
01-Jan-25,Imports: Ireland,327
01-Jan-25,Imports: Israel,63.9
01-Jan-25,Imports: Italy,636
01-Jan-25,Imports: Jamaica,0.1
01-Jan-25,Imports: Japan,2599.8
01-Jan-25,Imports: Jordan,2.9
01-Jan-25,Imports: Kazakhstan,12.8
01-Jan-25,Imports: Kenya,1.6
01-Jan-25,Imports: Kuwait,100.3
01-Jan-25,Imports: Lao Peo Dem Rep,7.9
01-Jan-25,Imports: Latvia,1.4
01-Jan-25,Imports: Lebanon,0.3
01-Jan-25,Imports: Liberia,0
01-Jan-25,Imports: Lithuania,7.8
01-Jan-25,Imports: Luxembourg,3.4
01-Jan-25,Imports: Macau SAR (China),0.3
01-Jan-25,Imports: Madagascar,2.8
01-Jan-25,Imports: Malaysia,6445.2
01-Jan-25,Imports: Maldives Rep of,0.1
01-Jan-25,Imports: Malta,10.9
01-Jan-25,Imports: Mauritius,0.6
01-Jan-25,Imports: Mexico,267
01-Jan-25,Imports: Morocco,18.5
01-Jan-25,Imports: Mozambique,14.4
01-Jan-25,Imports: Myanmar,4.3
01-Jan-25,Imports: Nepal,0.3
01-Jan-25,Imports: Netherlands Antilles,0
01-Jan-25,Imports: Netherlands,294.2
01-Jan-25,Imports: New Zealand,80.3
01-Jan-25,Imports: Nigeria,118.9
01-Jan-25,Imports: Northern Mariana Islands,0
01-Jan-25,Imports: Norway,78.1
01-Jan-25,Imports: Oman,140.6
01-Jan-25,Imports: Other Countries of Africa,169.1
01-Jan-25,Imports: Other Countries of America,0.8
01-Jan-25,Imports: Other Countries of Asia,109.7
01-Jan-25,Imports: Other Countries of Europe,8.1
01-Jan-25,Imports: Other Countries of Oceania,0.4
01-Jan-25,Imports: Pakistan,58.6
01-Jan-25,Imports: Panama,0.3
01-Jan-25,Imports: Papua New Guinea,10.1
01-Jan-25,Imports: Peru,9.4
01-Jan-25,Imports: Philippines,539.6
01-Jan-25,Imports: Poland,80
01-Jan-25,Imports: Portugal,32.3
01-Jan-25,Imports: Puerto Rico,15.9
01-Jan-25,Imports: Qatar,507.1
01-Jan-25,Imports: Reunion,0
01-Jan-25,Imports: Romania,31.3
01-Jan-25,Imports: Russia,494.8
01-Jan-25,Imports: Saudi Arabia,657.1
01-Jan-25,Imports: Seychelles,0.1
01-Jan-25,Imports: Slovak Republic,10.6
01-Jan-25,Imports: Slovenia,8.5
01-Jan-25,Imports: Solomon Islands,0
01-Jan-25,Imports: South Africa,103.5
01-Jan-25,Imports: South Korea,3785.7
01-Jan-25,Imports: Spain,113.3
01-Jan-25,Imports: Sri Lanka,10
01-Jan-25,Imports: Sudan,0
01-Jan-25,Imports: Sweden,132.8
01-Jan-25,Imports: Switzerland,725.1
01-Jan-25,Imports: Taiwan,10152.6
01-Jan-25,Imports: Tanzania,1.8
01-Jan-25,Imports: Thailand,1139.7
01-Jan-25,Imports: Tunisia,12
01-Jan-25,Imports: Turkey,96.2
01-Jan-25,Imports: USA,5222.6
01-Jan-25,Imports: Ukraine,3.2
01-Jan-25,Imports: United Arab Emirates,1340.2
01-Jan-25,Imports: United Kingdom,866.1
01-Jan-25,Imports: Uruguay,2.7
01-Jan-25,Imports: Vanuatu,0
01-Jan-25,Imports: Venezuela,0
01-Jan-25,Imports: Vietnam,793.4
01-Jan-25,Imports: Yemen,0
01-Jan-25,Imports: Zambia,18.8
01-Jan-25,Imports: Zimbabwe,1.5
01-Feb-25,Imports: Afghanistan,0
01-Feb-25,Imports: Angola,116.5
01-Feb-25,Imports: Argentina,4.5
01-Feb-25,Imports: Australia,331.7
01-Feb-25,Imports: Austria,164
01-Feb-25,Imports: Bahamas,0
01-Feb-25,Imports: Bahrain,150.7
01-Feb-25,Imports: Bangladesh,12
01-Feb-25,Imports: Belarus,0.7
01-Feb-25,Imports: Belgium,104.4
01-Feb-25,Imports: Brazil,533.2
01-Feb-25,Imports: Brunei,121.4
01-Feb-25,Imports: Bulgaria,5
01-Feb-25,Imports: Cambodia,41
01-Feb-25,Imports: Cameroon,34.6
01-Feb-25,Imports: Canada,221.5
01-Feb-25,Imports: Chile,7.6
01-Feb-25,Imports: China,5487.9
01-Feb-25,Imports: Colombia,3.1
01-Feb-25,Imports: Comoros,0
01-Feb-25,Imports: Costa Rica,57.1
01-Feb-25,Imports: Cote D'ivoire,6.9
01-Feb-25,Imports: Croatia,1.4
01-Feb-25,Imports: Cuba,0.5
01-Feb-25,Imports: Cyprus,1.4
01-Feb-25,"Imports: Czech, Republic",93
01-Feb-25,Imports: Denmark,44.8
01-Feb-25,Imports: Djibouti,0.3
01-Feb-25,Imports: Dominican Rep,5.2
01-Feb-25,Imports: Ecuador,10.2
01-Feb-25,Imports: Egypt,5.2
01-Feb-25,Imports: El Salvador,1.5
01-Feb-25,Imports: Estonia,7.2
01-Feb-25,Imports: Eswatini,0.2
01-Feb-25,Imports: Ethiopia,7.8
01-Feb-25,Imports: Fiji,0.3
01-Feb-25,Imports: Finland,34.5
01-Feb-25,Imports: France,1102.6
01-Feb-25,Imports: French Polynesia,0.1
01-Feb-25,Imports: Gabon,0
01-Feb-25,Imports: Germany,901.5
01-Feb-25,Imports: Ghana,125.5
01-Feb-25,Imports: Greece,9.7
01-Feb-25,Imports: Guam,0
01-Feb-25,Imports: Guatemala,0.6
01-Feb-25,Imports: Hong Kong SAR (China),563.9
01-Feb-25,Imports: Hungary,53.7
01-Feb-25,Imports: India,1122.1
01-Feb-25,Imports: Indonesia,1850
01-Feb-25,Imports: Iran,1.5
01-Feb-25,Imports: Ireland,124.7
01-Feb-25,Imports: Israel,57.3
01-Feb-25,Imports: Italy,666.3
01-Feb-25,Imports: Jamaica,0.1
01-Feb-25,Imports: Japan,2906.7
01-Feb-25,Imports: Jordan,4.2
01-Feb-25,Imports: Kazakhstan,0
01-Feb-25,Imports: Kenya,1.1
01-Feb-25,Imports: Kuwait,3.4
01-Feb-25,Imports: Lao Peo Dem Rep,28.5
01-Feb-25,Imports: Latvia,3.1
01-Feb-25,Imports: Lebanon,0.1
01-Feb-25,Imports: Liberia,0
01-Feb-25,Imports: Lithuania,13
01-Feb-25,Imports: Luxembourg,1.7
01-Feb-25,Imports: Macau SAR (China),0.5
01-Feb-25,Imports: Madagascar,1.8
01-Feb-25,Imports: Malaysia,5738
01-Feb-25,Imports: Maldives Rep of,0.2
01-Feb-25,Imports: Malta,12.4
01-Feb-25,Imports: Mauritius,0.7
01-Feb-25,Imports: Mexico,241.8
01-Feb-25,Imports: Morocco,18.9
01-Feb-25,Imports: Mozambique,0.6
01-Feb-25,Imports: Myanmar,4.4
01-Feb-25,Imports: Nepal,0.5
01-Feb-25,Imports: Netherlands Antilles,0
01-Feb-25,Imports: Netherlands,267.5
01-Feb-25,Imports: New Zealand,60.2
01-Feb-25,Imports: Nigeria,43.3
01-Feb-25,Imports: Northern Mariana Islands,0
01-Feb-25,Imports: Norway,43.5
01-Feb-25,Imports: Oman,65.1
01-Feb-25,Imports: Other Countries of Africa,92.6
01-Feb-25,Imports: Other Countries of America,1.1
01-Feb-25,Imports: Other Countries of Asia,0.6
01-Feb-25,Imports: Other Countries of Europe,6.6
01-Feb-25,Imports: Other Countries of Oceania,0.9
01-Feb-25,Imports: Pakistan,34
01-Feb-25,Imports: Panama,0.2
01-Feb-25,Imports: Papua New Guinea,22.9
01-Feb-25,Imports: Peru,1.6
01-Feb-25,Imports: Philippines,443.1
01-Feb-25,Imports: Poland,154.4
01-Feb-25,Imports: Portugal,37.4
01-Feb-25,Imports: Puerto Rico,11.5
01-Feb-25,Imports: Qatar,515.3
01-Feb-25,Imports: Reunion,0
01-Feb-25,Imports: Romania,21.5
01-Feb-25,Imports: Russia,275.4
01-Feb-25,Imports: Saudi Arabia,702.3
01-Feb-25,Imports: Seychelles,0
01-Feb-25,Imports: Slovak Republic,6.6
01-Feb-25,Imports: Slovenia,6.8
01-Feb-25,Imports: Solomon Islands,0
01-Feb-25,Imports: South Africa,25.7
01-Feb-25,Imports: South Korea,3166
01-Feb-25,Imports: Spain,171.3
01-Feb-25,Imports: Sri Lanka,8.2
01-Feb-25,Imports: Sudan,0
01-Feb-25,Imports: Sweden,84.5
01-Feb-25,Imports: Switzerland,593.8
01-Feb-25,Imports: Taiwan,6122.3
01-Feb-25,Imports: Tanzania,0.4
01-Feb-25,Imports: Thailand,1016
01-Feb-25,Imports: Tunisia,4.8
01-Feb-25,Imports: Turkey,37
01-Feb-25,Imports: USA,5599.9
01-Feb-25,Imports: Ukraine,2.7
01-Feb-25,Imports: United Arab Emirates,1482
01-Feb-25,Imports: United Kingdom,1237.2
01-Feb-25,Imports: Uruguay,0.6
01-Feb-25,Imports: Vanuatu,0
01-Feb-25,Imports: Venezuela,0
01-Feb-25,Imports: Vietnam,721
01-Feb-25,Imports: Yemen,0
01-Feb-25,Imports: Zambia,22.2
01-Feb-25,Imports: Zimbabwe,2.8
01-Mar-25,Imports: Afghanistan,0
01-Mar-25,Imports: Angola,0
01-Mar-25,Imports: Argentina,3.4
01-Mar-25,Imports: Australia,726.7
01-Mar-25,Imports: Austria,104.1
01-Mar-25,Imports: Bahamas,0
01-Mar-25,Imports: Bahrain,59.8
01-Mar-25,Imports: Bangladesh,13.5
01-Mar-25,Imports: Belarus,0
01-Mar-25,Imports: Belgium,295.2
01-Mar-25,Imports: Brazil,580
01-Mar-25,Imports: Brunei,107.2
01-Mar-25,Imports: Bulgaria,5.2
01-Mar-25,Imports: Cambodia,19.8
01-Mar-25,Imports: Cameroon,7.8
01-Mar-25,Imports: Canada,291.9
01-Mar-25,Imports: Chile,7.1
01-Mar-25,Imports: China,6338.7
01-Mar-25,Imports: Colombia,4.4
01-Mar-25,Imports: Comoros,0
01-Mar-25,Imports: Costa Rica,61
01-Mar-25,Imports: Cote D'ivoire,5.2
01-Mar-25,Imports: Croatia,4.4
01-Mar-25,Imports: Cuba,0.4
01-Mar-25,Imports: Cyprus,1.7
01-Mar-25,"Imports: Czech, Republic",100.2
01-Mar-25,Imports: Denmark,80.6
01-Mar-25,Imports: Djibouti,0
01-Mar-25,Imports: Dominican Rep,7.4
01-Mar-25,Imports: Ecuador,11.8
01-Mar-25,Imports: Egypt,3.7
01-Mar-25,Imports: El Salvador,1.4
01-Mar-25,Imports: Estonia,47.3
01-Mar-25,Imports: Eswatini,0.1
01-Mar-25,Imports: Ethiopia,14.3
01-Mar-25,Imports: Fiji,1
01-Mar-25,Imports: Finland,54.3
01-Mar-25,Imports: France,1738.3
01-Mar-25,Imports: French Polynesia,0.1
01-Mar-25,Imports: Gabon,0
01-Mar-25,Imports: Germany,1120.3
01-Mar-25,Imports: Ghana,24.9
01-Mar-25,Imports: Greece,9.1
01-Mar-25,Imports: Guam,0
01-Mar-25,Imports: Guatemala,1.6
01-Mar-25,Imports: Hong Kong SAR (China),404.1
01-Mar-25,Imports: Hungary,64.8
01-Mar-25,Imports: India,832.3
01-Mar-25,Imports: Indonesia,2035.1
01-Mar-25,Imports: Iran,4
01-Mar-25,Imports: Ireland,116.2
01-Mar-25,Imports: Israel,64.8
01-Mar-25,Imports: Italy,793.6
01-Mar-25,Imports: Jamaica,0.1
01-Mar-25,Imports: Japan,2596.1
01-Mar-25,Imports: Jordan,1.5
01-Mar-25,Imports: Kazakhstan,0.1
01-Mar-25,Imports: Kenya,0.6
01-Mar-25,Imports: Kuwait,284.9
01-Mar-25,Imports: Lao Peo Dem Rep,10.5
01-Mar-25,Imports: Latvia,2.5
01-Mar-25,Imports: Lebanon,0.2
01-Mar-25,Imports: Liberia,0
01-Mar-25,Imports: Lithuania,7.3
01-Mar-25,Imports: Luxembourg,1.7
01-Mar-25,Imports: Macau SAR (China),0.7
01-Mar-25,Imports: Madagascar,5
01-Mar-25,Imports: Malaysia,5968.4
01-Mar-25,Imports: Maldives Rep of,0.1
01-Mar-25,Imports: Malta,20
01-Mar-25,Imports: Mauritius,0.7
01-Mar-25,Imports: Mexico,432.3
01-Mar-25,Imports: Morocco,19.3
01-Mar-25,Imports: Mozambique,17.1
01-Mar-25,Imports: Myanmar,4.6
01-Mar-25,Imports: Nepal,0.5
01-Mar-25,Imports: Netherlands Antilles,0
01-Mar-25,Imports: Netherlands,264.9
01-Mar-25,Imports: New Zealand,63.9
01-Mar-25,Imports: Nigeria,37.1
01-Mar-25,Imports: Northern Mariana Islands,0
01-Mar-25,Imports: Norway,81.6
01-Mar-25,Imports: Oman,77.2
01-Mar-25,Imports: Other Countries of Africa,32.6
01-Mar-25,Imports: Other Countries of America,1.1
01-Mar-25,Imports: Other Countries of Asia,3.8
01-Mar-25,Imports: Other Countries of Europe,7.2
01-Mar-25,Imports: Other Countries of Oceania,0.7
01-Mar-25,Imports: Pakistan,7.5
01-Mar-25,Imports: Panama,0.5
01-Mar-25,Imports: Papua New Guinea,6.4
01-Mar-25,Imports: Peru,3
01-Mar-25,Imports: Philippines,444.1
01-Mar-25,Imports: Poland,111.5
01-Mar-25,Imports: Portugal,46.9
01-Mar-25,Imports: Puerto Rico,15.9
01-Mar-25,Imports: Qatar,786.7
01-Mar-25,Imports: Reunion,0.1
01-Mar-25,Imports: Romania,19.2
01-Mar-25,Imports: Russia,566.6
01-Mar-25,Imports: Saudi Arabia,553.3
01-Mar-25,Imports: Seychelles,0
01-Mar-25,Imports: Slovak Republic,9.5
01-Mar-25,Imports: Slovenia,8.8
01-Mar-25,Imports: Solomon Islands,0
01-Mar-25,Imports: South Africa,38.3
01-Mar-25,Imports: South Korea,3685.2
01-Mar-25,Imports: Spain,114.2
01-Mar-25,Imports: Sri Lanka,10.3
01-Mar-25,Imports: Sudan,0
01-Mar-25,Imports: Sweden,123.6
01-Mar-25,Imports: Switzerland,629.8
01-Mar-25,Imports: Taiwan,8561
01-Mar-25,Imports: Tanzania,1.2
01-Mar-25,Imports: Thailand,1003.5
01-Mar-25,Imports: Tunisia,5.6
01-Mar-25,Imports: Turkey,43.7
01-Mar-25,Imports: USA,6313.3
01-Mar-25,Imports: Ukraine,2.4
01-Mar-25,Imports: United Arab Emirates,1332.7
01-Mar-25,Imports: United Kingdom,1383.7
01-Mar-25,Imports: Uruguay,3.1
01-Mar-25,Imports: Vanuatu,0.8
01-Mar-25,Imports: Venezuela,0
01-Mar-25,Imports: Vietnam,1040.9
01-Mar-25,Imports: Yemen,0.1
01-Mar-25,Imports: Zambia,0.9
01-Mar-25,Imports: Zimbabwe,0.2
01-Apr-25,Imports: Afghanistan,0
01-Apr-25,Imports: Angola,0
01-Apr-25,Imports: Argentina,6.1
01-Apr-25,Imports: Australia,730.7
01-Apr-25,Imports: Austria,104.6
01-Apr-25,Imports: Bahamas,0
01-Apr-25,Imports: Bahrain,36.6
01-Apr-25,Imports: Bangladesh,15.4
01-Apr-25,Imports: Belarus,0
01-Apr-25,Imports: Belgium,113.2
01-Apr-25,Imports: Brazil,617.4
01-Apr-25,Imports: Brunei,88.3
01-Apr-25,Imports: Bulgaria,5.5
01-Apr-25,Imports: Cambodia,59.6
01-Apr-25,Imports: Cameroon,3.9
01-Apr-25,Imports: Canada,245.5
01-Apr-25,Imports: Chile,14
01-Apr-25,Imports: China,7095.4
01-Apr-25,Imports: Colombia,5.8
01-Apr-25,Imports: Comoros,0
01-Apr-25,Imports: Costa Rica,32.1
01-Apr-25,Imports: Cote D'ivoire,0.9
01-Apr-25,Imports: Croatia,3.8
01-Apr-25,Imports: Cuba,0.6
01-Apr-25,Imports: Cyprus,2.5
01-Apr-25,"Imports: Czech, Republic",106.5
01-Apr-25,Imports: Denmark,56.9
01-Apr-25,Imports: Djibouti,0.1
01-Apr-25,Imports: Dominican Rep,7.9
01-Apr-25,Imports: Ecuador,22.6
01-Apr-25,Imports: Egypt,4
01-Apr-25,Imports: El Salvador,1.9
01-Apr-25,Imports: Estonia,34
01-Apr-25,Imports: Eswatini,0
01-Apr-25,Imports: Ethiopia,7.8
01-Apr-25,Imports: Fiji,0.2
01-Apr-25,Imports: Finland,43.6
01-Apr-25,Imports: France,1396.9
01-Apr-25,Imports: French Polynesia,0
01-Apr-25,Imports: Gabon,0
01-Apr-25,Imports: Germany,1136.6
01-Apr-25,Imports: Ghana,19
01-Apr-25,Imports: Greece,33.6
01-Apr-25,Imports: Guam,0.2
01-Apr-25,Imports: Guatemala,3.5
01-Apr-25,Imports: Hong Kong SAR (China),314.8
01-Apr-25,Imports: Hungary,47.8
01-Apr-25,Imports: India,912.1
01-Apr-25,Imports: Indonesia,2322.3
01-Apr-25,Imports: Iran,3.2
01-Apr-25,Imports: Ireland,117
01-Apr-25,Imports: Israel,76.8
01-Apr-25,Imports: Italy,655.7
01-Apr-25,Imports: Jamaica,0.2
01-Apr-25,Imports: Japan,2625.9
01-Apr-25,Imports: Jordan,5.1
01-Apr-25,Imports: Kazakhstan,47.9
01-Apr-25,Imports: Kenya,2.2
01-Apr-25,Imports: Kuwait,353.2
01-Apr-25,Imports: Lao Peo Dem Rep,25
01-Apr-25,Imports: Latvia,3.5
01-Apr-25,Imports: Lebanon,0.5
01-Apr-25,Imports: Liberia,0
01-Apr-25,Imports: Lithuania,5.9
01-Apr-25,Imports: Luxembourg,6.1
01-Apr-25,Imports: Macau SAR (China),0.2
01-Apr-25,Imports: Madagascar,11
01-Apr-25,Imports: Malaysia,6127.5
01-Apr-25,Imports: Maldives Rep of,0.1
01-Apr-25,Imports: Malta,13.5
01-Apr-25,Imports: Mauritius,0.3
01-Apr-25,Imports: Mexico,850.6
01-Apr-25,Imports: Morocco,20.7
01-Apr-25,Imports: Mozambique,69
01-Apr-25,Imports: Myanmar,4.1
01-Apr-25,Imports: Nepal,0.7
01-Apr-25,Imports: Netherlands Antilles,0
01-Apr-25,Imports: Netherlands,324.4
01-Apr-25,Imports: New Zealand,69
01-Apr-25,Imports: Nigeria,142.9
01-Apr-25,Imports: Northern Mariana Islands,0
01-Apr-25,Imports: Norway,49.4
01-Apr-25,Imports: Oman,9.1
01-Apr-25,Imports: Other Countries of Africa,50.4
01-Apr-25,Imports: Other Countries of America,84.1
01-Apr-25,Imports: Other Countries of Asia,0.8
01-Apr-25,Imports: Other Countries of Europe,7.1
01-Apr-25,Imports: Other Countries of Oceania,0.8
01-Apr-25,Imports: Pakistan,5.4
01-Apr-25,Imports: Panama,0.2
01-Apr-25,Imports: Papua New Guinea,10.1
01-Apr-25,Imports: Peru,24
01-Apr-25,Imports: Philippines,430.1
01-Apr-25,Imports: Poland,105.9
01-Apr-25,Imports: Portugal,32.1
01-Apr-25,Imports: Puerto Rico,10.6
01-Apr-25,Imports: Qatar,434.2
01-Apr-25,Imports: Reunion,0
01-Apr-25,Imports: Romania,23.9
01-Apr-25,Imports: Russia,630
01-Apr-25,Imports: Saudi Arabia,595.1
01-Apr-25,Imports: Seychelles,0.1
01-Apr-25,Imports: Slovak Republic,7.2
01-Apr-25,Imports: Slovenia,6.2
01-Apr-25,Imports: Solomon Islands,0
01-Apr-25,Imports: South Africa,45
01-Apr-25,Imports: South Korea,3555.8
01-Apr-25,Imports: Spain,137.3
01-Apr-25,Imports: Sri Lanka,10.2
01-Apr-25,Imports: Sudan,0
01-Apr-25,Imports: Sweden,109.7
01-Apr-25,Imports: Switzerland,1484.9
01-Apr-25,Imports: Taiwan,9361.1
01-Apr-25,Imports: Tanzania,0
01-Apr-25,Imports: Thailand,1417.9
01-Apr-25,Imports: Tunisia,9.3
01-Apr-25,Imports: Turkey,42.3
01-Apr-25,Imports: USA,6316
01-Apr-25,Imports: Ukraine,3.4
01-Apr-25,Imports: United Arab Emirates,1530.6
01-Apr-25,Imports: United Kingdom,1131.6
01-Apr-25,Imports: Uruguay,1.4
01-Apr-25,Imports: Vanuatu,0
01-Apr-25,Imports: Venezuela,0.1
01-Apr-25,Imports: Vietnam,1104.6
01-Apr-25,Imports: Yemen,0
01-Apr-25,Imports: Zambia,3
01-Apr-25,Imports: Zimbabwe,0.3
01-May-25,Imports: Afghanistan,0
01-May-25,Imports: Angola,0
01-May-25,Imports: Argentina,6.2
01-May-25,Imports: Australia,1114.2
01-May-25,Imports: Austria,92.5
01-May-25,Imports: Bahamas,0
01-May-25,Imports: Bahrain,2.2
01-May-25,Imports: Bangladesh,13
01-May-25,Imports: Belarus,0.2
01-May-25,Imports: Belgium,162.2
01-May-25,Imports: Brazil,483.8
01-May-25,Imports: Brunei,119.9
01-May-25,Imports: Bulgaria,4.6
01-May-25,Imports: Cambodia,26.5
01-May-25,Imports: Cameroon,1.6
01-May-25,Imports: Canada,344.4
01-May-25,Imports: Chile,8.5
01-May-25,Imports: China,6995.7
01-May-25,Imports: Colombia,6.7
01-May-25,Imports: Comoros,0
01-May-25,Imports: Costa Rica,46.9
01-May-25,Imports: Cote D'ivoire,14.3
01-May-25,Imports: Croatia,3
01-May-25,Imports: Cuba,0.6
01-May-25,Imports: Cyprus,3.7
01-May-25,"Imports: Czech, Republic",80
01-May-25,Imports: Denmark,55.8
01-May-25,Imports: Djibouti,0.2
01-May-25,Imports: Dominican Rep,6.4
01-May-25,Imports: Ecuador,32.1
01-May-25,Imports: Egypt,3.1
01-May-25,Imports: El Salvador,1.6
01-May-25,Imports: Estonia,56.2
01-May-25,Imports: Eswatini,0.4
01-May-25,Imports: Ethiopia,28.5
01-May-25,Imports: Fiji,0.3
01-May-25,Imports: Finland,40.9
01-May-25,Imports: France,1466.1
01-May-25,Imports: French Polynesia,0.1
01-May-25,Imports: Gabon,0
01-May-25,Imports: Germany,1102.1
01-May-25,Imports: Ghana,23
01-May-25,Imports: Greece,11.4
01-May-25,Imports: Guam,0.1
01-May-25,Imports: Guatemala,2.2
01-May-25,Imports: Hong Kong SAR (China),229.4
01-May-25,Imports: Hungary,63.2
01-May-25,Imports: India,870.6
01-May-25,Imports: Indonesia,2383.4
01-May-25,Imports: Iran,4
01-May-25,Imports: Ireland,109.3
01-May-25,Imports: Israel,67.9
01-May-25,Imports: Italy,623.5
01-May-25,Imports: Jamaica,0.5
01-May-25,Imports: Japan,2481.6
01-May-25,Imports: Jordan,3.4
01-May-25,Imports: Kazakhstan,0
01-May-25,Imports: Kenya,0.8
01-May-25,Imports: Kuwait,196.5
01-May-25,Imports: Lao Peo Dem Rep,42.7
01-May-25,Imports: Latvia,2.5
01-May-25,Imports: Lebanon,0.4
01-May-25,Imports: Liberia,0
01-May-25,Imports: Lithuania,10
01-May-25,Imports: Luxembourg,5.7
01-May-25,Imports: Macau SAR (China),0.9
01-May-25,Imports: Madagascar,1.5
01-May-25,Imports: Malaysia,5527.4
01-May-25,Imports: Maldives Rep of,0.4
01-May-25,Imports: Malta,19.7
01-May-25,Imports: Mauritius,0.5
01-May-25,Imports: Mexico,389.9
01-May-25,Imports: Morocco,20.7
01-May-25,Imports: Mozambique,0
01-May-25,Imports: Myanmar,5
01-May-25,Imports: Nepal,0.7
01-May-25,Imports: Netherlands Antilles,0
01-May-25,Imports: Netherlands,284.4
01-May-25,Imports: New Zealand,74.5
01-May-25,Imports: Nigeria,100.6
01-May-25,Imports: Northern Mariana Islands,0
01-May-25,Imports: Norway,159.3
01-May-25,Imports: Oman,71.8
01-May-25,Imports: Other Countries of Africa,80.7
01-May-25,Imports: Other Countries of America,101.8
01-May-25,Imports: Other Countries of Asia,1.1
01-May-25,Imports: Other Countries of Europe,7.4
01-May-25,Imports: Other Countries of Oceania,0.3
01-May-25,Imports: Pakistan,5.9
01-May-25,Imports: Panama,0.8
01-May-25,Imports: Papua New Guinea,70.2
01-May-25,Imports: Peru,12.3
01-May-25,Imports: Philippines,437
01-May-25,Imports: Poland,74
01-May-25,Imports: Portugal,40.8
01-May-25,Imports: Puerto Rico,11
01-May-25,Imports: Qatar,657.8
01-May-25,Imports: Reunion,0
01-May-25,Imports: Romania,24.9
01-May-25,Imports: Russia,513.5
01-May-25,Imports: Saudi Arabia,345.3
01-May-25,Imports: Seychelles,0
01-May-25,Imports: Slovak Republic,7.7
01-May-25,Imports: Slovenia,5.7
01-May-25,Imports: Solomon Islands,0.1
01-May-25,Imports: South Africa,51.3
01-May-25,Imports: South Korea,3229.9
01-May-25,Imports: Spain,164.8
01-May-25,Imports: Sri Lanka,10.8
01-May-25,Imports: Sudan,0
01-May-25,Imports: Sweden,111.2
01-May-25,Imports: Switzerland,975.9
01-May-25,Imports: Taiwan,6568.6
01-May-25,Imports: Tanzania,0
01-May-25,Imports: Thailand,1350.4
01-May-25,Imports: Tunisia,7.6
01-May-25,Imports: Turkey,52.1
01-May-25,Imports: USA,6721.3
01-May-25,Imports: Ukraine,3.6
01-May-25,Imports: United Arab Emirates,1959.6
01-May-25,Imports: United Kingdom,1207.3
01-May-25,Imports: Uruguay,1
01-May-25,Imports: Vanuatu,0
01-May-25,Imports: Venezuela,0
01-May-25,Imports: Vietnam,869.3
01-May-25,Imports: Yemen,0.2
01-May-25,Imports: Zambia,2.5
01-May-25,Imports: Zimbabwe,2
01-Jun-25,Imports: Afghanistan,0
01-Jun-25,Imports: Angola,0
01-Jun-25,Imports: Argentina,3.6
01-Jun-25,Imports: Australia,523.9
01-Jun-25,Imports: Austria,93.8
01-Jun-25,Imports: Bahamas,0
01-Jun-25,Imports: Bahrain,2.2
01-Jun-25,Imports: Bangladesh,9.7
01-Jun-25,Imports: Belarus,0
01-Jun-25,Imports: Belgium,212.9
01-Jun-25,Imports: Brazil,601.9
01-Jun-25,Imports: Brunei,36.7
01-Jun-25,Imports: Bulgaria,5.7
01-Jun-25,Imports: Cambodia,348.2
01-Jun-25,Imports: Cameroon,18
01-Jun-25,Imports: Canada,266.7
01-Jun-25,Imports: Chile,6.8
01-Jun-25,Imports: China,5935.3
01-Jun-25,Imports: Colombia,4.8
01-Jun-25,Imports: Comoros,0
01-Jun-25,Imports: Costa Rica,60.4
01-Jun-25,Imports: Cote D'ivoire,13.8
01-Jun-25,Imports: Croatia,1.7
01-Jun-25,Imports: Cuba,0.8
01-Jun-25,Imports: Cyprus,3.1
01-Jun-25,"Imports: Czech, Republic",116.8
01-Jun-25,Imports: Denmark,87.4
01-Jun-25,Imports: Djibouti,0
01-Jun-25,Imports: Dominican Rep,10.4
01-Jun-25,Imports: Ecuador,13.3
01-Jun-25,Imports: Egypt,4
01-Jun-25,Imports: El Salvador,1.5
01-Jun-25,Imports: Estonia,9.7
01-Jun-25,Imports: Eswatini,0.4
01-Jun-25,Imports: Ethiopia,3.7
01-Jun-25,Imports: Fiji,0.2
01-Jun-25,Imports: Finland,38.6
01-Jun-25,Imports: France,1302.7
01-Jun-25,Imports: French Polynesia,0.1
01-Jun-25,Imports: Gabon,0
01-Jun-25,Imports: Germany,1035.2
01-Jun-25,Imports: Ghana,19.3
01-Jun-25,Imports: Greece,27.7
01-Jun-25,Imports: Guam,0.1
01-Jun-25,Imports: Guatemala,2
01-Jun-25,Imports: Hong Kong SAR (China),243.3
01-Jun-25,Imports: Hungary,56.9
01-Jun-25,Imports: India,809.7
01-Jun-25,Imports: Indonesia,1962.6
01-Jun-25,Imports: Iran,1
01-Jun-25,Imports: Ireland,131.5
01-Jun-25,Imports: Israel,67.9
01-Jun-25,Imports: Italy,554.4
01-Jun-25,Imports: Jamaica,0.1
01-Jun-25,Imports: Japan,2676.8
01-Jun-25,Imports: Jordan,3.6
01-Jun-25,Imports: Kazakhstan,89.2
01-Jun-25,Imports: Kenya,0.8
01-Jun-25,Imports: Kuwait,146
01-Jun-25,Imports: Lao Peo Dem Rep,7.1
01-Jun-25,Imports: Latvia,3.1
01-Jun-25,Imports: Lebanon,0.1
01-Jun-25,Imports: Liberia,0
01-Jun-25,Imports: Lithuania,10.6
01-Jun-25,Imports: Luxembourg,3.2
01-Jun-25,Imports: Macau SAR (China),0.3
01-Jun-25,Imports: Madagascar,0.8
01-Jun-25,Imports: Malaysia,5367.6
01-Jun-25,Imports: Maldives Rep of,0.1
01-Jun-25,Imports: Malta,22.4
01-Jun-25,Imports: Mauritius,0.4
01-Jun-25,Imports: Mexico,488.7
01-Jun-25,Imports: Morocco,17.2
01-Jun-25,Imports: Mozambique,40.7
01-Jun-25,Imports: Myanmar,4.3
01-Jun-25,Imports: Nepal,0.3
01-Jun-25,Imports: Netherlands Antilles,0
01-Jun-25,Imports: Netherlands,321.9
01-Jun-25,Imports: New Zealand,67.1
01-Jun-25,Imports: Nigeria,197.4
01-Jun-25,Imports: Northern Mariana Islands,0
01-Jun-25,Imports: Norway,63.5
01-Jun-25,Imports: Oman,89.6
01-Jun-25,Imports: Other Countries of Africa,52.1
01-Jun-25,Imports: Other Countries of America,59.3
01-Jun-25,Imports: Other Countries of Asia,2.5
01-Jun-25,Imports: Other Countries of Europe,8.5
01-Jun-25,Imports: Other Countries of Oceania,1.9
01-Jun-25,Imports: Pakistan,10
01-Jun-25,Imports: Panama,0.3
01-Jun-25,Imports: Papua New Guinea,66.4
01-Jun-25,Imports: Peru,5.9
01-Jun-25,Imports: Philippines,482.8
01-Jun-25,Imports: Poland,73
01-Jun-25,Imports: Portugal,35
01-Jun-25,Imports: Puerto Rico,13.2
01-Jun-25,Imports: Qatar,690.9
01-Jun-25,Imports: Reunion,0
01-Jun-25,Imports: Romania,19.2
01-Jun-25,Imports: Russia,360.2
01-Jun-25,Imports: Saudi Arabia,598.8
01-Jun-25,Imports: Seychelles,0.4
01-Jun-25,Imports: Slovak Republic,9.6
01-Jun-25,Imports: Slovenia,7
01-Jun-25,Imports: Solomon Islands,0.1
01-Jun-25,Imports: South Africa,28.7
01-Jun-25,Imports: South Korea,2789.2
01-Jun-25,Imports: Spain,187.1
01-Jun-25,Imports: Sri Lanka,10.5
01-Jun-25,Imports: Sudan,0
01-Jun-25,Imports: Sweden,95.5
01-Jun-25,Imports: Switzerland,609.5
01-Jun-25,Imports: Taiwan,7011.2
01-Jun-25,Imports: Tanzania,10.1
01-Jun-25,Imports: Thailand,1498.8
01-Jun-25,Imports: Tunisia,12.4
01-Jun-25,Imports: Turkey,50.3
01-Jun-25,Imports: USA,5535.5
01-Jun-25,Imports: Ukraine,4.1
01-Jun-25,Imports: United Arab Emirates,1568.9
01-Jun-25,Imports: United Kingdom,1040.6
01-Jun-25,Imports: Uruguay,1.5
01-Jun-25,Imports: Vanuatu,0
01-Jun-25,Imports: Venezuela,0.1
01-Jun-25,Imports: Vietnam,993.1
01-Jun-25,Imports: Yemen,0.1
01-Jun-25,Imports: Zambia,1.4
01-Jun-25,Imports: Zimbabwe,2.2
01-Jul-25,Imports: Afghanistan,0
01-Jul-25,Imports: Angola,1
01-Jul-25,Imports: Argentina,4.8
01-Jul-25,Imports: Australia,565.3
01-Jul-25,Imports: Austria,104.1
01-Jul-25,Imports: Bahamas,18.2
01-Jul-25,Imports: Bahrain,0.8
01-Jul-25,Imports: Bangladesh,10.6
01-Jul-25,Imports: Belarus,0
01-Jul-25,Imports: Belgium,87.3
01-Jul-25,Imports: Brazil,477.3
01-Jul-25,Imports: Brunei,95.2
01-Jul-25,Imports: Bulgaria,6.2
01-Jul-25,Imports: Cambodia,300.6
01-Jul-25,Imports: Cameroon,8.1
01-Jul-25,Imports: Canada,313.6
01-Jul-25,Imports: Chile,6.3
01-Jul-25,Imports: China,7225
01-Jul-25,Imports: Colombia,3.1
01-Jul-25,Imports: Comoros,0
01-Jul-25,Imports: Costa Rica,63.7
01-Jul-25,Imports: Cote D'ivoire,9.3
01-Jul-25,Imports: Croatia,2.2
01-Jul-25,Imports: Cuba,1.3
01-Jul-25,Imports: Cyprus,2.9
01-Jul-25,"Imports: Czech, Republic",192.1
01-Jul-25,Imports: Denmark,77.1
01-Jul-25,Imports: Djibouti,0
01-Jul-25,Imports: Dominican Rep,7.2
01-Jul-25,Imports: Ecuador,7.2
01-Jul-25,Imports: Egypt,3.6
01-Jul-25,Imports: El Salvador,1.5
01-Jul-25,Imports: Estonia,29.8
01-Jul-25,Imports: Eswatini,0.2
01-Jul-25,Imports: Ethiopia,16.3
01-Jul-25,Imports: Fiji,0.4
01-Jul-25,Imports: Finland,57.8
01-Jul-25,Imports: France,1565.2
01-Jul-25,Imports: French Polynesia,0.2
01-Jul-25,Imports: Gabon,0
01-Jul-25,Imports: Germany,1136.4
01-Jul-25,Imports: Ghana,27.6
01-Jul-25,Imports: Greece,11.8
01-Jul-25,Imports: Guam,0.4
01-Jul-25,Imports: Guatemala,6.7
01-Jul-25,Imports: Hong Kong SAR (China),247.7
01-Jul-25,Imports: Hungary,50.4
01-Jul-25,Imports: India,806.9
01-Jul-25,Imports: Indonesia,2000.7
01-Jul-25,Imports: Iran,2.2
01-Jul-25,Imports: Ireland,113.4
01-Jul-25,Imports: Israel,73.4
01-Jul-25,Imports: Italy,641.5
01-Jul-25,Imports: Jamaica,0.4
01-Jul-25,Imports: Japan,2639.5
01-Jul-25,Imports: Jordan,5
01-Jul-25,Imports: Kazakhstan,7
01-Jul-25,Imports: Kenya,1.9
01-Jul-25,Imports: Kuwait,214.1
01-Jul-25,Imports: Lao Peo Dem Rep,9.4
01-Jul-25,Imports: Latvia,2
01-Jul-25,Imports: Lebanon,0.3
01-Jul-25,Imports: Liberia,0
01-Jul-25,Imports: Lithuania,6.8
01-Jul-25,Imports: Luxembourg,6.1
01-Jul-25,Imports: Macau SAR (China),0.9
01-Jul-25,Imports: Madagascar,1.8
01-Jul-25,Imports: Malaysia,6292.7
01-Jul-25,Imports: Maldives Rep of,0.1
01-Jul-25,Imports: Malta,14.2
01-Jul-25,Imports: Mauritius,0.5
01-Jul-25,Imports: Mexico,360.2
01-Jul-25,Imports: Morocco,14.6
01-Jul-25,Imports: Mozambique,0.5
01-Jul-25,Imports: Myanmar,4.7
01-Jul-25,Imports: Nepal,0.7
01-Jul-25,Imports: Netherlands Antilles,0
01-Jul-25,Imports: Netherlands,343.1
01-Jul-25,Imports: New Zealand,75.1
01-Jul-25,Imports: Nigeria,182.1
01-Jul-25,Imports: Northern Mariana Islands,0
01-Jul-25,Imports: Norway,54.9
01-Jul-25,Imports: Oman,85.1
01-Jul-25,Imports: Other Countries of Africa,72
01-Jul-25,Imports: Other Countries of America,52.5
01-Jul-25,Imports: Other Countries of Asia,67.4
01-Jul-25,Imports: Other Countries of Europe,7.9
01-Jul-25,Imports: Other Countries of Oceania,0.9
01-Jul-25,Imports: Pakistan,5
01-Jul-25,Imports: Panama,0.3
01-Jul-25,Imports: Papua New Guinea,14.9
01-Jul-25,Imports: Peru,4.6
01-Jul-25,Imports: Philippines,435.5
01-Jul-25,Imports: Poland,90.4
01-Jul-25,Imports: Portugal,47.4
01-Jul-25,Imports: Puerto Rico,14.8
01-Jul-25,Imports: Qatar,990.7
01-Jul-25,Imports: Reunion,0.2
01-Jul-25,Imports: Romania,24.6
01-Jul-25,Imports: Russia,256.1
01-Jul-25,Imports: Saudi Arabia,369.4
01-Jul-25,Imports: Seychelles,0
01-Jul-25,Imports: Slovak Republic,9.1
01-Jul-25,Imports: Slovenia,7.3
01-Jul-25,Imports: Solomon Islands,0
01-Jul-25,Imports: South Africa,43.2
01-Jul-25,Imports: South Korea,3795.3
01-Jul-25,Imports: Spain,135.3
01-Jul-25,Imports: Sri Lanka,28.6
01-Jul-25,Imports: Sudan,78.4
01-Jul-25,Imports: Sweden,145.5
01-Jul-25,Imports: Switzerland,752.2
01-Jul-25,Imports: Taiwan,10242.9
01-Jul-25,Imports: Tanzania,7.2
01-Jul-25,Imports: Thailand,1641
01-Jul-25,Imports: Tunisia,11.9
01-Jul-25,Imports: Turkey,54.4
01-Jul-25,Imports: USA,5389.8
01-Jul-25,Imports: Ukraine,4.5
01-Jul-25,Imports: United Arab Emirates,2191.9
01-Jul-25,Imports: United Kingdom,1266.4
01-Jul-25,Imports: Uruguay,0.9
01-Jul-25,Imports: Vanuatu,0
01-Jul-25,Imports: Venezuela,0.1
01-Jul-25,Imports: Vietnam,1154.3
01-Jul-25,Imports: Yemen,0
01-Jul-25,Imports: Zambia,1.6
01-Jul-25,Imports: Zimbabwe,1.2
01-Aug-25,Imports: Afghanistan,0
01-Aug-25,Imports: Angola,0
01-Aug-25,Imports: Argentina,4.9
01-Aug-25,Imports: Australia,621.7
01-Aug-25,Imports: Austria,115.9
01-Aug-25,Imports: Bahamas,0.2
01-Aug-25,Imports: Bahrain,9
01-Aug-25,Imports: Bangladesh,12.7
01-Aug-25,Imports: Belarus,0.1
01-Aug-25,Imports: Belgium,122.2
01-Aug-25,Imports: Brazil,793.4
01-Aug-25,Imports: Brunei,131.6
01-Aug-25,Imports: Bulgaria,8.2
01-Aug-25,Imports: Cambodia,258.1
01-Aug-25,Imports: Cameroon,9.8
01-Aug-25,Imports: Canada,280.8
01-Aug-25,Imports: Chile,7.5
01-Aug-25,Imports: China,7147.9
01-Aug-25,Imports: Colombia,1.5
01-Aug-25,Imports: Comoros,0.1
01-Aug-25,Imports: Costa Rica,92.6
01-Aug-25,Imports: Cote D'ivoire,4.9
01-Aug-25,Imports: Croatia,2
01-Aug-25,Imports: Cuba,0.8
01-Aug-25,Imports: Cyprus,1.6
01-Aug-25,"Imports: Czech, Republic",96.5
01-Aug-25,Imports: Denmark,52.6
01-Aug-25,Imports: Djibouti,0.6
01-Aug-25,Imports: Dominican Rep,13.6
01-Aug-25,Imports: Ecuador,6.6
01-Aug-25,Imports: Egypt,1.7
01-Aug-25,Imports: El Salvador,1.4
01-Aug-25,Imports: Estonia,45
01-Aug-25,Imports: Eswatini,0.2
01-Aug-25,Imports: Ethiopia,7.8
01-Aug-25,Imports: Fiji,0.4
01-Aug-25,Imports: Finland,37.1
01-Aug-25,Imports: France,1398.8
01-Aug-25,Imports: French Polynesia,0
01-Aug-25,Imports: Gabon,0
01-Aug-25,Imports: Germany,1104.6
01-Aug-25,Imports: Ghana,17.7
01-Aug-25,Imports: Greece,9.6
01-Aug-25,Imports: Guam,0.1
01-Aug-25,Imports: Guatemala,1.4
01-Aug-25,Imports: Hong Kong SAR (China),248.9
01-Aug-25,Imports: Hungary,59.2
01-Aug-25,Imports: India,717.7
01-Aug-25,Imports: Indonesia,2018.2
01-Aug-25,Imports: Iran,0.4
01-Aug-25,Imports: Ireland,140
01-Aug-25,Imports: Israel,62.1
01-Aug-25,Imports: Italy,578.2
01-Aug-25,Imports: Jamaica,0
01-Aug-25,Imports: Japan,2147.2
01-Aug-25,Imports: Jordan,2.8
01-Aug-25,Imports: Kazakhstan,6.8
01-Aug-25,Imports: Kenya,1.3
01-Aug-25,Imports: Kuwait,2
01-Aug-25,Imports: Lao Peo Dem Rep,11.7
01-Aug-25,Imports: Latvia,3
01-Aug-25,Imports: Lebanon,0.3
01-Aug-25,Imports: Liberia,0.1
01-Aug-25,Imports: Lithuania,6.6
01-Aug-25,Imports: Luxembourg,6.4
01-Aug-25,Imports: Macau SAR (China),0.4
01-Aug-25,Imports: Madagascar,2.8
01-Aug-25,Imports: Malaysia,5936.1
01-Aug-25,Imports: Maldives Rep of,0.1
01-Aug-25,Imports: Malta,6.9
01-Aug-25,Imports: Mauritius,0.2
01-Aug-25,Imports: Mexico,376
01-Aug-25,Imports: Morocco,23.8
01-Aug-25,Imports: Mozambique,0
01-Aug-25,Imports: Myanmar,6.4
01-Aug-25,Imports: Nepal,0.7
01-Aug-25,Imports: Netherlands Antilles,0
01-Aug-25,Imports: Netherlands,473.5
01-Aug-25,Imports: New Zealand,80.1
01-Aug-25,Imports: Nigeria,162
01-Aug-25,Imports: Northern Mariana Islands,0
01-Aug-25,Imports: Norway,63.5
01-Aug-25,Imports: Oman,187.6
01-Aug-25,Imports: Other Countries of Africa,20.6
01-Aug-25,Imports: Other Countries of America,56.4
01-Aug-25,Imports: Other Countries of Asia,62.3
01-Aug-25,Imports: Other Countries of Europe,6
01-Aug-25,Imports: Other Countries of Oceania,0.7
01-Aug-25,Imports: Pakistan,6.4
01-Aug-25,Imports: Panama,0.2
01-Aug-25,Imports: Papua New Guinea,14.5
01-Aug-25,Imports: Peru,53.2
01-Aug-25,Imports: Philippines,474.3
01-Aug-25,Imports: Poland,108.5
01-Aug-25,Imports: Portugal,38.4
01-Aug-25,Imports: Puerto Rico,10.3
01-Aug-25,Imports: Qatar,607.5
01-Aug-25,Imports: Reunion,0
01-Aug-25,Imports: Romania,27.1
01-Aug-25,Imports: Russia,178.4
01-Aug-25,Imports: Saudi Arabia,424.5
01-Aug-25,Imports: Seychelles,0.1
01-Aug-25,Imports: Slovak Republic,14.4
01-Aug-25,Imports: Slovenia,7.4
01-Aug-25,Imports: Solomon Islands,0
01-Aug-25,Imports: South Africa,95.2
01-Aug-25,Imports: South Korea,3464.5
01-Aug-25,Imports: Spain,143
01-Aug-25,Imports: Sri Lanka,9.5
01-Aug-25,Imports: Sudan,13.9
01-Aug-25,Imports: Sweden,116.2
01-Aug-25,Imports: Switzerland,1017.2
01-Aug-25,Imports: Taiwan,7107
01-Aug-25,Imports: Tanzania,1.5
01-Aug-25,Imports: Thailand,1613.6
01-Aug-25,Imports: Tunisia,6.3
01-Aug-25,Imports: Turkey,46.2
01-Aug-25,Imports: USA,5723.3
01-Aug-25,Imports: Ukraine,3.3
01-Aug-25,Imports: United Arab Emirates,1770.1
01-Aug-25,Imports: United Kingdom,1489.8
01-Aug-25,Imports: Uruguay,1.7
01-Aug-25,Imports: Vanuatu,0
01-Aug-25,Imports: Venezuela,0.1
01-Aug-25,Imports: Vietnam,965.5
01-Aug-25,Imports: Yemen,0
01-Aug-25,Imports: Zambia,1.6
01-Aug-25,Imports: Zimbabwe,0.6
01-Sep-25,Imports: Afghanistan,0
01-Sep-25,Imports: Angola,1.3
01-Sep-25,Imports: Argentina,5.5
01-Sep-25,Imports: Australia,607
01-Sep-25,Imports: Austria,97.3
01-Sep-25,Imports: Bahamas,0
01-Sep-25,Imports: Bahrain,63.7
01-Sep-25,Imports: Bangladesh,10.2
01-Sep-25,Imports: Belarus,0.1
01-Sep-25,Imports: Belgium,96.2
01-Sep-25,Imports: Brazil,645.6
01-Sep-25,Imports: Brunei,145.4
01-Sep-25,Imports: Bulgaria,13.4
01-Sep-25,Imports: Cambodia,674.2
01-Sep-25,Imports: Cameroon,9.1
01-Sep-25,Imports: Canada,249.8
01-Sep-25,Imports: Chile,6.3
01-Sep-25,Imports: China,6902.6
01-Sep-25,Imports: Colombia,2.7
01-Sep-25,Imports: Comoros,0
01-Sep-25,Imports: Costa Rica,78.2
01-Sep-25,Imports: Cote D'ivoire,2.4
01-Sep-25,Imports: Croatia,2
01-Sep-25,Imports: Cuba,1.3
01-Sep-25,Imports: Cyprus,1.3
01-Sep-25,"Imports: Czech, Republic",152.2
01-Sep-25,Imports: Denmark,189.1
01-Sep-25,Imports: Djibouti,0.2
01-Sep-25,Imports: Dominican Rep,6.6
01-Sep-25,Imports: Ecuador,5.6
01-Sep-25,Imports: Egypt,1.9
01-Sep-25,Imports: El Salvador,2.7
01-Sep-25,Imports: Estonia,49.5
01-Sep-25,Imports: Eswatini,0.1
01-Sep-25,Imports: Ethiopia,8.1
01-Sep-25,Imports: Fiji,0.2
01-Sep-25,Imports: Finland,46.8
01-Sep-25,Imports: France,1493.1
01-Sep-25,Imports: French Polynesia,0.1
01-Sep-25,Imports: Gabon,0
01-Sep-25,Imports: Germany,1096.9
01-Sep-25,Imports: Ghana,23.9
01-Sep-25,Imports: Greece,10.1
01-Sep-25,Imports: Guam,0
01-Sep-25,Imports: Guatemala,0.2
01-Sep-25,Imports: Hong Kong SAR (China),317
01-Sep-25,Imports: Hungary,52.6
01-Sep-25,Imports: India,765.7
01-Sep-25,Imports: Indonesia,2205.1
01-Sep-25,Imports: Iran,0.5
01-Sep-25,Imports: Ireland,114.8
01-Sep-25,Imports: Israel,67.2
01-Sep-25,Imports: Italy,688
01-Sep-25,Imports: Jamaica,0
01-Sep-25,Imports: Japan,2762.3
01-Sep-25,Imports: Jordan,1.7
01-Sep-25,Imports: Kazakhstan,0
01-Sep-25,Imports: Kenya,0.4
01-Sep-25,Imports: Kuwait,131.8
01-Sep-25,Imports: Lao Peo Dem Rep,12.6
01-Sep-25,Imports: Latvia,3.7
01-Sep-25,Imports: Lebanon,0.1
01-Sep-25,Imports: Liberia,0
01-Sep-25,Imports: Lithuania,10.7
01-Sep-25,Imports: Luxembourg,5.5
01-Sep-25,Imports: Macau SAR (China),0.7
01-Sep-25,Imports: Madagascar,1.2
01-Sep-25,Imports: Malaysia,6172
01-Sep-25,Imports: Maldives Rep of,0.1
01-Sep-25,Imports: Malta,10.3
01-Sep-25,Imports: Mauritius,0.3
01-Sep-25,Imports: Mexico,377.8
01-Sep-25,Imports: Morocco,16.4
01-Sep-25,Imports: Mozambique,0.2
01-Sep-25,Imports: Myanmar,4.9
01-Sep-25,Imports: Nepal,0.4
01-Sep-25,Imports: Netherlands Antilles,0
01-Sep-25,Imports: Netherlands,497.8
01-Sep-25,Imports: New Zealand,53.7
01-Sep-25,Imports: Nigeria,132.5
01-Sep-25,Imports: Northern Mariana Islands,0
01-Sep-25,Imports: Norway,43.2
01-Sep-25,Imports: Oman,106.5
01-Sep-25,Imports: Other Countries of Africa,61.5
01-Sep-25,Imports: Other Countries of America,101.4
01-Sep-25,Imports: Other Countries of Asia,14.2
01-Sep-25,Imports: Other Countries of Europe,7.4
01-Sep-25,Imports: Other Countries of Oceania,0.7
01-Sep-25,Imports: Pakistan,31.3
01-Sep-25,Imports: Panama,0.4
01-Sep-25,Imports: Papua New Guinea,73.8
01-Sep-25,Imports: Peru,9.1
01-Sep-25,Imports: Philippines,489.8
01-Sep-25,Imports: Poland,74.4
01-Sep-25,Imports: Portugal,37.5
01-Sep-25,Imports: Puerto Rico,15.5
01-Sep-25,Imports: Qatar,547.6
01-Sep-25,Imports: Reunion,0.4
01-Sep-25,Imports: Romania,24
01-Sep-25,Imports: Russia,369.9
01-Sep-25,Imports: Saudi Arabia,717.1
01-Sep-25,Imports: Seychelles,0
01-Sep-25,Imports: Slovak Republic,8
01-Sep-25,Imports: Slovenia,6.9
01-Sep-25,Imports: Solomon Islands,0.1
01-Sep-25,Imports: South Africa,46.5
01-Sep-25,Imports: South Korea,3659.3
01-Sep-25,Imports: Spain,168.2
01-Sep-25,Imports: Sri Lanka,11.1
01-Sep-25,Imports: Sudan,10
01-Sep-25,Imports: Sweden,148.8
01-Sep-25,Imports: Switzerland,888.8
01-Sep-25,Imports: Taiwan,9283.2
01-Sep-25,Imports: Tanzania,2.4
01-Sep-25,Imports: Thailand,1810.9
01-Sep-25,Imports: Tunisia,10
01-Sep-25,Imports: Turkey,56.8
01-Sep-25,Imports: USA,5368.8
01-Sep-25,Imports: Ukraine,2.5
01-Sep-25,Imports: United Arab Emirates,1968.4
01-Sep-25,Imports: United Kingdom,1412.4
01-Sep-25,Imports: Uruguay,1.7
01-Sep-25,Imports: Vanuatu,0.1
01-Sep-25,Imports: Venezuela,0.3
01-Sep-25,Imports: Vietnam,1041.2
01-Sep-25,Imports: Yemen,0
01-Sep-25,Imports: Zambia,17.6
01-Sep-25,Imports: Zimbabwe,0.5
01-Oct-25,Imports: Afghanistan,0
01-Oct-25,Imports: Angola,0.3
01-Oct-25,Imports: Argentina,3.9
01-Oct-25,Imports: Australia,918.5
01-Oct-25,Imports: Austria,133.8
01-Oct-25,Imports: Bahamas,0
01-Oct-25,Imports: Bahrain,44.3
01-Oct-25,Imports: Bangladesh,11.9
01-Oct-25,Imports: Belarus,4.9
01-Oct-25,Imports: Belgium,138.4
01-Oct-25,Imports: Brazil,967.7
01-Oct-25,Imports: Brunei,120.6
01-Oct-25,Imports: Bulgaria,4.6
01-Oct-25,Imports: Cambodia,16.8
01-Oct-25,Imports: Cameroon,8
01-Oct-25,Imports: Canada,430.7
01-Oct-25,Imports: Chile,7.8
01-Oct-25,Imports: China,7575.3
01-Oct-25,Imports: Colombia,3.1
01-Oct-25,Imports: Comoros,0.3
01-Oct-25,Imports: Costa Rica,107.4
01-Oct-25,Imports: Cote D'ivoire,0.8
01-Oct-25,Imports: Croatia,1.8
01-Oct-25,Imports: Cuba,0.9
01-Oct-25,Imports: Cyprus,2.9
01-Oct-25,"Imports: Czech, Republic",108.2
01-Oct-25,Imports: Denmark,53.2
01-Oct-25,Imports: Djibouti,0.3
01-Oct-25,Imports: Dominican Rep,8.1
01-Oct-25,Imports: Ecuador,7.8
01-Oct-25,Imports: Egypt,1.7
01-Oct-25,Imports: El Salvador,2.5
01-Oct-25,Imports: Estonia,54.4
01-Oct-25,Imports: Eswatini,0.2
01-Oct-25,Imports: Ethiopia,9.8
01-Oct-25,Imports: Fiji,0.6
01-Oct-25,Imports: Finland,62.1
01-Oct-25,Imports: France,1552
01-Oct-25,Imports: French Polynesia,0.1
01-Oct-25,Imports: Gabon,0
01-Oct-25,Imports: Germany,1330.1
01-Oct-25,Imports: Ghana,18.2
01-Oct-25,Imports: Greece,11
01-Oct-25,Imports: Guam,0
01-Oct-25,Imports: Guatemala,1.3
01-Oct-25,Imports: Hong Kong SAR (China),467
01-Oct-25,Imports: Hungary,51.1
01-Oct-25,Imports: India,839
01-Oct-25,Imports: Indonesia,2162.6
01-Oct-25,Imports: Iran,3.3
01-Oct-25,Imports: Ireland,120.2
01-Oct-25,Imports: Israel,101.1
01-Oct-25,Imports: Italy,689.9
01-Oct-25,Imports: Jamaica,0.1
01-Oct-25,Imports: Japan,3180.1
01-Oct-25,Imports: Jordan,1.7
01-Oct-25,Imports: Kazakhstan,6.9
01-Oct-25,Imports: Kenya,0.3
01-Oct-25,Imports: Kuwait,44.5
01-Oct-25,Imports: Lao Peo Dem Rep,11.2
01-Oct-25,Imports: Latvia,2.7
01-Oct-25,Imports: Lebanon,0.4
01-Oct-25,Imports: Liberia,0
01-Oct-25,Imports: Lithuania,6.2
01-Oct-25,Imports: Luxembourg,2.8
01-Oct-25,Imports: Macau SAR (China),1.1
01-Oct-25,Imports: Madagascar,2.7
01-Oct-25,Imports: Malaysia,6630.5
01-Oct-25,Imports: Maldives Rep of,0.1
01-Oct-25,Imports: Malta,6.5
01-Oct-25,Imports: Mauritius,0.4
01-Oct-25,Imports: Mexico,349.3
01-Oct-25,Imports: Morocco,17.1
01-Oct-25,Imports: Mozambique,141.7
01-Oct-25,Imports: Myanmar,6.9
01-Oct-25,Imports: Nepal,0.5
01-Oct-25,Imports: Netherlands Antilles,0
01-Oct-25,Imports: Netherlands,276.3
01-Oct-25,Imports: New Zealand,69.9
01-Oct-25,Imports: Nigeria,22.4
01-Oct-25,Imports: Northern Mariana Islands,0
01-Oct-25,Imports: Norway,58.5
01-Oct-25,Imports: Oman,196
01-Oct-25,Imports: Other Countries of Africa,103.7
01-Oct-25,Imports: Other Countries of America,179.8
01-Oct-25,Imports: Other Countries of Asia,35.1
01-Oct-25,Imports: Other Countries of Europe,9.4
01-Oct-25,Imports: Other Countries of Oceania,0.5
01-Oct-25,Imports: Pakistan,36.3
01-Oct-25,Imports: Panama,0.1
01-Oct-25,Imports: Papua New Guinea,36.2
01-Oct-25,Imports: Peru,54.5
01-Oct-25,Imports: Philippines,490
01-Oct-25,Imports: Poland,95.4
01-Oct-25,Imports: Portugal,50.2
01-Oct-25,Imports: Puerto Rico,14.2
01-Oct-25,Imports: Qatar,669.6
01-Oct-25,Imports: Reunion,0
01-Oct-25,Imports: Romania,32.2
01-Oct-25,Imports: Russia,183.5
01-Oct-25,Imports: Saudi Arabia,658.7
01-Oct-25,Imports: Seychelles,0
01-Oct-25,Imports: Slovak Republic,10.8
01-Oct-25,Imports: Slovenia,11.5
01-Oct-25,Imports: Solomon Islands,0.2
01-Oct-25,Imports: South Africa,194.9
01-Oct-25,Imports: South Korea,3688.8
01-Oct-25,Imports: Spain,131.1
01-Oct-25,Imports: Sri Lanka,10.6
01-Oct-25,Imports: Sudan,0
01-Oct-25,Imports: Sweden,120.6
01-Oct-25,Imports: Switzerland,1678.2
01-Oct-25,Imports: Taiwan,11447.1
01-Oct-25,Imports: Tanzania,0.6
01-Oct-25,Imports: Thailand,1783.4
01-Oct-25,Imports: Tunisia,13.6
01-Oct-25,Imports: Turkey,47.7
01-Oct-25,Imports: USA,5646.3
01-Oct-25,Imports: Ukraine,3
01-Oct-25,Imports: United Arab Emirates,1937.6
01-Oct-25,Imports: United Kingdom,1413.4
01-Oct-25,Imports: Uruguay,2.5
01-Oct-25,Imports: Vanuatu,0
01-Oct-25,Imports: Venezuela,0
01-Oct-25,Imports: Vietnam,1681.7
01-Oct-25,Imports: Yemen,0.1
01-Oct-25,Imports: Zambia,1.5
01-Oct-25,Imports: Zimbabwe,2.8
01-Nov-25,Imports: Afghanistan,0
01-Nov-25,Imports: Angola,4.1
01-Nov-25,Imports: Argentina,12.8
01-Nov-25,Imports: Australia,867.9
01-Nov-25,Imports: Austria,138.6
01-Nov-25,Imports: Bahamas,0
01-Nov-25,Imports: Bahrain,108.8
01-Nov-25,Imports: Bangladesh,12.5
01-Nov-25,Imports: Belarus,0
01-Nov-25,Imports: Belgium,109.4
01-Nov-25,Imports: Brazil,1182.6
01-Nov-25,Imports: Brunei,195.9
01-Nov-25,Imports: Bulgaria,7
01-Nov-25,Imports: Cambodia,48.5
01-Nov-25,Imports: Cameroon,12.3
01-Nov-25,Imports: Canada,282.9
01-Nov-25,Imports: Chile,6.3
01-Nov-25,Imports: China,6902.4
01-Nov-25,Imports: Colombia,3.2
01-Nov-25,Imports: Comoros,0.2
01-Nov-25,Imports: Costa Rica,73.7
01-Nov-25,Imports: Cote D'ivoire,6.2
01-Nov-25,Imports: Croatia,1.7
01-Nov-25,Imports: Cuba,0.8
01-Nov-25,Imports: Cyprus,1.1
01-Nov-25,"Imports: Czech, Republic",122.8
01-Nov-25,Imports: Denmark,52.9
01-Nov-25,Imports: Djibouti,0.1
01-Nov-25,Imports: Dominican Rep,7.7
01-Nov-25,Imports: Ecuador,9.5
01-Nov-25,Imports: Egypt,2.2
01-Nov-25,Imports: El Salvador,2.2
01-Nov-25,Imports: Estonia,8.2
01-Nov-25,Imports: Eswatini,0.1
01-Nov-25,Imports: Ethiopia,9.2
01-Nov-25,Imports: Fiji,0.4
01-Nov-25,Imports: Finland,58.5
01-Nov-25,Imports: France,1421.1
01-Nov-25,Imports: French Polynesia,0.2
01-Nov-25,Imports: Gabon,0
01-Nov-25,Imports: Germany,1062.1
01-Nov-25,Imports: Ghana,12.6
01-Nov-25,Imports: Greece,9.2
01-Nov-25,Imports: Guam,0.1
01-Nov-25,Imports: Guatemala,0.3
01-Nov-25,Imports: Hong Kong SAR (China),440.1
01-Nov-25,Imports: Hungary,53.2
01-Nov-25,Imports: India,687.6
01-Nov-25,Imports: Indonesia,2103.9
01-Nov-25,Imports: Iran,4.2
01-Nov-25,Imports: Ireland,164.1
01-Nov-25,Imports: Israel,118.4
01-Nov-25,Imports: Italy,647.8
01-Nov-25,Imports: Jamaica,0.2
01-Nov-25,Imports: Japan,3067.8
01-Nov-25,Imports: Jordan,1.4
01-Nov-25,Imports: Kazakhstan,0
01-Nov-25,Imports: Kenya,0.3
01-Nov-25,Imports: Kuwait,24.4
01-Nov-25,Imports: Lao Peo Dem Rep,10.4
01-Nov-25,Imports: Latvia,2.8
01-Nov-25,Imports: Lebanon,0.2
01-Nov-25,Imports: Liberia,0
01-Nov-25,Imports: Lithuania,8.1
01-Nov-25,Imports: Luxembourg,1.9
01-Nov-25,Imports: Macau SAR (China),0.9
01-Nov-25,Imports: Madagascar,5.5
01-Nov-25,Imports: Malaysia,5597.5
01-Nov-25,Imports: Maldives Rep of,29.7
01-Nov-25,Imports: Malta,5.3
01-Nov-25,Imports: Mauritius,0.7
01-Nov-25,Imports: Mexico,294.7
01-Nov-25,Imports: Morocco,14.4
01-Nov-25,Imports: Mozambique,101.4
01-Nov-25,Imports: Myanmar,4.6
01-Nov-25,Imports: Nepal,0.2
01-Nov-25,Imports: Netherlands Antilles,0
01-Nov-25,Imports: Netherlands,292.8
01-Nov-25,Imports: New Zealand,60.1
01-Nov-25,Imports: Nigeria,51
01-Nov-25,Imports: Northern Mariana Islands,0
01-Nov-25,Imports: Norway,65.8
01-Nov-25,Imports: Oman,169
01-Nov-25,Imports: Other Countries of Africa,113.3
01-Nov-25,Imports: Other Countries of America,110.4
01-Nov-25,Imports: Other Countries of Asia,2.2
01-Nov-25,Imports: Other Countries of Europe,8.1
01-Nov-25,Imports: Other Countries of Oceania,0.7
01-Nov-25,Imports: Pakistan,22.7
01-Nov-25,Imports: Panama,0.5
01-Nov-25,Imports: Papua New Guinea,26.5
01-Nov-25,Imports: Peru,16
01-Nov-25,Imports: Philippines,1476.4
01-Nov-25,Imports: Poland,86.7
01-Nov-25,Imports: Portugal,36.6
01-Nov-25,Imports: Puerto Rico,8.4
01-Nov-25,Imports: Qatar,341.7
01-Nov-25,Imports: Reunion,0
01-Nov-25,Imports: Romania,27
01-Nov-25,Imports: Russia,253.7
01-Nov-25,Imports: Saudi Arabia,849
01-Nov-25,Imports: Seychelles,0
01-Nov-25,Imports: Slovak Republic,6.6
01-Nov-25,Imports: Slovenia,7.3
01-Nov-25,Imports: Solomon Islands,0.1
01-Nov-25,Imports: South Africa,43.2
01-Nov-25,Imports: South Korea,3424.9
01-Nov-25,Imports: Spain,158.1
01-Nov-25,Imports: Sri Lanka,11.6
01-Nov-25,Imports: Sudan,0
01-Nov-25,Imports: Sweden,128.4
01-Nov-25,Imports: Switzerland,1619.1
01-Nov-25,Imports: Taiwan,8128.1
01-Nov-25,Imports: Tanzania,0
01-Nov-25,Imports: Thailand,1469.4
01-Nov-25,Imports: Tunisia,9
01-Nov-25,Imports: Turkey,75.5
01-Nov-25,Imports: USA,5727.3
01-Nov-25,Imports: Ukraine,3.4
01-Nov-25,Imports: United Arab Emirates,1893.5
01-Nov-25,Imports: United Kingdom,1379.8
01-Nov-25,Imports: Uruguay,1.2
01-Nov-25,Imports: Vanuatu,0
01-Nov-25,Imports: Venezuela,0.1
01-Nov-25,Imports: Vietnam,1113.5
01-Nov-25,Imports: Yemen,0
01-Nov-25,Imports: Zambia,1.5
01-Nov-25,Imports: Zimbabwe,0.2
01-Dec-25,Imports: Afghanistan,0
01-Dec-25,Imports: Angola,0
01-Dec-25,Imports: Argentina,7.3
01-Dec-25,Imports: Australia,611.6
01-Dec-25,Imports: Austria,133.4
01-Dec-25,Imports: Bahamas,0
01-Dec-25,Imports: Bahrain,84.6
01-Dec-25,Imports: Bangladesh,11.5
01-Dec-25,Imports: Belarus,0
01-Dec-25,Imports: Belgium,100
01-Dec-25,Imports: Brazil,898.5
01-Dec-25,Imports: Brunei,177.9
01-Dec-25,Imports: Bulgaria,17.8
01-Dec-25,Imports: Cambodia,520.2
01-Dec-25,Imports: Cameroon,9.6
01-Dec-25,Imports: Canada,234.3
01-Dec-25,Imports: Chile,9.9
01-Dec-25,Imports: China,7600.7
01-Dec-25,Imports: Colombia,104.7
01-Dec-25,Imports: Comoros,0.1
01-Dec-25,Imports: Costa Rica,56.7
01-Dec-25,Imports: Cote D'ivoire,8.7
01-Dec-25,Imports: Croatia,2.7
01-Dec-25,Imports: Cuba,1.3
01-Dec-25,Imports: Cyprus,3.5
01-Dec-25,"Imports: Czech, Republic",144.1
01-Dec-25,Imports: Denmark,55.7
01-Dec-25,Imports: Djibouti,0
01-Dec-25,Imports: Dominican Rep,6.8
01-Dec-25,Imports: Ecuador,8.2
01-Dec-25,Imports: Egypt,17
01-Dec-25,Imports: El Salvador,2.8
01-Dec-25,Imports: Estonia,7.8
01-Dec-25,Imports: Eswatini,0.1
01-Dec-25,Imports: Ethiopia,14.9
01-Dec-25,Imports: Fiji,0.1
01-Dec-25,Imports: Finland,58.6
01-Dec-25,Imports: France,1788.1
01-Dec-25,Imports: French Polynesia,0
01-Dec-25,Imports: Gabon,0
01-Dec-25,Imports: Germany,1283.6
01-Dec-25,Imports: Ghana,16.2
01-Dec-25,Imports: Greece,11.7
01-Dec-25,Imports: Guam,0
01-Dec-25,Imports: Guatemala,0.2
01-Dec-25,Imports: Hong Kong SAR (China),1323.5
01-Dec-25,Imports: Hungary,75.7
01-Dec-25,Imports: India,890.6
01-Dec-25,Imports: Indonesia,2317.1
01-Dec-25,Imports: Iran,1.3
01-Dec-25,Imports: Ireland,91.9
01-Dec-25,Imports: Israel,139.8
01-Dec-25,Imports: Italy,867.2
01-Dec-25,Imports: Jamaica,0.1
01-Dec-25,Imports: Japan,3301.4
01-Dec-25,Imports: Jordan,3.8
01-Dec-25,Imports: Kazakhstan,39
01-Dec-25,Imports: Kenya,0.9
01-Dec-25,Imports: Kuwait,202.1
01-Dec-25,Imports: Lao Peo Dem Rep,21.4
01-Dec-25,Imports: Latvia,4.5
01-Dec-25,Imports: Lebanon,0.1
01-Dec-25,Imports: Liberia,0
01-Dec-25,Imports: Lithuania,9.1
01-Dec-25,Imports: Luxembourg,30.9
01-Dec-25,Imports: Macau SAR (China),1.9
01-Dec-25,Imports: Madagascar,3.4
01-Dec-25,Imports: Malaysia,6109.2
01-Dec-25,Imports: Maldives Rep of,0.1
01-Dec-25,Imports: Malta,3
01-Dec-25,Imports: Mauritius,0.4
01-Dec-25,Imports: Mexico,293
01-Dec-25,Imports: Morocco,10.1
01-Dec-25,Imports: Mozambique,35.9
01-Dec-25,Imports: Myanmar,5.3
01-Dec-25,Imports: Nepal,0.8
01-Dec-25,Imports: Netherlands Antilles,0
01-Dec-25,Imports: Netherlands,497.1
01-Dec-25,Imports: New Zealand,79.9
01-Dec-25,Imports: Nigeria,4.1
01-Dec-25,Imports: Northern Mariana Islands,0
01-Dec-25,Imports: Norway,56.2
01-Dec-25,Imports: Oman,187.9
01-Dec-25,Imports: Other Countries of Africa,51.1
01-Dec-25,Imports: Other Countries of America,133.4
01-Dec-25,Imports: Other Countries of Asia,32.4
01-Dec-25,Imports: Other Countries of Europe,9.3
01-Dec-25,Imports: Other Countries of Oceania,0.6
01-Dec-25,Imports: Pakistan,34.8
01-Dec-25,Imports: Panama,0.2
01-Dec-25,Imports: Papua New Guinea,75.2
01-Dec-25,Imports: Peru,11.5
01-Dec-25,Imports: Philippines,644.7
01-Dec-25,Imports: Poland,90.9
01-Dec-25,Imports: Portugal,37.1
01-Dec-25,Imports: Puerto Rico,11.3
01-Dec-25,Imports: Qatar,571.7
01-Dec-25,Imports: Reunion,0.1
01-Dec-25,Imports: Romania,23
01-Dec-25,Imports: Russia,326.1
01-Dec-25,Imports: Saudi Arabia,731.4
01-Dec-25,Imports: Seychelles,0
01-Dec-25,Imports: Slovak Republic,16.1
01-Dec-25,Imports: Slovenia,10.9
01-Dec-25,Imports: Solomon Islands,0.2
01-Dec-25,Imports: South Africa,58.9
01-Dec-25,Imports: South Korea,4222.1
01-Dec-25,Imports: Spain,205.4
01-Dec-25,Imports: Sri Lanka,11.4
01-Dec-25,Imports: Sudan,19.7
01-Dec-25,Imports: Sweden,136.3
01-Dec-25,Imports: Switzerland,902.1
01-Dec-25,Imports: Taiwan,11870.1
01-Dec-25,Imports: Tanzania,0.5
01-Dec-25,Imports: Thailand,1776.8
01-Dec-25,Imports: Tunisia,8.1
01-Dec-25,Imports: Turkey,97.6
01-Dec-25,Imports: USA,6374.7
01-Dec-25,Imports: Ukraine,6.1
01-Dec-25,Imports: United Arab Emirates,1473.4
01-Dec-25,Imports: United Kingdom,1687.9
01-Dec-25,Imports: Uruguay,1.2
01-Dec-25,Imports: Vanuatu,0
01-Dec-25,Imports: Venezuela,0
01-Dec-25,Imports: Vietnam,1669
01-Dec-25,Imports: Yemen,0.1
01-Dec-25,Imports: Zambia,0.2
01-Dec-25,Imports: Zimbabwe,3
